entry_id,theme_id,theme,category,type,subsection,lemma,primary_sense,query,query_status
1,1,Οικογένεια: ο θεσμός - οι δεσμοί,Ουσιαστικά,noun,,αγάπη,"love (affection, liking, attraction)",,needs_review
2,1,Οικογένεια: ο θεσμός - οι δεσμοί,Ουσιαστικά,noun,,αγόρι,boyfriend,boyfriend photo,generated
3,1,Οικογένεια: ο θεσμός - οι δεσμοί,Ουσιαστικά,noun,,αγωγή,treatment,treatment photo,generated
4,1,Οικογένεια: ο θεσμός - οι δεσμοί,Ουσιαστικά,noun,,αδελφή,sister,sister photo,generated
5,1,Οικογένεια: ο θεσμός - οι δεσμοί,Ουσιαστικά,noun,,αδέλφια,sibling,sibling photo,generated
6,1,Οικογένεια: ο θεσμός - οι δεσμοί,Ουσιαστικά,noun,,αδελφός,brother,brother photo,generated
7,1,Οικογένεια: ο θεσμός - οι δεσμοί,Ουσιαστικά,noun,,ανατροφή,upbringing,upbringing photo,generated
8,1,Οικογένεια: ο θεσμός - οι δεσμοί,Ουσιαστικά,noun,,ανιψιά,niece,niece photo,generated
9,1,Οικογένεια: ο θεσμός - οι δεσμοί,Ουσιαστικά,noun,,ανιψιός,nephew,nephew photo,generated
10,1,Οικογένεια: ο θεσμός - οι δεσμοί,Ουσιαστικά,noun,,αντρόγυνο,(colloquial) Alternative form of ανδρόγυνο (andrógyno),,needs_review
11,1,Οικογένεια: ο θεσμός - οι δεσμοί,Ουσιαστικά,noun,,αρραβώνας,engagement,engagement photo,generated
12,1,Οικογένεια: ο θεσμός - οι δεσμοί,Ουσιαστικά,noun,,βάφτιση,,,no_english
13,1,Οικογένεια: ο θεσμός - οι δεσμοί,Ουσιαστικά,noun,,βαφτίσια,,,no_english
14,1,Οικογένεια: ο θεσμός - οι δεσμοί,Ουσιαστικά,noun,,βέρα,wedding ring,wedding ring photo,generated
15,1,Οικογένεια: ο θεσμός - οι δεσμοί,Ουσιαστικά,noun,,βρέφος,baby,baby photo,generated
16,1,Οικογένεια: ο θεσμός - οι δεσμοί,Ουσιαστικά,noun,,γάμος,marriage,marriage photo,generated
17,1,Οικογένεια: ο θεσμός - οι δεσμοί,Ουσιαστικά,noun,,γαμπρός,son-in-law,son-in-law photo,generated
18,1,Οικογένεια: ο θεσμός - οι δεσμοί,Ουσιαστικά,noun,,γενέθλια,birthday,birthday photo,generated
19,1,Οικογένεια: ο θεσμός - οι δεσμοί,Ουσιαστικά,noun,,γέννηση,start,start photo,generated
20,1,Οικογένεια: ο θεσμός - οι δεσμοί,Ουσιαστικά,noun,,γεννητικότητα,,,no_english
21,1,Οικογένεια: ο θεσμός - οι δεσμοί,Ουσιαστικά,noun,,γεράματα,old age (latter part of life),,needs_review
22,1,Οικογένεια: ο θεσμός - οι δεσμοί,Ουσιαστικά,noun,,γιαγιά,grandmother,grandmother photo,generated
23,1,Οικογένεια: ο θεσμός - οι δεσμοί,Ουσιαστικά,noun,,γιος,"son, a male child",,needs_review
24,1,Οικογένεια: ο θεσμός - οι δεσμοί,Ουσιαστικά,noun,,γλέντι,,,no_english
25,1,Οικογένεια: ο θεσμός - οι δεσμοί,Ουσιαστικά,noun,,γνωριμία,acquaintance,acquaintance photo,generated
26,1,Οικογένεια: ο θεσμός - οι δεσμοί,Ουσιαστικά,noun,,γονείς,Nominative,Nominative photo,generated
27,1,Οικογένεια: ο θεσμός - οι δεσμοί,Ουσιαστικά,noun,,γονιός,parent,parent photo,generated
28,1,Οικογένεια: ο θεσμός - οι δεσμοί,Ουσιαστικά,noun,,δεσμός,bond,bond photo,generated
29,1,Οικογένεια: ο θεσμός - οι δεσμοί,Ουσιαστικά,noun,,δημαρχείο,town hall,town hall photo,generated
30,1,Οικογένεια: ο θεσμός - οι δεσμοί,Ουσιαστικά,noun,,διαζύγιο,divorce,divorce photo,generated
31,1,Οικογένεια: ο θεσμός - οι δεσμοί,Ουσιαστικά,noun,,διαθήκη,will,will photo,generated
32,1,Οικογένεια: ο θεσμός - οι δεσμοί,Ουσιαστικά,noun,,διατροφή,nutrition,nutrition photo,generated
33,1,Οικογένεια: ο θεσμός - οι δεσμοί,Ουσιαστικά,noun,,διαπαιδαγώγηση,edification,edification photo,generated
34,1,Οικογένεια: ο θεσμός - οι δεσμοί,Ουσιαστικά,noun,,δώρο,gift,gift photo,generated
35,1,Οικογένεια: ο θεσμός - οι δεσμοί,Ουσιαστικά,noun,,εγκυμοσύνη,pregnancy,pregnancy photo,generated
36,1,Οικογένεια: ο θεσμός - οι δεσμοί,Ουσιαστικά,noun,,έγκυος,pregnant,pregnant photo,generated
37,1,Οικογένεια: ο θεσμός - οι δεσμοί,Ουσιαστικά,noun,,εκκλησία,church,church photo,generated
38,1,Οικογένεια: ο θεσμός - οι δεσμοί,Ουσιαστικά,noun,,εμπιστοσύνη,trust,trust photo,generated
39,1,Οικογένεια: ο θεσμός - οι δεσμοί,Ουσιαστικά,noun,,επέτειοςγάμου,,,no_english
40,1,Οικογένεια: ο θεσμός - οι δεσμοί,Ουσιαστικά,noun,,επιμέλειαπαιδιού,,,no_english
41,1,Οικογένεια: ο θεσμός - οι δεσμοί,Ουσιαστικά,noun,,έρωτας,passion,passion photo,generated
42,1,Οικογένεια: ο θεσμός - οι δεσμοί,Ουσιαστικά,noun,,ζευγάρι,married or in romantic liaison,married or in romantic liaison photo,generated
43,1,Οικογένεια: ο θεσμός - οι δεσμοί,Ουσιαστικά,noun,,θάνατος,death,death photo,generated
44,1,Οικογένεια: ο θεσμός - οι δεσμοί,Ουσιαστικά,noun,,θεία,aunt,aunt photo,generated
45,1,Οικογένεια: ο θεσμός - οι δεσμοί,Ουσιαστικά,noun,,θείος,uncle,uncle photo,generated
46,1,Οικογένεια: ο θεσμός - οι δεσμοί,Ουσιαστικά,noun,,θηλασμός,breastfeeding,breastfeeding photo,generated
47,1,Οικογένεια: ο θεσμός - οι δεσμοί,Ουσιαστικά,noun,,καβγαδάκι,,,no_english
48,1,Οικογένεια: ο θεσμός - οι δεσμοί,Ουσιαστικά,noun,,καροτσάκι,baby buggy,baby buggy photo,generated
49,1,Οικογένεια: ο θεσμός - οι δεσμοί,Ουσιαστικά,noun,,κεράκι,candle,candle photo,generated
50,1,Οικογένεια: ο θεσμός - οι δεσμοί,Ουσιαστικά,noun,,κεραυνοβόλοςέρωτας,,,no_english
51,1,Οικογένεια: ο θεσμός - οι δεσμοί,Ουσιαστικά,noun,,κηδεία,funeral,funeral photo,generated
52,1,Οικογένεια: ο θεσμός - οι δεσμοί,Ουσιαστικά,noun,,κηδεμόνας,guardian,guardian photo,generated
53,1,Οικογένεια: ο θεσμός - οι δεσμοί,Ουσιαστικά,noun,,κοιμητήριο,cemetery,cemetery photo,generated
54,1,Οικογένεια: ο θεσμός - οι δεσμοί,Ουσιαστικά,noun,,κληρονόμος,heir,heir photo,generated
55,1,Οικογένεια: ο θεσμός - οι δεσμοί,Ουσιαστικά,noun,,κολυμβήθρα,,,no_english
56,1,Οικογένεια: ο θεσμός - οι δεσμοί,Ουσιαστικά,noun,,κόρη,daughter,daughter photo,generated
57,1,Οικογένεια: ο θεσμός - οι δεσμοί,Ουσιαστικά,noun,,κορίτσι,girl,girl photo,generated
58,1,Οικογένεια: ο θεσμός - οι δεσμοί,Ουσιαστικά,noun,,κοστούμι,suit,suit photo,generated
59,1,Οικογένεια: ο θεσμός - οι δεσμοί,Ουσιαστικά,noun,,κουμπάρα,one's best man,one's best man photo,generated
60,1,Οικογένεια: ο θεσμός - οι δεσμοί,Ουσιαστικά,noun,,κουμπάρος,one's best man,one's best man photo,generated
61,1,Οικογένεια: ο θεσμός - οι δεσμοί,Ουσιαστικά,noun,,κούνια,swing,swing photo,generated
62,1,Οικογένεια: ο θεσμός - οι δεσμοί,Ουσιαστικά,noun,,κουνιάδα,,,no_english
63,1,Οικογένεια: ο θεσμός - οι δεσμοί,Ουσιαστικά,noun,,κουνιάδος,brother-in-law,brother-in-law photo,generated
64,1,Οικογένεια: ο θεσμός - οι δεσμοί,Ουσιαστικά,noun,,κουφέτο,,,no_english
65,1,Οικογένεια: ο θεσμός - οι δεσμοί,Ουσιαστικά,noun,,ληξιαρχικήπράξηγέννησης,,,no_english
66,1,Οικογένεια: ο θεσμός - οι δεσμοί,Ουσιαστικά,noun,,ληξιαρχικήπράξηγάμου,,,no_english
67,1,Οικογένεια: ο θεσμός - οι δεσμοί,Ουσιαστικά,noun,,ληξιαρχικήπράξηθανάτου,,,no_english
68,1,Οικογένεια: ο θεσμός - οι δεσμοί,Ουσιαστικά,noun,,μαία,midwife,midwife photo,generated
69,1,Οικογένεια: ο θεσμός - οι δεσμοί,Ουσιαστικά,noun,,μαιευτήρας,,,no_english
70,1,Οικογένεια: ο θεσμός - οι δεσμοί,Ουσιαστικά,noun,,μαιευτήριο,maternity hospital,maternity hospital photo,generated
71,1,Οικογένεια: ο θεσμός - οι δεσμοί,Ουσιαστικά,noun,,μακαρίτης,,,no_english
72,1,Οικογένεια: ο θεσμός - οι δεσμοί,Ουσιαστικά,noun,,μακαρίτισσα,,,no_english
73,1,Οικογένεια: ο θεσμός - οι δεσμοί,Ουσιαστικά,noun,,μάλωμα,argument,argument photo,generated
74,1,Οικογένεια: ο θεσμός - οι δεσμοί,Ουσιαστικά,noun,,μαμά,vehicle with unmodified factory-built equipment.,vehicle with unmodified factory-built equipment. photo,generated
75,1,Οικογένεια: ο θεσμός - οι δεσμοί,Ουσιαστικά,noun,,μάνα,bank,bank photo,generated
76,1,Οικογένεια: ο θεσμός - οι δεσμοί,Ουσιαστικά,noun,,μανούλα,,,no_english
77,1,Οικογένεια: ο θεσμός - οι δεσμοί,Ουσιαστικά,noun,,μητέρα,mother,mother photo,generated
78,1,Οικογένεια: ο θεσμός - οι δεσμοί,Ουσιαστικά,noun,,μητρότητα,,,no_english
79,1,Οικογένεια: ο θεσμός - οι δεσμοί,Ουσιαστικά,noun,,μνήμα,grave,grave photo,generated
80,1,Οικογένεια: ο θεσμός - οι δεσμοί,Ουσιαστικά,noun,,μπαμπάς,baba,baba photo,generated
81,1,Οικογένεια: ο θεσμός - οι δεσμοί,Ουσιαστικά,noun,,μπαμπάκας,,,no_english
82,1,Οικογένεια: ο θεσμός - οι δεσμοί,Ουσιαστικά,noun,,μπατζανάκης,,,no_english
83,1,Οικογένεια: ο θεσμός - οι δεσμοί,Ουσιαστικά,noun,,μπιμπερό,baby bottle,baby bottle photo,generated
84,1,Οικογένεια: ο θεσμός - οι δεσμοί,Ουσιαστικά,noun,,μπομπονιέρα,,,no_english
85,1,Οικογένεια: ο θεσμός - οι δεσμοί,Ουσιαστικά,noun,,νεογέννητο,,,no_english
86,1,Οικογένεια: ο θεσμός - οι δεσμοί,Ουσιαστικά,noun,,νονός,godfather,godfather photo,generated
87,1,Οικογένεια: ο θεσμός - οι δεσμοί,Ουσιαστικά,noun,,νονά,godmother,godmother photo,generated
88,1,Οικογένεια: ο θεσμός - οι δεσμοί,Ουσιαστικά,noun,,νύφη,bride,bride photo,generated
89,1,Οικογένεια: ο θεσμός - οι δεσμοί,Ουσιαστικά,noun,,νυφικό,wedding dress,wedding dress photo,generated
90,1,Οικογένεια: ο θεσμός - οι δεσμοί,Ουσιαστικά,noun,,ξαδέλφη,cousin,cousin photo,generated
91,1,Οικογένεια: ο θεσμός - οι δεσμοί,Ουσιαστικά,noun,,ξαδέλφια,cousin,cousin photo,generated
92,1,Οικογένεια: ο θεσμός - οι δεσμοί,Ουσιαστικά,noun,,ξάδελφος,cousin,cousin photo,generated
93,1,Οικογένεια: ο θεσμός - οι δεσμοί,Ουσιαστικά,noun,,οικογένεια,family,family photo,generated
94,1,Οικογένεια: ο θεσμός - οι δεσμοί,Ουσιαστικά,noun,,οίκοςευγηρίας,,,no_english
95,1,Οικογένεια: ο θεσμός - οι δεσμοί,Ουσιαστικά,noun,,όνομα,name,name photo,generated
96,1,Οικογένεια: ο θεσμός - οι δεσμοί,Ουσιαστικά,noun,,ορφανή,Nominative,Nominative photo,generated
97,1,Οικογένεια: ο θεσμός - οι δεσμοί,Ουσιαστικά,noun,,ορφανό,orphan,orphan photo,generated
98,1,Οικογένεια: ο θεσμός - οι δεσμοί,Ουσιαστικά,noun,,ορφανοτροφείο,orphanage,orphanage photo,generated
99,1,Οικογένεια: ο θεσμός - οι δεσμοί,Ουσιαστικά,noun,,παιδί,child,child photo,generated
100,1,Οικογένεια: ο θεσμός - οι δεσμοί,Ουσιαστικά,noun,,παππούς,grandfather,grandfather photo,generated
101,1,Οικογένεια: ο θεσμός - οι δεσμοί,Ουσιαστικά,noun,,παρανυφάκι,,,no_english
102,1,Οικογένεια: ο θεσμός - οι δεσμοί,Ουσιαστικά,noun,,πατέρας,father,father photo,generated
103,1,Οικογένεια: ο θεσμός - οι δεσμοί,Ουσιαστικά,noun,,πεθερά,mother-in-law,mother-in-law photo,generated
104,1,Οικογένεια: ο θεσμός - οι δεσμοί,Ουσιαστικά,noun,,πεθερός,father-in-law,father-in-law photo,generated
105,1,Οικογένεια: ο θεσμός - οι δεσμοί,Ουσιαστικά,noun,,προξενιό,,,no_english
106,1,Οικογένεια: ο θεσμός - οι δεσμοί,Ουσιαστικά,noun,,προσκλητήριο,,,no_english
107,1,Οικογένεια: ο θεσμός - οι δεσμοί,Ουσιαστικά,noun,,σόι,family,family photo,generated
108,1,Οικογένεια: ο θεσμός - οι δεσμοί,Ουσιαστικά,noun,,στέφανα,,,no_english
109,1,Οικογένεια: ο θεσμός - οι δεσμοί,Ουσιαστικά,noun,,στοργή,deep love and affection,deep love and affection photo,generated
110,1,Οικογένεια: ο θεσμός - οι δεσμοί,Ουσιαστικά,noun,,συγγενής,related,related photo,generated
111,1,Οικογένεια: ο θεσμός - οι δεσμοί,Ουσιαστικά,noun,,σύζυγος,yokefellow,yokefellow photo,generated
112,1,Οικογένεια: ο θεσμός - οι δεσμοί,Ουσιαστικά,noun,,συμβίωση,,,no_english
113,1,Οικογένεια: ο θεσμός - οι δεσμοί,Ουσιαστικά,noun,,συμπεθέρα,female relation by marriage,female relation by marriage photo,generated
114,1,Οικογένεια: ο θεσμός - οι δεσμοί,Ουσιαστικά,noun,,συμπεθεριό,,,no_english
115,1,Οικογένεια: ο θεσμός - οι δεσμοί,Ουσιαστικά,noun,,συμπέθερος,relation by marriage,relation by marriage photo,generated
116,1,Οικογένεια: ο θεσμός - οι δεσμοί,Ουσιαστικά,noun,,συνυφάδα,,,no_english
117,1,Οικογένεια: ο θεσμός - οι δεσμοί,Ουσιαστικά,noun,,ταξίδιτουμέλιτος,,,no_english
118,1,Οικογένεια: ο θεσμός - οι δεσμοί,Ουσιαστικά,noun,,τιμωρία,punishment,punishment photo,generated
119,1,Οικογένεια: ο θεσμός - οι δεσμοί,Ουσιαστικά,noun,,τοκετός,confinement,confinement photo,generated
120,1,Οικογένεια: ο θεσμός - οι δεσμοί,Ουσιαστικά,noun,,τούρτα,cake with layers of filling and icing,cake with layers of filling and icing photo,generated
121,1,Οικογένεια: ο θεσμός - οι δεσμοί,Ουσιαστικά,noun,,τρυφερότητα,,,no_english
122,1,Οικογένεια: ο θεσμός - οι δεσμοί,Ουσιαστικά,noun,,υιοθεσία,,,no_english
123,1,Οικογένεια: ο θεσμός - οι δεσμοί,Ουσιαστικά,noun,,φατρία,faction,faction photo,generated
124,1,Οικογένεια: ο θεσμός - οι δεσμοί,Ουσιαστικά,noun,,φιλί,kiss,kiss photo,generated
125,1,Οικογένεια: ο θεσμός - οι δεσμοί,Ουσιαστικά,noun,,φροντίδα,attention,attention photo,generated
126,1,Οικογένεια: ο θεσμός - οι δεσμοί,Ουσιαστικά,noun,,χάδι,,,no_english
127,1,Οικογένεια: ο θεσμός - οι δεσμοί,Ουσιαστικά,noun,,χήρα,widow,widow photo,generated
128,1,Οικογένεια: ο θεσμός - οι δεσμοί,Ουσιαστικά,noun,,χήρος,widower,widower photo,generated
129,1,Οικογένεια: ο θεσμός - οι δεσμοί,Ουσιαστικά,noun,,χωρισμός,,,no_english
130,1,Οικογένεια: ο θεσμός - οι δεσμοί,Επίθετα,adjective,,αδερφικός-ή-ό,brotherly,brotherly example photo,generated
131,1,Οικογένεια: ο θεσμός - οι δεσμοί,Επίθετα,adjective,,αντιπαθητικός-ή-ό,unpleasant,unpleasant example photo,generated
132,1,Οικογένεια: ο θεσμός - οι δεσμοί,Επίθετα,adjective,,ανυπάκουος-η-ο,disobedient,disobedient example photo,generated
133,1,Οικογένεια: ο θεσμός - οι δεσμοί,Επίθετα,adjective,,ανύπαντρος-η-ο,unmarried,unmarried example photo,generated
134,1,Οικογένεια: ο θεσμός - οι δεσμοί,Επίθετα,adjective,,απογοητευμένος-η-ο,disappointed,disappointed example photo,generated
135,1,Οικογένεια: ο θεσμός - οι δεσμοί,Επίθετα,adjective,,αρμονικός-ή-ό,harmonious,harmonious example photo,generated
136,1,Οικογένεια: ο θεσμός - οι δεσμοί,Επίθετα,adjective,,άτακτος-η-ο,cheeky,cheeky example photo,generated
137,1,Οικογένεια: ο θεσμός - οι δεσμοί,Επίθετα,adjective,,αυστηρός-ή-ό,strict,strict example photo,generated
138,1,Οικογένεια: ο θεσμός - οι δεσμοί,Επίθετα,adjective,,βρεφικός-ή-ό,,,no_english
139,1,Οικογένεια: ο θεσμός - οι δεσμοί,Επίθετα,adjective,,βρόμικος-η-ο,dirty,dirty example photo,generated
140,1,Οικογένεια: ο θεσμός - οι δεσμοί,Επίθετα,adjective,,γαμήλιος-α-ο,,,no_english
141,1,Οικογένεια: ο θεσμός - οι δεσμοί,Επίθετα,adjective,,γαμπριάτικος-η-ο,of bridegroom,of bridegroom example photo,generated
142,1,Οικογένεια: ο θεσμός - οι δεσμοί,Επίθετα,adjective,,γλυκός-ιά-ό,sweet in taste,sweet in taste example photo,generated
143,1,Οικογένεια: ο θεσμός - οι δεσμοί,Επίθετα,adjective,,γοητευμένος-η-ο,am enchanted,am enchanted example photo,generated
144,1,Οικογένεια: ο θεσμός - οι δεσμοί,Επίθετα,adjective,,δεμένος-η-ο(π.χ.δεμένηοικογένεια),tied,tied example photo,generated
145,1,Οικογένεια: ο θεσμός - οι δεσμοί,Επίθετα,adjective,,δευτερότοκος-η-ο,,,no_english
146,1,Οικογένεια: ο θεσμός - οι δεσμοί,Επίθετα,adjective,,διαζευγμένος-η-ο,,,no_english
147,1,Οικογένεια: ο θεσμός - οι δεσμοί,Επίθετα,adjective,,δίδυμος-η-ο,twin,twin example photo,generated
148,1,Οικογένεια: ο θεσμός - οι δεσμοί,Επίθετα,adjective,,ελεύθερος-η-ο,free,free example photo,generated
149,1,Οικογένεια: ο θεσμός - οι δεσμοί,Επίθετα,adjective,,ενθουσιασμένος-η-ο,excited,excited example photo,generated
150,1,Οικογένεια: ο θεσμός - οι δεσμοί,Επίθετα,adjective,,ερωτευμένος-η-ο,to fall in love with,to fall in love with example photo,generated
151,1,Οικογένεια: ο θεσμός - οι δεσμοί,Επίθετα,adjective,,ετοιμοθάνατος-η-ο,,,no_english
152,1,Οικογένεια: ο θεσμός - οι δεσμοί,Επίθετα,adjective,,ευγενικός-ή-ό,polite,polite example photo,generated
153,1,Οικογένεια: ο θεσμός - οι δεσμοί,Επίθετα,adjective,,ζηλιάρης-α-ικο,envious,envious example photo,generated
154,1,Οικογένεια: ο θεσμός - οι δεσμοί,Επίθετα,adjective,,ηλικιωμένος-η-ο,elderly man,elderly man example photo,generated
155,1,Οικογένεια: ο θεσμός - οι δεσμοί,Επίθετα,adjective,,ήσυχος-η-ο,quiet,quiet example photo,generated
156,1,Οικογένεια: ο θεσμός - οι δεσμοί,Επίθετα,adjective,,θετός-ή-ό,adopted,adopted example photo,generated
157,1,Οικογένεια: ο θεσμός - οι δεσμοί,Επίθετα,adjective,,καθαρός-ή-ό,clean,clean example photo,generated
158,1,Οικογένεια: ο θεσμός - οι δεσμοί,Επίθετα,adjective,,κακομαθημένος-η-ο,spoiled,spoiled example photo,generated
159,1,Οικογένεια: ο θεσμός - οι δεσμοί,Επίθετα,adjective,,καλομαθημένος-η-ο,spoiled,spoiled example photo,generated
160,1,Οικογένεια: ο θεσμός - οι δεσμοί,Επίθετα,adjective,,καλός-ή-ό,good,good example photo,generated
161,1,Οικογένεια: ο θεσμός - οι δεσμοί,Επίθετα,adjective,,κατάκοιτος-η-ο,,,no_english
162,1,Οικογένεια: ο θεσμός - οι δεσμοί,Επίθετα,adjective,,κλαψιάρης-α-ικο,,,no_english
163,1,Οικογένεια: ο θεσμός - οι δεσμοί,Επίθετα,adjective,,μητρικός-ή-ό,maternal,maternal example photo,generated
164,1,Οικογένεια: ο θεσμός - οι δεσμοί,Επίθετα,adjective,,μοντέρνος-α-ο,modern,modern example photo,generated
165,1,Οικογένεια: ο θεσμός - οι δεσμοί,Επίθετα,adjective,,νυφικός-ή-ό,,,no_english
166,1,Οικογένεια: ο θεσμός - οι δεσμοί,Επίθετα,adjective,,οικογενειακός-ή-ό,family,family example photo,generated
167,1,Οικογένεια: ο θεσμός - οι δεσμοί,Επίθετα,adjective,,όμορφος-η-ο,beautiful,beautiful example photo,generated
168,1,Οικογένεια: ο θεσμός - οι δεσμοί,Επίθετα,adjective,,παιδικός-ή-ό,belonging or referring to child,belonging or referring to child example photo,generated
169,1,Οικογένεια: ο θεσμός - οι δεσμοί,Επίθετα,adjective,,παραδοσιακός-ή-ό,traditional,traditional example photo,generated
170,1,Οικογένεια: ο θεσμός - οι δεσμοί,Επίθετα,adjective,,πατρικός-ή-ό,fatherly,fatherly example photo,generated
171,1,Οικογένεια: ο θεσμός - οι δεσμοί,Επίθετα,adjective,,πρωτότοκος-η-ο,,,no_english
172,1,Οικογένεια: ο θεσμός - οι δεσμοί,Επίθετα,adjective,,σκληρός-ή-ό,hard,hard example photo,generated
173,1,Οικογένεια: ο θεσμός - οι δεσμοί,Επίθετα,adjective,,στολισμένος-η-ο,dress up,dress up example photo,generated
174,1,Οικογένεια: ο θεσμός - οι δεσμοί,Επίθετα,adjective,,στοργικός-ή-ό,loving,loving example photo,generated
175,1,Οικογένεια: ο θεσμός - οι δεσμοί,Επίθετα,adjective,,συμπαθητικός-ή-ό,sympathetic,sympathetic example photo,generated
176,1,Οικογένεια: ο θεσμός - οι δεσμοί,Επίθετα,adjective,,τρυφερός-ή-ό,tender,tender example photo,generated
177,1,Οικογένεια: ο θεσμός - οι δεσμοί,Επίθετα,adjective,,υπάκουος-η-ο,obedient,obedient example photo,generated
178,1,Οικογένεια: ο θεσμός - οι δεσμοί,Επίθετα,adjective,,φρόνιμος-η-ο,sensible,sensible example photo,generated
179,1,Οικογένεια: ο θεσμός - οι δεσμοί,Επίθετα,adjective,,χαδιάρης-α-ικο,,,no_english
180,1,Οικογένεια: ο θεσμός - οι δεσμοί,Επίθετα,adjective,,χωρισμένος-η-ο,divided,divided example photo,generated
181,1,Οικογένεια: ο θεσμός - οι δεσμοί,Ρήματα,verb,,αγαπώ,variant of αγαπάω (agapáo),,needs_review
182,1,Οικογένεια: ο θεσμός - οι δεσμοί,Ρήματα,verb,,αλλάζω,change,change action photo,generated
183,1,Οικογένεια: ο θεσμός - οι δεσμοί,Ρήματα,verb,,ανατρέφω,bring up,bring up action photo,generated
184,1,Οικογένεια: ο θεσμός - οι δεσμοί,Ρήματα,verb,,αρραβωνιάζομαι,,,no_english
185,1,Οικογένεια: ο θεσμός - οι δεσμοί,Ρήματα,verb,,βαφτίζω,baptise,baptise action photo,generated
186,1,Οικογένεια: ο θεσμός - οι δεσμοί,Ρήματα,verb,,γεννάω(ώ),give birth,give birth action photo,generated
187,1,Οικογένεια: ο θεσμός - οι δεσμοί,Ρήματα,verb,,γεννιέμαι,be born,be born action photo,generated
188,1,Οικογένεια: ο θεσμός - οι δεσμοί,Ρήματα,verb,,δηλώνωτηγέννηση/τονγάμο/τονθάνατο,,,no_english
189,1,Οικογένεια: ο θεσμός - οι δεσμοί,Ρήματα,verb,,διαπαιδαγωγώ,,,no_english
190,1,Οικογένεια: ο θεσμός - οι δεσμοί,Ρήματα,verb,,εκτιμώ,appreciate,appreciate action photo,generated
191,1,Οικογένεια: ο θεσμός - οι δεσμοί,Ρήματα,verb,,εμπιστεύομαι,trust,trust action photo,generated
192,1,Οικογένεια: ο θεσμός - οι δεσμοί,Ρήματα,verb,,ερωτεύομαι,to fall in love with,to fall in love with action photo,generated
193,1,Οικογένεια: ο θεσμός - οι δεσμοί,Ρήματα,verb,,ζω,live,live action photo,generated
194,1,Οικογένεια: ο θεσμός - οι δεσμοί,Ρήματα,verb,,θηλάζω,suckle,suckle action photo,generated
195,1,Οικογένεια: ο θεσμός - οι δεσμοί,Ρήματα,verb,,θρέφω,,,no_english
196,1,Οικογένεια: ο θεσμός - οι δεσμοί,Ρήματα,verb,,κηδεύω-ομαι,,,no_english
197,1,Οικογένεια: ο θεσμός - οι δεσμοί,Ρήματα,verb,,κληροδοτώ,,,no_english
198,1,Οικογένεια: ο θεσμός - οι δεσμοί,Ρήματα,verb,,κληρονομώ,inherit,inherit action photo,generated
199,1,Οικογένεια: ο θεσμός - οι δεσμοί,Ρήματα,verb,,λούζω,wash,wash action photo,generated
200,1,Οικογένεια: ο θεσμός - οι δεσμοί,Ρήματα,verb,,λυπάμαι,to be sorry,to be sorry action photo,generated
201,1,Οικογένεια: ο θεσμός - οι δεσμοί,Ρήματα,verb,,μεγαλώνω,bring up,bring up action photo,generated
202,1,Οικογένεια: ο θεσμός - οι δεσμοί,Ρήματα,verb,,μαλώνω,tell off,tell off action photo,generated
203,1,Οικογένεια: ο θεσμός - οι δεσμοί,Ρήματα,verb,,νιώθω,feel,feel action photo,generated
204,1,Οικογένεια: ο θεσμός - οι δεσμοί,Ρήματα,verb,,μοιάζω,look like,look like action photo,generated
205,1,Οικογένεια: ο θεσμός - οι δεσμοί,Ρήματα,verb,,νανουρίζω,,,no_english
206,1,Οικογένεια: ο θεσμός - οι δεσμοί,Ρήματα,verb,,νιώθω,feel,feel action photo,generated
207,1,Οικογένεια: ο θεσμός - οι δεσμοί,Ρήματα,verb,,παντρεύομαι,marry,marry action photo,generated
208,1,Οικογένεια: ο θεσμός - οι δεσμοί,Ρήματα,verb,,πεθαίνω,kill,kill action photo,generated
209,1,Οικογένεια: ο θεσμός - οι δεσμοί,Ρήματα,verb,,περιμένω(παιδί),wait,wait action photo,generated
210,1,Οικογένεια: ο θεσμός - οι δεσμοί,Ρήματα,verb,,πλένω,wash,wash action photo,generated
211,1,Οικογένεια: ο θεσμός - οι δεσμοί,Ρήματα,verb,,προσέχω,watch,watch action photo,generated
212,1,Οικογένεια: ο θεσμός - οι δεσμοί,Ρήματα,verb,,προσκαλώ,invite,invite action photo,generated
213,1,Οικογένεια: ο θεσμός - οι δεσμοί,Ρήματα,verb,,προστατεύω,protect,protect action photo,generated
214,1,Οικογένεια: ο θεσμός - οι δεσμοί,Ρήματα,verb,,προσφέρω,offer,offer action photo,generated
215,1,Οικογένεια: ο θεσμός - οι δεσμοί,Ρήματα,verb,,σέβομαι,to respect,to respect action photo,generated
216,1,Οικογένεια: ο θεσμός - οι δεσμοί,Ρήματα,verb,,στενοχωριέμαι,upset,upset action photo,generated
217,1,Οικογένεια: ο θεσμός - οι δεσμοί,Ρήματα,verb,,συγχωρώ,forgive,forgive action photo,generated
218,1,Οικογένεια: ο θεσμός - οι δεσμοί,Ρήματα,verb,,συζώ,,,no_english
219,1,Οικογένεια: ο θεσμός - οι δεσμοί,Ρήματα,verb,,συμβουλεύω,advise,advise action photo,generated
220,1,Οικογένεια: ο θεσμός - οι δεσμοί,Ρήματα,verb,,συναντιέμαι,meet,meet action photo,generated
221,1,Οικογένεια: ο θεσμός - οι δεσμοί,Ρήματα,verb,,συνδέομαι(με),am connected → and see συνδέω,am connected → and see συνδέω action photo,generated
222,1,Οικογένεια: ο θεσμός - οι δεσμοί,Ρήματα,verb,,ταίζω,feed,feeding animals,override
223,1,Οικογένεια: ο θεσμός - οι δεσμοί,Ρήματα,verb,,τιμωρώ,punish,punish action photo,generated
224,1,Οικογένεια: ο θεσμός - οι δεσμοί,Ρήματα,verb,,τσακώνομαι,fight,fight action photo,generated
225,1,Οικογένεια: ο θεσμός - οι δεσμοί,Ρήματα,verb,,φιλιέμαι,Ι am kissed,Ι am kissed action photo,generated
226,1,Οικογένεια: ο θεσμός - οι δεσμοί,Ρήματα,verb,,φροντίζω,care for,care for action photo,generated
227,1,Οικογένεια: ο θεσμός - οι δεσμοί,Ρήματα,verb,,χαϊδεύω,caress,caress action photo,generated
228,1,Οικογένεια: ο θεσμός - οι δεσμοί,Ρήματα,verb,,χαίρομαι,to be happy,to be happy action photo,generated
229,1,Οικογένεια: ο θεσμός - οι δεσμοί,Ρήματα,verb,,χωρίζω,separate,separate action photo,generated
230,1,Οικογένεια: ο θεσμός - οι δεσμοί,Εκφράσεις,phrase,,Ταενοίκωμηενδήμω.,,,no_english
231,1,Οικογένεια: ο θεσμός - οι δεσμοί,Εκφράσεις,phrase,,Στοτέλοςξυρίζουντογαμπρό!,,,no_english
232,1,Οικογένεια: ο θεσμός - οι δεσμοί,Εκφράσεις,phrase,,"Ανθέλειηνύφηκιογαμπρός,τύφλανα'χειοπεθερός.",,,no_english
233,1,Οικογένεια: ο θεσμός - οι δεσμοί,Εκφράσεις,phrase,,Τρελόςπαπάςτονβάφτισε!,,,no_english
234,1,Οικογένεια: ο θεσμός - οι δεσμοί,Εκφράσεις,phrase,,"Κατάμάνα,κατάκύρη.",,,no_english
235,1,Οικογένεια: ο θεσμός - οι δεσμοί,Εκφράσεις,phrase,,Τοαίμανερόδεγίνεται.,,,no_english
236,1,Οικογένεια: ο θεσμός - οι δεσμοί,Εκφράσεις,phrase,,Τομήλοκάτωαπότημηλιάθαπέσει.,,,no_english
237,1,Οικογένεια: ο θεσμός - οι δεσμοί,Εκφράσεις,phrase,,Τοπαιδίτουσωλήνα.,,,no_english
238,1,Οικογένεια: ο θεσμός - οι δεσμοί,Εκφράσεις,phrase,,παιδίαπόοικογένεια.,,,no_english
239,1,Οικογένεια: ο θεσμός - οι δεσμοί,Εκφράσεις,phrase,,Άνθρωποςαπότζάκι,,,no_english
240,1,Οικογένεια: ο θεσμός - οι δεσμοί,Εκφράσεις,phrase,,Πυρηνικήοικογένεια,,,no_english
241,1,Οικογένεια: ο θεσμός - οι δεσμοί,Εκφράσεις,phrase,,Μονογονεϊκήοικογένεια,,,no_english
242,1,Οικογένεια: ο θεσμός - οι δεσμοί,Εκφράσεις,phrase,,∆εμένηοικογένεια,,,no_english
243,1,Οικογένεια: ο θεσμός - οι δεσμοί,Εκφράσεις,phrase,,"Πατριαρχικήοικογένεια,μητριαρχικήοικογένεια",,,no_english
244,1,Οικογένεια: ο θεσμός - οι δεσμοί,Εκφράσεις,phrase,,Σανγαμπρός=γαμπριάτικος!,,,no_english
245,1,Οικογένεια: ο θεσμός - οι δεσμοί,Εκφράσεις,phrase,,Χρόνιαπολλά!Ναζήσετε!Συγχαρητήρια!Συλλυπητήρια!,,,no_english
246,2,"Κατοικία: οι χώροι και η λειτουργία τους, καθημερινή ζωή",Ουσιαστικά,noun,,αποθήκη,storeroom,storeroom photo,generated
247,2,"Κατοικία: οι χώροι και η λειτουργία τους, καθημερινή ζωή",Ουσιαστικά,noun,,ασανσέρ,elevator,elevator photo,generated
248,2,"Κατοικία: οι χώροι και η λειτουργία τους, καθημερινή ζωή",Ουσιαστικά,noun,,αυλή,courtyard,courtyard photo,generated
249,2,"Κατοικία: οι χώροι και η λειτουργία τους, καθημερινή ζωή",Ουσιαστικά,noun,,αυλόπορτα,,,no_english
250,2,"Κατοικία: οι χώροι και η λειτουργία τους, καθημερινή ζωή",Ουσιαστικά,noun,,βρύση,public water source,public water source photo,generated
251,2,"Κατοικία: οι χώροι και η λειτουργία τους, καθημερινή ζωή",Ουσιαστικά,noun,,γκαρσονιέρα,single room apartment,single room apartment photo,generated
252,2,"Κατοικία: οι χώροι και η λειτουργία τους, καθημερινή ζωή",Ουσιαστικά,noun,,διακόπτης,switch,switch photo,generated
253,2,"Κατοικία: οι χώροι και η λειτουργία τους, καθημερινή ζωή",Ουσιαστικά,noun,,διαμέρισμα,apartment,apartment photo,generated
254,2,"Κατοικία: οι χώροι και η λειτουργία τους, καθημερινή ζωή",Ουσιαστικά,noun,,δυάρι,two-roomed apartment,two-roomed apartment photo,generated
255,2,"Κατοικία: οι χώροι και η λειτουργία τους, καθημερινή ζωή",Ουσιαστικά,noun,,δωμάτιο,room,room photo,generated
256,2,"Κατοικία: οι χώροι και η λειτουργία τους, καθημερινή ζωή",Ουσιαστικά,noun,,είσοδος,entrance,entrance photo,generated
257,2,"Κατοικία: οι χώροι και η λειτουργία τους, καθημερινή ζωή",Ουσιαστικά,noun,,εξοχικό,holiday home,holiday home photo,generated
258,2,"Κατοικία: οι χώροι και η λειτουργία τους, καθημερινή ζωή",Ουσιαστικά,noun,,έπαυλη,,,no_english
259,2,"Κατοικία: οι χώροι και η λειτουργία τους, καθημερινή ζωή",Ουσιαστικά,noun,,εσωτερικήσκάλα,,,no_english
260,2,"Κατοικία: οι χώροι και η λειτουργία τους, καθημερινή ζωή",Ουσιαστικά,noun,,θεμέλιο,foundation,foundation photo,generated
261,2,"Κατοικία: οι χώροι και η λειτουργία τους, καθημερινή ζωή",Ουσιαστικά,noun,,θέρμανση,heating,heating photo,generated
262,2,"Κατοικία: οι χώροι και η λειτουργία τους, καθημερινή ζωή",Ουσιαστικά,noun,,θυροτηλέφωνο,,,no_english
263,2,"Κατοικία: οι χώροι και η λειτουργία τους, καθημερινή ζωή",Ουσιαστικά,noun,,κάγκελο,rail,rail photo,generated
264,2,"Κατοικία: οι χώροι και η λειτουργία τους, καθημερινή ζωή",Ουσιαστικά,noun,,καγκελόπορτα,,,no_english
265,2,"Κατοικία: οι χώροι και η λειτουργία τους, καθημερινή ζωή",Ουσιαστικά,noun,,καθιστικό,sitting room,sitting room photo,generated
266,2,"Κατοικία: οι χώροι και η λειτουργία τους, καθημερινή ζωή",Ουσιαστικά,noun,,καλοριφέρ,,,no_english
267,2,"Κατοικία: οι χώροι και η λειτουργία τους, καθημερινή ζωή",Ουσιαστικά,noun,,καλύβα,hovel,hovel photo,generated
268,2,"Κατοικία: οι χώροι και η λειτουργία τους, καθημερινή ζωή",Ουσιαστικά,noun,,καπνοδόχος,chimney,chimney photo,generated
269,2,"Κατοικία: οι χώροι και η λειτουργία τους, καθημερινή ζωή",Ουσιαστικά,noun,,κατοικία,habitation,habitation photo,generated
270,2,"Κατοικία: οι χώροι και η λειτουργία τους, καθημερινή ζωή",Ουσιαστικά,noun,,κεραία,aerial,aerial photo,generated
271,2,"Κατοικία: οι χώροι και η λειτουργία τους, καθημερινή ζωή",Ουσιαστικά,noun,,κεραμίδι,terracotta,terracotta photo,generated
272,2,"Κατοικία: οι χώροι και η λειτουργία τους, καθημερινή ζωή",Ουσιαστικά,noun,,κουδούνι,bell,bell photo,generated
273,2,"Κατοικία: οι χώροι και η λειτουργία τους, καθημερινή ζωή",Ουσιαστικά,noun,,κουζίνα,kitchen,kitchen photo,generated
274,2,"Κατοικία: οι χώροι και η λειτουργία τους, καθημερινή ζωή",Ουσιαστικά,noun,,κρεβατοκάμαρα,,,no_english
275,2,"Κατοικία: οι χώροι και η λειτουργία τους, καθημερινή ζωή",Ουσιαστικά,noun,,λαβομάνο,,,no_english
276,2,"Κατοικία: οι χώροι και η λειτουργία τους, καθημερινή ζωή",Ουσιαστικά,noun,,λεκάνη,any large bowl,any large bowl photo,generated
277,2,"Κατοικία: οι χώροι και η λειτουργία τους, καθημερινή ζωή",Ουσιαστικά,noun,,μάρμαρο,marble,marble photo,generated
278,2,"Κατοικία: οι χώροι και η λειτουργία τους, καθημερινή ζωή",Ουσιαστικά,noun,,μεζονέτα,small house,small house photo,generated
279,2,"Κατοικία: οι χώροι και η λειτουργία τους, καθημερινή ζωή",Ουσιαστικά,noun,,μοκέτα,,,no_english
280,2,"Κατοικία: οι χώροι και η λειτουργία τους, καθημερινή ζωή",Ουσιαστικά,noun,,μονοκατοικία,,,no_english
281,2,"Κατοικία: οι χώροι και η λειτουργία τους, καθημερινή ζωή",Ουσιαστικά,noun,,μπαλκόνι,,,no_english
282,2,"Κατοικία: οι χώροι και η λειτουργία τους, καθημερινή ζωή",Ουσιαστικά,noun,,μπαλκονόπορτα,,,no_english
283,2,"Κατοικία: οι χώροι και η λειτουργία τους, καθημερινή ζωή",Ουσιαστικά,noun,,μπανιέρα,bathtub,bathtub photo,generated
284,2,"Κατοικία: οι χώροι και η λειτουργία τους, καθημερινή ζωή",Ουσιαστικά,noun,,μπάνιο,bath,bath photo,generated
285,2,"Κατοικία: οι χώροι και η λειτουργία τους, καθημερινή ζωή",Ουσιαστικά,noun,,νεροχύτης,sink,sink photo,generated
286,2,"Κατοικία: οι χώροι και η λειτουργία τους, καθημερινή ζωή",Ουσιαστικά,noun,,νιπτήρας,washbasin,washbasin photo,generated
287,2,"Κατοικία: οι χώροι και η λειτουργία τους, καθημερινή ζωή",Ουσιαστικά,noun,,νοικοκυρά,housewife,housewife photo,generated
288,2,"Κατοικία: οι χώροι και η λειτουργία τους, καθημερινή ζωή",Ουσιαστικά,noun,,νοικοκυριό,household,household photo,generated
289,2,"Κατοικία: οι χώροι και η λειτουργία τους, καθημερινή ζωή",Ουσιαστικά,noun,,νοικοκύρης,,,no_english
290,2,"Κατοικία: οι χώροι και η λειτουργία τους, καθημερινή ζωή",Ουσιαστικά,noun,,ντουζιέρα,,,no_english
291,2,"Κατοικία: οι χώροι και η λειτουργία τους, καθημερινή ζωή",Ουσιαστικά,noun,,οίκος,house,house photo,generated
292,2,"Κατοικία: οι χώροι και η λειτουργία τους, καθημερινή ζωή",Ουσιαστικά,noun,,όροφος,floor,floor photo,generated
293,2,"Κατοικία: οι χώροι και η λειτουργία τους, καθημερινή ζωή",Ουσιαστικά,noun,,παντζούρι,,,no_english
294,2,"Κατοικία: οι χώροι και η λειτουργία τους, καθημερινή ζωή",Ουσιαστικά,noun,,παράγκα,shack,shack photo,generated
295,2,"Κατοικία: οι χώροι και η λειτουργία τους, καθημερινή ζωή",Ουσιαστικά,noun,,παράθυρο,window,window photo,generated
296,2,"Κατοικία: οι χώροι και η λειτουργία τους, καθημερινή ζωή",Ουσιαστικά,noun,,παρκέ,,,no_english
297,2,"Κατοικία: οι χώροι και η λειτουργία τους, καθημερινή ζωή",Ουσιαστικά,noun,,πατάκι,,,no_english
298,2,"Κατοικία: οι χώροι και η λειτουργία τους, καθημερινή ζωή",Ουσιαστικά,noun,,πάτωμα,floor of room,floor of room photo,generated
299,2,"Κατοικία: οι χώροι και η λειτουργία τους, καθημερινή ζωή",Ουσιαστικά,noun,,πλακάκι,slab,slab photo,generated
300,2,"Κατοικία: οι χώροι και η λειτουργία τους, καθημερινή ζωή",Ουσιαστικά,noun,,πλατύσκαλο,,,no_english
301,2,"Κατοικία: οι χώροι και η λειτουργία τους, καθημερινή ζωή",Ουσιαστικά,noun,,πολυκατοικία,,,no_english
302,2,"Κατοικία: οι χώροι και η λειτουργία τους, καθημερινή ζωή",Ουσιαστικά,noun,,πόρτα,door,door photo,generated
303,2,"Κατοικία: οι χώροι και η λειτουργία τους, καθημερινή ζωή",Ουσιαστικά,noun,,πρίζα,wall socket,wall socket photo,generated
304,2,"Κατοικία: οι χώροι και η λειτουργία τους, καθημερινή ζωή",Ουσιαστικά,noun,,πρόσοψη,,,no_english
305,2,"Κατοικία: οι χώροι και η λειτουργία τους, καθημερινή ζωή",Ουσιαστικά,noun,,ρετιρέ,penthouse,penthouse photo,generated
306,2,"Κατοικία: οι χώροι και η λειτουργία τους, καθημερινή ζωή",Ουσιαστικά,noun,,σαλόνι,lounge,lounge photo,generated
307,2,"Κατοικία: οι χώροι και η λειτουργία τους, καθημερινή ζωή",Ουσιαστικά,noun,,σκάλα,ladder,ladder photo,generated
308,2,"Κατοικία: οι χώροι και η λειτουργία τους, καθημερινή ζωή",Ουσιαστικά,noun,,σκαλί,rung,rung photo,generated
309,2,"Κατοικία: οι χώροι και η λειτουργία τους, καθημερινή ζωή",Ουσιαστικά,noun,,σκεπή,roof,roof photo,generated
310,2,"Κατοικία: οι χώροι και η λειτουργία τους, καθημερινή ζωή",Ουσιαστικά,noun,,σόμπα,,,no_english
311,2,"Κατοικία: οι χώροι και η λειτουργία τους, καθημερινή ζωή",Ουσιαστικά,noun,,σπίτι,house,house photo,generated
312,2,"Κατοικία: οι χώροι και η λειτουργία τους, καθημερινή ζωή",Ουσιαστικά,noun,,στέγη,roof,roof photo,generated
313,2,"Κατοικία: οι χώροι και η λειτουργία τους, καθημερινή ζωή",Ουσιαστικά,noun,,ταβάνι,ceiling,ceiling photo,generated
314,2,"Κατοικία: οι χώροι και η λειτουργία τους, καθημερινή ζωή",Ουσιαστικά,noun,,ταπετσαρία,wallpaper,wallpaper photo,generated
315,2,"Κατοικία: οι χώροι και η λειτουργία τους, καθημερινή ζωή",Ουσιαστικά,noun,,ταράτσα,terrace,terrace photo,generated
316,2,"Κατοικία: οι χώροι και η λειτουργία τους, καθημερινή ζωή",Ουσιαστικά,noun,,τζάκι,fireplace,fireplace photo,generated
317,2,"Κατοικία: οι χώροι και η λειτουργία τους, καθημερινή ζωή",Ουσιαστικά,noun,,τοίχος,wall,wall photo,generated
318,2,"Κατοικία: οι χώροι και η λειτουργία τους, καθημερινή ζωή",Ουσιαστικά,noun,,τουαλέτα,toilet,toilet photo,generated
319,2,"Κατοικία: οι χώροι και η λειτουργία τους, καθημερινή ζωή",Ουσιαστικά,noun,,τραπεζαρία,dining room,dining room photo,generated
320,2,"Κατοικία: οι χώροι και η λειτουργία τους, καθημερινή ζωή",Ουσιαστικά,noun,,τριάρι,number three,number three photo,generated
321,2,"Κατοικία: οι χώροι και η λειτουργία τους, καθημερινή ζωή",Ουσιαστικά,noun,,υπνοδωμάτιο,,,no_english
322,2,"Κατοικία: οι χώροι και η λειτουργία τους, καθημερινή ζωή",Ουσιαστικά,noun,,υπόγειο,basement,basement photo,generated
323,2,"Κατοικία: οι χώροι και η λειτουργία τους, καθημερινή ζωή",Ουσιαστικά,noun,,χερούλι,doorknob,doorknob photo,generated
324,2,"Κατοικία: οι χώροι και η λειτουργία τους, καθημερινή ζωή",Ουσιαστικά,noun,,χολ,,,no_english
325,2,"Κατοικία: οι χώροι και η λειτουργία τους, καθημερινή ζωή",Ουσιαστικά,noun,,"έπιπλα,τα(τοέπιπλο)",,,no_english
326,2,"Κατοικία: οι χώροι και η λειτουργία τους, καθημερινή ζωή",Ουσιαστικά,noun,,βιβλιοθήκη,library,library photo,generated
327,2,"Κατοικία: οι χώροι και η λειτουργία τους, καθημερινή ζωή",Ουσιαστικά,noun,,γραφείο,desk,desk photo,generated
328,2,"Κατοικία: οι χώροι και η λειτουργία τους, καθημερινή ζωή",Ουσιαστικά,noun,,καναπές,sofa,sofa photo,generated
329,2,"Κατοικία: οι χώροι και η λειτουργία τους, καθημερινή ζωή",Ουσιαστικά,noun,,καρέκλα,chair,chair photo,generated
330,2,"Κατοικία: οι χώροι και η λειτουργία τους, καθημερινή ζωή",Ουσιαστικά,noun,,κομοδίνο,nightstand,nightstand photo,generated
331,2,"Κατοικία: οι χώροι και η λειτουργία τους, καθημερινή ζωή",Ουσιαστικά,noun,,κρεβάτι,marriage custom,marriage custom photo,generated
332,2,"Κατοικία: οι χώροι και η λειτουργία τους, καθημερινή ζωή",Ουσιαστικά,noun,,μπουφές,,,no_english
333,2,"Κατοικία: οι χώροι και η λειτουργία τους, καθημερινή ζωή",Ουσιαστικά,noun,,ντουλάπα,wardrobe,wardrobe photo,generated
334,2,"Κατοικία: οι χώροι και η λειτουργία τους, καθημερινή ζωή",Ουσιαστικά,noun,,ντουλάπι,cupboard,cupboard photo,generated
335,2,"Κατοικία: οι χώροι και η λειτουργία τους, καθημερινή ζωή",Ουσιαστικά,noun,,πολυθρόνα,armchair,armchair photo,generated
336,2,"Κατοικία: οι χώροι και η λειτουργία τους, καθημερινή ζωή",Ουσιαστικά,noun,,σκαμπό,,,no_english
337,2,"Κατοικία: οι χώροι και η λειτουργία τους, καθημερινή ζωή",Ουσιαστικά,noun,,σκρίνιο,,,no_english
338,2,"Κατοικία: οι χώροι και η λειτουργία τους, καθημερινή ζωή",Ουσιαστικά,noun,,συρτάρι,drawer,drawer photo,generated
339,2,"Κατοικία: οι χώροι και η λειτουργία τους, καθημερινή ζωή",Ουσιαστικά,noun,,τραπέζι,table,table photo,generated
340,2,"Κατοικία: οι χώροι και η λειτουργία τους, καθημερινή ζωή",Ουσιαστικά,noun,,τραπεζάκι,coffee table,coffee table photo,generated
341,2,"Κατοικία: οι χώροι και η λειτουργία τους, καθημερινή ζωή",Ουσιαστικά,noun,,ταηλεκτρικάείδη(τοείδος),,,no_english
342,2,"Κατοικία: οι χώροι και η λειτουργία τους, καθημερινή ζωή",Ουσιαστικά,noun,,απορροφητήρας,air filter,air filter photo,generated
343,2,"Κατοικία: οι χώροι και η λειτουργία τους, καθημερινή ζωή",Ουσιαστικά,noun,,βίντεο,video,video photo,generated
344,2,"Κατοικία: οι χώροι και η λειτουργία τους, καθημερινή ζωή",Ουσιαστικά,noun,,βιντεοκάμερα,videocamera,videocamera photo,generated
345,2,"Κατοικία: οι χώροι και η λειτουργία τους, καθημερινή ζωή",Ουσιαστικά,noun,,ηλεκτρικήκουζίνα,,,no_english
346,2,"Κατοικία: οι χώροι και η λειτουργία τους, καθημερινή ζωή",Ουσιαστικά,noun,,ηλεκτρικήσκούπα,,,no_english
347,2,"Κατοικία: οι χώροι και η λειτουργία τους, καθημερινή ζωή",Ουσιαστικά,noun,,"ηλεκτρικό,σίδερο,το",,,no_english
348,2,"Κατοικία: οι χώροι και η λειτουργία τους, καθημερινή ζωή",Ουσιαστικά,noun,,καταψύκτης,,,no_english
349,2,"Κατοικία: οι χώροι και η λειτουργία τους, καθημερινή ζωή",Ουσιαστικά,noun,,καφετιέρα,coffeemaker,coffeemaker photo,generated
350,2,"Κατοικία: οι χώροι και η λειτουργία τους, καθημερινή ζωή",Ουσιαστικά,noun,,κομπιούτερ,computer,computer photo,generated
351,2,"Κατοικία: οι χώροι και η λειτουργία τους, καθημερινή ζωή",Ουσιαστικά,noun,,μίξερ,,,no_english
352,2,"Κατοικία: οι χώροι και η λειτουργία τους, καθημερινή ζωή",Ουσιαστικά,noun,,πλυντήριοπιάτων,,,no_english
353,2,"Κατοικία: οι χώροι και η λειτουργία τους, καθημερινή ζωή",Ουσιαστικά,noun,,πλυντήριορούχων,,,no_english
354,2,"Κατοικία: οι χώροι και η λειτουργία τους, καθημερινή ζωή",Ουσιαστικά,noun,,ραδιόφωνο,radio,radio photo,generated
355,2,"Κατοικία: οι χώροι και η λειτουργία τους, καθημερινή ζωή",Ουσιαστικά,noun,,στέρεο,solid,solid photo,generated
356,2,"Κατοικία: οι χώροι και η λειτουργία τους, καθημερινή ζωή",Ουσιαστικά,noun,,στερεοφωνικό(συγκρότημα),,,no_english
357,2,"Κατοικία: οι χώροι και η λειτουργία τους, καθημερινή ζωή",Ουσιαστικά,noun,,τηλεόραση,television,television photo,generated
358,2,"Κατοικία: οι χώροι και η λειτουργία τους, καθημερινή ζωή",Ουσιαστικά,noun,,τοστιέρα,toaster,toaster photo,generated
359,2,"Κατοικία: οι χώροι και η λειτουργία τους, καθημερινή ζωή",Ουσιαστικά,noun,,υπολογιστής,self-seeker,self-seeker photo,generated
360,2,"Κατοικία: οι χώροι και η λειτουργία τους, καθημερινή ζωή",Ουσιαστικά,noun,,φούρνοςμικροκυμάτων,,,no_english
361,2,"Κατοικία: οι χώροι και η λειτουργία τους, καθημερινή ζωή",Ουσιαστικά,noun,,φριτέζα,,,no_english
362,2,"Κατοικία: οι χώροι και η λειτουργία τους, καθημερινή ζωή",Ουσιαστικά,noun,,ψυγείο,refrigerator,refrigerator photo,generated
363,2,"Κατοικία: οι χώροι και η λειτουργία τους, καθημερινή ζωή",Ουσιαστικά,noun,,"κουζινικάσκεύη,τα(τοσκεύος)",,,no_english
364,2,"Κατοικία: οι χώροι και η λειτουργία τους, καθημερινή ζωή",Ουσιαστικά,noun,,ανοιχτήρι,tin opener,tin opener photo,generated
365,2,"Κατοικία: οι χώροι και η λειτουργία τους, καθημερινή ζωή",Ουσιαστικά,noun,,κανάτα,"jug, pitcher (wide-mouthed vessel with ear handle)",,needs_review
366,2,"Κατοικία: οι χώροι και η λειτουργία τους, καθημερινή ζωή",Ουσιαστικά,noun,,κατσαρόλα,casserole,casserole photo,generated
367,2,"Κατοικία: οι χώροι και η λειτουργία τους, καθημερινή ζωή",Ουσιαστικά,noun,,καπάκι,"lid, top, cap, closure (of container)",,needs_review
368,2,"Κατοικία: οι χώροι και η λειτουργία τους, καθημερινή ζωή",Ουσιαστικά,noun,,κουτάλα,ladle,ladle photo,generated
369,2,"Κατοικία: οι χώροι και η λειτουργία τους, καθημερινή ζωή",Ουσιαστικά,noun,,κουτάλι,spoon,spoon photo,generated
370,2,"Κατοικία: οι χώροι και η λειτουργία τους, καθημερινή ζωή",Ουσιαστικά,noun,,μαχαίρι,knife,knife photo,generated
371,2,"Κατοικία: οι χώροι και η λειτουργία τους, καθημερινή ζωή",Ουσιαστικά,noun,,μπρίκι,briki,briki photo,generated
372,2,"Κατοικία: οι χώροι και η λειτουργία τους, καθημερινή ζωή",Ουσιαστικά,noun,,πηρούνα,,,no_english
373,2,"Κατοικία: οι χώροι και η λειτουργία τους, καθημερινή ζωή",Ουσιαστικά,noun,,πηρούνι,fork,fork photo,generated
374,2,"Κατοικία: οι χώροι και η λειτουργία τους, καθημερινή ζωή",Ουσιαστικά,noun,,πιατάκι,,,no_english
375,2,"Κατοικία: οι χώροι και η λειτουργία τους, καθημερινή ζωή",Ουσιαστικά,noun,,πιατέλα,,,no_english
376,2,"Κατοικία: οι χώροι και η λειτουργία τους, καθημερινή ζωή",Ουσιαστικά,noun,,πιάτο,plate,plate photo,generated
377,2,"Κατοικία: οι χώροι και η λειτουργία τους, καθημερινή ζωή",Ουσιαστικά,noun,,ποτήρι,glass,glass photo,generated
378,2,"Κατοικία: οι χώροι και η λειτουργία τους, καθημερινή ζωή",Ουσιαστικά,noun,,σαλατιέρα,,,no_english
379,2,"Κατοικία: οι χώροι και η λειτουργία τους, καθημερινή ζωή",Ουσιαστικά,noun,,σουρωτήρι,,,no_english
380,2,"Κατοικία: οι χώροι και η λειτουργία τους, καθημερινή ζωή",Ουσιαστικά,noun,,τηγάνι,frying pan,frying pan photo,generated
381,2,"Κατοικία: οι χώροι και η λειτουργία τους, καθημερινή ζωή",Ουσιαστικά,noun,,τρυπητό,,,no_english
382,2,"Κατοικία: οι χώροι και η λειτουργία τους, καθημερινή ζωή",Ουσιαστικά,noun,,τσαγιέρα,teapot,teapot photo,generated
383,2,"Κατοικία: οι χώροι και η λειτουργία τους, καθημερινή ζωή",Ουσιαστικά,noun,,φλυτζάνι,cup,,needs_review
384,2,"Κατοικία: οι χώροι και η λειτουργία τους, καθημερινή ζωή",Ουσιαστικά,noun,,φλυτζανάκι,,,no_english
385,2,"Κατοικία: οι χώροι και η λειτουργία τους, καθημερινή ζωή",Ουσιαστικά,noun,,χύτραταχύτητας,,,no_english
386,2,"Κατοικία: οι χώροι και η λειτουργία τους, καθημερινή ζωή",Ουσιαστικά,noun,,Λευκάείδη(είδηπροικός),,,no_english
387,2,"Κατοικία: οι χώροι και η λειτουργία τους, καθημερινή ζωή",Ουσιαστικά,noun,,εργόχειρο,,,no_english
388,2,"Κατοικία: οι χώροι και η λειτουργία τους, καθημερινή ζωή",Ουσιαστικά,noun,,καρέ,,,no_english
389,2,"Κατοικία: οι χώροι και η λειτουργία τους, καθημερινή ζωή",Ουσιαστικά,noun,,κουβέρτα,blanket,blanket photo,generated
390,2,"Κατοικία: οι χώροι και η λειτουργία τους, καθημερινή ζωή",Ουσιαστικά,noun,,κουρτίνα,curtain,curtain photo,generated
391,2,"Κατοικία: οι χώροι και η λειτουργία τους, καθημερινή ζωή",Ουσιαστικά,noun,,κουρτινάκι,,,no_english
392,2,"Κατοικία: οι χώροι και η λειτουργία τους, καθημερινή ζωή",Ουσιαστικά,noun,,μαξιλάρι,pillow,pillow photo,generated
393,2,"Κατοικία: οι χώροι και η λειτουργία τους, καθημερινή ζωή",Ουσιαστικά,noun,,μαξιλαροθήκη,,,no_english
394,2,"Κατοικία: οι χώροι και η λειτουργία τους, καθημερινή ζωή",Ουσιαστικά,noun,,πάπλωμα,quilt,quilt photo,generated
395,2,"Κατοικία: οι χώροι και η λειτουργία τους, καθημερινή ζωή",Ουσιαστικά,noun,,πετσέτα,towel,towel photo,generated
396,2,"Κατοικία: οι χώροι και η λειτουργία τους, καθημερινή ζωή",Ουσιαστικά,noun,,πετσετάκι,,,no_english
397,2,"Κατοικία: οι χώροι και η λειτουργία τους, καθημερινή ζωή",Ουσιαστικά,noun,,σεμέν,,,no_english
398,2,"Κατοικία: οι χώροι και η λειτουργία τους, καθημερινή ζωή",Ουσιαστικά,noun,,σεντόνι,sheet,sheet photo,generated
399,2,"Κατοικία: οι χώροι και η λειτουργία τους, καθημερινή ζωή",Ουσιαστικά,noun,,τραπεζομάντιλο,tablecloth,tablecloth photo,generated
400,2,"Κατοικία: οι χώροι και η λειτουργία τους, καθημερινή ζωή",Ουσιαστικά,noun,,χαλάκι,doormat,doormat photo,generated
401,2,"Κατοικία: οι χώροι και η λειτουργία τους, καθημερινή ζωή",Ουσιαστικά,noun,,χαλί,carpet,carpet photo,generated
402,2,"Κατοικία: οι χώροι και η λειτουργία τους, καθημερινή ζωή",Ουσιαστικά,noun,,"Άλλαείδη-αντικείμενα.εργασίες,κ.λπ..",,,no_english
403,2,"Κατοικία: οι χώροι και η λειτουργία τους, καθημερινή ζωή",Ουσιαστικά,noun,,αγοράακινήτου(σπιτιού),,,no_english
404,2,"Κατοικία: οι χώροι και η λειτουργία τους, καθημερινή ζωή",Ουσιαστικά,noun,,ακίνητο,real estate,real estate photo,generated
405,2,"Κατοικία: οι χώροι και η λειτουργία τους, καθημερινή ζωή",Ουσιαστικά,noun,,ανθοδοχείο,flower vase,flower vase photo,generated
406,2,"Κατοικία: οι χώροι και η λειτουργία τους, καθημερινή ζωή",Ουσιαστικά,noun,,άπλωμα,spreading out,spreading out photo,generated
407,2,"Κατοικία: οι χώροι και η λειτουργία τους, καθημερινή ζωή",Ουσιαστικά,noun,,απλώστρα,drying area/yard/loft,drying area/yard/loft photo,generated
408,2,"Κατοικία: οι χώροι και η λειτουργία τους, καθημερινή ζωή",Ουσιαστικά,noun,,απορρυπαντικό,detergent,detergent photo,generated
409,2,"Κατοικία: οι χώροι και η λειτουργία τους, καθημερινή ζωή",Ουσιαστικά,noun,,αφρόςξυρίσματος,,,no_english
410,2,"Κατοικία: οι χώροι και η λειτουργία τους, καθημερινή ζωή",Ουσιαστικά,noun,,βάζο,vase,vase photo,generated
411,2,"Κατοικία: οι χώροι και η λειτουργία τους, καθημερινή ζωή",Ουσιαστικά,noun,,βούρτσα,broom,broom photo,generated
412,2,"Κατοικία: οι χώροι και η λειτουργία τους, καθημερινή ζωή",Ουσιαστικά,noun,,γλάστρα,decorative showgirl,decorative showgirl photo,generated
413,2,"Κατοικία: οι χώροι και η λειτουργία τους, καθημερινή ζωή",Ουσιαστικά,noun,,γραμματοκιβώτιο,letterbox,letterbox photo,generated
414,2,"Κατοικία: οι χώροι και η λειτουργία τους, καθημερινή ζωή",Ουσιαστικά,noun,,γραφείο,desk,desk photo,generated
415,2,"Κατοικία: οι χώροι και η λειτουργία τους, καθημερινή ζωή",Ουσιαστικά,noun,,διακόσμηση,,,no_english
416,2,"Κατοικία: οι χώροι και η λειτουργία τους, καθημερινή ζωή",Ουσιαστικά,noun,,διακοσμητής,,,no_english
417,2,"Κατοικία: οι χώροι και η λειτουργία τους, καθημερινή ζωή",Ουσιαστικά,noun,,δουλειέςτουσπιτιού,,,no_english
418,2,"Κατοικία: οι χώροι και η λειτουργία τους, καθημερινή ζωή",Ουσιαστικά,noun,,ενοικιαστής,hirer,hirer photo,generated
419,2,"Κατοικία: οι χώροι και η λειτουργία τους, καθημερινή ζωή",Ουσιαστικά,noun,,ενοικιάστρια,hirer,hirer photo,generated
420,2,"Κατοικία: οι χώροι και η λειτουργία τους, καθημερινή ζωή",Ουσιαστικά,noun,,θυρωρός,,,no_english
421,2,"Κατοικία: οι χώροι και η λειτουργία τους, καθημερινή ζωή",Ουσιαστικά,noun,,θυροτηλέφωνο,,,no_english
422,2,"Κατοικία: οι χώροι και η λειτουργία τους, καθημερινή ζωή",Ουσιαστικά,noun,,ιδιοκτήτης,proprietor,proprietor photo,generated
423,2,"Κατοικία: οι χώροι και η λειτουργία τους, καθημερινή ζωή",Ουσιαστικά,noun,,ιδιοκτήτρια,proprietress,proprietress photo,generated
424,2,"Κατοικία: οι χώροι και η λειτουργία τους, καθημερινή ζωή",Ουσιαστικά,noun,,κάδρο,frame,frame photo,generated
425,2,"Κατοικία: οι χώροι και η λειτουργία τους, καθημερινή ζωή",Ουσιαστικά,noun,,καθάρισμα,cleaning,cleaning photo,generated
426,2,"Κατοικία: οι χώροι και η λειτουργία τους, καθημερινή ζωή",Ουσιαστικά,noun,,καθαριστής,cleaner,cleaner photo,generated
427,2,"Κατοικία: οι χώροι και η λειτουργία τους, καθημερινή ζωή",Ουσιαστικά,noun,,καθαρίστρια,female cleaner,female cleaner photo,generated
428,2,"Κατοικία: οι χώροι και η λειτουργία τους, καθημερινή ζωή",Ουσιαστικά,noun,,καθρέφτης,mirror,mirror photo,generated
429,2,"Κατοικία: οι χώροι και η λειτουργία τους, καθημερινή ζωή",Ουσιαστικά,noun,,κηροπήγιο,candlestick,candlestick photo,generated
430,2,"Κατοικία: οι χώροι και η λειτουργία τους, καθημερινή ζωή",Ουσιαστικά,noun,,κοινόχρηστα,,,no_english
431,2,"Κατοικία: οι χώροι και η λειτουργία τους, καθημερινή ζωή",Ουσιαστικά,noun,,κουβάς,Cuba,Cuba photo,generated
432,2,"Κατοικία: οι χώροι και η λειτουργία τους, καθημερινή ζωή",Ουσιαστικά,noun,,λάμπα,lamp,lamp photo,generated
433,2,"Κατοικία: οι χώροι και η λειτουργία τους, καθημερινή ζωή",Ουσιαστικά,noun,,λογαριασμός,bill,bill photo,generated
434,2,"Κατοικία: οι χώροι και η λειτουργία τους, καθημερινή ζωή",Ουσιαστικά,noun,,λούσιμο,,,no_english
435,2,"Κατοικία: οι χώροι και η λειτουργία τους, καθημερινή ζωή",Ουσιαστικά,noun,,μανταλάκι,clothes peg,clothes peg photo,generated
436,2,"Κατοικία: οι χώροι και η λειτουργία τους, καθημερινή ζωή",Ουσιαστικά,noun,,μαγείρεμα,,,no_english
437,2,"Κατοικία: οι χώροι και η λειτουργία τους, καθημερινή ζωή",Ουσιαστικά,noun,,μεσιτικόγραφείο,,,no_english
438,2,"Κατοικία: οι χώροι και η λειτουργία τους, καθημερινή ζωή",Ουσιαστικά,noun,,νοίκι,,,no_english
439,2,"Κατοικία: οι χώροι και η λειτουργία τους, καθημερινή ζωή",Ουσιαστικά,noun,,ξεσκόνισμα,,,no_english
440,2,"Κατοικία: οι χώροι και η λειτουργία τους, καθημερινή ζωή",Ουσιαστικά,noun,,ξεσκονόπανο,,,no_english
441,2,"Κατοικία: οι χώροι και η λειτουργία τους, καθημερινή ζωή",Ουσιαστικά,noun,,ξύπνημα,awakening,awakening photo,generated
442,2,"Κατοικία: οι χώροι και η λειτουργία τους, καθημερινή ζωή",Ουσιαστικά,noun,,ξυπνητήρι,alarm clock,alarm clock photo,generated
443,2,"Κατοικία: οι χώροι και η λειτουργία τους, καθημερινή ζωή",Ουσιαστικά,noun,,τοξυραφάκι,,,no_english
444,2,"Κατοικία: οι χώροι και η λειτουργία τους, καθημερινή ζωή",Ουσιαστικά,noun,,ξύρισμα,shave,shave photo,generated
445,2,"Κατοικία: οι χώροι και η λειτουργία τους, καθημερινή ζωή",Ουσιαστικά,noun,,οδοντόβουρτσα,toothbrush,toothbrush photo,generated
446,2,"Κατοικία: οι χώροι και η λειτουργία τους, καθημερινή ζωή",Ουσιαστικά,noun,,οδοντόκρεμα,toothpaste,toothpaste photo,generated
447,2,"Κατοικία: οι χώροι και η λειτουργία τους, καθημερινή ζωή",Ουσιαστικά,noun,,οικιακήβοηθός,,,no_english
448,2,"Κατοικία: οι χώροι και η λειτουργία τους, καθημερινή ζωή",Ουσιαστικά,noun,,πλύσιμο,washing,washing photo,generated
449,2,"Κατοικία: οι χώροι και η λειτουργία τους, καθημερινή ζωή",Ουσιαστικά,noun,,πώλησηακινήτου,,,no_english
450,2,"Κατοικία: οι χώροι και η λειτουργία τους, καθημερινή ζωή",Ουσιαστικά,noun,,ρολόι,Nominative and vocative plural,Nominative and vocative plural photo,generated
451,2,"Κατοικία: οι χώροι και η λειτουργία τους, καθημερινή ζωή",Ουσιαστικά,noun,,σαμπουάν,shampoo,shampoo photo,generated
452,2,"Κατοικία: οι χώροι και η λειτουργία τους, καθημερινή ζωή",Ουσιαστικά,noun,,σαπούνι,soap,soap photo,generated
453,2,"Κατοικία: οι χώροι και η λειτουργία τους, καθημερινή ζωή",Ουσιαστικά,noun,,"σεσουάρ,το(τοπιστολάκιγιαταμαλλιά)",,,no_english
454,2,"Κατοικία: οι χώροι και η λειτουργία τους, καθημερινή ζωή",Ουσιαστικά,noun,,σίδερο,iron,iron photo,generated
455,2,"Κατοικία: οι χώροι και η λειτουργία τους, καθημερινή ζωή",Ουσιαστικά,noun,,σιδέρωμα,,,no_english
456,2,"Κατοικία: οι χώροι και η λειτουργία τους, καθημερινή ζωή",Ουσιαστικά,noun,,σιδερώστρα,,,no_english
457,2,"Κατοικία: οι χώροι και η λειτουργία τους, καθημερινή ζωή",Ουσιαστικά,noun,,σκόνηκαθαρισμού,,,no_english
458,2,"Κατοικία: οι χώροι και η λειτουργία τους, καθημερινή ζωή",Ουσιαστικά,noun,,σκούπα,broom,broom photo,generated
459,2,"Κατοικία: οι χώροι και η λειτουργία τους, καθημερινή ζωή",Ουσιαστικά,noun,,σκούπισμα,,,no_english
460,2,"Κατοικία: οι χώροι και η λειτουργία τους, καθημερινή ζωή",Ουσιαστικά,noun,,σταχτοδοχείο,ashtray,ashtray photo,generated
461,2,"Κατοικία: οι χώροι και η λειτουργία τους, καθημερινή ζωή",Ουσιαστικά,noun,,στεγαστικόδάνειο,,,no_english
462,2,"Κατοικία: οι χώροι και η λειτουργία τους, καθημερινή ζωή",Ουσιαστικά,noun,,συμβόλαιο,contract,contract photo,generated
463,2,"Κατοικία: οι χώροι και η λειτουργία τους, καθημερινή ζωή",Ουσιαστικά,noun,,συμβολαιογράφος,notary,notary photo,generated
464,2,"Κατοικία: οι χώροι και η λειτουργία τους, καθημερινή ζωή",Ουσιαστικά,noun,,συνεργείοκαθαρισμού,,,no_english
465,2,"Κατοικία: οι χώροι και η λειτουργία τους, καθημερινή ζωή",Ουσιαστικά,noun,,σφουγγάρι,sponge,sponge photo,generated
466,2,"Κατοικία: οι χώροι και η λειτουργία τους, καθημερινή ζωή",Ουσιαστικά,noun,,σφουγγάρισμα,,,no_english
467,2,"Κατοικία: οι χώροι και η λειτουργία τους, καθημερινή ζωή",Ουσιαστικά,noun,,σφουγγαρίστρα,,,no_english
468,2,"Κατοικία: οι χώροι και η λειτουργία τους, καθημερινή ζωή",Ουσιαστικά,noun,,σφουγγαρόπανο,mop head,mop head photo,generated
469,2,"Κατοικία: οι χώροι και η λειτουργία τους, καθημερινή ζωή",Ουσιαστικά,noun,,τακτοποίηση,,,no_english
470,2,"Κατοικία: οι χώροι και η λειτουργία τους, καθημερινή ζωή",Ουσιαστικά,noun,,τασάκι,ashtray,ashtray photo,generated
471,2,"Κατοικία: οι χώροι και η λειτουργία τους, καθημερινή ζωή",Ουσιαστικά,noun,,τηλέφωνο,telephone,telephone photo,generated
472,2,"Κατοικία: οι χώροι και η λειτουργία τους, καθημερινή ζωή",Ουσιαστικά,noun,,ύπνος,sleep,sleep photo,generated
473,2,"Κατοικία: οι χώροι και η λειτουργία τους, καθημερινή ζωή",Ουσιαστικά,noun,,φαγητό,food,food photo,generated
474,2,"Κατοικία: οι χώροι και η λειτουργία τους, καθημερινή ζωή",Ουσιαστικά,noun,,φωτιστικό,Nominative,Nominative photo,generated
475,2,"Κατοικία: οι χώροι και η λειτουργία τους, καθημερινή ζωή",Ουσιαστικά,noun,,χτένισμα,hairstyle,hairstyle photo,generated
476,2,"Κατοικία: οι χώροι και η λειτουργία τους, καθημερινή ζωή",Ουσιαστικά,noun,,χτένα,comb,comb photo,generated
477,2,"Κατοικία: οι χώροι και η λειτουργία τους, καθημερινή ζωή",Ουσιαστικά,noun,,ψώνια,shopping,shopping photo,generated
478,2,"Κατοικία: οι χώροι και η λειτουργία τους, καθημερινή ζωή",Επίθετα,adjective,,ακατοίκητος-η-ο,uninhabitable,uninhabitable example photo,generated
479,2,"Κατοικία: οι χώροι και η λειτουργία τους, καθημερινή ζωή",Επίθετα,adjective,,ακριβός-ή-ό,expensive,expensive example photo,generated
480,2,"Κατοικία: οι χώροι και η λειτουργία τους, καθημερινή ζωή",Επίθετα,adjective,,ανακαινισμένος-η-ο,renovate,renovate example photo,generated
481,2,"Κατοικία: οι χώροι και η λειτουργία τους, καθημερινή ζωή",Επίθετα,adjective,,αναπαυτικός-ή-ό,snug,snug example photo,generated
482,2,"Κατοικία: οι χώροι και η λειτουργία τους, καθημερινή ζωή",Επίθετα,adjective,,άνετος-η-ο,comfortable,comfortable example photo,generated
483,2,"Κατοικία: οι χώροι και η λειτουργία τους, καθημερινή ζωή",Επίθετα,adjective,,βρόμικος-η-ο,dirty,dirty example photo,generated
484,2,"Κατοικία: οι χώροι και η λειτουργία τους, καθημερινή ζωή",Επίθετα,adjective,,γωνιακός-ή-ό,corner,corner example photo,generated
485,2,"Κατοικία: οι χώροι και η λειτουργία τους, καθημερινή ζωή",Επίθετα,adjective,,διακοσμημένος-η-ο,adorn,adorn example photo,generated
486,2,"Κατοικία: οι χώροι και η λειτουργία τους, καθημερινή ζωή",Επίθετα,adjective,,διώροφος-η-ο,,,no_english
487,2,"Κατοικία: οι χώροι και η λειτουργία τους, καθημερινή ζωή",Επίθετα,adjective,,επιπλωμένος-η-ο,furnished,furnished example photo,generated
488,2,"Κατοικία: οι χώροι και η λειτουργία τους, καθημερινή ζωή",Επίθετα,adjective,,ευάερος-η-ο,airy,airy example photo,generated
489,2,"Κατοικία: οι χώροι και η λειτουργία τους, καθημερινή ζωή",Επίθετα,adjective,,καθαρός-ή-ό,clean,clean example photo,generated
490,2,"Κατοικία: οι χώροι και η λειτουργία τους, καθημερινή ζωή",Επίθετα,adjective,,καινούριος-ια-ιο,"new, fresh",,needs_review
491,2,"Κατοικία: οι χώροι και η λειτουργία τους, καθημερινή ζωή",Επίθετα,adjective,,κατοικημένος-η-ο,inhabited,inhabited example photo,generated
492,2,"Κατοικία: οι χώροι και η λειτουργία τους, καθημερινή ζωή",Επίθετα,adjective,,λουσμένος-η-ο,shampoo,shampoo example photo,generated
493,2,"Κατοικία: οι χώροι και η λειτουργία τους, καθημερινή ζωή",Επίθετα,adjective,,μάγειρεμένος-η-ο,am cooked,am cooked example photo,generated
494,2,"Κατοικία: οι χώροι και η λειτουργία τους, καθημερινή ζωή",Επίθετα,adjective,,μαρμάρινος-η-ο,,,no_english
495,2,"Κατοικία: οι χώροι και η λειτουργία τους, καθημερινή ζωή",Επίθετα,adjective,,μεγάλος-η-ο,tall,tall example photo,generated
496,2,"Κατοικία: οι χώροι και η λειτουργία τους, καθημερινή ζωή",Επίθετα,adjective,,μικρός-ή-ό,small,small example photo,generated
497,2,"Κατοικία: οι χώροι και η λειτουργία τους, καθημερινή ζωή",Επίθετα,adjective,,ξεσκονισμένος-η-ο,dust,dust example photo,generated
498,2,"Κατοικία: οι χώροι και η λειτουργία τους, καθημερινή ζωή",Επίθετα,adjective,,ξύλινος-η-ο,wooden,wooden example photo,generated
499,2,"Κατοικία: οι χώροι και η λειτουργία τους, καθημερινή ζωή",Επίθετα,adjective,,οικιακός-ή-ό,domestic,domestic example photo,generated
500,2,"Κατοικία: οι χώροι και η λειτουργία τους, καθημερινή ζωή",Επίθετα,adjective,,παλιός-ιά-ιό,worn out,worn out example photo,generated
501,2,"Κατοικία: οι χώροι και η λειτουργία τους, καθημερινή ζωή",Επίθετα,adjective,,πλυμένος-η-ο,wash,wash example photo,generated
502,2,"Κατοικία: οι χώροι και η λειτουργία τους, καθημερινή ζωή",Επίθετα,adjective,,σιδερωμένος-η-ο,,,no_english
503,2,"Κατοικία: οι χώροι και η λειτουργία τους, καθημερινή ζωή",Επίθετα,adjective,,σκοτεινός-ή-ό,dark,dark example photo,generated
504,2,"Κατοικία: οι χώροι και η λειτουργία τους, καθημερινή ζωή",Επίθετα,adjective,,σκρυπισμένος-η-ο,,,no_english
505,2,"Κατοικία: οι χώροι και η λειτουργία τους, καθημερινή ζωή",Επίθετα,adjective,,στεγαστικός-ή-ό,housing,housing example photo,generated
506,2,"Κατοικία: οι χώροι και η λειτουργία τους, καθημερινή ζωή",Επίθετα,adjective,,σφουγγαρισμένος-η-ο,,,no_english
507,2,"Κατοικία: οι χώροι και η λειτουργία τους, καθημερινή ζωή",Επίθετα,adjective,,τακτοποιημένος-η-ο,,,no_english
508,2,"Κατοικία: οι χώροι και η λειτουργία τους, καθημερινή ζωή",Επίθετα,adjective,,φθηνός-ή-ό/φτηνός-ή-ό,cheap,cheap example photo,generated
509,2,"Κατοικία: οι χώροι και η λειτουργία τους, καθημερινή ζωή",Επίθετα,adjective,,φωτεινός-ή-ό,bright,bright example photo,generated
510,2,"Κατοικία: οι χώροι και η λειτουργία τους, καθημερινή ζωή",Επίθετα,adjective,,χτισμένος-η-ο,build,build example photo,generated
511,2,"Κατοικία: οι χώροι και η λειτουργία τους, καθημερινή ζωή",Ρήματα,verb,,ανάβω(τοφως),light,light action photo,generated
512,2,"Κατοικία: οι χώροι και η λειτουργία τους, καθημερινή ζωή",Ρήματα,verb,,διορθώνω,"fix, correct",,needs_review
513,2,"Κατοικία: οι χώροι και η λειτουργία τους, καθημερινή ζωή",Ρήματα,verb,,είμαιάστεγος,,,no_english
514,2,"Κατοικία: οι χώροι και η λειτουργία τους, καθημερινή ζωή",Ρήματα,verb,,ενοικιάζεται,,,no_english
515,2,"Κατοικία: οι χώροι και η λειτουργία τους, καθημερινή ζωή",Ρήματα,verb,,καθαρίζω,clean,clean action photo,generated
516,2,"Κατοικία: οι χώροι και η λειτουργία τους, καθημερινή ζωή",Ρήματα,verb,,κάνωέξωση,,,no_english
517,2,"Κατοικία: οι χώροι και η λειτουργία τους, καθημερινή ζωή",Ρήματα,verb,,κάνωμπάνιο,,,no_english
518,2,"Κατοικία: οι χώροι και η λειτουργία τους, καθημερινή ζωή",Ρήματα,verb,,κατοικώ,inhabit,inhabit action photo,generated
519,2,"Κατοικία: οι χώροι και η λειτουργία τους, καθημερινή ζωή",Ρήματα,verb,,κοιμάμαι,sleep,sleep action photo,generated
520,2,"Κατοικία: οι χώροι και η λειτουργία τους, καθημερινή ζωή",Ρήματα,verb,,κλειδώνω,lock,lock action photo,generated
521,2,"Κατοικία: οι χώροι και η λειτουργία τους, καθημερινή ζωή",Ρήματα,verb,,μαγειρεύω,cook,cook action photo,generated
522,2,"Κατοικία: οι χώροι και η λειτουργία τους, καθημερινή ζωή",Ρήματα,verb,,μένω,stay,stay action photo,generated
523,2,"Κατοικία: οι χώροι και η λειτουργία τους, καθημερινή ζωή",Ρήματα,verb,,μιλάωστοτηλέφωνο,,,no_english
524,2,"Κατοικία: οι χώροι και η λειτουργία τους, καθημερινή ζωή",Ρήματα,verb,,νοικιάζωένασπίτιγιαμένα,,,no_english
525,2,"Κατοικία: οι χώροι και η λειτουργία τους, καθημερινή ζωή",Ρήματα,verb,,νοικιάζωσεκάποιον,,,no_english
526,2,"Κατοικία: οι χώροι και η λειτουργία τους, καθημερινή ζωή",Ρήματα,verb,,ξεσκονίζω,dust,dust action photo,generated
527,2,"Κατοικία: οι χώροι και η λειτουργία τους, καθημερινή ζωή",Ρήματα,verb,,ξυπνάω(ώ),awake,awake action photo,generated
528,2,"Κατοικία: οι χώροι και η λειτουργία τους, καθημερινή ζωή",Ρήματα,verb,,ξυρίζομαι,shave yourself,shave yourself action photo,generated
529,2,"Κατοικία: οι χώροι και η λειτουργία τους, καθημερινή ζωή",Ρήματα,verb,,πάωγιαύπνο,,,no_english
530,2,"Κατοικία: οι χώροι και η λειτουργία τους, καθημερινή ζωή",Ρήματα,verb,,πλένομαι,wash,wash action photo,generated
531,2,"Κατοικία: οι χώροι και η λειτουργία τους, καθημερινή ζωή",Ρήματα,verb,,πλένωταδόντιαμου,,,no_english
532,2,"Κατοικία: οι χώροι και η λειτουργία τους, καθημερινή ζωή",Ρήματα,verb,,"πλένω(ταπιάτα,ταρούχα)",wash,wash action photo,generated
533,2,"Κατοικία: οι χώροι και η λειτουργία τους, καθημερινή ζωή",Ρήματα,verb,,πληρώνωτονοίκι,,,no_english
534,2,"Κατοικία: οι χώροι και η λειτουργία τους, καθημερινή ζωή",Ρήματα,verb,,πωλείται,I am being sold,I am being sold action photo,generated
535,2,"Κατοικία: οι χώροι και η λειτουργία τους, καθημερινή ζωή",Ρήματα,verb,,σβήνωτοφως,,,no_english
536,2,"Κατοικία: οι χώροι και η λειτουργία τους, καθημερινή ζωή",Ρήματα,verb,,σηκώνομαι,stand up,stand up action photo,generated
537,2,"Κατοικία: οι χώροι και η λειτουργία τους, καθημερινή ζωή",Ρήματα,verb,,σηκώνω,raise,raise action photo,generated
538,2,"Κατοικία: οι χώροι και η λειτουργία τους, καθημερινή ζωή",Ρήματα,verb,,σιδερώνω,iron,iron action photo,generated
539,2,"Κατοικία: οι χώροι και η λειτουργία τους, καθημερινή ζωή",Ρήματα,verb,,σκουπίζω,sweep,sweep action photo,generated
540,2,"Κατοικία: οι χώροι και η λειτουργία τους, καθημερινή ζωή",Ρήματα,verb,,σφουγγαρίζω,,,no_english
541,2,"Κατοικία: οι χώροι και η λειτουργία τους, καθημερινή ζωή",Ρήματα,verb,,τακτοποιώ,sort out,sort out action photo,generated
542,2,"Κατοικία: οι χώροι και η λειτουργία τους, καθημερινή ζωή",Ρήματα,verb,,τρώω,chew and swallow food,chew and swallow food action photo,generated
543,2,"Κατοικία: οι χώροι και η λειτουργία τους, καθημερινή ζωή",Ρήματα,verb,,χρωστάωτονοίκι,,,no_english
544,2,"Κατοικία: οι χώροι και η λειτουργία τους, καθημερινή ζωή",Ρήματα,verb,,χτυπώτοκουδούνι,,,no_english
545,2,"Κατοικία: οι χώροι και η λειτουργία τους, καθημερινή ζωή",Ρήματα,verb,,ψάχνωσπίτι,,,no_english
546,2,"Κατοικία: οι χώροι και η λειτουργία τους, καθημερινή ζωή",Εκφράσεις,phrase,,"Σπίτιμου,σπιτάκιμουκαιφτωχοκαλυβάκιμου!",,,no_english
547,2,"Κατοικία: οι χώροι και η λειτουργία τους, καθημερινή ζωή",Εκφράσεις,phrase,,"Ανδενπαινέψειςτοσπίτισου,πέφτεικαισεπλακώνει.",,,no_english
548,2,"Κατοικία: οι χώροι και η λειτουργία τους, καθημερινή ζωή",Εκφράσεις,phrase,,ΗπαράγκατουΚαραγκιόζη,,,no_english
549,2,"Κατοικία: οι χώροι και η λειτουργία τους, καθημερινή ζωή",Εκφράσεις,phrase,,ΛευκόςΟίκος,,,no_english
550,2,"Κατοικία: οι χώροι και η λειτουργία τους, καθημερινή ζωή",Εκφράσεις,phrase,,Οίκοςευγηρίας,,,no_english
551,2,"Κατοικία: οι χώροι και η λειτουργία τους, καθημερινή ζωή",Εκφράσεις,phrase,,Εκδοτικόςοίκος,,,no_english
552,2,"Κατοικία: οι χώροι και η λειτουργία τους, καθημερινή ζωή",Εκφράσεις,phrase,,ΠροεδρικόΜέγαρο,,,no_english
553,2,"Κατοικία: οι χώροι και η λειτουργία τους, καθημερινή ζωή",Εκφράσεις,phrase,,ΜέγαροΜουσικής,,,no_english
554,2,"Κατοικία: οι χώροι και η λειτουργία τους, καθημερινή ζωή",Εκφράσεις,phrase,,«ταενοίκωμηενδήμω»,,,no_english
555,2,"Κατοικία: οι χώροι και η λειτουργία τους, καθημερινή ζωή",Εκφράσεις,phrase,,Οίκοςμόδας,,,no_english
556,3,Η γειτονιά μου - Χωροταξικά,Ουσιαστικά,noun,,αδιέξοδο,dead-end,dead-end photo,generated
557,3,Η γειτονιά μου - Χωροταξικά,Ουσιαστικά,noun,,αθλητικόκέντρο,,,no_english
558,3,Η γειτονιά μου - Χωροταξικά,Ουσιαστικά,noun,,ανθοπωλείο,florist's,florist's photo,generated
559,3,Η γειτονιά μου - Χωροταξικά,Ουσιαστικά,noun,,απορριμματοφόρο(όχημα),dust cart,dust cart photo,generated
560,3,Η γειτονιά μου - Χωροταξικά,Ουσιαστικά,noun,,ασθενοφόρο,ambulance,ambulance photo,generated
561,3,Η γειτονιά μου - Χωροταξικά,Ουσιαστικά,noun,,αστυφιλία,rural exodus,rural exodus photo,generated
562,3,Η γειτονιά μου - Χωροταξικά,Ουσιαστικά,noun,,αστυνομία,police,police photo,generated
563,3,Η γειτονιά μου - Χωροταξικά,Ουσιαστικά,noun,,αστυνομικότμήμα,,,no_english
564,3,Η γειτονιά μου - Χωροταξικά,Ουσιαστικά,noun,,άσφαλτος,free from errors,free from errors photo,generated
565,3,Η γειτονιά μου - Χωροταξικά,Ουσιαστικά,noun,,βιβλιοπωλείο,bookshop,bookshop photo,generated
566,3,Η γειτονιά μου - Χωροταξικά,Ουσιαστικά,noun,,βιβλιοπώλης,bookseller,bookseller photo,generated
567,3,Η γειτονιά μου - Χωροταξικά,Ουσιαστικά,noun,,γαλατάδικο,dairy shop,dairy shop photo,generated
568,3,Η γειτονιά μου - Χωροταξικά,Ουσιαστικά,noun,,γαλακτοπωλείο,dairy shop,dairy shop photo,generated
569,3,Η γειτονιά μου - Χωροταξικά,Ουσιαστικά,noun,,γαλακτοπώλης,,,no_english
570,3,Η γειτονιά μου - Χωροταξικά,Ουσιαστικά,noun,,γαλατάς,milkman,milkman photo,generated
571,3,Η γειτονιά μου - Χωροταξικά,Ουσιαστικά,noun,,γειτονιά,neighbourhood,neighbourhood photo,generated
572,3,Η γειτονιά μου - Χωροταξικά,Ουσιαστικά,noun,,γείτονας,neighbour,neighbour photo,generated
573,3,Η γειτονιά μου - Χωροταξικά,Ουσιαστικά,noun,,γειτόνισσα,neighbour,neighbour photo,generated
574,3,Η γειτονιά μου - Χωροταξικά,Ουσιαστικά,noun,,γήπεδο,ground,ground photo,generated
575,3,Η γειτονιά μου - Χωροταξικά,Ουσιαστικά,noun,,γκαράζ,garage,garage photo,generated
576,3,Η γειτονιά μου - Χωροταξικά,Ουσιαστικά,noun,,γωνία,angle,angle photo,generated
577,3,Η γειτονιά μου - Χωροταξικά,Ουσιαστικά,noun,,δημαρχείο,town hall,town hall photo,generated
578,3,Η γειτονιά μου - Χωροταξικά,Ουσιαστικά,noun,,δήμαρχος,mayor,mayor photo,generated
579,3,Η γειτονιά μου - Χωροταξικά,Ουσιαστικά,noun,,δήμος,people,people photo,generated
580,3,Η γειτονιά μου - Χωροταξικά,Ουσιαστικά,noun,,δημοτικήβιβλιοθήκη,,,no_english
581,3,Η γειτονιά μου - Χωροταξικά,Ουσιαστικά,noun,,διάβαση,pedestrian crossing,pedestrian crossing photo,generated
582,3,Η γειτονιά μου - Χωροταξικά,Ουσιαστικά,noun,,διασταύρωση,hybridisation,hybridisation photo,generated
583,3,Η γειτονιά μου - Χωροταξικά,Ουσιαστικά,noun,,δρόμος,roadway,roadway photo,generated
584,3,Η γειτονιά μου - Χωροταξικά,Ουσιαστικά,noun,,εισιτήριο,ticket for bus,ticket for bus photo,generated
585,3,Η γειτονιά μου - Χωροταξικά,Ουσιαστικά,noun,,εκκλησία,church,church photo,generated
586,3,Η γειτονιά μου - Χωροταξικά,Ουσιαστικά,noun,,εμπορικόκέντρο,,,no_english
587,3,Η γειτονιά μου - Χωροταξικά,Ουσιαστικά,noun,,εφορία,tax office,tax office photo,generated
588,3,Η γειτονιά μου - Χωροταξικά,Ουσιαστικά,noun,,ηχορύπανση,,,no_english
589,3,Η γειτονιά μου - Χωροταξικά,Ουσιαστικά,noun,,θάλαμος(τηλεφωνικός),room,room photo,generated
590,3,Η γειτονιά μου - Χωροταξικά,Ουσιαστικά,noun,,θόρυβος,noise,noise photo,generated
591,3,Η γειτονιά μου - Χωροταξικά,Ουσιαστικά,noun,,ιχθυοπωλείο,,,no_english
592,3,Η γειτονιά μου - Χωροταξικά,Ουσιαστικά,noun,,ιχθυοπώλης,fishmonger,fishmonger photo,generated
593,3,Η γειτονιά μου - Χωροταξικά,Ουσιαστικά,noun,,κάδοςαπορριμάτων,,,no_english
594,3,Η γειτονιά μου - Χωροταξικά,Ουσιαστικά,noun,,καθαριστήριο,,,no_english
595,3,Η γειτονιά μου - Χωροταξικά,Ουσιαστικά,noun,,καρτοτηλέφωνο,,,no_english
596,3,Η γειτονιά μου - Χωροταξικά,Ουσιαστικά,noun,,κατάστημα,shop,shop photo,generated
597,3,Η γειτονιά μου - Χωροταξικά,Ουσιαστικά,noun,,καυσαέριο,,,no_english
598,3,Η γειτονιά μου - Χωροταξικά,Ουσιαστικά,noun,,κέντρο,centre,centre photo,generated
599,3,Η γειτονιά μου - Χωροταξικά,Ουσιαστικά,noun,,κομμωτήριο,hairdresser's,hairdresser's photo,generated
600,3,Η γειτονιά μου - Χωροταξικά,Ουσιαστικά,noun,,κομμωτής,hairdresser,hairdresser photo,generated
601,3,Η γειτονιά μου - Χωροταξικά,Ουσιαστικά,noun,,κομμώτρια,hairdresser,hairdresser photo,generated
602,3,Η γειτονιά μου - Χωροταξικά,Ουσιαστικά,noun,,κορνάρισμα,beeping,beeping photo,generated
603,3,Η γειτονιά μου - Χωροταξικά,Ουσιαστικά,noun,,κρεοπωλείο,butcher's,butcher's photo,generated
604,3,Η γειτονιά μου - Χωροταξικά,Ουσιαστικά,noun,,κρεοπώλης,butcher,butcher photo,generated
605,3,Η γειτονιά μου - Χωροταξικά,Ουσιαστικά,noun,,κυκλοφορία,circulation,circulation photo,generated
606,3,Η γειτονιά μου - Χωροταξικά,Ουσιαστικά,noun,,"κώδικαςοδικήςκυκλοφορίας,ο(ΚΟΚ)",,,no_english
607,3,Η γειτονιά μου - Χωροταξικά,Ουσιαστικά,noun,,λαϊκήαγορά,,,no_english
608,3,Η γειτονιά μου - Χωροταξικά,Ουσιαστικά,noun,,λεωφορείο,"(transport) bus, omnibus",,needs_review
609,3,Η γειτονιά μου - Χωροταξικά,Ουσιαστικά,noun,,μαγαζί,shop,shop photo,generated
610,3,Η γειτονιά μου - Χωροταξικά,Ουσιαστικά,noun,,μανάβης,greengrocer,greengrocer photo,generated
611,3,Η γειτονιά μου - Χωροταξικά,Ουσιαστικά,noun,,μανάβικο,greengrocer's,greengrocer's photo,generated
612,3,Η γειτονιά μου - Χωροταξικά,Ουσιαστικά,noun,,μετρό,underground railway,underground railway photo,generated
613,3,Η γειτονιά μου - Χωροταξικά,Ουσιαστικά,noun,,μνημείο,memorial,memorial photo,generated
614,3,Η γειτονιά μου - Χωροταξικά,Ουσιαστικά,noun,,μπακάλης,grocer,grocer photo,generated
615,3,Η γειτονιά μου - Χωροταξικά,Ουσιαστικά,noun,,μποτιλιάρισμα,traffic jam,traffic jam photo,generated
616,3,Η γειτονιά μου - Χωροταξικά,Ουσιαστικά,noun,,νοσοκομείο,hospital,hospital photo,generated
617,3,Η γειτονιά μου - Χωροταξικά,Ουσιαστικά,noun,,οδικάσήματα,,,no_english
618,3,Η γειτονιά μου - Χωροταξικά,Ουσιαστικά,noun,,οδός,street,street photo,generated
619,3,Η γειτονιά μου - Χωροταξικά,Ουσιαστικά,noun,,παιδικήχαρά,,,no_english
620,3,Η γειτονιά μου - Χωροταξικά,Ουσιαστικά,noun,,παντοπωλείο,grocer's shop,grocer's shop photo,generated
621,3,Η γειτονιά μου - Χωροταξικά,Ουσιαστικά,noun,,παράκαμψη,detour,detour photo,generated
622,3,Η γειτονιά μου - Χωροταξικά,Ουσιαστικά,noun,,παρκάρισμα,,,no_english
623,3,Η γειτονιά μου - Χωροταξικά,Ουσιαστικά,noun,,πάρκινγκ,parking,parking photo,generated
624,3,Η γειτονιά μου - Χωροταξικά,Ουσιαστικά,noun,,πάρκο,park,park photo,generated
625,3,Η γειτονιά μου - Χωροταξικά,Ουσιαστικά,noun,,παρκόμετρο,parking meter,parking meter photo,generated
626,3,Η γειτονιά μου - Χωροταξικά,Ουσιαστικά,noun,,περίπτερο,kiosk,kiosk photo,generated
627,3,Η γειτονιά μου - Χωροταξικά,Ουσιαστικά,noun,,πεζοδρόμιο,footpath,footpath photo,generated
628,3,Η γειτονιά μου - Χωροταξικά,Ουσιαστικά,noun,,πεζόδρομος,traffic-free street,traffic-free street photo,generated
629,3,Η γειτονιά μου - Χωροταξικά,Ουσιαστικά,noun,,πεζός,on foot,on foot photo,generated
630,3,Η γειτονιά μου - Χωροταξικά,Ουσιαστικά,noun,,περιοχή,region,region photo,generated
631,3,Η γειτονιά μου - Χωροταξικά,Ουσιαστικά,noun,,περιπολικό,patrol car,patrol car photo,generated
632,3,Η γειτονιά μου - Χωροταξικά,Ουσιαστικά,noun,,περιφερειακόςδρομος,,,no_english
633,3,Η γειτονιά μου - Χωροταξικά,Ουσιαστικά,noun,,πιάτσα(ταξί),market,market photo,generated
634,3,Η γειτονιά μου - Χωροταξικά,Ουσιαστικά,noun,,πινακίδα,plaque,plaque photo,generated
635,3,Η γειτονιά μου - Χωροταξικά,Ουσιαστικά,noun,,πλατεία,town square,town square photo,generated
636,3,Η γειτονιά μου - Χωροταξικά,Ουσιαστικά,noun,,πληθυσμός,population,population photo,generated
637,3,Η γειτονιά μου - Χωροταξικά,Ουσιαστικά,noun,,ποδηλατοδρόμος,cycle path,cycle path photo,generated
638,3,Η γειτονιά μου - Χωροταξικά,Ουσιαστικά,noun,,πολεοδομικόσχέδιο,,,no_english
639,3,Η γειτονιά μου - Χωροταξικά,Ουσιαστικά,noun,,πολιτιστικόκέντρο,,,no_english
640,3,Η γειτονιά μου - Χωροταξικά,Ουσιαστικά,noun,,πολυκατοικία,,,no_english
641,3,Η γειτονιά μου - Χωροταξικά,Ουσιαστικά,noun,,πολυκοσμία,,,no_english
642,3,Η γειτονιά μου - Χωροταξικά,Ουσιαστικά,noun,,προάστιο,suburb,suburb photo,generated
643,3,Η γειτονιά μου - Χωροταξικά,Ουσιαστικά,noun,,προτεραιότητα,,,no_english
644,3,Η γειτονιά μου - Χωροταξικά,Ουσιαστικά,noun,,πυροσβεστική(υπηρεσία),fire brigade,fire brigade photo,generated
645,3,Η γειτονιά μου - Χωροταξικά,Ουσιαστικά,noun,,πυροσβεστικόόχημα,,,no_english
646,3,Η γειτονιά μου - Χωροταξικά,Ουσιαστικά,noun,,ρυμοτομία,,,no_english
647,3,Η γειτονιά μου - Χωροταξικά,Ουσιαστικά,noun,,στάση,position,position photo,generated
648,3,Η γειτονιά μου - Χωροταξικά,Ουσιαστικά,noun,,στροφή,bend,bend photo,generated
649,3,Η γειτονιά μου - Χωροταξικά,Ουσιαστικά,noun,,σηματοδότης,,,no_english
650,3,Η γειτονιά μου - Χωροταξικά,Ουσιαστικά,noun,,σηματοδότηση,,,no_english
651,3,Η γειτονιά μου - Χωροταξικά,Ουσιαστικά,noun,,σκουπίδι,rubbish,rubbish photo,generated
652,3,Η γειτονιά μου - Χωροταξικά,Ουσιαστικά,noun,,στάθμευση,parking,parking photo,generated
653,3,Η γειτονιά μου - Χωροταξικά,Ουσιαστικά,noun,,στενό,Nominative,Nominative photo,generated
654,3,Η γειτονιά μου - Χωροταξικά,Ουσιαστικά,noun,,σούπερμάρκετ,supermarket,supermarket photo,generated
655,3,Η γειτονιά μου - Χωροταξικά,Ουσιαστικά,noun,,συγκοινωνία,transport,transport photo,generated
656,3,Η γειτονιά μου - Χωροταξικά,Ουσιαστικά,noun,,συνοικία,district,district photo,generated
657,3,Η γειτονιά μου - Χωροταξικά,Ουσιαστικά,noun,,σχέδιοπόλης,,,no_english
658,3,Η γειτονιά μου - Χωροταξικά,Ουσιαστικά,noun,,ταξί,taxi,taxi photo,generated
659,3,Η γειτονιά μου - Χωροταξικά,Ουσιαστικά,noun,,ταχυδρομείο,post office,post office photo,generated
660,3,Η γειτονιά μου - Χωροταξικά,Ουσιαστικά,noun,,τηλεκάρτα,,,no_english
661,3,Η γειτονιά μου - Χωροταξικά,Ουσιαστικά,noun,,τραμ,tram,tram photo,generated
662,3,Η γειτονιά μου - Χωροταξικά,Ουσιαστικά,noun,,τράπεζα,bank,bank photo,generated
663,3,Η γειτονιά μου - Χωροταξικά,Ουσιαστικά,noun,,τρόλεϊ,trolley bus,trolley bus photo,generated
664,3,Η γειτονιά μου - Χωροταξικά,Ουσιαστικά,noun,,τροχονόμος,traffic policeman/policewoman,traffic policeman/policewoman photo,generated
665,3,Η γειτονιά μου - Χωροταξικά,Ουσιαστικά,noun,,τσαγκάρης,maker or repairer of shoes or sandals,maker or repairer of shoes or sandals photo,generated
666,3,Η γειτονιά μου - Χωροταξικά,Ουσιαστικά,noun,,φαρμακείο,pharmacy,pharmacy photo,generated
667,3,Η γειτονιά μου - Χωροταξικά,Ουσιαστικά,noun,,φασαρία,noise,noise photo,generated
668,3,Η γειτονιά μου - Χωροταξικά,Ουσιαστικά,noun,,φουρνάρης,baker,baker photo,generated
669,3,Η γειτονιά μου - Χωροταξικά,Ουσιαστικά,noun,,φούρνος,oven,oven photo,generated
670,3,Η γειτονιά μου - Χωροταξικά,Ουσιαστικά,noun,,φωταγώγηση,,,no_english
671,3,Η γειτονιά μου - Χωροταξικά,Ουσιαστικά,noun,,χασάπης,butcher,butcher photo,generated
672,3,Η γειτονιά μου - Χωροταξικά,Ουσιαστικά,noun,,χασάπικο,butcher's shop,butcher's shop photo,generated
673,3,Η γειτονιά μου - Χωροταξικά,Ουσιαστικά,noun,,ψαράς,fisherman,fisherman photo,generated
674,3,Η γειτονιά μου - Χωροταξικά,Ουσιαστικά,noun,,ψιλικά,,,no_english
675,3,Η γειτονιά μου - Χωροταξικά,Ουσιαστικά,noun,,ψιλικατζής,,,no_english
676,3,Η γειτονιά μου - Χωροταξικά,Ουσιαστικά,noun,,τοψιλικατζίδικο,,,no_english
677,3,Η γειτονιά μου - Χωροταξικά,Ουσιαστικά,noun,,ψωμάς,colloquial baker,colloquial baker photo,generated
678,3,Η γειτονιά μου - Χωροταξικά,Επίθετα,adjective,,άδειος-α-ο,empty,empty example photo,generated
679,3,Η γειτονιά μου - Χωροταξικά,Επίθετα,adjective,,ανοιχτός-ή-ό,open,open example photo,generated
680,3,Η γειτονιά μου - Χωροταξικά,Επίθετα,adjective,,ασφαλτοστρωμένος-η-ο,,,no_english
681,3,Η γειτονιά μου - Χωροταξικά,Επίθετα,adjective,,βιαστικός-ή-ό,hurried,hurried example photo,generated
682,3,Η γειτονιά μου - Χωροταξικά,Επίθετα,adjective,,βρόμικος-η-ο,dirty,dirty example photo,generated
683,3,Η γειτονιά μου - Χωροταξικά,Επίθετα,adjective,,γεμάτος-η-ο,full of,full of example photo,generated
684,3,Η γειτονιά μου - Χωροταξικά,Επίθετα,adjective,,ήσυχος-η-ο,quiet,quiet example photo,generated
685,3,Η γειτονιά μου - Χωροταξικά,Επίθετα,adjective,,καθαρός-ή-ό,clean,clean example photo,generated
686,3,Η γειτονιά μου - Χωροταξικά,Επίθετα,adjective,,κλειστός-ή-ό,closed,closed example photo,generated
687,3,Η γειτονιά μου - Χωροταξικά,Επίθετα,adjective,,μεγάλος-η-ο,tall,tall example photo,generated
688,3,Η γειτονιά μου - Χωροταξικά,Επίθετα,adjective,,μικρός-ή-ό,small,small example photo,generated
689,3,Η γειτονιά μου - Χωροταξικά,Επίθετα,adjective,,παράνομος-η-ο,illegal,illegal example photo,generated
690,3,Η γειτονιά μου - Χωροταξικά,Επίθετα,adjective,,πλατύς-ιά-ύ,wide,wide example photo,generated
691,3,Η γειτονιά μου - Χωροταξικά,Επίθετα,adjective,,πολεοδομικός-ή-ό,,,no_english
692,3,Η γειτονιά μου - Χωροταξικά,Επίθετα,adjective,,στενός-ή-ό,narrow,narrow example photo,generated
693,3,Η γειτονιά μου - Χωροταξικά,Επίθετα,adjective,,φαρδύς-ιά-ύ,wide,wide example photo,generated
694,3,Η γειτονιά μου - Χωροταξικά,Ρήματα,verb,,ανάβω(τοφανάρι),light,light action photo,generated
695,3,Η γειτονιά μου - Χωροταξικά,Ρήματα,verb,,ανακαινίζω,renovate,renovate action photo,generated
696,3,Η γειτονιά μου - Χωροταξικά,Ρήματα,verb,,ασφαλτοστρώνω,,,no_english
697,3,Η γειτονιά μου - Χωροταξικά,Ρήματα,verb,,διασχίζω,traverse,traverse action photo,generated
698,3,Η γειτονιά μου - Χωροταξικά,Ρήματα,verb,,ζω,live,live action photo,generated
699,3,Η γειτονιά μου - Χωροταξικά,Ρήματα,verb,,κάνωέργα,,,no_english
700,3,Η γειτονιά μου - Χωροταξικά,Ρήματα,verb,,κάνωουρά,,,no_english
701,3,Η γειτονιά μου - Χωροταξικά,Ρήματα,verb,,κατεδαφίζω,,,no_english
702,3,Η γειτονιά μου - Χωροταξικά,Ρήματα,verb,,κατοικώ,inhabit,inhabit action photo,generated
703,3,Η γειτονιά μου - Χωροταξικά,Ρήματα,verb,,κορνάρω,beep,beep action photo,generated
704,3,Η γειτονιά μου - Χωροταξικά,Ρήματα,verb,,κυκλοφορώ,publish,publish action photo,generated
705,3,Η γειτονιά μου - Χωροταξικά,Ρήματα,verb,,ξεκινώ,a more formal variant of ξεκινάω (xekináo),,needs_review
706,3,Η γειτονιά μου - Χωροταξικά,Ρήματα,verb,,οδηγώ,drive,drive action photo,generated
707,3,Η γειτονιά μου - Χωροταξικά,Ρήματα,verb,,παίρνωτολεωφορείο/τοτρένο/ταξί,,,no_english
708,3,Η γειτονιά μου - Χωροταξικά,Ρήματα,verb,,παρκάρω,park,park action photo,generated
709,3,Η γειτονιά μου - Χωροταξικά,Ρήματα,verb,,σταματώ,(slightly more formal) alternative form of σταματάω (stamatáo),,needs_review
710,3,Η γειτονιά μου - Χωροταξικά,Ρήματα,verb,,σταματώ,(slightly more formal) alternative form of σταματάω (stamatáo),,needs_review
711,3,Η γειτονιά μου - Χωροταξικά,Ρήματα,verb,,συνωστίζομαι,,,no_english
712,3,Η γειτονιά μου - Χωροταξικά,Ρήματα,verb,,χάνομαι,vanish,vanish action photo,generated
713,3,Η γειτονιά μου - Χωροταξικά,Ρήματα,verb,,χτίζω,build,build action photo,generated
714,3,Η γειτονιά μου - Χωροταξικά,Ρήματα,verb,,σβήνω,blow out,blow out action photo,generated
715,3,Η γειτονιά μου - Χωροταξικά,Ρήματα,verb,,τηλεφωνώ,telephone,telephone action photo,generated
716,3,Η γειτονιά μου - Χωροταξικά,Εκφράσεις,phrase,,Προσοχή!«εκτελούνταιέργα»!,,,no_english
717,3,Η γειτονιά μου - Χωροταξικά,Εκφράσεις,phrase,,Τουγείτονατοκοτόπουλομεγάληχήνα μοιάζει,,,no_english
718,3,Η γειτονιά μου - Χωροταξικά,Εκφράσεις,phrase,,Είναιπήχτραστονκόσμο!,,,no_english
719,3,Η γειτονιά μου - Χωροταξικά,Εκφράσεις,phrase,,Ταπαράποναστονδήμαρχο!,,,no_english
720,3,Η γειτονιά μου - Χωροταξικά,Εκφράσεις,phrase,,Απαγορεύεταιηστάθμευση,,,no_english
721,4,Σχολείο - Εκπαίδευση,Ουσιαστικά,noun,,αίθουσα,room,room photo,generated
722,4,Σχολείο - Εκπαίδευση,Ουσιαστικά,noun,,ανάγνωση,oral presentation of text,oral presentation of text photo,generated
723,4,Σχολείο - Εκπαίδευση,Ουσιαστικά,noun,,αναγνωστικό,primer,primer photo,generated
724,4,Σχολείο - Εκπαίδευση,Ουσιαστικά,noun,,ανακοίνωση,announcement,announcement photo,generated
725,4,Σχολείο - Εκπαίδευση,Ουσιαστικά,noun,,ανθρωπολογία,anthropology,anthropology photo,generated
726,4,Σχολείο - Εκπαίδευση,Ουσιαστικά,noun,,ανθρωπολογος,anthropologist,anthropologist photo,generated
727,4,Σχολείο - Εκπαίδευση,Ουσιαστικά,noun,,αντιγραφή,act of copying,act of copying photo,generated
728,4,Σχολείο - Εκπαίδευση,Ουσιαστικά,noun,,αποδυτήρχα,,,no_english
729,4,Σχολείο - Εκπαίδευση,Ουσιαστικά,noun,,απολυτήριο,discharge papers,discharge papers photo,generated
730,4,Σχολείο - Εκπαίδευση,Ουσιαστικά,noun,,αποτυχία,failure,failure photo,generated
731,4,Σχολείο - Εκπαίδευση,Ουσιαστικά,noun,,αποχή,landing net,landing net photo,generated
732,4,Σχολείο - Εκπαίδευση,Ουσιαστικά,noun,,αριθμητική,arithmetic,arithmetic photo,generated
733,4,Σχολείο - Εκπαίδευση,Ουσιαστικά,noun,,άσκηση,drill,drill photo,generated
734,4,Σχολείο - Εκπαίδευση,Ουσιαστικά,noun,,άτλαντας,atlas,atlas photo,generated
735,4,Σχολείο - Εκπαίδευση,Ουσιαστικά,noun,,αφαίρεση,subtraction,subtraction photo,generated
736,4,Σχολείο - Εκπαίδευση,Ουσιαστικά,noun,,βαθμολογία,,,no_english
737,4,Σχολείο - Εκπαίδευση,Ουσιαστικά,noun,,βαθμός,grade,grade photo,generated
738,4,Σχολείο - Εκπαίδευση,Ουσιαστικά,noun,,βιβλίο,book,book photo,generated
739,4,Σχολείο - Εκπαίδευση,Ουσιαστικά,noun,,βιβλιοθήκη,library,library photo,generated
740,4,Σχολείο - Εκπαίδευση,Ουσιαστικά,noun,,βοήθημα,help,help photo,generated
741,4,Σχολείο - Εκπαίδευση,Ουσιαστικά,noun,,γεωγραφία,geography,geography photo,generated
742,4,Σχολείο - Εκπαίδευση,Ουσιαστικά,noun,,γιορτή,celebration,celebration photo,generated
743,4,Σχολείο - Εκπαίδευση,Ουσιαστικά,noun,,γραπτό,anything filled in written examinations,anything filled in written examinations photo,generated
744,4,Σχολείο - Εκπαίδευση,Ουσιαστικά,noun,,γραφείο,desk,desk photo,generated
745,4,Σχολείο - Εκπαίδευση,Ουσιαστικά,noun,,γράψιμο,writing,writing photo,generated
746,4,Σχολείο - Εκπαίδευση,Ουσιαστικά,noun,,γυμνασιάρχης,,,no_english
747,4,Σχολείο - Εκπαίδευση,Ουσιαστικά,noun,,γυμνάσιο,middle school,middle school photo,generated
748,4,Σχολείο - Εκπαίδευση,Ουσιαστικά,noun,,γυμναστήριο,gymnasium,gymnasium photo,generated
749,4,Σχολείο - Εκπαίδευση,Ουσιαστικά,noun,,γυμναστής,gymnast,gymnast photo,generated
750,4,Σχολείο - Εκπαίδευση,Ουσιαστικά,noun,,γυμνάστρια,gymnast,gymnast photo,generated
751,4,Σχολείο - Εκπαίδευση,Ουσιαστικά,noun,,γυμναστική,gymnastics,gymnastics photo,generated
752,4,Σχολείο - Εκπαίδευση,Ουσιαστικά,noun,,δασκάλα,female teacher,female teacher photo,generated
753,4,Σχολείο - Εκπαίδευση,Ουσιαστικά,noun,,δάσκαλος,teacher,teacher photo,generated
754,4,Σχολείο - Εκπαίδευση,Ουσιαστικά,noun,,δημοτικό,primary school,primary school photo,generated
755,4,Σχολείο - Εκπαίδευση,Ουσιαστικά,noun,,διά(:),"by, for, through",,needs_review
756,4,Σχολείο - Εκπαίδευση,Ουσιαστικά,noun,,διάβασμα,,,no_english
757,4,Σχολείο - Εκπαίδευση,Ουσιαστικά,noun,,διαβήτης,pair of compasses,pair of compasses photo,generated
758,4,Σχολείο - Εκπαίδευση,Ουσιαστικά,noun,,διαγωγή,behaviour,behaviour photo,generated
759,4,Σχολείο - Εκπαίδευση,Ουσιαστικά,noun,,διαγώνισμα,test,test photo,generated
760,4,Σχολείο - Εκπαίδευση,Ουσιαστικά,noun,,διάδρομος,corridor,corridor photo,generated
761,4,Σχολείο - Εκπαίδευση,Ουσιαστικά,noun,,διαίρεση,division,division photo,generated
762,4,Σχολείο - Εκπαίδευση,Ουσιαστικά,noun,,διακοπές,Nominative,Nominative photo,generated
763,4,Σχολείο - Εκπαίδευση,Ουσιαστικά,noun,,διάλειμμα,pause,pause photo,generated
764,4,Σχολείο - Εκπαίδευση,Ουσιαστικά,noun,,διδακτέαύλη,,,no_english
765,4,Σχολείο - Εκπαίδευση,Ουσιαστικά,noun,,διευθυντής,manager,manager photo,generated
766,4,Σχολείο - Εκπαίδευση,Ουσιαστικά,noun,,έδρα,platform,platform photo,generated
767,4,Σχολείο - Εκπαίδευση,Ουσιαστικά,noun,,είσοδος,entrance,entrance photo,generated
768,4,Σχολείο - Εκπαίδευση,Ουσιαστικά,noun,,εκδρομή,excursion,excursion photo,generated
769,4,Σχολείο - Εκπαίδευση,Ουσιαστικά,noun,,εκπαίδευση,instruction,instruction photo,generated
770,4,Σχολείο - Εκπαίδευση,Ουσιαστικά,noun,,"εκπαιδευτικός,ή,ό",,,no_english
771,4,Σχολείο - Εκπαίδευση,Ουσιαστικά,noun,,έλεγχος,control,control photo,generated
772,4,Σχολείο - Εκπαίδευση,Ουσιαστικά,noun,,έναρξη,initialisation,initialisation photo,generated
773,4,Σχολείο - Εκπαίδευση,Ουσιαστικά,noun,,ενδεικτικό,,,no_english
774,4,Σχολείο - Εκπαίδευση,Ουσιαστικά,noun,,εξάμηνο,,,no_english
775,4,Σχολείο - Εκπαίδευση,Ουσιαστικά,noun,,εξετάσεις,Nominative,Nominative photo,generated
776,4,Σχολείο - Εκπαίδευση,Ουσιαστικά,noun,,έξοδος,exit,exit photo,generated
777,4,Σχολείο - Εκπαίδευση,Ουσιαστικά,noun,,έξοδοςκινδύνου,,,no_english
778,4,Σχολείο - Εκπαίδευση,Ουσιαστικά,noun,,επάγγελμα,profession,profession photo,generated
779,4,Σχολείο - Εκπαίδευση,Ουσιαστικά,noun,,επαγγελματικόςπροσανατολισμός,,,no_english
780,4,Σχολείο - Εκπαίδευση,Ουσιαστικά,noun,,επί(φορές)(Χ),times,times photo,generated
781,4,Σχολείο - Εκπαίδευση,Ουσιαστικά,noun,,επιστάτης,foreman,foreman photo,generated
782,4,Σχολείο - Εκπαίδευση,Ουσιαστικά,noun,,επιστάτρια,forewoman,forewoman photo,generated
783,4,Σχολείο - Εκπαίδευση,Ουσιαστικά,noun,,επιτυχία,success,success photo,generated
784,4,Σχολείο - Εκπαίδευση,Ουσιαστικά,noun,,ετικέτα,,,no_english
785,4,Σχολείο - Εκπαίδευση,Ουσιαστικά,noun,,έτος,year,year photo,generated
786,4,Σχολείο - Εκπαίδευση,Ουσιαστικά,noun,,ζωολογία,zoology,zoology photo,generated
787,4,Σχολείο - Εκπαίδευση,Ουσιαστικά,noun,,ζωολόγος,,,no_english
788,4,Σχολείο - Εκπαίδευση,Ουσιαστικά,noun,,θεολόγος,theologian,theologian photo,generated
789,4,Σχολείο - Εκπαίδευση,Ουσιαστικά,noun,,θρανίο,,,no_english
790,4,Σχολείο - Εκπαίδευση,Ουσιαστικά,noun,,θρησκευτικά,Nominative,Nominative photo,generated
791,4,Σχολείο - Εκπαίδευση,Ουσιαστικά,noun,,θυρωρείο,,,no_english
792,4,Σχολείο - Εκπαίδευση,Ουσιαστικά,noun,,θυρωρός,,,no_english
793,4,Σχολείο - Εκπαίδευση,Ουσιαστικά,noun,,ιστορία,history,history photo,generated
794,4,Σχολείο - Εκπαίδευση,Ουσιαστικά,noun,,ιστορικός,historical,historical photo,generated
795,4,Σχολείο - Εκπαίδευση,Ουσιαστικά,noun,,καθηγητής,professor,professor photo,generated
796,4,Σχολείο - Εκπαίδευση,Ουσιαστικά,noun,,καθηγήτρια,professor,professor photo,generated
797,4,Σχολείο - Εκπαίδευση,Ουσιαστικά,noun,,και(+),also,also photo,generated
798,4,Σχολείο - Εκπαίδευση,Ουσιαστικά,noun,,καρέκλα,chair,chair photo,generated
799,4,Σχολείο - Εκπαίδευση,Ουσιαστικά,noun,,κασετίνα,,,no_english
800,4,Σχολείο - Εκπαίδευση,Ουσιαστικά,noun,,κιμωλία,chalk,chalk photo,generated
801,4,Σχολείο - Εκπαίδευση,Ουσιαστικά,noun,,κόλλα,glue,glue photo,generated
802,4,Σχολείο - Εκπαίδευση,Ουσιαστικά,noun,,κυλικείο,,,no_english
803,4,Σχολείο - Εκπαίδευση,Ουσιαστικά,noun,,κοινωνιολόγος,,,no_english
804,4,Σχολείο - Εκπαίδευση,Ουσιαστικά,noun,,κολλητικήταινία,,,no_english
805,4,Σχολείο - Εκπαίδευση,Ουσιαστικά,noun,,κουδούνι,bell,bell photo,generated
806,4,Σχολείο - Εκπαίδευση,Ουσιαστικά,noun,,κτίριο,building,building photo,generated
807,4,Σχολείο - Εκπαίδευση,Ουσιαστικά,noun,,λήξη,expiration,expiration photo,generated
808,4,Σχολείο - Εκπαίδευση,Ουσιαστικά,noun,,λυκειάρχης,,,no_english
809,4,Σχολείο - Εκπαίδευση,Ουσιαστικά,noun,,λύκειο,secondary school,secondary school photo,generated
810,4,Σχολείο - Εκπαίδευση,Ουσιαστικά,noun,,λύση,answer,answer photo,generated
811,4,Σχολείο - Εκπαίδευση,Ουσιαστικά,noun,,μάθημα,lesson,lesson photo,generated
812,4,Σχολείο - Εκπαίδευση,Ουσιαστικά,noun,,μαθηματικά,mathematics,mathematics photo,generated
813,4,Σχολείο - Εκπαίδευση,Ουσιαστικά,noun,,μαθηματικός,mathematical,mathematical photo,generated
814,4,Σχολείο - Εκπαίδευση,Ουσιαστικά,noun,,μάθηση,learning,learning photo,generated
815,4,Σχολείο - Εκπαίδευση,Ουσιαστικά,noun,,μαθητής,pupil,pupil photo,generated
816,4,Σχολείο - Εκπαίδευση,Ουσιαστικά,noun,,μαθήτρια,pupil,pupil photo,generated
817,4,Σχολείο - Εκπαίδευση,Ουσιαστικά,noun,,μαρκαδόρος,felt-tip pen,felt-tip pen photo,generated
818,4,Σχολείο - Εκπαίδευση,Ουσιαστικά,noun,,μείον(-),minus,minus photo,generated
819,4,Σχολείο - Εκπαίδευση,Ουσιαστικά,noun,,μολύβι,pencil,pencil photo,generated
820,4,Σχολείο - Εκπαίδευση,Ουσιαστικά,noun,,μπογιές,paint,paint photo,generated
821,4,Σχολείο - Εκπαίδευση,Ουσιαστικά,noun,,μπλοκ,,,no_english
822,4,Σχολείο - Εκπαίδευση,Ουσιαστικά,noun,,μπλοκζωγραφικής,,,no_english
823,4,Σχολείο - Εκπαίδευση,Ουσιαστικά,noun,,νηπιαγωγείο,nursery school,nursery school photo,generated
824,4,Σχολείο - Εκπαίδευση,Ουσιαστικά,noun,,ντοσιέ,,,no_english
825,4,Σχολείο - Εκπαίδευση,Ουσιαστικά,noun,,ξένεςγλώσσες,,,no_english
826,4,Σχολείο - Εκπαίδευση,Ουσιαστικά,noun,,ξύστρα,pencil sharpener,pencil sharpener photo,generated
827,4,Σχολείο - Εκπαίδευση,Ουσιαστικά,noun,,οικονομία,economy,economy photo,generated
828,4,Σχολείο - Εκπαίδευση,Ουσιαστικά,noun,,οικονομολόγος,,,no_english
829,4,Σχολείο - Εκπαίδευση,Ουσιαστικά,noun,,ορθογραφία,spelling,spelling photo,generated
830,4,Σχολείο - Εκπαίδευση,Ουσιαστικά,noun,,παιδαγωγός,educationalist,educationalist photo,generated
831,4,Σχολείο - Εκπαίδευση,Ουσιαστικά,noun,,παιδεία,learning,learning photo,generated
832,4,Σχολείο - Εκπαίδευση,Ουσιαστικά,noun,,πανεπιστήμιο,university,university photo,generated
833,4,Σχολείο - Εκπαίδευση,Ουσιαστικά,noun,,παράθυρο,window,window photo,generated
834,4,Σχολείο - Εκπαίδευση,Ουσιαστικά,noun,,περίπατος,walk,walk photo,generated
835,4,Σχολείο - Εκπαίδευση,Ουσιαστικά,noun,,πίνακας,table of values,table of values photo,generated
836,4,Σχολείο - Εκπαίδευση,Ουσιαστικά,noun,,πλην(-),minus sign,minus sign photo,generated
837,4,Σχολείο - Εκπαίδευση,Ουσιαστικά,noun,,πολιτικήαγωγή,,,no_english
838,4,Σχολείο - Εκπαίδευση,Ουσιαστικά,noun,,πολλαπλασιασμός,proliferation,proliferation photo,generated
839,4,Σχολείο - Εκπαίδευση,Ουσιαστικά,noun,,προαύλιο,yard,yard photo,generated
840,4,Σχολείο - Εκπαίδευση,Ουσιαστικά,noun,,πρόβλημα,problem,problem photo,generated
841,4,Σχολείο - Εκπαίδευση,Ουσιαστικά,noun,,πρόγραμμα,schedule,schedule photo,generated
842,4,Σχολείο - Εκπαίδευση,Ουσιαστικά,noun,,πρόοδος,progress,progress photo,generated
843,4,Σχολείο - Εκπαίδευση,Ουσιαστικά,noun,,πρόσθεση,addition,addition photo,generated
844,4,Σχολείο - Εκπαίδευση,Ουσιαστικά,noun,,πτυχίο,academic degree,academic degree photo,generated
845,4,Σχολείο - Εκπαίδευση,Ουσιαστικά,noun,,σβήστρα,eraser,eraser photo,generated
846,4,Σχολείο - Εκπαίδευση,Ουσιαστικά,noun,,σκαλί,rung,rung photo,generated
847,4,Σχολείο - Εκπαίδευση,Ουσιαστικά,noun,,σκασιαρχείο,,,no_english
848,4,Σχολείο - Εκπαίδευση,Ουσιαστικά,noun,,σπόγγος,,,no_english
849,4,Σχολείο - Εκπαίδευση,Ουσιαστικά,noun,,σπουδαστής,schoolboy,schoolboy photo,generated
850,4,Σχολείο - Εκπαίδευση,Ουσιαστικά,noun,,σπουδάστρια,schoolgirl,schoolgirl photo,generated
851,4,Σχολείο - Εκπαίδευση,Ουσιαστικά,noun,,στυλό,"pen, ballpoint, biro",,needs_review
852,4,Σχολείο - Εκπαίδευση,Ουσιαστικά,noun,,συμμαθητής,,,no_english
853,4,Σχολείο - Εκπαίδευση,Ουσιαστικά,noun,,συμμαθήτρια,,,no_english
854,4,Σχολείο - Εκπαίδευση,Ουσιαστικά,noun,,συνδετήρας,paper clip,paper clip photo,generated
855,4,Σχολείο - Εκπαίδευση,Ουσιαστικά,noun,,συντακτικό,,,no_english
856,4,Σχολείο - Εκπαίδευση,Ουσιαστικά,noun,,σφουγγάρι,sponge,sponge photo,generated
857,4,Σχολείο - Εκπαίδευση,Ουσιαστικά,noun,,σχολείο,school,school photo,generated
858,4,Σχολείο - Εκπαίδευση,Ουσιαστικά,noun,,σχολικό(λεωφορείο),,,no_english
859,4,Σχολείο - Εκπαίδευση,Ουσιαστικά,noun,,σχολικόςσύμβουλος,,,no_english
860,4,Σχολείο - Εκπαίδευση,Ουσιαστικά,noun,,τάξη,class,class photo,generated
861,4,Σχολείο - Εκπαίδευση,Ουσιαστικά,noun,,τεστ,test,test photo,generated
862,4,Σχολείο - Εκπαίδευση,Ουσιαστικά,noun,,τετράδιο,notebook,notebook photo,generated
863,4,Σχολείο - Εκπαίδευση,Ουσιαστικά,noun,,τεχνικήσχολή,,,no_english
864,4,Σχολείο - Εκπαίδευση,Ουσιαστικά,noun,,τουαλέτα,toilet,toilet photo,generated
865,4,Σχολείο - Εκπαίδευση,Ουσιαστικά,noun,,τρίμηνο,trimester,trimester photo,generated
866,4,Σχολείο - Εκπαίδευση,Ουσιαστικά,noun,,τσάντα,"bag, purse, handbag",,needs_review
867,4,Σχολείο - Εκπαίδευση,Ουσιαστικά,noun,,φιλόλογος,philologist,philologist photo,generated
868,4,Σχολείο - Εκπαίδευση,Ουσιαστικά,noun,,φοιτητής,undergraduate,undergraduate photo,generated
869,4,Σχολείο - Εκπαίδευση,Ουσιαστικά,noun,,φοιτήτρια,undergraduate,undergraduate photo,generated
870,4,Σχολείο - Εκπαίδευση,Ουσιαστικά,noun,,φυσική,physics,physics photo,generated
871,4,Σχολείο - Εκπαίδευση,Ουσιαστικά,noun,,φυσικήιστορία,,,no_english
872,4,Σχολείο - Εκπαίδευση,Ουσιαστικά,noun,,φυσικός,natural,natural photo,generated
873,4,Σχολείο - Εκπαίδευση,Ουσιαστικά,noun,,χάρακας,rule,rule photo,generated
874,4,Σχολείο - Εκπαίδευση,Ουσιαστικά,noun,,χάρτης,charter,charter photo,generated
875,4,Σχολείο - Εκπαίδευση,Ουσιαστικά,noun,,χειροτεχνία,,,no_english
876,4,Σχολείο - Εκπαίδευση,Ουσιαστικά,noun,,χημεία,chemistry,chemistry photo,generated
877,4,Σχολείο - Εκπαίδευση,Ουσιαστικά,noun,,χημικός,chemical,chemical photo,generated
878,4,Σχολείο - Εκπαίδευση,Ουσιαστικά,noun,,ψαλίδι,scissors,scissors photo,generated
879,4,Σχολείο - Εκπαίδευση,Ουσιαστικά,noun,,ψυχολόγος,psychologist,psychologist photo,generated
880,4,Σχολείο - Εκπαίδευση,Επίθετα,adjective,,αδιάβαστος-η-ο,unread,unread example photo,generated
881,4,Σχολείο - Εκπαίδευση,Επίθετα,adjective,,αδιάφορος-η-ο,indifferent,indifferent example photo,generated
882,4,Σχολείο - Εκπαίδευση,Επίθετα,adjective,,ανεξεταστέος-έα-έο,referred,referred example photo,generated
883,4,Σχολείο - Εκπαίδευση,Επίθετα,adjective,,αποχαιρετιστήριος-α-ο,farewell,farewell example photo,generated
884,4,Σχολείο - Εκπαίδευση,Επίθετα,adjective,,απρόσεκτος-η-ο,heedless,heedless example photo,generated
885,4,Σχολείο - Εκπαίδευση,Επίθετα,adjective,,άριστος-η-ο,excellent,excellent example photo,generated
886,4,Σχολείο - Εκπαίδευση,Επίθετα,adjective,,αυστηρός-ή-ό,strict,strict example photo,generated
887,4,Σχολείο - Εκπαίδευση,Επίθετα,adjective,,αφηρημένος-η-ο,abstract,abstract example photo,generated
888,4,Σχολείο - Εκπαίδευση,Επίθετα,adjective,,γραπτός-ή-ό,written,written example photo,generated
889,4,Σχολείο - Εκπαίδευση,Επίθετα,adjective,,δημόσιος-α-ο,public,public example photo,generated
890,4,Σχολείο - Εκπαίδευση,Επίθετα,adjective,,διδακτικός-ή-ό,teaching,teaching example photo,generated
891,4,Σχολείο - Εκπαίδευση,Επίθετα,adjective,,δύσκολος-η-ο,difficult,difficult example photo,generated
892,4,Σχολείο - Εκπαίδευση,Επίθετα,adjective,,εκπαιδευτικός-ή-ό,educational,educational example photo,generated
893,4,Σχολείο - Εκπαίδευση,Επίθετα,adjective,,εύκολος-η-ο,easy,easy example photo,generated
894,4,Σχολείο - Εκπαίδευση,Επίθετα,adjective,,ζωηρός-ή-ό,lively,lively example photo,generated
895,4,Σχολείο - Εκπαίδευση,Επίθετα,adjective,,ήσυχος-η-ο,quiet,quiet example photo,generated
896,4,Σχολείο - Εκπαίδευση,Επίθετα,adjective,,ιδιωτικός-ή-ό,private,private example photo,generated
897,4,Σχολείο - Εκπαίδευση,Επίθετα,adjective,,κακός-ιά-ό,"bad, evil, ill, wicked",,needs_review
898,4,Σχολείο - Εκπαίδευση,Επίθετα,adjective,,καλός-ή-ό,good,good example photo,generated
899,4,Σχολείο - Εκπαίδευση,Επίθετα,adjective,,μαθητικός-ή-ό,,,no_english
900,4,Σχολείο - Εκπαίδευση,Επίθετα,adjective,,μελετηρός-ή-ό,studious,studious example photo,generated
901,4,Σχολείο - Εκπαίδευση,Επίθετα,adjective,,προβιβάσιμος-η-ο,,,no_english
902,4,Σχολείο - Εκπαίδευση,Επίθετα,adjective,,προσεκτικός-ή-ό,careful,careful example photo,generated
903,4,Σχολείο - Εκπαίδευση,Επίθετα,adjective,,προφορικός-ή-ό,oral,oral example photo,generated
904,4,Σχολείο - Εκπαίδευση,Επίθετα,adjective,,σχολικός-ή-ό,,,no_english
905,4,Σχολείο - Εκπαίδευση,Επίθετα,adjective,,τεμπέλης-α-ικο,lazy,lazy example photo,generated
906,4,Σχολείο - Εκπαίδευση,Ρήματα,verb,,σχολάω,,,no_english
907,4,Σχολείο - Εκπαίδευση,Ρήματα,verb,,υπαγορεύω,dictate,dictate action photo,generated
908,4,Σχολείο - Εκπαίδευση,Ρήματα,verb,,αντιγράφω,copy,copy action photo,generated
909,4,Σχολείο - Εκπαίδευση,Ρήματα,verb,,απαντώ,a more formal variant of απαντάω (apantáo),,needs_review
910,4,Σχολείο - Εκπαίδευση,Ρήματα,verb,,αποτυχαίνω,fail,fail action photo,generated
911,4,Σχολείο - Εκπαίδευση,Ρήματα,verb,,αποτυγχάνω,fail,fail action photo,generated
912,4,Σχολείο - Εκπαίδευση,Ρήματα,verb,,απουσιάζω,be absent,be absent action photo,generated
913,4,Σχολείο - Εκπαίδευση,Ρήματα,verb,,βάζωδιαγώνισμα,,,no_english
914,4,Σχολείο - Εκπαίδευση,Ρήματα,verb,,βαθμολογώ,mark,mark action photo,generated
915,4,Σχολείο - Εκπαίδευση,Ρήματα,verb,,γράφω,write,write action photo,generated
916,4,Σχολείο - Εκπαίδευση,Ρήματα,verb,,διαβάζω,read,read action photo,generated
917,4,Σχολείο - Εκπαίδευση,Ρήματα,verb,,διδάσκω-ομαι,teach,teach action photo,generated
918,4,Σχολείο - Εκπαίδευση,Ρήματα,verb,,δίνωλευκήκόλλα,,,no_english
919,4,Σχολείο - Εκπαίδευση,Ρήματα,verb,,δίνωεξετάσεις,,,no_english
920,4,Σχολείο - Εκπαίδευση,Ρήματα,verb,,διορθώνω,"fix, correct",,needs_review
921,4,Σχολείο - Εκπαίδευση,Ρήματα,verb,,εξετάζω-ομαι,examine,examine action photo,generated
922,4,Σχολείο - Εκπαίδευση,Ρήματα,verb,,εξηγώ,clarify,clarify action photo,generated
923,4,Σχολείο - Εκπαίδευση,Ρήματα,verb,,επαναλαμβάνω,repeat,repeat action photo,generated
924,4,Σχολείο - Εκπαίδευση,Ρήματα,verb,,επιτυγχάνω,succeed,succeed action photo,generated
925,4,Σχολείο - Εκπαίδευση,Ρήματα,verb,,καθαρογράφω,,,no_english
926,4,Σχολείο - Εκπαίδευση,Ρήματα,verb,,κάνωερωτήσεις,,,no_english
927,4,Σχολείο - Εκπαίδευση,Ρήματα,verb,,"λύνωτηνάσκηση,τοπρόβλημα",,,no_english
928,4,Σχολείο - Εκπαίδευση,Ρήματα,verb,,μαζεύωτιςκόλλες,,,no_english
929,4,Σχολείο - Εκπαίδευση,Ρήματα,verb,,μαθαίνω,learn,learn action photo,generated
930,4,Σχολείο - Εκπαίδευση,Ρήματα,verb,,μαθαίνωαπ’έξω,,,no_english
931,4,Σχολείο - Εκπαίδευση,Ρήματα,verb,,μένωστηνίδιατάξη,,,no_english
932,4,Σχολείο - Εκπαίδευση,Ρήματα,verb,,ξύνωτομολύβι,,,no_english
933,4,Σχολείο - Εκπαίδευση,Ρήματα,verb,,παίρνωπαρουσίες,,,no_english
934,4,Σχολείο - Εκπαίδευση,Ρήματα,verb,,"περνώτηχρονιάμου,τηντάξημου",,,no_english
935,4,Σχολείο - Εκπαίδευση,Ρήματα,verb,,πετυχαίνω,succeed,succeed action photo,generated
936,4,Σχολείο - Εκπαίδευση,Ρήματα,verb,,πηγαίνω,literally go → interchangeable with πάω,literally go → interchangeable with πάω action photo,generated
937,4,Σχολείο - Εκπαίδευση,Ρήματα,verb,,προβιβάζομαι,,,no_english
938,4,Σχολείο - Εκπαίδευση,Ρήματα,verb,,προοδεύω,,,no_english
939,4,Σχολείο - Εκπαίδευση,Ρήματα,verb,,ρωτώ,a slightly more formal variant of ρωτάω (rotáo),,needs_review
940,4,Σχολείο - Εκπαίδευση,Ρήματα,verb,,σβήνω,blow out,blow out action photo,generated
941,4,Σχολείο - Εκπαίδευση,Ρήματα,verb,,χτυπάειτοκουδούνι,,,no_english
942,4,Σχολείο - Εκπαίδευση,Ρήματα,verb,,δίνωεξετάσεις,,,no_english
943,4,Σχολείο - Εκπαίδευση,Ρήματα,verb,,επιτυγχάνω(πετυχαίνω),succeed,succeed action photo,generated
944,4,Σχολείο - Εκπαίδευση,Ρήματα,verb,,αποτυγχάνω,fail,fail action photo,generated
945,4,Σχολείο - Εκπαίδευση,Εκφράσεις,phrase,,Α.Ε.Ι.:ΑνώταταΕκπαιδευτικάΙδρύματα.,,,no_english
946,4,Σχολείο - Εκπαίδευση,Εκφράσεις,phrase,,Τ.Ε.Ι.:ΤεχνολογικάΕκπαιδευτικάΙδρύματα,,,no_english
947,4,Σχολείο - Εκπαίδευση,Εκφράσεις,phrase,,"«Μάθε,παιδίμουγράμματα!»",,,no_english
948,4,Σχολείο - Εκπαίδευση,Εκφράσεις,phrase,,Είναιτούβλο!,,,no_english
949,4,Σχολείο - Εκπαίδευση,Εκφράσεις,phrase,,Τομυαλότουκόβει.,,,no_english
950,4,Σχολείο - Εκπαίδευση,Εκφράσεις,phrase,,"Είναισαΐνι,είναισπίρτο",,,no_english
951,4,Σχολείο - Εκπαίδευση,Εκφράσεις,phrase,,«πιάνειπουλιάστοναέρα»,,,no_english
952,4,Σχολείο - Εκπαίδευση,Εκφράσεις,phrase,,∆ιαβάζωαπόμέσα.-λέωαπ’έξω,,,no_english
953,4,Σχολείο - Εκπαίδευση,Εκφράσεις,phrase,,"Τοξέρω«νεράκι»,«απ’έξωκιανακατωτά»",,,no_english
954,4,Σχολείο - Εκπαίδευση,Εκφράσεις,phrase,,«Μ’όποιοδάσκαλοκαθίσειςτέτοιαγράμματαθαμάθεις»,,,no_english
955,4,Σχολείο - Εκπαίδευση,Εκφράσεις,phrase,,«Τοέξυπνοπουλίαπότημύτηπιάνεται»,,,no_english
956,4,Σχολείο - Εκπαίδευση,Εκφράσεις,phrase,,"«Άνθρωποςαγράμματος,ξύλοαπελέκητο»",,,no_english
957,4,Σχολείο - Εκπαίδευση,Εκφράσεις,phrase,,Ταέκαναθάλασσα,,,no_english
958,4,Σχολείο - Εκπαίδευση,Εκφράσεις,phrase,,Τηνπάτησα(στιςεξετάσεις),,,no_english
959,4,Σχολείο - Εκπαίδευση,Εκφράσεις,phrase,,Κόπηκεσταμαθηματικά,,,no_english
960,4,Σχολείο - Εκπαίδευση,Εκφράσεις,phrase,,«Γηράσκωαείδιδασκόμενος»=όσομεγαλώνωκαιγερνώπάνταμαθαίνω,,,no_english
961,4,Σχολείο - Εκπαίδευση,Εκφράσεις,phrase,,Έκανεκοπάνα,,,no_english
962,5,Επαγγέλματα - Εργασιακός χώρος,Ουσιαστικά,noun,,άδεια,permission,permission photo,generated
963,5,Επαγγέλματα - Εργασιακός χώρος,Ουσιαστικά,noun,,άνεργη,Nominative,Nominative photo,generated
964,5,Επαγγέλματα - Εργασιακός χώρος,Ουσιαστικά,noun,,ανεργία,unemployment,unemployment photo,generated
965,5,Επαγγέλματα - Εργασιακός χώρος,Ουσιαστικά,noun,,άνεργος,unemployed,unemployed photo,generated
966,5,Επαγγέλματα - Εργασιακός χώρος,Ουσιαστικά,noun,,αξιόλογηση,evaluation,evaluation photo,generated
967,5,Επαγγέλματα - Εργασιακός χώρος,Ουσιαστικά,noun,,απεργία,strike,strike photo,generated
968,5,Επαγγέλματα - Εργασιακός χώρος,Ουσιαστικά,noun,,αποζημίωση,compensation,compensation photo,generated
969,5,Επαγγέλματα - Εργασιακός χώρος,Ουσιαστικά,noun,,απόλυση,dismissal,dismissal photo,generated
970,5,Επαγγέλματα - Εργασιακός χώρος,Ουσιαστικά,noun,,αποχή,landing net,landing net photo,generated
971,5,Επαγγέλματα - Εργασιακός χώρος,Ουσιαστικά,noun,,αργία,bank holiday,bank holiday photo,generated
972,5,Επαγγέλματα - Εργασιακός χώρος,Ουσιαστικά,noun,,ασφάλεια,security,security photo,generated
973,5,Επαγγέλματα - Εργασιακός χώρος,Ουσιαστικά,noun,,αφεντικό,owner,owner photo,generated
974,5,Επαγγέλματα - Εργασιακός χώρος,Ουσιαστικά,noun,,βιογραφικόσημείωμα,,,no_english
975,5,Επαγγέλματα - Εργασιακός χώρος,Ουσιαστικά,noun,,βιοπαλαιστής,,,no_english
976,5,Επαγγέλματα - Εργασιακός χώρος,Ουσιαστικά,noun,,βιοπάλη,,,no_english
977,5,Επαγγέλματα - Εργασιακός χώρος,Ουσιαστικά,noun,,βιομηχανία,industry,industry photo,generated
978,5,Επαγγέλματα - Εργασιακός χώρος,Ουσιαστικά,noun,,βιομήχανος,industrialist,industrialist photo,generated
979,5,Επαγγέλματα - Εργασιακός χώρος,Ουσιαστικά,noun,,δάνειο,loan,loan photo,generated
980,5,Επαγγέλματα - Εργασιακός χώρος,Ουσιαστικά,noun,,δημόσιαυπάλληλος,,,no_english
981,5,Επαγγέλματα - Εργασιακός χώρος,Ουσιαστικά,noun,,δημόσιοςυπάλληλος,,,no_english
982,5,Επαγγέλματα - Εργασιακός χώρος,Ουσιαστικά,noun,,διευθυντής,manager,manager photo,generated
983,5,Επαγγέλματα - Εργασιακός χώρος,Ουσιαστικά,noun,,διευθύντρια,headmistress,headmistress photo,generated
984,5,Επαγγέλματα - Εργασιακός χώρος,Ουσιαστικά,noun,,δώρο,gift,gift photo,generated
985,5,Επαγγέλματα - Εργασιακός χώρος,Ουσιαστικά,noun,,ελεύθερηεπαγγελματίας,,,no_english
986,5,Επαγγέλματα - Εργασιακός χώρος,Ουσιαστικά,noun,,ελεύθεροςεπαγγελματίας,,,no_english
987,5,Επαγγέλματα - Εργασιακός χώρος,Ουσιαστικά,noun,,εμπόριο,trade,trade photo,generated
988,5,Επαγγέλματα - Εργασιακός χώρος,Ουσιαστικά,noun,,ένσημο,,,no_english
989,5,Επαγγέλματα - Εργασιακός χώρος,Ουσιαστικά,noun,,επάγγελμα,profession,profession photo,generated
990,5,Επαγγέλματα - Εργασιακός χώρος,Ουσιαστικά,noun,,επαγγελματικήδεοντολογία,,,no_english
991,5,Επαγγέλματα - Εργασιακός χώρος,Ουσιαστικά,noun,,επαγγελματικόςπροσανατολισμός,,,no_english
992,5,Επαγγέλματα - Εργασιακός χώρος,Ουσιαστικά,noun,,επίδομαανεργίας,,,no_english
993,5,Επαγγέλματα - Εργασιακός χώρος,Ουσιαστικά,noun,,επίδομαπαιδιών,,,no_english
994,5,Επαγγέλματα - Εργασιακός χώρος,Ουσιαστικά,noun,,επίδοματοκετού,,,no_english
995,5,Επαγγέλματα - Εργασιακός χώρος,Ουσιαστικά,noun,,εργαζόμενη,employed,employed photo,generated
996,5,Επαγγέλματα - Εργασιακός χώρος,Ουσιαστικά,noun,,εργαζόμενος,employed,employed photo,generated
997,5,Επαγγέλματα - Εργασιακός χώρος,Ουσιαστικά,noun,,εργασία,task,task photo,generated
998,5,Επαγγέλματα - Εργασιακός χώρος,Ουσιαστικά,noun,,εργάτης,male worker,male worker photo,generated
999,5,Επαγγέλματα - Εργασιακός χώρος,Ουσιαστικά,noun,,εργατικότητα,industry,industry photo,generated
1000,5,Επαγγέλματα - Εργασιακός χώρος,Ουσιαστικά,noun,,εργάτρια,female worker,female worker photo,generated
1001,5,Επαγγέλματα - Εργασιακός χώρος,Ουσιαστικά,noun,,εργοστάσιο,factory,factory photo,generated
1002,5,Επαγγέλματα - Εργασιακός χώρος,Ουσιαστικά,noun,,εταιρεία,association,association photo,generated
1003,5,Επαγγέλματα - Εργασιακός χώρος,Ουσιαστικά,noun,,ετήσιοεισόδημα,,,no_english
1004,5,Επαγγέλματα - Εργασιακός χώρος,Ουσιαστικά,noun,,ημερομίσθιο,day's pay,day's pay photo,generated
1005,5,Επαγγέλματα - Εργασιακός χώρος,Ουσιαστικά,noun,,ημιαργία,,,no_english
1006,5,Επαγγέλματα - Εργασιακός χώρος,Ουσιαστικά,noun,,ιδιωτικήυπάλληλος,,,no_english
1007,5,Επαγγέλματα - Εργασιακός χώρος,Ουσιαστικά,noun,,ιδιωτικόςυπάλληλος,,,no_english
1008,5,Επαγγέλματα - Εργασιακός χώρος,Ουσιαστικά,noun,,καριέρα,career,career photo,generated
1009,5,Επαγγέλματα - Εργασιακός χώρος,Ουσιαστικά,noun,,κοινωνικήασφάλεια,,,no_english
1010,5,Επαγγέλματα - Εργασιακός χώρος,Ουσιαστικά,noun,,κρατήσεις,booking,booking photo,generated
1011,5,Επαγγέλματα - Εργασιακός χώρος,Ουσιαστικά,noun,,κρίση,judgment,judgment photo,generated
1012,5,Επαγγέλματα - Εργασιακός χώρος,Ουσιαστικά,noun,,μάστορας,craftsman,craftsman photo,generated
1013,5,Επαγγέλματα - Εργασιακός χώρος,Ουσιαστικά,noun,,μαστόρισσα,craftsman,craftsman photo,generated
1014,5,Επαγγέλματα - Εργασιακός χώρος,Ουσιαστικά,noun,,μεροκάματο,day's pay,day's pay photo,generated
1015,5,Επαγγέλματα - Εργασιακός χώρος,Ουσιαστικά,noun,,μισθός,salary,salary photo,generated
1016,5,Επαγγέλματα - Εργασιακός χώρος,Ουσιαστικά,noun,,παραγωγικότητα,productivity,productivity photo,generated
1017,5,Επαγγέλματα - Εργασιακός χώρος,Ουσιαστικά,noun,,παραίτηση,resignation,resignation photo,generated
1018,5,Επαγγέλματα - Εργασιακός χώρος,Ουσιαστικά,noun,,πελατεία,patronage,patronage photo,generated
1019,5,Επαγγέλματα - Εργασιακός χώρος,Ουσιαστικά,noun,,πελάτης,customer,customer photo,generated
1020,5,Επαγγέλματα - Εργασιακός χώρος,Ουσιαστικά,noun,,πελάτισσα,female customer,female customer photo,generated
1021,5,Επαγγέλματα - Εργασιακός χώρος,Ουσιαστικά,noun,,προϊστάμενος,one that has higher rank in division of corporation,one that has higher rank in division of corporation photo,generated
1022,5,Επαγγέλματα - Εργασιακός χώρος,Ουσιαστικά,noun,,πρόσληψη,,,no_english
1023,5,Επαγγέλματα - Εργασιακός χώρος,Ουσιαστικά,noun,,προσωπικό,Nominative,Nominative photo,generated
1024,5,Επαγγέλματα - Εργασιακός χώρος,Ουσιαστικά,noun,,σταδιοδρομία,career,career photo,generated
1025,5,Επαγγέλματα - Εργασιακός χώρος,Ουσιαστικά,noun,,στέλεχος,official,official photo,generated
1026,5,Επαγγέλματα - Εργασιακός χώρος,Ουσιαστικά,noun,,σύμβασηεργασίας,,,no_english
1027,5,Επαγγέλματα - Εργασιακός χώρος,Ουσιαστικά,noun,,σύνταξη,syntax,syntax photo,generated
1028,5,Επαγγέλματα - Εργασιακός χώρος,Ουσιαστικά,noun,,συνταξιούχος,pensioner,pensioner photo,generated
1029,5,Επαγγέλματα - Εργασιακός χώρος,Ουσιαστικά,noun,,ταμείοανεργίας,,,no_english
1030,5,Επαγγέλματα - Εργασιακός χώρος,Ουσιαστικά,noun,,υπερωρία,overtime work,overtime work photo,generated
1031,5,Επαγγέλματα - Εργασιακός χώρος,Ουσιαστικά,noun,,υπεύθυνος-η(καταστήματος),responsible,responsible photo,generated
1032,5,Επαγγέλματα - Εργασιακός χώρος,Ουσιαστικά,noun,,φορολογία,taxation,taxation photo,generated
1033,5,Επαγγέλματα - Εργασιακός χώρος,Ουσιαστικά,noun,,φόρος,tribute,tribute photo,generated
1034,5,Επαγγέλματα - Εργασιακός χώρος,Ουσιαστικά,noun,,φορολογούμενος,,,no_english
1035,5,Επαγγέλματα - Εργασιακός χώρος,Ουσιαστικά,noun,,ταεπαγγέλματα,,,no_english
1036,5,Επαγγέλματα - Εργασιακός χώρος,Ουσιαστικά,noun,,αγρότης,farmer,farmer photo,generated
1037,5,Επαγγέλματα - Εργασιακός χώρος,Ουσιαστικά,noun,,αγρότισσα,farmer,farmer photo,generated
1038,5,Επαγγέλματα - Εργασιακός χώρος,Ουσιαστικά,noun,,αεοσυνοδός,,,no_english
1039,5,Επαγγέλματα - Εργασιακός χώρος,Ουσιαστικά,noun,,αισθητικός,aesthetic,aesthetic photo,generated
1040,5,Επαγγέλματα - Εργασιακός χώρος,Ουσιαστικά,noun,,ανθοπώλης,florist,florist photo,generated
1041,5,Επαγγέλματα - Εργασιακός χώρος,Ουσιαστικά,noun,,ανθοπώλισσα,florist,florist photo,generated
1042,5,Επαγγέλματα - Εργασιακός χώρος,Ουσιαστικά,noun,,αρτοποιός,baker,baker photo,generated
1043,5,Επαγγέλματα - Εργασιακός χώρος,Ουσιαστικά,noun,,αρχιτέκτονας,architect,architect photo,generated
1044,5,Επαγγέλματα - Εργασιακός χώρος,Ουσιαστικά,noun,,αρχιτεκτόνισσα,architect,architect photo,generated
1045,5,Επαγγέλματα - Εργασιακός χώρος,Ουσιαστικά,noun,,βιβλιοπώλης,bookseller,bookseller photo,generated
1046,5,Επαγγέλματα - Εργασιακός χώρος,Ουσιαστικά,noun,,βιομήχανος,industrialist,industrialist photo,generated
1047,5,Επαγγέλματα - Εργασιακός χώρος,Ουσιαστικά,noun,,βιοτέχνης,craftsman,craftsman photo,generated
1048,5,Επαγγέλματα - Εργασιακός χώρος,Ουσιαστικά,noun,,γαζωτής,,,no_english
1049,5,Επαγγέλματα - Εργασιακός χώρος,Ουσιαστικά,noun,,γαζώτρια,,,no_english
1050,5,Επαγγέλματα - Εργασιακός χώρος,Ουσιαστικά,noun,,γιατρός,doctor,doctor photo,generated
1051,5,Επαγγέλματα - Εργασιακός χώρος,Ουσιαστικά,noun,,γουναράς,,,no_english
1052,5,Επαγγέλματα - Εργασιακός χώρος,Ουσιαστικά,noun,,γραμματέας,secretary,secretary photo,generated
1053,5,Επαγγέλματα - Εργασιακός χώρος,Ουσιαστικά,noun,,γραφίστας,,,no_english
1054,5,Επαγγέλματα - Εργασιακός χώρος,Ουσιαστικά,noun,,γυμναστής,gymnast,gymnast photo,generated
1055,5,Επαγγέλματα - Εργασιακός χώρος,Ουσιαστικά,noun,,γυμνάστρια,gymnast,gymnast photo,generated
1056,5,Επαγγέλματα - Εργασιακός χώρος,Ουσιαστικά,noun,,δακτυλογράφος,typist,typist photo,generated
1057,5,Επαγγέλματα - Εργασιακός χώρος,Ουσιαστικά,noun,,δασκάλα,female teacher,female teacher photo,generated
1058,5,Επαγγέλματα - Εργασιακός χώρος,Ουσιαστικά,noun,,δάσκαλος,teacher,teacher photo,generated
1059,5,Επαγγέλματα - Εργασιακός χώρος,Ουσιαστικά,noun,,δημοσιογράφος,journalist,journalist photo,generated
1060,5,Επαγγέλματα - Εργασιακός χώρος,Ουσιαστικά,noun,,διακοσμητής,,,no_english
1061,5,Επαγγέλματα - Εργασιακός χώρος,Ουσιαστικά,noun,,διακοσμήτρια,,,no_english
1062,5,Επαγγέλματα - Εργασιακός χώρος,Ουσιαστικά,noun,,διαφημιστής,advertiser,advertiser photo,generated
1063,5,Επαγγέλματα - Εργασιακός χώρος,Ουσιαστικά,noun,,διαφημίστρια,advertiser,advertiser photo,generated
1064,5,Επαγγέλματα - Εργασιακός χώρος,Ουσιαστικά,noun,,διερμηνέας,interpreter,interpreter photo,generated
1065,5,Επαγγέλματα - Εργασιακός χώρος,Ουσιαστικά,noun,,δικαστής,judge,judge photo,generated
1066,5,Επαγγέλματα - Εργασιακός χώρος,Ουσιαστικά,noun,,δικηγόρος,attorney,attorney photo,generated
1067,5,Επαγγέλματα - Εργασιακός χώρος,Ουσιαστικά,noun,,εισαγωγέας,,,no_english
1068,5,Επαγγέλματα - Εργασιακός χώρος,Ουσιαστικά,noun,,εισπράκτορας,ticket collector,ticket collector photo,generated
1069,5,Επαγγέλματα - Εργασιακός χώρος,Ουσιαστικά,noun,,ελεγκτής,auditor,auditor photo,generated
1070,5,Επαγγέλματα - Εργασιακός χώρος,Ουσιαστικά,noun,,εξαγωγέας,,,no_english
1071,5,Επαγγέλματα - Εργασιακός χώρος,Ουσιαστικά,noun,,εμπορικόςαντιπρόσωπος,,,no_english
1072,5,Επαγγέλματα - Εργασιακός χώρος,Ουσιαστικά,noun,,έμπορος,merchant,merchant photo,generated
1073,5,Επαγγέλματα - Εργασιακός χώρος,Ουσιαστικά,noun,,εμπόρισσα,merchant,merchant photo,generated
1074,5,Επαγγέλματα - Εργασιακός χώρος,Ουσιαστικά,noun,,επιπλοποιός,cabinet maker,cabinet maker photo,generated
1075,5,Επαγγέλματα - Εργασιακός χώρος,Ουσιαστικά,noun,,επιχειρηματίας,businessman,businessman photo,generated
1076,5,Επαγγέλματα - Εργασιακός χώρος,Ουσιαστικά,noun,,εργάτης,male worker,male worker photo,generated
1077,5,Επαγγέλματα - Εργασιακός χώρος,Ουσιαστικά,noun,,εργάτρια,female worker,female worker photo,generated
1078,5,Επαγγέλματα - Εργασιακός χώρος,Ουσιαστικά,noun,,ζαχαροπλάστης,confectioner,confectioner photo,generated
1079,5,Επαγγέλματα - Εργασιακός χώρος,Ουσιαστικά,noun,,ζωγράφος,painter,painter photo,generated
1080,5,Επαγγέλματα - Εργασιακός χώρος,Ουσιαστικά,noun,,ηθοποιός,actor,actor photo,generated
1081,5,Επαγγέλματα - Εργασιακός χώρος,Ουσιαστικά,noun,,ηλεκτρολόγος,electrician,electrician photo,generated
1082,5,Επαγγέλματα - Εργασιακός χώρος,Ουσιαστικά,noun,,ηλεκτρονικός,electronic,electronic photo,generated
1083,5,Επαγγέλματα - Εργασιακός χώρος,Ουσιαστικά,noun,,ηχολήπτης,,,no_english
1084,5,Επαγγέλματα - Εργασιακός χώρος,Ουσιαστικά,noun,,ηχολήπτρια,,,no_english
1085,5,Επαγγέλματα - Εργασιακός χώρος,Ουσιαστικά,noun,,"θυρωρός,ο,η .",,,no_english
1086,5,Επαγγέλματα - Εργασιακός χώρος,Ουσιαστικά,noun,,ιχθυοπώλης,fishmonger,fishmonger photo,generated
1087,5,Επαγγέλματα - Εργασιακός χώρος,Ουσιαστικά,noun,,καθηγητής,professor,professor photo,generated
1088,5,Επαγγέλματα - Εργασιακός χώρος,Ουσιαστικά,noun,,καθηγήτρια,professor,professor photo,generated
1089,5,Επαγγέλματα - Εργασιακός χώρος,Ουσιαστικά,noun,,καπετάνιος,captain,captain photo,generated
1090,5,Επαγγέλματα - Εργασιακός χώρος,Ουσιαστικά,noun,,καφεπώλης,,,no_english
1091,5,Επαγγέλματα - Εργασιακός χώρος,Ουσιαστικά,noun,,κλητήρας,,,no_english
1092,5,Επαγγέλματα - Εργασιακός χώρος,Ουσιαστικά,noun,,κοινωνιολόγος,,,no_english
1093,5,Επαγγέλματα - Εργασιακός χώρος,Ουσιαστικά,noun,,κομμωτής,hairdresser,hairdresser photo,generated
1094,5,Επαγγέλματα - Εργασιακός χώρος,Ουσιαστικά,noun,,κομμώτρια,hairdresser,hairdresser photo,generated
1095,5,Επαγγέλματα - Εργασιακός χώρος,Ουσιαστικά,noun,,κουρέας,barber,barber photo,generated
1096,5,Επαγγέλματα - Εργασιακός χώρος,Ουσιαστικά,noun,,κρεοπώλης,butcher,butcher photo,generated
1097,5,Επαγγέλματα - Εργασιακός χώρος,Ουσιαστικά,noun,,λογιστής,accountant,accountant photo,generated
1098,5,Επαγγέλματα - Εργασιακός χώρος,Ουσιαστικά,noun,,λογίστρια,accountant,accountant photo,generated
1099,5,Επαγγέλματα - Εργασιακός χώρος,Ουσιαστικά,noun,,μάγειρας,cook,cook photo,generated
1100,5,Επαγγέλματα - Εργασιακός χώρος,Ουσιαστικά,noun,,μαγείρισσα,cook,cook photo,generated
1101,5,Επαγγέλματα - Εργασιακός χώρος,Ουσιαστικά,noun,,μαέστρος,conductor,conductor photo,generated
1102,5,Επαγγέλματα - Εργασιακός χώρος,Ουσιαστικά,noun,,μανάβης,greengrocer,greengrocer photo,generated
1103,5,Επαγγέλματα - Εργασιακός χώρος,Ουσιαστικά,noun,,μανάβισσα,female greengrocer,female greengrocer photo,generated
1104,5,Επαγγέλματα - Εργασιακός χώρος,Ουσιαστικά,noun,,μάστορας,craftsman,craftsman photo,generated
1105,5,Επαγγέλματα - Εργασιακός χώρος,Ουσιαστικά,noun,,μεταφραστής,translator,translator photo,generated
1106,5,Επαγγέλματα - Εργασιακός χώρος,Ουσιαστικά,noun,,μεταφράστρια,translator,translator photo,generated
1107,5,Επαγγέλματα - Εργασιακός χώρος,Ουσιαστικά,noun,,μηχανικός,mechanical,mechanical photo,generated
1108,5,Επαγγέλματα - Εργασιακός χώρος,Ουσιαστικά,noun,,μοδίστρα,tailor,tailor photo,generated
1109,5,Επαγγέλματα - Εργασιακός χώρος,Ουσιαστικά,noun,,μόδιστρος,,,no_english
1110,5,Επαγγέλματα - Εργασιακός χώρος,Ουσιαστικά,noun,,μουσικός,musical,musical photo,generated
1111,5,Επαγγέλματα - Εργασιακός χώρος,Ουσιαστικά,noun,,μπακάλης,grocer,grocer photo,generated
1112,5,Επαγγέλματα - Εργασιακός χώρος,Ουσιαστικά,noun,,ναυτικός,marine,marine photo,generated
1113,5,Επαγγέλματα - Εργασιακός χώρος,Ουσιαστικά,noun,,νηπιαγωγός,nursery nurse,nursery nurse photo,generated
1114,5,Επαγγέλματα - Εργασιακός χώρος,Ουσιαστικά,noun,,νομικόςσύμβουλος,,,no_english
1115,5,Επαγγέλματα - Εργασιακός χώρος,Ουσιαστικά,noun,,νοσοκόμα,nurse,nurse photo,generated
1116,5,Επαγγέλματα - Εργασιακός χώρος,Ουσιαστικά,noun,,νοσοκόμος,male nurse,male nurse photo,generated
1117,5,Επαγγέλματα - Εργασιακός χώρος,Ουσιαστικά,noun,,ξεναγός,guide,guide photo,generated
1118,5,Επαγγέλματα - Εργασιακός χώρος,Ουσιαστικά,noun,,ξενοδόχος,hotelier,hotelier photo,generated
1119,5,Επαγγέλματα - Εργασιακός χώρος,Ουσιαστικά,noun,,οδηγός,driver,driver photo,generated
1120,5,Επαγγέλματα - Εργασιακός χώρος,Ουσιαστικά,noun,,οδοντίατρος,dentist,dentist photo,generated
1121,5,Επαγγέλματα - Εργασιακός χώρος,Ουσιαστικά,noun,,οδοντοτεχνίτης,,,no_english
1122,5,Επαγγέλματα - Εργασιακός χώρος,Ουσιαστικά,noun,,οικοδόμος,builder,builder photo,generated
1123,5,Επαγγέλματα - Εργασιακός χώρος,Ουσιαστικά,noun,,οικονομολόγος,,,no_english
1124,5,Επαγγέλματα - Εργασιακός χώρος,Ουσιαστικά,noun,,παντοπώλης,grocer,grocer photo,generated
1125,5,Επαγγέλματα - Εργασιακός χώρος,Ουσιαστικά,noun,,περιπτεράς,kiosk owner,kiosk owner photo,generated
1126,5,Επαγγέλματα - Εργασιακός χώρος,Ουσιαστικά,noun,,περιπτερού,kiosk owner,kiosk owner photo,generated
1127,5,Επαγγέλματα - Εργασιακός χώρος,Ουσιαστικά,noun,,πιλότος,pilot,pilot photo,generated
1128,5,Επαγγέλματα - Εργασιακός χώρος,Ουσιαστικά,noun,,πλασιέ,salesman,salesman photo,generated
1129,5,Επαγγέλματα - Εργασιακός χώρος,Ουσιαστικά,noun,,πλοίαρχος,captain in Royal Navy and in US navy,captain in Royal Navy and in US navy photo,generated
1130,5,Επαγγέλματα - Εργασιακός χώρος,Ουσιαστικά,noun,,πολιτικόςμηχανικός,,,no_english
1131,5,Επαγγέλματα - Εργασιακός χώρος,Ουσιαστικά,noun,,πωλητής,seller,seller photo,generated
1132,5,Επαγγέλματα - Εργασιακός χώρος,Ουσιαστικά,noun,,πωλήτρια,seller,seller photo,generated
1133,5,Επαγγέλματα - Εργασιακός χώρος,Ουσιαστικά,noun,,ράφτης,,,no_english
1134,5,Επαγγέλματα - Εργασιακός χώρος,Ουσιαστικά,noun,,ράφτρα,,,no_english
1135,5,Επαγγέλματα - Εργασιακός χώρος,Ουσιαστικά,noun,,σερβιτόρα,female waiter,female waiter photo,generated
1136,5,Επαγγέλματα - Εργασιακός χώρος,Ουσιαστικά,noun,,σερβιτόρος,male waiter,male waiter photo,generated
1137,5,Επαγγέλματα - Εργασιακός χώρος,Ουσιαστικά,noun,,σεφ,,,no_english
1138,5,Επαγγέλματα - Εργασιακός χώρος,Ουσιαστικά,noun,,σκηνογράφος,,,no_english
1139,5,Επαγγέλματα - Εργασιακός χώρος,Ουσιαστικά,noun,,σκηνοθέτης,director,director photo,generated
1140,5,Επαγγέλματα - Εργασιακός χώρος,Ουσιαστικά,noun,,στρατιωτικός,military,military photo,generated
1141,5,Επαγγέλματα - Εργασιακός χώρος,Ουσιαστικά,noun,,συγγραφέας,writer,writer photo,generated
1142,5,Επαγγέλματα - Εργασιακός χώρος,Ουσιαστικά,noun,,συνεργείοκαθαρισμού,,,no_english
1143,5,Επαγγέλματα - Εργασιακός χώρος,Ουσιαστικά,noun,,σχεδιαστής,designer,designer photo,generated
1144,5,Επαγγέλματα - Εργασιακός χώρος,Ουσιαστικά,noun,,σχεδιάστρια,designer,designer photo,generated
1145,5,Επαγγέλματα - Εργασιακός χώρος,Ουσιαστικά,noun,,ταμίας,cashier,cashier photo,generated
1146,5,Επαγγέλματα - Εργασιακός χώρος,Ουσιαστικά,noun,,ταξιτζής,taxi driver,taxi driver photo,generated
1147,5,Επαγγέλματα - Εργασιακός χώρος,Ουσιαστικά,noun,,ταξιτζού,taxi driver,taxi driver photo,generated
1148,5,Επαγγέλματα - Εργασιακός χώρος,Ουσιαστικά,noun,,τεχνίτης,technician,technician photo,generated
1149,5,Επαγγέλματα - Εργασιακός χώρος,Ουσιαστικά,noun,,τηλεπαρουσιαστής,,,no_english
1150,5,Επαγγέλματα - Εργασιακός χώρος,Ουσιαστικά,noun,,τηλεπαρουσιάστρια,,,no_english
1151,5,Επαγγέλματα - Εργασιακός χώρος,Ουσιαστικά,noun,,τραγουδιστής,singer,singer photo,generated
1152,5,Επαγγέλματα - Εργασιακός χώρος,Ουσιαστικά,noun,,τραγουδίστρια,singer,singer photo,generated
1153,5,Επαγγέλματα - Εργασιακός χώρος,Ουσιαστικά,noun,,τσαγκάρης,maker or repairer of shoes or sandals,maker or repairer of shoes or sandals photo,generated
1154,5,Επαγγέλματα - Εργασιακός χώρος,Ουσιαστικά,noun,,υδραυλικός,hydraulic,hydraulic photo,generated
1155,5,Επαγγέλματα - Εργασιακός χώρος,Ουσιαστικά,noun,,φυσικοθεραπευτής,,,no_english
1156,5,Επαγγέλματα - Εργασιακός χώρος,Ουσιαστικά,noun,,φυσικοθεραπεύτρια,,,no_english
1157,5,Επαγγέλματα - Εργασιακός χώρος,Ουσιαστικά,noun,,φωτογράφος,photographer,photographer photo,generated
1158,5,Επαγγέλματα - Εργασιακός χώρος,Ουσιαστικά,noun,,χασάπης,butcher,butcher photo,generated
1159,5,Επαγγέλματα - Εργασιακός χώρος,Ουσιαστικά,noun,,χορευτής,dancer,dancer photo,generated
1160,5,Επαγγέλματα - Εργασιακός χώρος,Ουσιαστικά,noun,,χορεύτρια,dancer,dancer photo,generated
1161,5,Επαγγέλματα - Εργασιακός χώρος,Ουσιαστικά,noun,,χρυσοχόος,goldsmith,goldsmith photo,generated
1162,5,Επαγγέλματα - Εργασιακός χώρος,Ουσιαστικά,noun,,ψαράς,fisherman,fisherman photo,generated
1163,5,Επαγγέλματα - Εργασιακός χώρος,Ουσιαστικά,noun,,ψιλικατζής,,,no_english
1164,5,Επαγγέλματα - Εργασιακός χώρος,Ουσιαστικά,noun,,ψιλικατζού,,,no_english
1165,5,Επαγγέλματα - Εργασιακός χώρος,Ουσιαστικά,noun,,ψυχολόγος,psychologist,psychologist photo,generated
1166,5,Επαγγέλματα - Εργασιακός χώρος,Επίθετα,adjective,,ανειδίκευτος-η-ο,unskilled,unskilled example photo,generated
1167,5,Επαγγέλματα - Εργασιακός χώρος,Επίθετα,adjective,,ανεύθυνος-η-ο,irresponsible,irresponsible example photo,generated
1168,5,Επαγγέλματα - Εργασιακός χώρος,Επίθετα,adjective,,ανίκανος-η-ο,incompetent,incompetent example photo,generated
1169,5,Επαγγέλματα - Εργασιακός χώρος,Επίθετα,adjective,,αποδοτικός-ή-ό,productive,productive example photo,generated
1170,5,Επαγγέλματα - Εργασιακός χώρος,Επίθετα,adjective,,ασυνείδητος-η-ο,,,no_english
1171,5,Επαγγέλματα - Εργασιακός χώρος,Επίθετα,adjective,,ασυνεπής-ής-ές,,,no_english
1172,5,Επαγγέλματα - Εργασιακός χώρος,Επίθετα,adjective,,ειδικευμένος-η-ο,,,no_english
1173,5,Επαγγέλματα - Εργασιακός χώρος,Επίθετα,adjective,,εξειδικευμένος-η-ο,,,no_english
1174,5,Επαγγέλματα - Εργασιακός χώρος,Επίθετα,adjective,,εξυπηρετικός-ή-ό,,,no_english
1175,5,Επαγγέλματα - Εργασιακός χώρος,Επίθετα,adjective,,έξυπνος-η-ο,clever,clever example photo,generated
1176,5,Επαγγέλματα - Εργασιακός χώρος,Επίθετα,adjective,,επαγγελματικός-ή-ό,professional,professional example photo,generated
1177,5,Επαγγέλματα - Εργασιακός χώρος,Επίθετα,adjective,,επιδέξιος-α-ο,,,no_english
1178,5,Επαγγέλματα - Εργασιακός χώρος,Επίθετα,adjective,,εργατικός-ή-ό,hard-working,hard-working example photo,generated
1179,5,Επαγγέλματα - Εργασιακός χώρος,Επίθετα,adjective,,ευγενικός-ή-ό,polite,polite example photo,generated
1180,5,Επαγγέλματα - Εργασιακός χώρος,Επίθετα,adjective,,ευσυνείδητος-η-ο,,,no_english
1181,5,Επαγγέλματα - Εργασιακός χώρος,Επίθετα,adjective,,ικανός-ή-ό,able,able example photo,generated
1182,5,Επαγγέλματα - Εργασιακός χώρος,Επίθετα,adjective,,κακός-ή(ιά)-ό,"bad, evil, ill, wicked",,needs_review
1183,5,Επαγγέλματα - Εργασιακός χώρος,Επίθετα,adjective,,καλός-ή-ό,good,good example photo,generated
1184,5,Επαγγέλματα - Εργασιακός χώρος,Επίθετα,adjective,,οικονομικός-ή-ό,economic,economic example photo,generated
1185,5,Επαγγέλματα - Εργασιακός χώρος,Επίθετα,adjective,,παραγωγικός-ή-ό,fertile,fertile example photo,generated
1186,5,Επαγγέλματα - Εργασιακός χώρος,Επίθετα,adjective,,περίφημος-η-ο,famous,famous example photo,generated
1187,5,Επαγγέλματα - Εργασιακός χώρος,Επίθετα,adjective,,ποιοτικός-ή-ό,qualitative,qualitative example photo,generated
1188,5,Επαγγέλματα - Εργασιακός χώρος,Επίθετα,adjective,,προικισμένος-η-ο,,,no_english
1189,5,Επαγγέλματα - Εργασιακός χώρος,Επίθετα,adjective,,προκομμένος-η-ο,progress,progress example photo,generated
1190,5,Επαγγέλματα - Εργασιακός χώρος,Επίθετα,adjective,,συνεπής-ής-ές,consistent,consistent example photo,generated
1191,5,Επαγγέλματα - Εργασιακός χώρος,Επίθετα,adjective,,τακτικός-ή-ό,usual,usual example photo,generated
1192,5,Επαγγέλματα - Εργασιακός χώρος,Επίθετα,adjective,,ταλαντούχος-α-ο,talented,talented example photo,generated
1193,5,Επαγγέλματα - Εργασιακός χώρος,Επίθετα,adjective,,τεμπέλης-α-ικο,lazy,lazy example photo,generated
1194,5,Επαγγέλματα - Εργασιακός χώρος,Επίθετα,adjective,,υπεύθυνος-η-ο,responsible,responsible example photo,generated
1195,5,Επαγγέλματα - Εργασιακός χώρος,Επίθετα,adjective,,χειρωνακτικός-ή-ό,,,no_english
1196,5,Επαγγέλματα - Εργασιακός χώρος,Ρήματα,verb,,αγοράζω,"buy, purchase",,needs_review
1197,5,Επαγγέλματα - Εργασιακός χώρος,Ρήματα,verb,,απασχολώ-ούμαι,employ,employ action photo,generated
1198,5,Επαγγέλματα - Εργασιακός χώρος,Ρήματα,verb,,απεργώ,strike,strike action photo,generated
1199,5,Επαγγέλματα - Εργασιακός χώρος,Ρήματα,verb,,αποδίδω,attribute,attribute action photo,generated
1200,5,Επαγγέλματα - Εργασιακός χώρος,Ρήματα,verb,,απολύω-ομαι,release,release action photo,generated
1201,5,Επαγγέλματα - Εργασιακός χώρος,Ρήματα,verb,,αποταμιεύω,save,save action photo,generated
1202,5,Επαγγέλματα - Εργασιακός χώρος,Ρήματα,verb,,ασκώεπάγγελμα,,,no_english
1203,5,Επαγγέλματα - Εργασιακός χώρος,Ρήματα,verb,,βρίσκωδουλειά,,,no_english
1204,5,Επαγγέλματα - Εργασιακός χώρος,Ρήματα,verb,,δακτυλογραφώ,type,type action photo,generated
1205,5,Επαγγέλματα - Εργασιακός χώρος,Ρήματα,verb,,διαφημίζω-ομαι,advertise,advertise action photo,generated
1206,5,Επαγγέλματα - Εργασιακός χώρος,Ρήματα,verb,,διδάσκω-ομαι,teach,teach action photo,generated
1207,5,Επαγγέλματα - Εργασιακός χώρος,Ρήματα,verb,,διευθύνω-ομαι,manage,manage action photo,generated
1208,5,Επαγγέλματα - Εργασιακός χώρος,Ρήματα,verb,,δικάζω-ομαι,to judge,to judge action photo,generated
1209,5,Επαγγέλματα - Εργασιακός χώρος,Ρήματα,verb,,δουλεύω,work,work action photo,generated
1210,5,Επαγγέλματα - Εργασιακός χώρος,Ρήματα,verb,,είμαιάνεργος,,,no_english
1211,5,Επαγγέλματα - Εργασιακός χώρος,Ρήματα,verb,,εισάγω-ομαι,import,import action photo,generated
1212,5,Επαγγέλματα - Εργασιακός χώρος,Ρήματα,verb,,εμπορεύομαι,trade,trade action photo,generated
1213,5,Επαγγέλματα - Εργασιακός χώρος,Ρήματα,verb,,εξάγω-ομαι,export,export action photo,generated
1214,5,Επαγγέλματα - Εργασιακός χώρος,Ρήματα,verb,,εξειδικεύομαι,,,no_english
1215,5,Επαγγέλματα - Εργασιακός χώρος,Ρήματα,verb,,εξετάζω-ομαι,examine,examine action photo,generated
1216,5,Επαγγέλματα - Εργασιακός χώρος,Ρήματα,verb,,εξυπηρετώ-ούμαι,provide service,provide service action photo,generated
1217,5,Επαγγέλματα - Εργασιακός χώρος,Ρήματα,verb,,επιδιορθώνω-ομαι,repair,repair action photo,generated
1218,5,Επαγγέλματα - Εργασιακός χώρος,Ρήματα,verb,,επιδοτώ-ούμαι,,,no_english
1219,5,Επαγγέλματα - Εργασιακός χώρος,Ρήματα,verb,,επισκευάζω-ομαι,repair,repair action photo,generated
1220,5,Επαγγέλματα - Εργασιακός χώρος,Ρήματα,verb,,εργάζομαι,work,work action photo,generated
1221,5,Επαγγέλματα - Εργασιακός χώρος,Ρήματα,verb,,ερμηνεύωέναρόλο,,,no_english
1222,5,Επαγγέλματα - Εργασιακός χώρος,Ρήματα,verb,,ζωγραφίζω,draw,draw action photo,generated
1223,5,Επαγγέλματα - Εργασιακός χώρος,Ρήματα,verb,,θεραπεύω-ομαι,heal,heal action photo,generated
1224,5,Επαγγέλματα - Εργασιακός χώρος,Ρήματα,verb,,κατασκευάζω-ομαι,make,make action photo,generated
1225,5,Επαγγέλματα - Εργασιακός χώρος,Ρήματα,verb,,κουρεύω-ομαι,cut hair,cut hair action photo,generated
1226,5,Επαγγέλματα - Εργασιακός χώρος,Ρήματα,verb,,μεταφράζω-ομαι,translate,translate action photo,generated
1227,5,Επαγγέλματα - Εργασιακός χώρος,Ρήματα,verb,,ξεναγώ,show around,show around action photo,generated
1228,5,Επαγγέλματα - Εργασιακός χώρος,Ρήματα,verb,,οδηγώ,drive,drive action photo,generated
1229,5,Επαγγέλματα - Εργασιακός χώρος,Ρήματα,verb,,παράγω-ομαι,produce,produce action photo,generated
1230,5,Επαγγέλματα - Εργασιακός χώρος,Ρήματα,verb,,παραιτούμαι,resign,resign action photo,generated
1231,5,Επαγγέλματα - Εργασιακός χώρος,Ρήματα,verb,,πιάνωδουλειά,,,no_english
1232,5,Επαγγέλματα - Εργασιακός χώρος,Ρήματα,verb,,πουλώ,less frequent,less frequent action photo,generated
1233,5,Επαγγέλματα - Εργασιακός χώρος,Ρήματα,verb,,προσλαμβάνω-ομαι,hire,hire action photo,generated
1234,5,Επαγγέλματα - Εργασιακός χώρος,Ρήματα,verb,,ράβω-ομαι,see → ράβομαι,see → ράβομαι action photo,generated
1235,5,Επαγγέλματα - Εργασιακός χώρος,Ρήματα,verb,,σερβίρω-ομαι,wait tables,wait tables action photo,generated
1236,5,Επαγγέλματα - Εργασιακός χώρος,Ρήματα,verb,,σκηνοθετώ,,,no_english
1237,5,Επαγγέλματα - Εργασιακός χώρος,Ρήματα,verb,,σχεδιάζω-ομαι,draw,draw action photo,generated
1238,5,Επαγγέλματα - Εργασιακός χώρος,Ρήματα,verb,,υπογράφω(σύμβαση),sign,sign action photo,generated
1239,5,Επαγγέλματα - Εργασιακός χώρος,Ρήματα,verb,,υπολογίζω-ομαι,calculate,calculate action photo,generated
1240,5,Επαγγέλματα - Εργασιακός χώρος,Ρήματα,verb,,φτιάχνω-ομαι,make,make action photo,generated
1241,5,Επαγγέλματα - Εργασιακός χώρος,Ρήματα,verb,,χορεύω,dance,dance action photo,generated
1242,5,Επαγγέλματα - Εργασιακός χώρος,Ρήματα,verb,,χρηματοδοτώ,fund,fund action photo,generated
1243,5,Επαγγέλματα - Εργασιακός χώρος,Ρήματα,verb,,χτενίζω-ομαι,comb,comb action photo,generated
1244,5,Επαγγέλματα - Εργασιακός χώρος,Ρήματα,verb,,ψάχνωδουλειά,,,no_english
1245,5,Επαγγέλματα - Εργασιακός χώρος,Εκφράσεις,phrase,,"«Αργία,μητήρπάσηςκακίας»",,,no_english
1246,5,Επαγγέλματα - Εργασιακός χώρος,Εκφράσεις,phrase,,«Μάθετέχνηκιάσ’τηνακιάμαπεινάσειςπιάσ’τηνα!»,,,no_english
1247,5,Επαγγέλματα - Εργασιακός χώρος,Εκφράσεις,phrase,,∆ουλειάμεφούντες!,,,no_english
1248,5,Επαγγέλματα - Εργασιακός χώρος,Εκφράσεις,phrase,,Κερδίζωτοψωμίμου.,,,no_english
1249,5,Επαγγέλματα - Εργασιακός χώρος,Εκφράσεις,phrase,,«ταπροςτοζην»,,,no_english
1250,5,Επαγγέλματα - Εργασιακός χώρος,Εκφράσεις,phrase,,Είναιάπιαστοςστηδουλειάτου,,,no_english
1251,5,Επαγγέλματα - Εργασιακός χώρος,Εκφράσεις,phrase,,Είναιπρώτοςστοείδοςτου,,,no_english
1252,5,Επαγγέλματα - Εργασιακός χώρος,Εκφράσεις,phrase,,∆ουλεύεισανείλωτας,,,no_english
1253,5,Επαγγέλματα - Εργασιακός χώρος,Εκφράσεις,phrase,,"«Βιαστικήδουλειά,δυοφορέςδουλειά»",,,no_english
1254,6,Διατροφή,Ουσιαστικά,noun,,αλάτι,common salt,common salt photo,generated
1255,6,Διατροφή,Ουσιαστικά,noun,,αλατοπίπερο,salt and pepper,salt and pepper photo,generated
1256,6,Διατροφή,Ουσιαστικά,noun,,άνηθος,dill,dill photo,generated
1257,6,Διατροφή,Ουσιαστικά,noun,,αλεύρι,flour,flour photo,generated
1258,6,Διατροφή,Ουσιαστικά,noun,,αρνάκι,lamb,lamb photo,generated
1259,6,Διατροφή,Ουσιαστικά,noun,,αρνί,lamb,lamb photo,generated
1260,6,Διατροφή,Ουσιαστικά,noun,,αυγό,(literary) Alternative form of αβγό (avgó),,needs_review
1261,6,Διατροφή,Ουσιαστικά,noun,,βοδινό,beef,beef photo,generated
1262,6,Διατροφή,Ουσιαστικά,noun,,βραδινό,evening meal,evening meal photo,generated
1263,6,Διατροφή,Ουσιαστικά,noun,,γαλοπούλα,Nominative,Nominative photo,generated
1264,6,Διατροφή,Ουσιαστικά,noun,,γεύμα,meal,meal photo,generated
1265,6,Διατροφή,Ουσιαστικά,noun,,γεύση,taste,taste photo,generated
1266,6,Διατροφή,Ουσιαστικά,noun,,δάφνη,laurel,laurel photo,generated
1267,6,Διατροφή,Ουσιαστικά,noun,,δείπνο,evening meal,evening meal photo,generated
1268,6,Διατροφή,Ουσιαστικά,noun,,ελιά,olive,olive photo,generated
1269,6,Διατροφή,Ουσιαστικά,noun,,επιδόρπιο,dessert,dessert photo,generated
1270,6,Διατροφή,Ουσιαστικά,noun,,εστιατόριο,restaurant,restaurant photo,generated
1271,6,Διατροφή,Ουσιαστικά,noun,,ζάχαρη,sugar,sugar photo,generated
1272,6,Διατροφή,Ουσιαστικά,noun,,ζυμαρικά,Nominative,Nominative photo,generated
1273,6,Διατροφή,Ουσιαστικά,noun,,κατάλογος,catalogue,catalogue photo,generated
1274,6,Διατροφή,Ουσιαστικά,noun,,κατσικάκι,goat meat,goat meat photo,generated
1275,6,Διατροφή,Ουσιαστικά,noun,,κέτσαπ,ketchup,ketchup photo,generated
1276,6,Διατροφή,Ουσιαστικά,noun,,κιμάς,mince,mince photo,generated
1277,6,Διατροφή,Ουσιαστικά,noun,,κολατσό,snack,snack photo,generated
1278,6,Διατροφή,Ουσιαστικά,noun,,κότα,chicken,chicken photo,generated
1279,6,Διατροφή,Ουσιαστικά,noun,,κοτόπουλο,chicken,chicken photo,generated
1280,6,Διατροφή,Ουσιαστικά,noun,,κουζίνα,kitchen,kitchen photo,generated
1281,6,Διατροφή,Ουσιαστικά,noun,,κουταλάκι,small spoon,small spoon photo,generated
1282,6,Διατροφή,Ουσιαστικά,noun,,κουτάλι,spoon,spoon photo,generated
1283,6,Διατροφή,Ουσιαστικά,noun,,κρεατικά,,,no_english
1284,6,Διατροφή,Ουσιαστικά,noun,,κρέπα,,,no_english
1285,6,Διατροφή,Ουσιαστικά,noun,,κριθαράκι,orzo pasta,orzo pasta photo,generated
1286,6,Διατροφή,Ουσιαστικά,noun,,κρύοπιάτο,,,no_english
1287,6,Διατροφή,Ουσιαστικά,noun,,κύμινο,cumin,cumin photo,generated
1288,6,Διατροφή,Ουσιαστικά,noun,,κυνήγι,hunting,hunting photo,generated
1289,6,Διατροφή,Ουσιαστικά,noun,,λαγός,hare,hare photo,generated
1290,6,Διατροφή,Ουσιαστικά,noun,,λάδι,olive,olive photo,generated
1291,6,Διατροφή,Ουσιαστικά,noun,,λογαριασμός,bill,bill photo,generated
1292,6,Διατροφή,Ουσιαστικά,noun,,μαγιονέζα,mayonnaise,mayonnaise photo,generated
1293,6,Διατροφή,Ουσιαστικά,noun,,μαϊντανός,parsley,parsley photo,generated
1294,6,Διατροφή,Ουσιαστικά,noun,,μακαρόνια,Nominative,Nominative photo,generated
1295,6,Διατροφή,Ουσιαστικά,noun,,μαρμελάδα,jam; marmalade,,needs_review
1296,6,Διατροφή,Ουσιαστικά,noun,,μαχαίρι,knife,knife photo,generated
1297,6,Διατροφή,Ουσιαστικά,noun,,μαχαιροτιήρουνο,,,no_english
1298,6,Διατροφή,Ουσιαστικά,noun,,μελάτο,Nominative,Nominative photo,generated
1299,6,Διατροφή,Ουσιαστικά,noun,,μενού,menu,menu photo,generated
1300,6,Διατροφή,Ουσιαστικά,noun,,μεσημεριανό,lunch,lunch photo,generated
1301,6,Διατροφή,Ουσιαστικά,noun,,μοσχαράκι,,,no_english
1302,6,Διατροφή,Ουσιαστικά,noun,,μοσχάρι,calf,calf photo,generated
1303,6,Διατροφή,Ουσιαστικά,noun,,μουστάρδα,mustard,mustard photo,generated
1304,6,Διατροφή,Ουσιαστικά,noun,,μπαχαρικό,spice,spice photo,generated
1305,6,Διατροφή,Ουσιαστικά,noun,,μπούτι,thigh,thigh photo,generated
1306,6,Διατροφή,Ουσιαστικά,noun,,μπριζόλα,steak,steak photo,generated
1307,6,Διατροφή,Ουσιαστικά,noun,,ξίδι,vinegar,vinegar photo,generated
1308,6,Διατροφή,Ουσιαστικά,noun,,ορεκτικό,starter,starter photo,generated
1309,6,Διατροφή,Ουσιαστικά,noun,,πάπια,duck,duck photo,generated
1310,6,Διατροφή,Ουσιαστικά,noun,,πιπεράτος,,,no_english
1311,6,Διατροφή,Ουσιαστικά,noun,,πουλερικά,poultry,poultry photo,generated
1312,6,Διατροφή,Ουσιαστικά,noun,,πρόγευμα,breakfast,breakfast photo,generated
1313,6,Διατροφή,Ουσιαστικά,noun,,πρωινό,morning,morning photo,generated
1314,6,Διατροφή,Ουσιαστικά,noun,,ρίγανη,oregano,oregano photo,generated
1315,6,Διατροφή,Ουσιαστικά,noun,,σάλτσα,sauce,sauce photo,generated
1316,6,Διατροφή,Ουσιαστικά,noun,,σάντουιτς,sandwich,sandwich photo,generated
1317,6,Διατροφή,Ουσιαστικά,noun,,σέλινο,celery,celery photo,generated
1318,6,Διατροφή,Ουσιαστικά,noun,,σουβλάκι,souvlaki,souvlaki photo,generated
1319,6,Διατροφή,Ουσιαστικά,noun,,σουβλατζίδικο,souvlaki shop,souvlaki shop photo,generated
1320,6,Διατροφή,Ουσιαστικά,noun,,στήθος,chest,chest photo,generated
1321,6,Διατροφή,Ουσιαστικά,noun,,συκωταριά,,,no_english
1322,6,Διατροφή,Ουσιαστικά,noun,,"συνταγή,η.",,,no_english
1323,6,Διατροφή,Ουσιαστικά,noun,,ταβέρνα,taverna,taverna photo,generated
1324,6,Διατροφή,Ουσιαστικά,noun,,τοστ,toasted sandwich,toasted sandwich photo,generated
1325,6,Διατροφή,Ουσιαστικά,noun,,τραπέζι,table,table photo,generated
1326,6,Διατροφή,Ουσιαστικά,noun,,τραπεζομάντιλο,tablecloth,tablecloth photo,generated
1327,6,Διατροφή,Ουσιαστικά,noun,,φαγητό,food,food photo,generated
1328,6,Διατροφή,Ουσιαστικά,noun,,φασιανός,pheasant,pheasant photo,generated
1329,6,Διατροφή,Ουσιαστικά,noun,,φαστφου(ν)τάδικο,,,no_english
1330,6,Διατροφή,Ουσιαστικά,noun,,φιδές,,,no_english
1331,6,Διατροφή,Ουσιαστικά,noun,,φιλέτο,,,no_english
1332,6,Διατροφή,Ουσιαστικά,noun,,φτερό,wing,wing photo,generated
1333,6,Διατροφή,Ουσιαστικά,noun,,χάμπουργκερ,hamburger,hamburger photo,generated
1334,6,Διατροφή,Ουσιαστικά,noun,,χαρτοπετσέτα,paper towel,paper towel photo,generated
1335,6,Διατροφή,Ουσιαστικά,noun,,ψωμί,bread,bread photo,generated
1336,6,Διατροφή,Ουσιαστικά,noun,,ταθαλασσινά,,,no_english
1337,6,Διατροφή,Ουσιαστικά,noun,,αστακός,lobster,lobster photo,generated
1338,6,Διατροφή,Ουσιαστικά,noun,,γαρίδα,shrimp,shrimp photo,generated
1339,6,Διατροφή,Ουσιαστικά,noun,,σουπιά,cuttlefish,cuttlefish photo,generated
1340,6,Διατροφή,Ουσιαστικά,noun,,κάβουρας,plumber wrench,plumber wrench photo,generated
1341,6,Διατροφή,Ουσιαστικά,noun,,καβούρι,crab,crab photo,generated
1342,6,Διατροφή,Ουσιαστικά,noun,,καλαμαράκι,,,no_english
1343,6,Διατροφή,Ουσιαστικά,noun,,καλαμάρι,squid,squid photo,generated
1344,6,Διατροφή,Ουσιαστικά,noun,,καραβίδα,,,no_english
1345,6,Διατροφή,Ουσιαστικά,noun,,μύδι,mussel,mussel photo,generated
1346,6,Διατροφή,Ουσιαστικά,noun,,στρείδι,,,no_english
1347,6,Διατροφή,Ουσιαστικά,noun,,χταπόδι,octopus,octopus photo,generated
1348,6,Διατροφή,Ουσιαστικά,noun,,ταψάρια(τοψάρι),,,no_english
1349,6,Διατροφή,Ουσιαστικά,noun,,γάβρος,,,no_english
1350,6,Διατροφή,Ουσιαστικά,noun,,λαβράκι,,,no_english
1351,6,Διατροφή,Ουσιαστικά,noun,,λιθρίνι,common pandora,common pandora photo,generated
1352,6,Διατροφή,Ουσιαστικά,noun,,μαρίδα,,,no_english
1353,6,Διατροφή,Ουσιαστικά,noun,,μπακαλιάρος,cod (marine fish of the family Gadidae),,needs_review
1354,6,Διατροφή,Ουσιαστικά,noun,,μπαρμπούνι,mullet,mullet photo,generated
1355,6,Διατροφή,Ουσιαστικά,noun,,σαρδέλα,sardine,sardine photo,generated
1356,6,Διατροφή,Ουσιαστικά,noun,,τόνος,΄ tonos,΄ tonos photo,generated
1357,6,Διατροφή,Ουσιαστικά,noun,,τσιπούρα,tsipouro,tsipouro photo,generated
1358,6,Διατροφή,Ουσιαστικά,noun,,ταλαχανικά(τολαχανικό),,,no_english
1359,6,Διατροφή,Ουσιαστικά,noun,,αγγινάρα,artichoke,artichoke photo,generated
1360,6,Διατροφή,Ουσιαστικά,noun,,αγγούρι,cucumber,cucumber photo,generated
1361,6,Διατροφή,Ουσιαστικά,noun,,αρακάς,mangetout,mangetout photo,generated
1362,6,Διατροφή,Ουσιαστικά,noun,,καρότο,carrot,carrot photo,generated
1363,6,Διατροφή,Ουσιαστικά,noun,,κολοκυθάκι,courgette,courgette photo,generated
1364,6,Διατροφή,Ουσιαστικά,noun,,κολοκύθι,squash,squash photo,generated
1365,6,Διατροφή,Ουσιαστικά,noun,,κουκιά,broad bean,broad bean photo,generated
1366,6,Διατροφή,Ουσιαστικά,noun,,κουνουπίδι,cauliflower,cauliflower photo,generated
1367,6,Διατροφή,Ουσιαστικά,noun,,κρεμμυδάκι,spring onion,spring onion photo,generated
1368,6,Διατροφή,Ουσιαστικά,noun,,κρεμμυδάκι,spring onion,spring onion photo,generated
1369,6,Διατροφή,Ουσιαστικά,noun,,κρεμμύδι,onion,onion photo,generated
1370,6,Διατροφή,Ουσιαστικά,noun,,λάχανο,cabbage,cabbage photo,generated
1371,6,Διατροφή,Ουσιαστικά,noun,,μαρούλι,lettuce,lettuce photo,generated
1372,6,Διατροφή,Ουσιαστικά,noun,,μελιτζάνα,aubergine,aubergine photo,generated
1373,6,Διατροφή,Ουσιαστικά,noun,,μπάμιες,Nominative,Nominative photo,generated
1374,6,Διατροφή,Ουσιαστικά,noun,,μπρόκολο,broccoli,broccoli photo,generated
1375,6,Διατροφή,Ουσιαστικά,noun,,ντομάτα,tomato,tomato photo,generated
1376,6,Διατροφή,Ουσιαστικά,noun,,παντζάρια,beetroot,beetroot photo,generated
1377,6,Διατροφή,Ουσιαστικά,noun,,πατάτα,potato,potato photo,generated
1378,6,Διατροφή,Ουσιαστικά,noun,,πιπεριά,pepper,pepper photo,generated
1379,6,Διατροφή,Ουσιαστικά,noun,,πράσσο,leek,leek photo,generated
1380,6,Διατροφή,Ουσιαστικά,noun,,σκόρδο,garlic,garlic photo,generated
1381,6,Διατροφή,Ουσιαστικά,noun,,σπανάκι,spinach,spinach photo,generated
1382,6,Διατροφή,Ουσιαστικά,noun,,φασολάκια,,,no_english
1383,6,Διατροφή,Ουσιαστικά,noun,,χόρτα,greens,greens photo,generated
1384,6,Διατροφή,Ουσιαστικά,noun,,ταόσπρια(τοόσπριο),,,no_english
1385,6,Διατροφή,Ουσιαστικά,noun,,κουκιά,broad bean,broad bean photo,generated
1386,6,Διατροφή,Ουσιαστικά,noun,,ρεβύθια,chickpea,chickpea photo,generated
1387,6,Διατροφή,Ουσιαστικά,noun,,ρύζι,rice,rice photo,generated
1388,6,Διατροφή,Ουσιαστικά,noun,,φάβα,,,no_english
1389,6,Διατροφή,Ουσιαστικά,noun,,φακή,lentil,lentil photo,generated
1390,6,Διατροφή,Ουσιαστικά,noun,,φασόλια,bean plant,bean plant photo,generated
1391,6,Διατροφή,Ουσιαστικά,noun,,ταφρούτα(τοφρούτο),,,no_english
1392,6,Διατροφή,Ουσιαστικά,noun,,ανανάς,pineapple,pineapple photo,generated
1393,6,Διατροφή,Ουσιαστικά,noun,,αχλάδι,pear,pear photo,generated
1394,6,Διατροφή,Ουσιαστικά,noun,,βερίκοκο,apricot,apricot photo,generated
1395,6,Διατροφή,Ουσιαστικά,noun,,καρπούζι,watermelon,watermelon photo,generated
1396,6,Διατροφή,Ουσιαστικά,noun,,κεράσι,cherry,cherry photo,generated
1397,6,Διατροφή,Ουσιαστικά,noun,,λεμόνι,lemon,lemon photo,generated
1398,6,Διατροφή,Ουσιαστικά,noun,,τομήλο,,,no_english
1399,6,Διατροφή,Ουσιαστικά,noun,,μανταρίνι,tangerine,tangerine photo,generated
1400,6,Διατροφή,Ουσιαστικά,noun,,μπανάνα,banana,banana photo,generated
1401,6,Διατροφή,Ουσιαστικά,noun,,πεπόνι,melon,melon photo,generated
1402,6,Διατροφή,Ουσιαστικά,noun,,πορτοκάλι,orange,orange photo,generated
1403,6,Διατροφή,Ουσιαστικά,noun,,ροδάκινο,peach,peach photo,generated
1404,6,Διατροφή,Ουσιαστικά,noun,,σταφύλι,grape,grape photo,generated
1405,6,Διατροφή,Ουσιαστικά,noun,,φράουλα,strawberry,strawberry photo,generated
1406,6,Διατροφή,Ουσιαστικά,noun,,ταγλυκά(τογλυκό),,,no_english
1407,6,Διατροφή,Ουσιαστικά,noun,,γαλακτομπούρεκο,dessert of phyllo dough and custard,dessert of phyllo dough and custard photo,generated
1408,6,Διατροφή,Ουσιαστικά,noun,,γλυκότουκουταλιού,,,no_english
1409,6,Διατροφή,Ουσιαστικά,noun,,κανταΐφι,,,no_english
1410,6,Διατροφή,Ουσιαστικά,noun,,καρυδόπιτα,,,no_english
1411,6,Διατροφή,Ουσιαστικά,noun,,κέικ,baked cake of various flavours,baked cake of various flavours photo,generated
1412,6,Διατροφή,Ουσιαστικά,noun,,κρέμακαραμελέ,,,no_english
1413,6,Διατροφή,Ουσιαστικά,noun,,λουκούμι,Turkish delight,Turkish delight photo,generated
1414,6,Διατροφή,Ουσιαστικά,noun,,μελομακάρονο,melomakarono,melomakarono photo,generated
1415,6,Διατροφή,Ουσιαστικά,noun,,μηλόπιτα,,,no_english
1416,6,Διατροφή,Ουσιαστικά,noun,,μπακλαβάς,baklava,baklava photo,generated
1417,6,Διατροφή,Ουσιαστικά,noun,,παγωτό,ice cream,ice cream photo,generated
1418,6,Διατροφή,Ουσιαστικά,noun,,πάστα,layered cake with cream,layered cake with cream photo,generated
1419,6,Διατροφή,Ουσιαστικά,noun,,προφιτερόλ,,,no_english
1420,6,Διατροφή,Ουσιαστικά,noun,,ρεβανί,,,no_english
1421,6,Διατροφή,Ουσιαστικά,noun,,τάρτα,,,no_english
1422,6,Διατροφή,Ουσιαστικά,noun,,τούρτα,cake with layers of filling and icing,cake with layers of filling and icing photo,generated
1423,6,Διατροφή,Ουσιαστικά,noun,,φρουτοσαλάτα,,,no_english
1424,6,Διατροφή,Ουσιαστικά,noun,,χαλβάς,halva,halva photo,generated
1425,6,Διατροφή,Ουσιαστικά,noun,,τααλλαντικά,,,no_english
1426,6,Διατροφή,Ουσιαστικά,noun,,ζαμπόν,ham (cured pork),,needs_review
1427,6,Διατροφή,Ουσιαστικά,noun,,"καπνιστήμπριζόλα,ηλουκάνικο,το",,,no_english
1428,6,Διατροφή,Ουσιαστικά,noun,,"μορταδέλα,ηπαστουρμάς,ο",,,no_english
1429,6,Διατροφή,Ουσιαστικά,noun,,σαλάμι,salami,salami photo,generated
1430,6,Διατροφή,Ουσιαστικά,noun,,ταγαλακτοκομικάπροϊόντα,,,no_english
1431,6,Διατροφή,Ουσιαστικά,noun,,βούτυρο,butter,butter photo,generated
1432,6,Διατροφή,Ουσιαστικά,noun,,γάλα,milk,cow milking,override
1433,6,Διατροφή,Ουσιαστικά,noun,,γιαούρτι,yogurt,yogurt photo,generated
1434,6,Διατροφή,Ουσιαστικά,noun,,κασέρι,,,no_english
1435,6,Διατροφή,Ουσιαστικά,noun,,κρέμαγάλακτος,,,no_english
1436,6,Διατροφή,Ουσιαστικά,noun,,τυρί,cheese,cheese photo,generated
1437,6,Διατροφή,Ουσιαστικά,noun,,φέτα,slice,slice photo,generated
1438,6,Διατροφή,Ουσιαστικά,noun,,διάφορεςονομασίεςφατητών,,,no_english
1439,6,Διατροφή,Ουσιαστικά,noun,,αρνάκι«στησούβλα»,,,no_english
1440,6,Διατροφή,Ουσιαστικά,noun,,γεμιστά,stuffed vegetables,stuffed vegetables photo,generated
1441,6,Διατροφή,Ουσιαστικά,noun,,γιαπράκια,,,no_english
1442,6,Διατροφή,Ουσιαστικά,noun,,ιμάμμπαϊλντί,,,no_english
1443,6,Διατροφή,Ουσιαστικά,noun,,καλαμαράκιατηγανιτά,,,no_english
1444,6,Διατροφή,Ουσιαστικά,noun,,κεφτεδάκια,Nominative,Nominative photo,generated
1445,6,Διατροφή,Ουσιαστικά,noun,,κοτόπουλομεπατάτεςστοφούρνο,,,no_english
1446,6,Διατροφή,Ουσιαστικά,noun,,κοτόπουλοπιλάφι,,,no_english
1447,6,Διατροφή,Ουσιαστικά,noun,,κοτόσουπα,,,no_english
1448,6,Διατροφή,Ουσιαστικά,noun,,κρεατόσουπα,,,no_english
1449,6,Διατροφή,Ουσιαστικά,noun,,κρέαςκοκκινιστό,,,no_english
1450,6,Διατροφή,Ουσιαστικά,noun,,κροκέτες,,,no_english
1451,6,Διατροφή,Ουσιαστικά,noun,,λαχανοντολμάδες,,,no_english
1452,6,Διατροφή,Ουσιαστικά,noun,,μακαρόνιαμεκιμά,,,no_english
1453,6,Διατροφή,Ουσιαστικά,noun,,μεζέδες,Nominative,Nominative photo,generated
1454,6,Διατροφή,Ουσιαστικά,noun,,μουσακάς,moussaka,moussaka photo,generated
1455,6,Διατροφή,Ουσιαστικά,noun,,μπιφτέκι,,,no_english
1456,6,Διατροφή,Ουσιαστικά,noun,,μπριζόλα,steak,steak photo,generated
1457,6,Διατροφή,Ουσιαστικά,noun,,μπριζόλαστακάρβουνα,,,no_english
1458,6,Διατροφή,Ουσιαστικά,noun,,μύδιασαχανάκι,,,no_english
1459,6,Διατροφή,Ουσιαστικά,noun,,μύδιατηγανιτά,,,no_english
1460,6,Διατροφή,Ουσιαστικά,noun,,ντολμαδάκιαγιαλαντζί,,,no_english
1461,6,Διατροφή,Ουσιαστικά,noun,,παπουτσάκια,Nominative,Nominative photo,generated
1462,6,Διατροφή,Ουσιαστικά,noun,,παστίτσιο,,,no_english
1463,6,Διατροφή,Ουσιαστικά,noun,,πατάτεςγιαχνί,,,no_english
1464,6,Διατροφή,Ουσιαστικά,noun,,πατάτεςπουρέ,,,no_english
1465,6,Διατροφή,Ουσιαστικά,noun,,πιλάφι,,,no_english
1466,6,Διατροφή,Ουσιαστικά,noun,,σουβλάκι,souvlaki,souvlaki photo,generated
1467,6,Διατροφή,Ουσιαστικά,noun,,στιφάδο,stifado,stifado photo,generated
1468,6,Διατροφή,Ουσιαστικά,noun,,τηγανιτέςπατάτες,,,no_english
1469,6,Διατροφή,Ουσιαστικά,noun,,χορτόσουπα,,,no_english
1470,6,Διατροφή,Ουσιαστικά,noun,,φαγητά«τηςώρας»,,,no_english
1471,6,Διατροφή,Ουσιαστικά,noun,,φασολάδα,bean soup,bean soup photo,generated
1472,6,Διατροφή,Ουσιαστικά,noun,,ψαρόσουπα,,,no_english
1473,6,Διατροφή,Ουσιαστικά,noun,,σαλάτες,Nominative,Nominative photo,generated
1474,6,Διατροφή,Ουσιαστικά,noun,,κουνουπίδι,cauliflower,cauliflower photo,generated
1475,6,Διατροφή,Ουσιαστικά,noun,,λάχανο,cabbage,cabbage photo,generated
1476,6,Διατροφή,Ουσιαστικά,noun,,μαρουλοσαλάτα,lettuce salad,lettuce salad photo,generated
1477,6,Διατροφή,Ουσιαστικά,noun,,μελιτζανοσαλάτα,aubergine purée,aubergine purée photo,generated
1478,6,Διατροφή,Ουσιαστικά,noun,,μπρόκολο,broccoli,broccoli photo,generated
1479,6,Διατροφή,Ουσιαστικά,noun,,ντοματοσαλάτα,tomato salad,tomato salad photo,generated
1480,6,Διατροφή,Ουσιαστικά,noun,,πατατοσαλάτα,,,no_english
1481,6,Διατροφή,Ουσιαστικά,noun,,πολίτικη,politics,politics photo,generated
1482,6,Διατροφή,Ουσιαστικά,noun,,ρώσικη,Russian,Russian photo,generated
1483,6,Διατροφή,Ουσιαστικά,noun,,σαλάταεποχής,,,no_english
1484,6,Διατροφή,Ουσιαστικά,noun,,τζατζίκι,tzatziki,tzatziki photo,generated
1485,6,Διατροφή,Ουσιαστικά,noun,,τυροσαλάτα,,,no_english
1486,6,Διατροφή,Ουσιαστικά,noun,,χόρτα,greens,greens photo,generated
1487,6,Διατροφή,Ουσιαστικά,noun,,χτυπητή,,,no_english
1488,6,Διατροφή,Ουσιαστικά,noun,,χωριάτικη,Nominative,Nominative photo,generated
1489,6,Διατροφή,Ουσιαστικά,noun,,πίτες,Nominative,Nominative photo,generated
1490,6,Διατροφή,Ουσιαστικά,noun,,κολοκυθόπιτα,pumpkin pie,pumpkin pie photo,generated
1491,6,Διατροφή,Ουσιαστικά,noun,,κρεατόπιτα,,,no_english
1492,6,Διατροφή,Ουσιαστικά,noun,,πίτσα,pizza,pizza photo,generated
1493,6,Διατροφή,Ουσιαστικά,noun,,πρασόπιτα,,,no_english
1494,6,Διατροφή,Ουσιαστικά,noun,,σπανακόπιτα,spanakotiropita,spanakotiropita photo,generated
1495,6,Διατροφή,Ουσιαστικά,noun,,τυρόπιτα,cheese pie,cheese pie photo,generated
1496,6,Διατροφή,Ουσιαστικά,noun,,αλκοολούχαποτά,,,no_english
1497,6,Διατροφή,Ουσιαστικά,noun,,βότκα,vodka,vodka photo,generated
1498,6,Διατροφή,Ουσιαστικά,noun,,"κρασιά(λευκό,κόκκινο,ροζέ),το",,,no_english
1499,6,Διατροφή,Ουσιαστικά,noun,,λικέρ,liqueur,liqueur photo,generated
1500,6,Διατροφή,Ουσιαστικά,noun,,μπίρα,beer,beer photo,generated
1501,6,Διατροφή,Ουσιαστικά,noun,,ούζο,ouzo,ouzo photo,generated
1502,6,Διατροφή,Ουσιαστικά,noun,,ουίσκι,whisky,whisky photo,generated
1503,6,Διατροφή,Ουσιαστικά,noun,,ρετσίνα,retsina,retsina photo,generated
1504,6,Διατροφή,Ουσιαστικά,noun,,σαμπάνια,champagne,champagne photo,generated
1505,6,Διατροφή,Ουσιαστικά,noun,,τσίπουρο,tsipouro,tsipouro photo,generated
1506,6,Διατροφή,Ουσιαστικά,noun,,Μηαλκοολούχαποτά:τααναψυκτικά,,,no_english
1507,6,Διατροφή,Ουσιαστικά,noun,,λεμονάδα,lemonade,lemonade photo,generated
1508,6,Διατροφή,Ουσιαστικά,noun,,πορτοκαλάδα,orange juice,orange juice photo,generated
1509,6,Διατροφή,Ουσιαστικά,noun,,σόδα,soda,soda photo,generated
1510,6,Διατροφή,Ουσιαστικά,noun,,σπράιτ,,,no_english
1511,6,Διατροφή,Ουσιαστικά,noun,,χυμόςφρούτων,,,no_english
1512,6,Διατροφή,Ουσιαστικά,noun,,αφεψήματα,,,no_english
1513,6,Διατροφή,Ουσιαστικά,noun,,δίκταμο,dittany,dittany photo,generated
1514,6,Διατροφή,Ουσιαστικά,noun,,μαύροτσάι,,,no_english
1515,6,Διατροφή,Ουσιαστικά,noun,,τσάιτουβουνού,,,no_english
1516,6,Διατροφή,Ουσιαστικά,noun,,φασκόμηλο,sage,sage photo,generated
1517,6,Διατροφή,Ουσιαστικά,noun,,χαμομήλι,camomile,camomile photo,generated
1518,6,Διατροφή,Ουσιαστικά,noun,,ροφήματα,,,no_english
1519,6,Διατροφή,Ουσιαστικά,noun,,ελληνικόςκαφές,,,no_english
1520,6,Διατροφή,Ουσιαστικά,noun,,εσπρέσο,espresso,espresso photo,generated
1521,6,Διατροφή,Ουσιαστικά,noun,,καπουτσίνο,Capuchin,Capuchin photo,generated
1522,6,Διατροφή,Ουσιαστικά,noun,,καφές,cup of coffee,cup of coffee photo,generated
1523,6,Διατροφή,Ουσιαστικά,noun,,καφέςφίλτρου(γαλλικός),,,no_english
1524,6,Διατροφή,Ουσιαστικά,noun,,καφέςφραπέ,,,no_english
1525,6,Διατροφή,Ουσιαστικά,noun,,νες,hot instant coffee drink,hot instant coffee drink photo,generated
1526,6,Διατροφή,Ουσιαστικά,noun,,σοκολάτα,chocolate,chocolate photo,generated
1527,6,Διατροφή,Ουσιαστικά,noun,,άλλεςλέξεις,,,no_english
1528,6,Διατροφή,Ουσιαστικά,noun,,ανορεξία,(colloquial) Alternative form of ανορεξία (anorexía),,needs_review
1529,6,Διατροφή,Ουσιαστικά,noun,,βουλιμία,,,no_english
1530,6,Διατροφή,Ουσιαστικά,noun,,δίαιτα,diet,diet photo,generated
1531,6,Διατροφή,Ουσιαστικά,noun,,διατροφή,nutrition,nutrition photo,generated
1532,6,Διατροφή,Ουσιαστικά,noun,,θερμίδα,calorie,calorie photo,generated
1533,6,Διατροφή,Ουσιαστικά,noun,,κιλό,kilo,kilo photo,generated
1534,6,Διατροφή,Ουσιαστικά,noun,,μεταβολισμός,metabolism,metabolism photo,generated
1535,6,Διατροφή,Ουσιαστικά,noun,,νερό,water,water photo,generated
1536,6,Διατροφή,Ουσιαστικά,noun,,όρεξη,appetite,appetite photo,generated
1537,6,Διατροφή,Ουσιαστικά,noun,,παγάκι,ice cube,ice cube photo,generated
1538,6,Διατροφή,Ουσιαστικά,noun,,πάχος,thickness,thickness photo,generated
1539,6,Διατροφή,Ουσιαστικά,noun,,παχυσαρκία,obesity,obesity photo,generated
1540,6,Διατροφή,Ουσιαστικά,noun,,πέψη,digestion,digestion photo,generated
1541,6,Διατροφή,Ουσιαστικά,noun,,χώνεψη,,,no_english
1542,6,Διατροφή,Επίθετα,adjective,,άγευστος-η-ο,tasteless,tasteless example photo,generated
1543,6,Διατροφή,Επίθετα,adjective,,άγλυκος-η-ο,unsweetened,unsweetened example photo,generated
1544,6,Διατροφή,Επίθετα,adjective,,άγουρος-η-ο,unripe,unripe example photo,generated
1545,6,Διατροφή,Επίθετα,adjective,,αλμυρός-ή-ό,salty,salty example photo,generated
1546,6,Διατροφή,Επίθετα,adjective,,ανάλατος-η-ο,unsalted,unsalted example photo,generated
1547,6,Διατροφή,Επίθετα,adjective,,ανθυγιεινός-ή-ό,unhealthy,unhealthy example photo,generated
1548,6,Διατροφή,Επίθετα,adjective,,άνοστος-η-ο,tasteless,tasteless example photo,generated
1549,6,Διατροφή,Επίθετα,adjective,,άπαχος-η-ο,thin,thin example photo,generated
1550,6,Διατροφή,Επίθετα,adjective,,άσπρος-η-ο,white,white example photo,generated
1551,6,Διατροφή,Επίθετα,adjective,,βαρύς-ιά-ύ,heavy,heavy example photo,generated
1552,6,Διατροφή,Επίθετα,adjective,,βοδινός-ή-ό,bovine,bovine example photo,generated
1553,6,Διατροφή,Επίθετα,adjective,,βραστός-ή-ό,boiled,boiled example photo,generated
1554,6,Διατροφή,Επίθετα,adjective,,γεμιστός-ή-ό,filled,filled example photo,generated
1555,6,Διατροφή,Επίθετα,adjective,,γευστικός-ή-ό,,,no_english
1556,6,Διατροφή,Επίθετα,adjective,,γιορταστικός-ή-ό,,,no_english
1557,6,Διατροφή,Επίθετα,adjective,,γλυκός-ιά-ό,sweet in taste,sweet in taste example photo,generated
1558,6,Διατροφή,Επίθετα,adjective,,διατροφικός-ή-ό,,,no_english
1559,6,Διατροφή,Επίθετα,adjective,,εξωτικός-ή-ό,exotic,exotic example photo,generated
1560,6,Διατροφή,Επίθετα,adjective,,επιτραπέζιος-α-ο,relating to table,relating to table example photo,generated
1561,6,Διατροφή,Επίθετα,adjective,,ερυθρός-ά-ό,"(formal, learned, or in set phrases) red",,needs_review
1562,6,Διατροφή,Επίθετα,adjective,,καλοψημένος-η-ο,,,no_english
1563,6,Διατροφή,Επίθετα,adjective,,καμμένος-η-ο,,,no_english
1564,6,Διατροφή,Επίθετα,adjective,,κόκκινος-η-ο,red (colour),,needs_review
1565,6,Διατροφή,Επίθετα,adjective,,κρύος-α-ο,cold,cold example photo,generated
1566,6,Διατροφή,Επίθετα,adjective,,μεταλλικός-ή-ό,metal,metal example photo,generated
1567,6,Διατροφή,Επίθετα,adjective,,μέτριος-α-ο,medium,medium example photo,generated
1568,6,Διατροφή,Επίθετα,adjective,,μοσχαρίσιος-ια-ιο,related to calf or veal,related to calf or veal example photo,generated
1569,6,Διατροφή,Επίθετα,adjective,,μπαγιάτικος-η-ο,stale,stale example photo,generated
1570,6,Διατροφή,Επίθετα,adjective,,νόστιμος-η-ο,tasty,tasty example photo,generated
1571,6,Διατροφή,Επίθετα,adjective,,ντόπιος-ια-ιο,native,native example photo,generated
1572,6,Διατροφή,Επίθετα,adjective,,ξηρός-ή-ό,"(literary) dry, dried, arid",,needs_review
1573,6,Διατροφή,Επίθετα,adjective,,παγωμένος-η-ο,iced,iced example photo,generated
1574,6,Διατροφή,Επίθετα,adjective,,παραδοσιακός-ή-ό,traditional,traditional example photo,generated
1575,6,Διατροφή,Επίθετα,adjective,,παχύς-ιά-ύ,incrassate,incrassate example photo,generated
1576,6,Διατροφή,Επίθετα,adjective,,πικάντικος-η-ο,spicy,spicy example photo,generated
1577,6,Διατροφή,Επίθετα,adjective,,πικρός-ή-ό,bitter,bitter example photo,generated
1578,6,Διατροφή,Επίθετα,adjective,,υγιεινός-ή-ό,healthy,healthy example photo,generated
1579,6,Διατροφή,Επίθετα,adjective,,φρέσκος-ια-ο,fresh,fresh example photo,generated
1580,6,Διατροφή,Επίθετα,adjective,,χοιρινός-ή-ό.,related to pig or pork,related to pig or pork example photo,generated
1581,6,Διατροφή,Επίθετα,adjective,,χωριάτικος-η-ο,rural,rural example photo,generated
1582,6,Διατροφή,Επίθετα,adjective,,ψημμένος-η-ο,,,no_english
1583,6,Διατροφή,Επίθετα,adjective,,ψητός-ή-ό,roast,roast example photo,generated
1584,6,Διατροφή,Επίθετα,adjective,,ψιλοκομμένος-η-ο,cut thinly,cut thinly example photo,generated
1585,6,Διατροφή,Επίθετα,adjective,,ωμός-ή-ό,shoulder,shoulder example photo,generated
1586,6,Διατροφή,Επίθετα,adjective,,ώριμος-η-ο,ripe,ripe example photo,generated
1587,6,Διατροφή,Ρήματα,verb,,αδειάζω,clear out,clear out action photo,generated
1588,6,Διατροφή,Ρήματα,verb,,βαρυστομαχιάζω,,,no_english
1589,6,Διατροφή,Ρήματα,verb,,βράζω,boil,boil action photo,generated
1590,6,Διατροφή,Ρήματα,verb,,γεμίζω,fill,fill action photo,generated
1591,6,Διατροφή,Ρήματα,verb,,γουργουρίζειτοστομάχιμου,,,no_english
1592,6,Διατροφή,Ρήματα,verb,,διψώ,less frequent,less frequent action photo,generated
1593,6,Διατροφή,Ρήματα,verb,,δοκιμάζω-ομαι,test,test action photo,generated
1594,6,Διατροφή,Ρήματα,verb,,κάθομαιστοτραπέζι,,,no_english
1595,6,Διατροφή,Ρήματα,verb,,κάνωδίαιτα,,,no_english
1596,6,Διατροφή,Ρήματα,verb,,κάνωτραπέζισεκάποιον,,,no_english
1597,6,Διατροφή,Ρήματα,verb,,μαγειρεύω,cook,cook action photo,generated
1598,6,Διατροφή,Ρήματα,verb,,μαζεύωτοτραπέζι,,,no_english
1599,6,Διατροφή,Ρήματα,verb,,παρατρώω,,,no_english
1600,6,Διατροφή,Ρήματα,verb,,πεινώ,less frequent,less frequent action photo,generated
1601,6,Διατροφή,Ρήματα,verb,,πίνω,drink,drink action photo,generated
1602,6,Διατροφή,Ρήματα,verb,,προσκαλώσεγεύμα,,,no_english
1603,6,Διατροφή,Ρήματα,verb,,στρώνωτοτραπέζι,,,no_english
1604,6,Διατροφή,Ρήματα,verb,,τρώω,chew and swallow food,chew and swallow food action photo,generated
1605,6,Διατροφή,Ρήματα,verb,,τσιμπολογώ,,,no_english
1606,6,Διατροφή,Ρήματα,verb,,τσιμπώ(τρώωλίγο),sting,sting action photo,generated
1607,6,Διατροφή,Ρήματα,verb,,χωνεύω,,,no_english
1608,6,Διατροφή,Ρήματα,verb,,ψήνω,boil,boil action photo,generated
1609,6,Διατροφή,Εκφράσεις,phrase,,Τρώωτοναγλέωρα!,,,no_english
1610,6,Διατροφή,Εκφράσεις,phrase,,Έσκασααπότοπολύφαγητό!,,,no_english
1611,6,Διατροφή,Εκφράσεις,phrase,,Πεινάωσανλύκος!,,,no_english
1612,6,Διατροφή,Εκφράσεις,phrase,,Τρέχουντασάλιαμου!,,,no_english
1613,6,Διατροφή,Εκφράσεις,phrase,,Γλείφωταδάχτυλαμου!,,,no_english
1614,6,Διατροφή,Εκφράσεις,phrase,,Τρώωγρήγορα(στοπόδι)(σταόρθια),,,no_english
1615,6,Διατροφή,Εκφράσεις,phrase,,Καλήόρεξ η!,,,no_english
1616,6,Διατροφή,Εκφράσεις,phrase,,Βάζωνερόστοκρασίμου.,,,no_english
1617,6,Διατροφή,Εκφράσεις,phrase,,Τουψήνωτοψάρισταχείλη.,,,no_english
1618,6,Διατροφή,Εκφράσεις,phrase,,Λέωτοψωμίψωμάκι!,,,no_english
1619,6,Διατροφή,Εκφράσεις,phrase,,Τρώγονταςέρχεταιηόρεξη.,,,no_english
1620,6,Διατροφή,Εκφράσεις,phrase,,Μέχριναπειςκύμινο!,,,no_english
1621,7,Ενδυμασία - Προσωπικά αντικείμενα - Αγορά,Ουσιαστικά,noun,,αδιάβροχο,raincoat,raincoat photo,generated
1622,7,Ενδυμασία - Προσωπικά αντικείμενα - Αγορά,Ουσιαστικά,noun,,αθλητικάπαπούτσια,,,no_english
1623,7,Ενδυμασία - Προσωπικά αντικείμενα - Αγορά,Ουσιαστικά,noun,,αναπτήρας,cigarette lighter,cigarette lighter photo,generated
1624,7,Ενδυμασία - Προσωπικά αντικείμενα - Αγορά,Ουσιαστικά,noun,,αξεσουάρ,accessory,accessory photo,generated
1625,7,Ενδυμασία - Προσωπικά αντικείμενα - Αγορά,Ουσιαστικά,noun,,άρωμα,perfume,perfume photo,generated
1626,7,Ενδυμασία - Προσωπικά αντικείμενα - Αγορά,Ουσιαστικά,noun,,ατζέντα,,,no_english
1627,7,Ενδυμασία - Προσωπικά αντικείμενα - Αγορά,Ουσιαστικά,noun,,γάντι,glove,glove photo,generated
1628,7,Ενδυμασία - Προσωπικά αντικείμενα - Αγορά,Ουσιαστικά,noun,,γιακάς,collar,collar photo,generated
1629,7,Ενδυμασία - Προσωπικά αντικείμενα - Αγορά,Ουσιαστικά,noun,,γιλέκο,waistcoat,waistcoat photo,generated
1630,7,Ενδυμασία - Προσωπικά αντικείμενα - Αγορά,Ουσιαστικά,noun,,γόβα,court shoe,court shoe photo,generated
1631,7,Ενδυμασία - Προσωπικά αντικείμενα - Αγορά,Ουσιαστικά,noun,,γραβάτα,"(clothing) tie, necktie",,needs_review
1632,7,Ενδυμασία - Προσωπικά αντικείμενα - Αγορά,Ουσιαστικά,noun,,ένδυμα,garment,garment photo,generated
1633,7,Ενδυμασία - Προσωπικά αντικείμενα - Αγορά,Ουσιαστικά,noun,,ενδυμασία,costume,costume photo,generated
1634,7,Ενδυμασία - Προσωπικά αντικείμενα - Αγορά,Ουσιαστικά,noun,,εσώρουχο,underwear,underwear photo,generated
1635,7,Ενδυμασία - Προσωπικά αντικείμενα - Αγορά,Ουσιαστικά,noun,,ζακέτα,cardigan,cardigan photo,generated
1636,7,Ενδυμασία - Προσωπικά αντικείμενα - Αγορά,Ουσιαστικά,noun,,ζευγάρι,married or in romantic liaison,married or in romantic liaison photo,generated
1637,7,Ενδυμασία - Προσωπικά αντικείμενα - Αγορά,Ουσιαστικά,noun,,ζώνη,belt,belt photo,generated
1638,7,Ενδυμασία - Προσωπικά αντικείμενα - Αγορά,Ουσιαστικά,noun,,καθρέφτης,mirror,mirror photo,generated
1639,7,Ενδυμασία - Προσωπικά αντικείμενα - Αγορά,Ουσιαστικά,noun,,καλλυντικά,cosmetic,cosmetic photo,generated
1640,7,Ενδυμασία - Προσωπικά αντικείμενα - Αγορά,Ουσιαστικά,noun,,κάλτσα,sock,sock photo,generated
1641,7,Ενδυμασία - Προσωπικά αντικείμενα - Αγορά,Ουσιαστικά,noun,,καμπαρτίνα,,,no_english
1642,7,Ενδυμασία - Προσωπικά αντικείμενα - Αγορά,Ουσιαστικά,noun,,καπέλο,something hat-shaped,something hat-shaped photo,generated
1643,7,Ενδυμασία - Προσωπικά αντικείμενα - Αγορά,Ουσιαστικά,noun,,κασκόλ,scarf,scarf photo,generated
1644,7,Ενδυμασία - Προσωπικά αντικείμενα - Αγορά,Ουσιαστικά,noun,,κινητό(τηλέφωνο),Nominative,Nominative photo,generated
1645,7,Ενδυμασία - Προσωπικά αντικείμενα - Αγορά,Ουσιαστικά,noun,,κοκαλάκι(γιαμαλλιά),,,no_english
1646,7,Ενδυμασία - Προσωπικά αντικείμενα - Αγορά,Ουσιαστικά,noun,,κόκαλο(γιαπαπούτσια),bone,bone photo,generated
1647,7,Ενδυμασία - Προσωπικά αντικείμενα - Αγορά,Ουσιαστικά,noun,,κολόνια,eau de Cologne,eau de Cologne photo,generated
1648,7,Ενδυμασία - Προσωπικά αντικείμενα - Αγορά,Ουσιαστικά,noun,,κορδόνι,,,no_english
1649,7,Ενδυμασία - Προσωπικά αντικείμενα - Αγορά,Ουσιαστικά,noun,,κοστούμι,suit,suit photo,generated
1650,7,Ενδυμασία - Προσωπικά αντικείμενα - Αγορά,Ουσιαστικά,noun,,κουκούλα,hood,hood photo,generated
1651,7,Ενδυμασία - Προσωπικά αντικείμενα - Αγορά,Ουσιαστικά,noun,,κουμπί,button,button photo,generated
1652,7,Ενδυμασία - Προσωπικά αντικείμενα - Αγορά,Ουσιαστικά,noun,,κουμπότρυπα,buttonhole,buttonhole photo,generated
1653,7,Ενδυμασία - Προσωπικά αντικείμενα - Αγορά,Ουσιαστικά,noun,,μανίκι,sleeve,sleeve photo,generated
1654,7,Ενδυμασία - Προσωπικά αντικείμενα - Αγορά,Ουσιαστικά,noun,,μπλούζα,blouse,blouse photo,generated
1655,7,Ενδυμασία - Προσωπικά αντικείμενα - Αγορά,Ουσιαστικά,noun,,μπότα,boot,boot photo,generated
1656,7,Ενδυμασία - Προσωπικά αντικείμενα - Αγορά,Ουσιαστικά,noun,,μποτάκι,,,no_english
1657,7,Ενδυμασία - Προσωπικά αντικείμενα - Αγορά,Ουσιαστικά,noun,,μπουρνούζι,bathrobe,bathrobe photo,generated
1658,7,Ενδυμασία - Προσωπικά αντικείμενα - Αγορά,Ουσιαστικά,noun,,μπουφάν,puffer jacket,puffer jacket photo,generated
1659,7,Ενδυμασία - Προσωπικά αντικείμενα - Αγορά,Ουσιαστικά,noun,,νυχοκόπτης,,,no_english
1660,7,Ενδυμασία - Προσωπικά αντικείμενα - Αγορά,Ουσιαστικά,noun,,νυχτικιά,,,no_english
1661,7,Ενδυμασία - Προσωπικά αντικείμενα - Αγορά,Ουσιαστικά,noun,,νυχτικό,,,no_english
1662,7,Ενδυμασία - Προσωπικά αντικείμενα - Αγορά,Ουσιαστικά,noun,,παλτό,coat,coat photo,generated
1663,7,Ενδυμασία - Προσωπικά αντικείμενα - Αγορά,Ουσιαστικά,noun,,παντελόνι,trousers,trousers photo,generated
1664,7,Ενδυμασία - Προσωπικά αντικείμενα - Αγορά,Ουσιαστικά,noun,,παντόφλα,slipper,slipper photo,generated
1665,7,Ενδυμασία - Προσωπικά αντικείμενα - Αγορά,Ουσιαστικά,noun,,πανωφόρι,coat,coat photo,generated
1666,7,Ενδυμασία - Προσωπικά αντικείμενα - Αγορά,Ουσιαστικά,noun,,παπούτσι,shoe,shoe photo,generated
1667,7,Ενδυμασία - Προσωπικά αντικείμενα - Αγορά,Ουσιαστικά,noun,,πέδιλο,sandal,sandal photo,generated
1668,7,Ενδυμασία - Προσωπικά αντικείμενα - Αγορά,Ουσιαστικά,noun,,πίπα,tobacco pipe,tobacco pipe photo,generated
1669,7,Ενδυμασία - Προσωπικά αντικείμενα - Αγορά,Ουσιαστικά,noun,,πιτζάμες,,,no_english
1670,7,Ενδυμασία - Προσωπικά αντικείμενα - Αγορά,Ουσιαστικά,noun,,πορτοφόλι,wallet,wallet photo,generated
1671,7,Ενδυμασία - Προσωπικά αντικείμενα - Αγορά,Ουσιαστικά,noun,,πουκάμισο,shirt,shirt photo,generated
1672,7,Ενδυμασία - Προσωπικά αντικείμενα - Αγορά,Ουσιαστικά,noun,,πουλόβερ,pullover,pullover photo,generated
1673,7,Ενδυμασία - Προσωπικά αντικείμενα - Αγορά,Ουσιαστικά,noun,,ρολόι,Nominative and vocative plural,Nominative and vocative plural photo,generated
1674,7,Ενδυμασία - Προσωπικά αντικείμενα - Αγορά,Ουσιαστικά,noun,,ρόμπα,dressing gown,dressing gown photo,generated
1675,7,Ενδυμασία - Προσωπικά αντικείμενα - Αγορά,Ουσιαστικά,noun,,ρούχο,garment,garment photo,generated
1676,7,Ενδυμασία - Προσωπικά αντικείμενα - Αγορά,Ουσιαστικά,noun,,σακκάκι,,,no_english
1677,7,Ενδυμασία - Προσωπικά αντικείμενα - Αγορά,Ουσιαστικά,noun,,σκούφος,knitted cap or hat,knitted cap or hat photo,generated
1678,7,Ενδυμασία - Προσωπικά αντικείμενα - Αγορά,Ουσιαστικά,noun,,σλιπ,,,no_english
1679,7,Ενδυμασία - Προσωπικά αντικείμενα - Αγορά,Ουσιαστικά,noun,,σουτιέν,brassiere,brassiere photo,generated
1680,7,Ενδυμασία - Προσωπικά αντικείμενα - Αγορά,Ουσιαστικά,noun,,στηθόδεσμος,brassiere,brassiere photo,generated
1681,7,Ενδυμασία - Προσωπικά αντικείμενα - Αγορά,Ουσιαστικά,noun,,στυλό,"pen, ballpoint, biro",,needs_review
1682,7,Ενδυμασία - Προσωπικά αντικείμενα - Αγορά,Ουσιαστικά,noun,,ταγιέρ,,,no_english
1683,7,Ενδυμασία - Προσωπικά αντικείμενα - Αγορά,Ουσιαστικά,noun,,τακούνι,heel,heel photo,generated
1684,7,Ενδυμασία - Προσωπικά αντικείμενα - Αγορά,Ουσιαστικά,noun,,τιράντα,,,no_english
1685,7,Ενδυμασία - Προσωπικά αντικείμενα - Αγορά,Ουσιαστικά,noun,,τσάντα,"bag, purse, handbag",,needs_review
1686,7,Ενδυμασία - Προσωπικά αντικείμενα - Αγορά,Ουσιαστικά,noun,,τσαντάκι,small bag ),small bag ) photo,generated
1687,7,Ενδυμασία - Προσωπικά αντικείμενα - Αγορά,Ουσιαστικά,noun,,τσέπη,pocket,pocket photo,generated
1688,7,Ενδυμασία - Προσωπικά αντικείμενα - Αγορά,Ουσιαστικά,noun,,τσιγάρο,cigarette,cigarette photo,generated
1689,7,Ενδυμασία - Προσωπικά αντικείμενα - Αγορά,Ουσιαστικά,noun,,τσόκαρο,,,no_english
1690,7,Ενδυμασία - Προσωπικά αντικείμενα - Αγορά,Ουσιαστικά,noun,,ύφασμα,fabric,fabric photo,generated
1691,7,Ενδυμασία - Προσωπικά αντικείμενα - Αγορά,Ουσιαστικά,noun,,φανελάκι,vest,vest photo,generated
1692,7,Ενδυμασία - Προσωπικά αντικείμενα - Αγορά,Ουσιαστικά,noun,,φόρεμα,dress,dress photo,generated
1693,7,Ενδυμασία - Προσωπικά αντικείμενα - Αγορά,Ουσιαστικά,noun,,φουλάρι,,,no_english
1694,7,Ενδυμασία - Προσωπικά αντικείμενα - Αγορά,Ουσιαστικά,noun,,φούστα,skirt,skirt photo,generated
1695,7,Ενδυμασία - Προσωπικά αντικείμενα - Αγορά,Ουσιαστικά,noun,,χτένα,comb,comb photo,generated
1696,7,Ενδυμασία - Προσωπικά αντικείμενα - Αγορά,Ουσιαστικά,noun,,τακοσμήματα,,,no_english
1697,7,Ενδυμασία - Προσωπικά αντικείμενα - Αγορά,Ουσιαστικά,noun,,ακρίβεια,dearness,dearness photo,generated
1698,7,Ενδυμασία - Προσωπικά αντικείμενα - Αγορά,Ουσιαστικά,noun,,δαχτυλίδι,ring for finger,ring for finger photo,generated
1699,7,Ενδυμασία - Προσωπικά αντικείμενα - Αγορά,Ουσιαστικά,noun,,βραχιόλι,bracelet,bracelet photo,generated
1700,7,Ενδυμασία - Προσωπικά αντικείμενα - Αγορά,Ουσιαστικά,noun,,καρφίτσα,"pin (small nail, etc)",,needs_review
1701,7,Ενδυμασία - Προσωπικά αντικείμενα - Αγορά,Ουσιαστικά,noun,,κολιέ,necklace,necklace photo,generated
1702,7,Ενδυμασία - Προσωπικά αντικείμενα - Αγορά,Ουσιαστικά,noun,,σκουλαρίκι,earring,earring photo,generated
1703,7,Ενδυμασία - Προσωπικά αντικείμενα - Αγορά,Ουσιαστικά,noun,,αγορά,agora,agora photo,generated
1704,7,Ενδυμασία - Προσωπικά αντικείμενα - Αγορά,Ουσιαστικά,noun,,αγορά,agora,agora photo,generated
1705,7,Ενδυμασία - Προσωπικά αντικείμενα - Αγορά,Ουσιαστικά,noun,,αξία,value,value photo,generated
1706,7,Ενδυμασία - Προσωπικά αντικείμενα - Αγορά,Ουσιαστικά,noun,,απόδειξη,proof,proof photo,generated
1707,7,Ενδυμασία - Προσωπικά αντικείμενα - Αγορά,Ουσιαστικά,noun,,βόλτα,turn,turn photo,generated
1708,7,Ενδυμασία - Προσωπικά αντικείμενα - Αγορά,Ουσιαστικά,noun,,βιτρίνα,shop window,shop window photo,generated
1709,7,Ενδυμασία - Προσωπικά αντικείμενα - Αγορά,Ουσιαστικά,noun,,διαφήμιση,advertisement,advertisement photo,generated
1710,7,Ενδυμασία - Προσωπικά αντικείμενα - Αγορά,Ουσιαστικά,noun,,δοκιμαστήριο,fitting room,fitting room photo,generated
1711,7,Ενδυμασία - Προσωπικά αντικείμενα - Αγορά,Ουσιαστικά,noun,,δόση,dose,dose photo,generated
1712,7,Ενδυμασία - Προσωπικά αντικείμενα - Αγορά,Ουσιαστικά,noun,,εκποίηση,,,no_english
1713,7,Ενδυμασία - Προσωπικά αντικείμενα - Αγορά,Ουσιαστικά,noun,,εκπτώσεις,Nominative,Nominative photo,generated
1714,7,Ενδυμασία - Προσωπικά αντικείμενα - Αγορά,Ουσιαστικά,noun,,εξόφληση,,,no_english
1715,7,Ενδυμασία - Προσωπικά αντικείμενα - Αγορά,Ουσιαστικά,noun,,επιταγή,cheque,cheque photo,generated
1716,7,Ενδυμασία - Προσωπικά αντικείμενα - Αγορά,Ουσιαστικά,noun,,ευκαρία,,,no_english
1717,7,Ενδυμασία - Προσωπικά αντικείμενα - Αγορά,Ουσιαστικά,noun,,κατανάλωση,,,no_english
1718,7,Ενδυμασία - Προσωπικά αντικείμενα - Αγορά,Ουσιαστικά,noun,,κατάστημα,shop,shop photo,generated
1719,7,Ενδυμασία - Προσωπικά αντικείμενα - Αγορά,Ουσιαστικά,noun,,κέρδος,profit,profit photo,generated
1720,7,Ενδυμασία - Προσωπικά αντικείμενα - Αγορά,Ουσιαστικά,noun,,κοινό,Nominative,Nominative photo,generated
1721,7,Ενδυμασία - Προσωπικά αντικείμενα - Αγορά,Ουσιαστικά,noun,,κόστος,cost,cost photo,generated
1722,7,Ενδυμασία - Προσωπικά αντικείμενα - Αγορά,Ουσιαστικά,noun,,μαγαζί,shop,shop photo,generated
1723,7,Ενδυμασία - Προσωπικά αντικείμενα - Αγορά,Ουσιαστικά,noun,,μετρητά,cash,cash photo,generated
1724,7,Ενδυμασία - Προσωπικά αντικείμενα - Αγορά,Ουσιαστικά,noun,,ξεπούλημα,,,no_english
1725,7,Ενδυμασία - Προσωπικά αντικείμενα - Αγορά,Ουσιαστικά,noun,,πίστωση,credit,credit photo,generated
1726,7,Ενδυμασία - Προσωπικά αντικείμενα - Αγορά,Ουσιαστικά,noun,,πιστωτικήκάρτα,,,no_english
1727,7,Ενδυμασία - Προσωπικά αντικείμενα - Αγορά,Ουσιαστικά,noun,,ποιότητα,"quality, attribute (differentiating property)",,needs_review
1728,7,Ενδυμασία - Προσωπικά αντικείμενα - Αγορά,Ουσιαστικά,noun,,ποσοστό,percentage,percentage photo,generated
1729,7,Ενδυμασία - Προσωπικά αντικείμενα - Αγορά,Ουσιαστικά,noun,,προκαταβολή,deposit,deposit photo,generated
1730,7,Ενδυμασία - Προσωπικά αντικείμενα - Αγορά,Ουσιαστικά,noun,,προσφορά,offer,offer photo,generated
1731,7,Ενδυμασία - Προσωπικά αντικείμενα - Αγορά,Ουσιαστικά,noun,,πωλητής,seller,seller photo,generated
1732,7,Ενδυμασία - Προσωπικά αντικείμενα - Αγορά,Ουσιαστικά,noun,,πωλήτρια,seller,seller photo,generated
1733,7,Ενδυμασία - Προσωπικά αντικείμενα - Αγορά,Ουσιαστικά,noun,,ρέστα,change,change photo,generated
1734,7,Ενδυμασία - Προσωπικά αντικείμενα - Αγορά,Ουσιαστικά,noun,,ταμειακήμηχανή,,,no_english
1735,7,Ενδυμασία - Προσωπικά αντικείμενα - Αγορά,Ουσιαστικά,noun,,ταμείο,cash desk,cash desk photo,generated
1736,7,Ενδυμασία - Προσωπικά αντικείμενα - Αγορά,Ουσιαστικά,noun,,τιμή,price,price photo,generated
1737,7,Ενδυμασία - Προσωπικά αντικείμενα - Αγορά,Ουσιαστικά,noun,,φθήνια,,,no_english
1738,7,Ενδυμασία - Προσωπικά αντικείμενα - Αγορά,Ουσιαστικά,noun,,φόρος,tribute,tribute photo,generated
1739,7,Ενδυμασία - Προσωπικά αντικείμενα - Αγορά,Ουσιαστικά,noun,,ωράριο,work hours,work hours photo,generated
1740,7,Ενδυμασία - Προσωπικά αντικείμενα - Αγορά,Επίθετα,adjective,,αγοραστικός-ή-ό,buying,buying example photo,generated
1741,7,Ενδυμασία - Προσωπικά αντικείμενα - Αγορά,Επίθετα,adjective,,αδιάβροχος-η-ο,waterproof,waterproof example photo,generated
1742,7,Ενδυμασία - Προσωπικά αντικείμενα - Αγορά,Επίθετα,adjective,,ακριβός-ή-ό,expensive,expensive example photo,generated
1743,7,Ενδυμασία - Προσωπικά αντικείμενα - Αγορά,Επίθετα,adjective,,ανοιχτός-ή-ό,open,open example photo,generated
1744,7,Ενδυμασία - Προσωπικά αντικείμενα - Αγορά,Επίθετα,adjective,,άσπρος-η-ο,white,white example photo,generated
1745,7,Ενδυμασία - Προσωπικά αντικείμενα - Αγορά,Επίθετα,adjective,,ατημέλητος-η-ο,unkempt,unkempt example photo,generated
1746,7,Ενδυμασία - Προσωπικά αντικείμενα - Αγορά,Επίθετα,adjective,,βαμαβακερός-ή-ό,,,no_english
1747,7,Ενδυμασία - Προσωπικά αντικείμενα - Αγορά,Επίθετα,adjective,,βελούδινος-η-ο,,,no_english
1748,7,Ενδυμασία - Προσωπικά αντικείμενα - Αγορά,Επίθετα,adjective,,βυσσινής-ιά-ί,crimson,crimson example photo,generated
1749,7,Ενδυμασία - Προσωπικά αντικείμενα - Αγορά,Επίθετα,adjective,,γαλάζιος-ια-ιο,sky blue,sky blue example photo,generated
1750,7,Ενδυμασία - Προσωπικά αντικείμενα - Αγορά,Επίθετα,adjective,,γκρίζος-α-ο,grey,grey example photo,generated
1751,7,Ενδυμασία - Προσωπικά αντικείμενα - Αγορά,Επίθετα,adjective,,δερμάτινος-η-ο,leather,leather example photo,generated
1752,7,Ενδυμασία - Προσωπικά αντικείμενα - Αγορά,Επίθετα,adjective,,εμπριμέ,,,no_english
1753,7,Ενδυμασία - Προσωπικά αντικείμενα - Αγορά,Επίθετα,adjective,,ζεστός-ή-ό,warm,warm example photo,generated
1754,7,Ενδυμασία - Προσωπικά αντικείμενα - Αγορά,Επίθετα,adjective,,"ζιβάγκο,το",,,no_english
1755,7,Ενδυμασία - Προσωπικά αντικείμενα - Αγορά,Επίθετα,adjective,,καλοκαιρινός-ή-ό,summery,summery example photo,generated
1756,7,Ενδυμασία - Προσωπικά αντικείμενα - Αγορά,Επίθετα,adjective,,καρό,,,no_english
1757,7,Ενδυμασία - Προσωπικά αντικείμενα - Αγορά,Επίθετα,adjective,,καταναλωτικός-ή-ό,,,no_english
1758,7,Ενδυμασία - Προσωπικά αντικείμενα - Αγορά,Επίθετα,adjective,,καφέ,brown,brown example photo,generated
1759,7,Ενδυμασία - Προσωπικά αντικείμενα - Αγορά,Επίθετα,adjective,,καφετής-ιά-ί,coffee coloured,coffee coloured example photo,generated
1760,7,Ενδυμασία - Προσωπικά αντικείμενα - Αγορά,Επίθετα,adjective,,κίτρινος-η-ο,yellow,yellow example photo,generated
1761,7,Ενδυμασία - Προσωπικά αντικείμενα - Αγορά,Επίθετα,adjective,,κλειστός-ή-ό,closed,closed example photo,generated
1762,7,Ενδυμασία - Προσωπικά αντικείμενα - Αγορά,Επίθετα,adjective,,κόκκινος-η-ο,red (colour),,needs_review
1763,7,Ενδυμασία - Προσωπικά αντικείμενα - Αγορά,Επίθετα,adjective,,κομψός-ή-ό,chic,chic example photo,generated
1764,7,Ενδυμασία - Προσωπικά αντικείμενα - Αγορά,Επίθετα,adjective,,κοντομάνικος-η-ο,having short sleeves,having short sleeves example photo,generated
1765,7,Ενδυμασία - Προσωπικά αντικείμενα - Αγορά,Επίθετα,adjective,,κοντός-ή-ό,short,short example photo,generated
1766,7,Ενδυμασία - Προσωπικά αντικείμενα - Αγορά,Επίθετα,adjective,,λεπτός-ή-ό,thin,thin example photo,generated
1767,7,Ενδυμασία - Προσωπικά αντικείμενα - Αγορά,Επίθετα,adjective,,λευκός-ή-ό,white,white example photo,generated
1768,7,Ενδυμασία - Προσωπικά αντικείμενα - Αγορά,Επίθετα,adjective,,λινός-ή-ό,linen,linen example photo,generated
1769,7,Ενδυμασία - Προσωπικά αντικείμενα - Αγορά,Επίθετα,adjective,,μακρυμάνικος-η-ο,,,no_english
1770,7,Ενδυμασία - Προσωπικά αντικείμενα - Αγορά,Επίθετα,adjective,,μακρύς-ιά-ύ,long,long example photo,generated
1771,7,Ενδυμασία - Προσωπικά αντικείμενα - Αγορά,Επίθετα,adjective,,μάλλινος-η-ο,woollen,woollen example photo,generated
1772,7,Ενδυμασία - Προσωπικά αντικείμενα - Αγορά,Επίθετα,adjective,,μαύρος-η-ο,black,black example photo,generated
1773,7,Ενδυμασία - Προσωπικά αντικείμενα - Αγορά,Επίθετα,adjective,,μεταξωτός-ή-ό,,,no_english
1774,7,Ενδυμασία - Προσωπικά αντικείμενα - Αγορά,Επίθετα,adjective,,μπεζ,beige,beige example photo,generated
1775,7,Ενδυμασία - Προσωπικά αντικείμενα - Αγορά,Επίθετα,adjective,,μπλε,blue,blue example photo,generated
1776,7,Ενδυμασία - Προσωπικά αντικείμενα - Αγορά,Επίθετα,adjective,,πλεκτός-ή-ό,,,no_english
1777,7,Ενδυμασία - Προσωπικά αντικείμενα - Αγορά,Επίθετα,adjective,,ποιοτικός-ή-ό,qualitative,qualitative example photo,generated
1778,7,Ενδυμασία - Προσωπικά αντικείμενα - Αγορά,Επίθετα,adjective,,πορτοκαλής-ιά-ί,orange,orange example photo,generated
1779,7,Ενδυμασία - Προσωπικά αντικείμενα - Αγορά,Επίθετα,adjective,,πράσινος-η-ο,green,green example photo,generated
1780,7,Ενδυμασία - Προσωπικά αντικείμενα - Αγορά,Επίθετα,adjective,,ριγέ,,,no_english
1781,7,Ενδυμασία - Προσωπικά αντικείμενα - Αγορά,Επίθετα,adjective,,σιδερωμένος-η-ο,,,no_english
1782,7,Ενδυμασία - Προσωπικά αντικείμενα - Αγορά,Επίθετα,adjective,,στενός-ή-ό,narrow,narrow example photo,generated
1783,7,Ενδυμασία - Προσωπικά αντικείμενα - Αγορά,Επίθετα,adjective,,συνεχής-ή-ές,constant,constant example photo,generated
1784,7,Ενδυμασία - Προσωπικά αντικείμενα - Αγορά,Επίθετα,adjective,,συνθετικός-ή-ό,synthetic,synthetic example photo,generated
1785,7,Ενδυμασία - Προσωπικά αντικείμενα - Αγορά,Επίθετα,adjective,,"τζιν,το",,,no_english
1786,7,Ενδυμασία - Προσωπικά αντικείμενα - Αγορά,Επίθετα,adjective,,τσαλακωμένος-η-ο,,,no_english
1787,7,Ενδυμασία - Προσωπικά αντικείμενα - Αγορά,Επίθετα,adjective,,φαρδύς-ιά-ύ,wide,wide example photo,generated
1788,7,Ενδυμασία - Προσωπικά αντικείμενα - Αγορά,Επίθετα,adjective,,φθηνός-ή-ό(φτηνός),cheap,cheap example photo,generated
1789,7,Ενδυμασία - Προσωπικά αντικείμενα - Αγορά,Επίθετα,adjective,,χακί,of khaki colour,of khaki colour example photo,generated
1790,7,Ενδυμασία - Προσωπικά αντικείμενα - Αγορά,Επίθετα,adjective,,χειμερινός-ή-ό,winter,winter example photo,generated
1791,7,Ενδυμασία - Προσωπικά αντικείμενα - Αγορά,Επίθετα,adjective,,χοντρός-ή-ό,thick,thick example photo,generated
1792,7,Ενδυμασία - Προσωπικά αντικείμενα - Αγορά,Ρήματα,verb,,αγοράζω,"buy, purchase",,needs_review
1793,7,Ενδυμασία - Προσωπικά αντικείμενα - Αγορά,Ρήματα,verb,,ακριβαίνω,"(intransitive) go up, mark up, increase (price)",,needs_review
1794,7,Ενδυμασία - Προσωπικά αντικείμενα - Αγορά,Ρήματα,verb,,αλλάζω,change,change action photo,generated
1795,7,Ενδυμασία - Προσωπικά αντικείμενα - Αγορά,Ρήματα,verb,,γυαλίζω(ταπαπούτσια),polish,polish action photo,generated
1796,7,Ενδυμασία - Προσωπικά αντικείμενα - Αγορά,Ρήματα,verb,,δανείζω-ζομαι,lend,lend action photo,generated
1797,7,Ενδυμασία - Προσωπικά αντικείμενα - Αγορά,Ρήματα,verb,,δένω,moor,moor action photo,generated
1798,7,Ενδυμασία - Προσωπικά αντικείμενα - Αγορά,Ρήματα,verb,,διακοσμώ,adorn,adorn action photo,generated
1799,7,Ενδυμασία - Προσωπικά αντικείμενα - Αγορά,Ρήματα,verb,,διαφημίζω-ομαι,advertise,advertise action photo,generated
1800,7,Ενδυμασία - Προσωπικά αντικείμενα - Αγορά,Ρήματα,verb,,δοκιμάζω,test,test action photo,generated
1801,7,Ενδυμασία - Προσωπικά αντικείμενα - Αγορά,Ρήματα,verb,,εφοδιάζω,supply,supply action photo,generated
1802,7,Ενδυμασία - Προσωπικά αντικείμενα - Αγορά,Ρήματα,verb,,ετοιμάζω-ομαι,prepare,prepare action photo,generated
1803,7,Ενδυμασία - Προσωπικά αντικείμενα - Αγορά,Ρήματα,verb,,κάνωαλλαγή,,,no_english
1804,7,Ενδυμασία - Προσωπικά αντικείμενα - Αγορά,Ρήματα,verb,,κάνωπρόβα,,,no_english
1805,7,Ενδυμασία - Προσωπικά αντικείμενα - Αγορά,Ρήματα,verb,,κοστίζω,cost,cost action photo,generated
1806,7,Ενδυμασία - Προσωπικά αντικείμενα - Αγορά,Ρήματα,verb,,ντύνω-ομαι,dress someone,dress someone action photo,generated
1807,7,Ενδυμασία - Προσωπικά αντικείμενα - Αγορά,Ρήματα,verb,,ξεντύνω-ομαι,,,no_english
1808,7,Ενδυμασία - Προσωπικά αντικείμενα - Αγορά,Ρήματα,verb,,ξεπουλώ,,,no_english
1809,7,Ενδυμασία - Προσωπικά αντικείμενα - Αγορά,Ρήματα,verb,,παίρνω,take,take action photo,generated
1810,7,Ενδυμασία - Προσωπικά αντικείμενα - Αγορά,Ρήματα,verb,,πληρώνω-ομαι,pay for past action,pay for past action action photo,generated
1811,7,Ενδυμασία - Προσωπικά αντικείμενα - Αγορά,Ρήματα,verb,,πουλώ,less frequent,less frequent action photo,generated
1812,7,Ενδυμασία - Προσωπικά αντικείμενα - Αγορά,Ρήματα,verb,,τσαλακώνω,,,no_english
1813,7,Ενδυμασία - Προσωπικά αντικείμενα - Αγορά,Ρήματα,verb,,χρωστώ,"owe, be in debt",,needs_review
1814,7,Ενδυμασία - Προσωπικά αντικείμενα - Αγορά,Ρήματα,verb,,χρωστώ,"owe, be in debt",,needs_review
1815,7,Ενδυμασία - Προσωπικά αντικείμενα - Αγορά,Ρήματα,verb,,φθηναίνω,,,no_english
1816,7,Ενδυμασία - Προσωπικά αντικείμενα - Αγορά,Ρήματα,verb,,φορώ,a more formal variant of φοράω (foráo),,needs_review
1817,7,Ενδυμασία - Προσωπικά αντικείμενα - Αγορά,Εκφράσεις,phrase,,Πόσοκάνει;,,,no_english
1818,7,Ενδυμασία - Προσωπικά αντικείμενα - Αγορά,Εκφράσεις,phrase,,Γιακάςχαμόγελο,,,no_english
1819,7,Ενδυμασία - Προσωπικά αντικείμενα - Αγορά,Εκφράσεις,phrase,,Γιακάςβε(ν),,,no_english
1820,7,Ενδυμασία - Προσωπικά αντικείμενα - Αγορά,Εκφράσεις,phrase,,ΆλλαξεοΜανολιόςκιέβαλεταρούχατουαλλιώς.,,,no_english
1821,7,Ενδυμασία - Προσωπικά αντικείμενα - Αγορά,Εκφράσεις,phrase,,"Προϊόν«ΑΑ»(άλφα,άλφα!)",,,no_english
1822,7,Ενδυμασία - Προσωπικά αντικείμενα - Αγορά,Εκφράσεις,phrase,,"Ό,τιδίνεις,παίρνεις.",,,no_english
1823,7,Ενδυμασία - Προσωπικά αντικείμενα - Αγορά,Εκφράσεις,phrase,,"Όλαστοκόστος!Μισήτιμή!Ό,τιπρολάβετε!Όσο-όσο!Σετιμήευκαιρίας!",,,no_english
1824,7,Ενδυμασία - Προσωπικά αντικείμενα - Αγορά,Εκφράσεις,phrase,,"Είναιτηςμόδας,πάωμετημόδα,μουπάει,φοράω(βάζω)τακαλάμου.",,,no_english
1825,7,Ενδυμασία - Προσωπικά αντικείμενα - Αγορά,Εκφράσεις,phrase,,Τοράσοδενκάνειτονπαπά.,,,no_english
1826,8,Ελεύθερος χρόνος: παιχνίδια - χόμπι - διασκέδαση - άθληση,Ουσιαστικά,noun,,ανάγνωση,oral presentation of text,oral presentation of text photo,generated
1827,8,Ελεύθερος χρόνος: παιχνίδια - χόμπι - διασκέδαση - άθληση,Ουσιαστικά,noun,,ανέκδοτο,anecdote,anecdote photo,generated
1828,8,Ελεύθερος χρόνος: παιχνίδια - χόμπι - διασκέδαση - άθληση,Ουσιαστικά,noun,,αρκουδάκι,,,no_english
1829,8,Ελεύθερος χρόνος: παιχνίδια - χόμπι - διασκέδαση - άθληση,Ουσιαστικά,noun,,αίνιγμα,riddle,riddle photo,generated
1830,8,Ελεύθερος χρόνος: παιχνίδια - χόμπι - διασκέδαση - άθληση,Ουσιαστικά,noun,,αυτοκινητάκι,toy car,,needs_review
1831,8,Ελεύθερος χρόνος: παιχνίδια - χόμπι - διασκέδαση - άθληση,Ουσιαστικά,noun,,βιβλίο,book,book photo,generated
1832,8,Ελεύθερος χρόνος: παιχνίδια - χόμπι - διασκέδαση - άθληση,Ουσιαστικά,noun,,βιβλιοθήκη,library,library photo,generated
1833,8,Ελεύθερος χρόνος: παιχνίδια - χόμπι - διασκέδαση - άθληση,Ουσιαστικά,noun,,βιβλιοπωλείο,bookshop,bookshop photo,generated
1834,8,Ελεύθερος χρόνος: παιχνίδια - χόμπι - διασκέδαση - άθληση,Ουσιαστικά,noun,,«γκρινιάρης»,,,no_english
1835,8,Ελεύθερος χρόνος: παιχνίδια - χόμπι - διασκέδαση - άθληση,Ουσιαστικά,noun,,διαδίκτυο,internet,internet photo,generated
1836,8,Ελεύθερος χρόνος: παιχνίδια - χόμπι - διασκέδαση - άθληση,Ουσιαστικά,noun,,διασκέδαση,amusement,amusement photo,generated
1837,8,Ελεύθερος χρόνος: παιχνίδια - χόμπι - διασκέδαση - άθληση,Ουσιαστικά,noun,,διήγημα,,,no_english
1838,8,Ελεύθερος χρόνος: παιχνίδια - χόμπι - διασκέδαση - άθληση,Ουσιαστικά,noun,,επιτραπέζιοπαιχνίδι,,,no_english
1839,8,Ελεύθερος χρόνος: παιχνίδια - χόμπι - διασκέδαση - άθληση,Ουσιαστικά,noun,,ζωγραφιά,illustration,illustration photo,generated
1840,8,Ελεύθερος χρόνος: παιχνίδια - χόμπι - διασκέδαση - άθληση,Ουσιαστικά,noun,,ζωγραφική,painting,painting photo,generated
1841,8,Ελεύθερος χρόνος: παιχνίδια - χόμπι - διασκέδαση - άθληση,Ουσιαστικά,noun,,ηλεκτρονικάπαιχνίδια,,,no_english
1842,8,Ελεύθερος χρόνος: παιχνίδια - χόμπι - διασκέδαση - άθληση,Ουσιαστικά,noun,,ηλεκτρονικόςυπολογιστής,,,no_english
1843,8,Ελεύθερος χρόνος: παιχνίδια - χόμπι - διασκέδαση - άθληση,Ουσιαστικά,noun,,ιντερνέτ,internet,internet photo,generated
1844,8,Ελεύθερος χρόνος: παιχνίδια - χόμπι - διασκέδαση - άθληση,Ουσιαστικά,noun,,καβαλέτο,easel,easel photo,generated
1845,8,Ελεύθερος χρόνος: παιχνίδια - χόμπι - διασκέδαση - άθληση,Ουσιαστικά,noun,,κανόνας,canon,canon photo,generated
1846,8,Ελεύθερος χρόνος: παιχνίδια - χόμπι - διασκέδαση - άθληση,Ουσιαστικά,noun,,κερομπογιές,,,no_english
1847,8,Ελεύθερος χρόνος: παιχνίδια - χόμπι - διασκέδαση - άθληση,Ουσιαστικά,noun,,κόμικ,,,no_english
1848,8,Ελεύθερος χρόνος: παιχνίδια - χόμπι - διασκέδαση - άθληση,Ουσιαστικά,noun,,κομπιούτερ,computer,computer photo,generated
1849,8,Ελεύθερος χρόνος: παιχνίδια - χόμπι - διασκέδαση - άθληση,Ουσιαστικά,noun,,κούκλα,doll,doll photo,generated
1850,8,Ελεύθερος χρόνος: παιχνίδια - χόμπι - διασκέδαση - άθληση,Ουσιαστικά,noun,,κουτσό,hopscotch,hopscotch photo,generated
1851,8,Ελεύθερος χρόνος: παιχνίδια - χόμπι - διασκέδαση - άθληση,Ουσιαστικά,noun,,κρυφτό,hide and seek,hide and seek photo,generated
1852,8,Ελεύθερος χρόνος: παιχνίδια - χόμπι - διασκέδαση - άθληση,Ουσιαστικά,noun,,κυνηγητό,hunt,hunt photo,generated
1853,8,Ελεύθερος χρόνος: παιχνίδια - χόμπι - διασκέδαση - άθληση,Ουσιαστικά,noun,,μπλοκζωγραφικής,,,no_english
1854,8,Ελεύθερος χρόνος: παιχνίδια - χόμπι - διασκέδαση - άθληση,Ουσιαστικά,noun,,μπογιές,paint,paint photo,generated
1855,8,Ελεύθερος χρόνος: παιχνίδια - χόμπι - διασκέδαση - άθληση,Ουσιαστικά,noun,,μυθιστόρημα,novel,novel photo,generated
1856,8,Ελεύθερος χρόνος: παιχνίδια - χόμπι - διασκέδαση - άθληση,Ουσιαστικά,noun,,νερομπογιές,Nominative,Nominative photo,generated
1857,8,Ελεύθερος χρόνος: παιχνίδια - χόμπι - διασκέδαση - άθληση,Ουσιαστικά,noun,,ντόμινο,,,no_english
1858,8,Ελεύθερος χρόνος: παιχνίδια - χόμπι - διασκέδαση - άθληση,Ουσιαστικά,noun,,χόμπυ,,,no_english
1859,8,Ελεύθερος χρόνος: παιχνίδια - χόμπι - διασκέδαση - άθληση,Ουσιαστικά,noun,,παιχνίδι,game,game photo,generated
1860,8,Ελεύθερος χρόνος: παιχνίδια - χόμπι - διασκέδαση - άθληση,Ουσιαστικά,noun,,«μήλα»,,,no_english
1861,8,Ελεύθερος χρόνος: παιχνίδια - χόμπι - διασκέδαση - άθληση,Ουσιαστικά,noun,,«μονόπολι»,,,no_english
1862,8,Ελεύθερος χρόνος: παιχνίδια - χόμπι - διασκέδαση - άθληση,Ουσιαστικά,noun,,μπαλόνι,balloon,balloon photo,generated
1863,8,Ελεύθερος χρόνος: παιχνίδια - χόμπι - διασκέδαση - άθληση,Ουσιαστικά,noun,,ξυλομπογιές,,,no_english
1864,8,Ελεύθερος χρόνος: παιχνίδια - χόμπι - διασκέδαση - άθληση,Ουσιαστικά,noun,,οθόνη,monitor,monitor photo,generated
1865,8,Ελεύθερος χρόνος: παιχνίδια - χόμπι - διασκέδαση - άθληση,Ουσιαστικά,noun,,ομαδικόπαιχνίδι,,,no_english
1866,8,Ελεύθερος χρόνος: παιχνίδια - χόμπι - διασκέδαση - άθληση,Ουσιαστικά,noun,,παραμύθι,fairy tale,fairy tale photo,generated
1867,8,Ελεύθερος χρόνος: παιχνίδια - χόμπι - διασκέδαση - άθληση,Ουσιαστικά,noun,,περιοδικό,Nominative,Nominative photo,generated
1868,8,Ελεύθερος χρόνος: παιχνίδια - χόμπι - διασκέδαση - άθληση,Ουσιαστικά,noun,,πινέλο,artist's or decorator's brush,artist's or decorator's brush photo,generated
1869,8,Ελεύθερος χρόνος: παιχνίδια - χόμπι - διασκέδαση - άθληση,Ουσιαστικά,noun,,ποίημα,poem,poem photo,generated
1870,8,Ελεύθερος χρόνος: παιχνίδια - χόμπι - διασκέδαση - άθληση,Ουσιαστικά,noun,,«ποντίκι»,,,no_english
1871,8,Ελεύθερος χρόνος: παιχνίδια - χόμπι - διασκέδαση - άθληση,Ουσιαστικά,noun,,σκάκι,chess,chess photo,generated
1872,8,Ελεύθερος χρόνος: παιχνίδια - χόμπι - διασκέδαση - άθληση,Ουσιαστικά,noun,,σπαζοκεφαλιά,,,no_english
1873,8,Ελεύθερος χρόνος: παιχνίδια - χόμπι - διασκέδαση - άθληση,Ουσιαστικά,noun,,σταυρόλεξο,crossword,crossword photo,generated
1874,8,Ελεύθερος χρόνος: παιχνίδια - χόμπι - διασκέδαση - άθληση,Ουσιαστικά,noun,,τόπι,ball,ball photo,generated
1875,8,Ελεύθερος χρόνος: παιχνίδια - χόμπι - διασκέδαση - άθληση,Ουσιαστικά,noun,,«φιδάκι»,,,no_english
1876,8,Ελεύθερος χρόνος: παιχνίδια - χόμπι - διασκέδαση - άθληση,Ουσιαστικά,noun,,χρώματα,colour,colour photo,generated
1877,8,Ελεύθερος χρόνος: παιχνίδια - χόμπι - διασκέδαση - άθληση,Ουσιαστικά,noun,,ασημί,silver,silver photo,generated
1878,8,Ελεύθερος χρόνος: παιχνίδια - χόμπι - διασκέδαση - άθληση,Ουσιαστικά,noun,,άσπρος-η-ο,white,white photo,generated
1879,8,Ελεύθερος χρόνος: παιχνίδια - χόμπι - διασκέδαση - άθληση,Ουσιαστικά,noun,,βεραμάν,,,no_english
1880,8,Ελεύθερος χρόνος: παιχνίδια - χόμπι - διασκέδαση - άθληση,Ουσιαστικά,noun,,γαλάζιος-η-ο,sky blue,sky blue photo,generated
1881,8,Ελεύθερος χρόνος: παιχνίδια - χόμπι - διασκέδαση - άθληση,Ουσιαστικά,noun,,γκρι,grey,grey photo,generated
1882,8,Ελεύθερος χρόνος: παιχνίδια - χόμπι - διασκέδαση - άθληση,Ουσιαστικά,noun,,εκρού,,,no_english
1883,8,Ελεύθερος χρόνος: παιχνίδια - χόμπι - διασκέδαση - άθληση,Ουσιαστικά,noun,,θαλασσής-ιά-ί,sea blue,sea blue photo,generated
1884,8,Ελεύθερος χρόνος: παιχνίδια - χόμπι - διασκέδαση - άθληση,Ουσιαστικά,noun,,καφέ,brown,brown photo,generated
1885,8,Ελεύθερος χρόνος: παιχνίδια - χόμπι - διασκέδαση - άθληση,Ουσιαστικά,noun,,κίτρινος-η-ο,yellow,yellow photo,generated
1886,8,Ελεύθερος χρόνος: παιχνίδια - χόμπι - διασκέδαση - άθληση,Ουσιαστικά,noun,,κόκκινος-η-ο,red (colour),,needs_review
1887,8,Ελεύθερος χρόνος: παιχνίδια - χόμπι - διασκέδαση - άθληση,Ουσιαστικά,noun,,μαύρος-η-ο,black,black photo,generated
1888,8,Ελεύθερος χρόνος: παιχνίδια - χόμπι - διασκέδαση - άθληση,Ουσιαστικά,noun,,μοβ,mauve,mauve photo,generated
1889,8,Ελεύθερος χρόνος: παιχνίδια - χόμπι - διασκέδαση - άθληση,Ουσιαστικά,noun,,μπεζ,beige,beige photo,generated
1890,8,Ελεύθερος χρόνος: παιχνίδια - χόμπι - διασκέδαση - άθληση,Ουσιαστικά,noun,,μπλε,blue,blue photo,generated
1891,8,Ελεύθερος χρόνος: παιχνίδια - χόμπι - διασκέδαση - άθληση,Ουσιαστικά,noun,,ουρανής-ιά-ί,sky blue,sky blue photo,generated
1892,8,Ελεύθερος χρόνος: παιχνίδια - χόμπι - διασκέδαση - άθληση,Ουσιαστικά,noun,,πορτοκαλής-ιά-ί,orange,orange photo,generated
1893,8,Ελεύθερος χρόνος: παιχνίδια - χόμπι - διασκέδαση - άθληση,Ουσιαστικά,noun,,πράσινος-η-ο,green,green photo,generated
1894,8,Ελεύθερος χρόνος: παιχνίδια - χόμπι - διασκέδαση - άθληση,Ουσιαστικά,noun,,ροζ,pink,pink photo,generated
1895,8,Ελεύθερος χρόνος: παιχνίδια - χόμπι - διασκέδαση - άθληση,Ουσιαστικά,noun,,σοκολατής-ιά-ί,,,no_english
1896,8,Ελεύθερος χρόνος: παιχνίδια - χόμπι - διασκέδαση - άθληση,Ουσιαστικά,noun,,σομόν,,,no_english
1897,8,Ελεύθερος χρόνος: παιχνίδια - χόμπι - διασκέδαση - άθληση,Ουσιαστικά,noun,,χακί,of khaki colour,of khaki colour photo,generated
1898,8,Ελεύθερος χρόνος: παιχνίδια - χόμπι - διασκέδαση - άθληση,Ουσιαστικά,noun,,χρυσός-η-ο,gold,gold photo,generated
1899,8,Ελεύθερος χρόνος: παιχνίδια - χόμπι - διασκέδαση - άθληση,Ουσιαστικά,noun,,ταχυδρομείο,post office,post office photo,generated
1900,8,Ελεύθερος χρόνος: παιχνίδια - χόμπι - διασκέδαση - άθληση,Ουσιαστικά,noun,,αποστολέας,sender,sender photo,generated
1901,8,Ελεύθερος χρόνος: παιχνίδια - χόμπι - διασκέδαση - άθληση,Ουσιαστικά,noun,,γράμμα,letter,letter photo,generated
1902,8,Ελεύθερος χρόνος: παιχνίδια - χόμπι - διασκέδαση - άθληση,Ουσιαστικά,noun,,γραμματόσημο,postage stamp,postage stamp photo,generated
1903,8,Ελεύθερος χρόνος: παιχνίδια - χόμπι - διασκέδαση - άθληση,Ουσιαστικά,noun,,διεύθυνση,management,management photo,generated
1904,8,Ελεύθερος χρόνος: παιχνίδια - χόμπι - διασκέδαση - άθληση,Ουσιαστικά,noun,,επιταγή,cheque,cheque photo,generated
1905,8,Ελεύθερος χρόνος: παιχνίδια - χόμπι - διασκέδαση - άθληση,Ουσιαστικά,noun,,κόλλααλληλογραφίας,,,no_english
1906,8,Ελεύθερος χρόνος: παιχνίδια - χόμπι - διασκέδαση - άθληση,Ουσιαστικά,noun,,παραλήπτης,recipient,recipient photo,generated
1907,8,Ελεύθερος χρόνος: παιχνίδια - χόμπι - διασκέδαση - άθληση,Ουσιαστικά,noun,,συλλογήγραμματοσήμων,,,no_english
1908,8,Ελεύθερος χρόνος: παιχνίδια - χόμπι - διασκέδαση - άθληση,Ουσιαστικά,noun,,συστημένο(γράμμα),,,no_english
1909,8,Ελεύθερος χρόνος: παιχνίδια - χόμπι - διασκέδαση - άθληση,Ουσιαστικά,noun,,ταχυδρόμος,postwoman,postwoman photo,generated
1910,8,Ελεύθερος χρόνος: παιχνίδια - χόμπι - διασκέδαση - άθληση,Ουσιαστικά,noun,,φάκελος,envelope,envelope photo,generated
1911,8,Ελεύθερος χρόνος: παιχνίδια - χόμπι - διασκέδαση - άθληση,Ουσιαστικά,noun,,φιλοτελισμός,,,no_english
1912,8,Ελεύθερος χρόνος: παιχνίδια - χόμπι - διασκέδαση - άθληση,Ουσιαστικά,noun,,ηφωτογραφία,,,no_english
1913,8,Ελεύθερος χρόνος: παιχνίδια - χόμπι - διασκέδαση - άθληση,Ουσιαστικά,noun,,αρνητικό,disapproving,disapproving photo,generated
1914,8,Ελεύθερος χρόνος: παιχνίδια - χόμπι - διασκέδαση - άθληση,Ουσιαστικά,noun,,εκτύπωση,,,no_english
1915,8,Ελεύθερος χρόνος: παιχνίδια - χόμπι - διασκέδαση - άθληση,Ουσιαστικά,noun,,εμφάνιση,,,no_english
1916,8,Ελεύθερος χρόνος: παιχνίδια - χόμπι - διασκέδαση - άθληση,Ουσιαστικά,noun,,στάση,position,position photo,generated
1917,8,Ελεύθερος χρόνος: παιχνίδια - χόμπι - διασκέδαση - άθληση,Ουσιαστικά,noun,,φακός,lens,lens photo,generated
1918,8,Ελεύθερος χρόνος: παιχνίδια - χόμπι - διασκέδαση - άθληση,Ουσιαστικά,noun,,φιλμ,film,film photo,generated
1919,8,Ελεύθερος χρόνος: παιχνίδια - χόμπι - διασκέδαση - άθληση,Ουσιαστικά,noun,,φωτογραφικήμηχανή,,,no_english
1920,8,Ελεύθερος χρόνος: παιχνίδια - χόμπι - διασκέδαση - άθληση,Ουσιαστικά,noun,,"ημουσική,τοραδιόφωνο ,ητηλεόραση",,,no_english
1921,8,Ελεύθερος χρόνος: παιχνίδια - χόμπι - διασκέδαση - άθληση,Ουσιαστικά,noun,,ακροατής,listener,listener photo,generated
1922,8,Ελεύθερος χρόνος: παιχνίδια - χόμπι - διασκέδαση - άθληση,Ουσιαστικά,noun,,ακροάτρια,listener,listener photo,generated
1923,8,Ελεύθερος χρόνος: παιχνίδια - χόμπι - διασκέδαση - άθληση,Ουσιαστικά,noun,,"δελτίο(ειδήσεων,καιρού),το",,,no_english
1924,8,Ελεύθερος χρόνος: παιχνίδια - χόμπι - διασκέδαση - άθληση,Ουσιαστικά,noun,,δημοσιογράφος,journalist,journalist photo,generated
1925,8,Ελεύθερος χρόνος: παιχνίδια - χόμπι - διασκέδαση - άθληση,Ουσιαστικά,noun,,δίαυλος,,,no_english
1926,8,Ελεύθερος χρόνος: παιχνίδια - χόμπι - διασκέδαση - άθληση,Ουσιαστικά,noun,,δισκάδικο,,,no_english
1927,8,Ελεύθερος χρόνος: παιχνίδια - χόμπι - διασκέδαση - άθληση,Ουσιαστικά,noun,,δισκοθήκη,,,no_english
1928,8,Ελεύθερος χρόνος: παιχνίδια - χόμπι - διασκέδαση - άθληση,Ουσιαστικά,noun,,δισκοπωλείο,,,no_english
1929,8,Ελεύθερος χρόνος: παιχνίδια - χόμπι - διασκέδαση - άθληση,Ουσιαστικά,noun,,δίσκος,record,record photo,generated
1930,8,Ελεύθερος χρόνος: παιχνίδια - χόμπι - διασκέδαση - άθληση,Ουσιαστικά,noun,,δορυφόρος,satellite,satellite photo,generated
1931,8,Ελεύθερος χρόνος: παιχνίδια - χόμπι - διασκέδαση - άθληση,Ουσιαστικά,noun,,ειδήσεις,news item,news item photo,generated
1932,8,Ελεύθερος χρόνος: παιχνίδια - χόμπι - διασκέδαση - άθληση,Ουσιαστικά,noun,,"εικονολήπτης,ο(κάμεραμαν)",,,no_english
1933,8,Ελεύθερος χρόνος: παιχνίδια - χόμπι - διασκέδαση - άθληση,Ουσιαστικά,noun,,εκπαιδευτικήτηλεόραση,,,no_english
1934,8,Ελεύθερος χρόνος: παιχνίδια - χόμπι - διασκέδαση - άθληση,Ουσιαστικά,noun,,εκπομπή,programme,programme photo,generated
1935,8,Ελεύθερος χρόνος: παιχνίδια - χόμπι - διασκέδαση - άθληση,Ουσιαστικά,noun,,ηχείο,loudspeaker,loudspeaker photo,generated
1936,8,Ελεύθερος χρόνος: παιχνίδια - χόμπι - διασκέδαση - άθληση,Ουσιαστικά,noun,,ηχολήπτης,,,no_english
1937,8,Ελεύθερος χρόνος: παιχνίδια - χόμπι - διασκέδαση - άθληση,Ουσιαστικά,noun,,ηχολήπτρια,,,no_english
1938,8,Ελεύθερος χρόνος: παιχνίδια - χόμπι - διασκέδαση - άθληση,Ουσιαστικά,noun,,κανάλι,canal,canal photo,generated
1939,8,Ελεύθερος χρόνος: παιχνίδια - χόμπι - διασκέδαση - άθληση,Ουσιαστικά,noun,,κασέτα,,,no_english
1940,8,Ελεύθερος χρόνος: παιχνίδια - χόμπι - διασκέδαση - άθληση,Ουσιαστικά,noun,,κασετόφωνο,,,no_english
1941,8,Ελεύθερος χρόνος: παιχνίδια - χόμπι - διασκέδαση - άθληση,Ουσιαστικά,noun,,κεραία,aerial,aerial photo,generated
1942,8,Ελεύθερος χρόνος: παιχνίδια - χόμπι - διασκέδαση - άθληση,Ουσιαστικά,noun,,κινούμενασχέδια,,,no_english
1943,8,Ελεύθερος χρόνος: παιχνίδια - χόμπι - διασκέδαση - άθληση,Ουσιαστικά,noun,,κοντσέρτο,concerto,concerto photo,generated
1944,8,Ελεύθερος χρόνος: παιχνίδια - χόμπι - διασκέδαση - άθληση,Ουσιαστικά,noun,,μαέστρος,conductor,conductor photo,generated
1945,8,Ελεύθερος χρόνος: παιχνίδια - χόμπι - διασκέδαση - άθληση,Ουσιαστικά,noun,,μέγαρομουσικής,,,no_english
1946,8,Ελεύθερος χρόνος: παιχνίδια - χόμπι - διασκέδαση - άθληση,Ουσιαστικά,noun,,μεγάφωνο,loudspeaker,loudspeaker photo,generated
1947,8,Ελεύθερος χρόνος: παιχνίδια - χόμπι - διασκέδαση - άθληση,Ουσιαστικά,noun,,μικρόφωνο,,,no_english
1948,8,Ελεύθερος χρόνος: παιχνίδια - χόμπι - διασκέδαση - άθληση,Ουσιαστικά,noun,,μοντάζ,montage,montage photo,generated
1949,8,Ελεύθερος χρόνος: παιχνίδια - χόμπι - διασκέδαση - άθληση,Ουσιαστικά,noun,,ντοκιμαντέρ,documentary,documentary photo,generated
1950,8,Ελεύθερος χρόνος: παιχνίδια - χόμπι - διασκέδαση - άθληση,Ουσιαστικά,noun,,ορχήστρα,orchestra,orchestra photo,generated
1951,8,Ελεύθερος χρόνος: παιχνίδια - χόμπι - διασκέδαση - άθληση,Ουσιαστικά,noun,,παραγωγός,producer,producer photo,generated
1952,8,Ελεύθερος χρόνος: παιχνίδια - χόμπι - διασκέδαση - άθληση,Ουσιαστικά,noun,,παρτιτούρα,score,score photo,generated
1953,8,Ελεύθερος χρόνος: παιχνίδια - χόμπι - διασκέδαση - άθληση,Ουσιαστικά,noun,,πλατό,stage,stage photo,generated
1954,8,Ελεύθερος χρόνος: παιχνίδια - χόμπι - διασκέδαση - άθληση,Ουσιαστικά,noun,,πρόγραμμα,schedule,schedule photo,generated
1955,8,Ελεύθερος χρόνος: παιχνίδια - χόμπι - διασκέδαση - άθληση,Ουσιαστικά,noun,,ραδιόφωνο,radio,radio photo,generated
1956,8,Ελεύθερος χρόνος: παιχνίδια - χόμπι - διασκέδαση - άθληση,Ουσιαστικά,noun,,ραδιοφωνικόςσταθμός,,,no_english
1957,8,Ελεύθερος χρόνος: παιχνίδια - χόμπι - διασκέδαση - άθληση,Ουσιαστικά,noun,,σιντι,,,no_english
1958,8,Ελεύθερος χρόνος: παιχνίδια - χόμπι - διασκέδαση - άθληση,Ουσιαστικά,noun,,σίριαλ,serial,serial photo,generated
1959,8,Ελεύθερος χρόνος: παιχνίδια - χόμπι - διασκέδαση - άθληση,Ουσιαστικά,noun,,σκηνοθεσία,,,no_english
1960,8,Ελεύθερος χρόνος: παιχνίδια - χόμπι - διασκέδαση - άθληση,Ουσιαστικά,noun,,σκηνοθέτης,director,director photo,generated
1961,8,Ελεύθερος χρόνος: παιχνίδια - χόμπι - διασκέδαση - άθληση,Ουσιαστικά,noun,,σταθμός,station,station photo,generated
1962,8,Ελεύθερος χρόνος: παιχνίδια - χόμπι - διασκέδαση - άθληση,Ουσιαστικά,noun,,στέρεο,solid,solid photo,generated
1963,8,Ελεύθερος χρόνος: παιχνίδια - χόμπι - διασκέδαση - άθληση,Ουσιαστικά,noun,,στερεοφωνικόσυγκρότημα,,,no_english
1964,8,Ελεύθερος χρόνος: παιχνίδια - χόμπι - διασκέδαση - άθληση,Ουσιαστικά,noun,,στούντιο,studio,studio photo,generated
1965,8,Ελεύθερος χρόνος: παιχνίδια - χόμπι - διασκέδαση - άθληση,Ουσιαστικά,noun,,συναυλία,concert,concert photo,generated
1966,8,Ελεύθερος χρόνος: παιχνίδια - χόμπι - διασκέδαση - άθληση,Ουσιαστικά,noun,,τηλεθεατής,viewer,viewer photo,generated
1967,8,Ελεύθερος χρόνος: παιχνίδια - χόμπι - διασκέδαση - άθληση,Ουσιαστικά,noun,,τηλεοπτικήσειρά,,,no_english
1968,8,Ελεύθερος χρόνος: παιχνίδια - χόμπι - διασκέδαση - άθληση,Ουσιαστικά,noun,,τηλεοπτικόςσταθμός,,,no_english
1969,8,Ελεύθερος χρόνος: παιχνίδια - χόμπι - διασκέδαση - άθληση,Ουσιαστικά,noun,,τηλεπαρουσιαστής,,,no_english
1970,8,Ελεύθερος χρόνος: παιχνίδια - χόμπι - διασκέδαση - άθληση,Ουσιαστικά,noun,,τηλεπαρουσιάστρια,,,no_english
1971,8,Ελεύθερος χρόνος: παιχνίδια - χόμπι - διασκέδαση - άθληση,Ουσιαστικά,noun,,τηλεχειριστήριο(τηλεκοντρόλ),remote control,remote control photo,generated
1972,8,Ελεύθερος χρόνος: παιχνίδια - χόμπι - διασκέδαση - άθληση,Ουσιαστικά,noun,,ταμουσικάόργανα,,,no_english
1973,8,Ελεύθερος χρόνος: παιχνίδια - χόμπι - διασκέδαση - άθληση,Ουσιαστικά,noun,,ακορντεόν,accordion,accordion photo,generated
1974,8,Ελεύθερος χρόνος: παιχνίδια - χόμπι - διασκέδαση - άθληση,Ουσιαστικά,noun,,αρμόνιο,,,no_english
1975,8,Ελεύθερος χρόνος: παιχνίδια - χόμπι - διασκέδαση - άθληση,Ουσιαστικά,noun,,άρπα,harp,harp photo,generated
1976,8,Ελεύθερος χρόνος: παιχνίδια - χόμπι - διασκέδαση - άθληση,Ουσιαστικά,noun,,βιόλα,viola,viola photo,generated
1977,8,Ελεύθερος χρόνος: παιχνίδια - χόμπι - διασκέδαση - άθληση,Ουσιαστικά,noun,,βιολί,violin,violin photo,generated
1978,8,Ελεύθερος χρόνος: παιχνίδια - χόμπι - διασκέδαση - άθληση,Ουσιαστικά,noun,,βιολοντσέλο,cello,cello photo,generated
1979,8,Ελεύθερος χρόνος: παιχνίδια - χόμπι - διασκέδαση - άθληση,Ουσιαστικά,noun,,έγχορδα,,,no_english
1980,8,Ελεύθερος χρόνος: παιχνίδια - χόμπι - διασκέδαση - άθληση,Ουσιαστικά,noun,,κιθάρα,guitar,guitar photo,generated
1981,8,Ελεύθερος χρόνος: παιχνίδια - χόμπι - διασκέδαση - άθληση,Ουσιαστικά,noun,,κλαρινέτο,clarinet,clarinet photo,generated
1982,8,Ελεύθερος χρόνος: παιχνίδια - χόμπι - διασκέδαση - άθληση,Ουσιαστικά,noun,,κλαρίνο,clarinet,clarinet photo,generated
1983,8,Ελεύθερος χρόνος: παιχνίδια - χόμπι - διασκέδαση - άθληση,Ουσιαστικά,noun,,κρουστά,of or related to percussion instruments,of or related to percussion instruments photo,generated
1984,8,Ελεύθερος χρόνος: παιχνίδια - χόμπι - διασκέδαση - άθληση,Ουσιαστικά,noun,,μαντολίνο,mandolin,mandolin photo,generated
1985,8,Ελεύθερος χρόνος: παιχνίδια - χόμπι - διασκέδαση - άθληση,Ουσιαστικά,noun,,μπαγλαμάς,baglamas,baglamas photo,generated
1986,8,Ελεύθερος χρόνος: παιχνίδια - χόμπι - διασκέδαση - άθληση,Ουσιαστικά,noun,,μπουζούκι,bouzouki,bouzouki photo,generated
1987,8,Ελεύθερος χρόνος: παιχνίδια - χόμπι - διασκέδαση - άθληση,Ουσιαστικά,noun,,ντραμς,,,no_english
1988,8,Ελεύθερος χρόνος: παιχνίδια - χόμπι - διασκέδαση - άθληση,Ουσιαστικά,noun,,όμποε,oboe,oboe photo,generated
1989,8,Ελεύθερος χρόνος: παιχνίδια - χόμπι - διασκέδαση - άθληση,Ουσιαστικά,noun,,ούτι,,,no_english
1990,8,Ελεύθερος χρόνος: παιχνίδια - χόμπι - διασκέδαση - άθληση,Ουσιαστικά,noun,,πιάνο,piano,piano photo,generated
1991,8,Ελεύθερος χρόνος: παιχνίδια - χόμπι - διασκέδαση - άθληση,Ουσιαστικά,noun,,πνευστά,Nominative,Nominative photo,generated
1992,8,Ελεύθερος χρόνος: παιχνίδια - χόμπι - διασκέδαση - άθληση,Ουσιαστικά,noun,,σαξόφωνο,saxophone,saxophone photo,generated
1993,8,Ελεύθερος χρόνος: παιχνίδια - χόμπι - διασκέδαση - άθληση,Ουσιαστικά,noun,,φλάουτο,flute,flute photo,generated
1994,8,Ελεύθερος χρόνος: παιχνίδια - χόμπι - διασκέδαση - άθληση,Ουσιαστικά,noun,,φυσαρμόνικα,harmonica,harmonica photo,generated
1995,8,Ελεύθερος χρόνος: παιχνίδια - χόμπι - διασκέδαση - άθληση,Ουσιαστικά,noun,,ταθεάματα,,,no_english
1996,8,Ελεύθερος χρόνος: παιχνίδια - χόμπι - διασκέδαση - άθληση,Ουσιαστικά,noun,,αίθουσα,room,room photo,generated
1997,8,Ελεύθερος χρόνος: παιχνίδια - χόμπι - διασκέδαση - άθληση,Ουσιαστικά,noun,,ακροβασία,acrobatics,acrobatics photo,generated
1998,8,Ελεύθερος χρόνος: παιχνίδια - χόμπι - διασκέδαση - άθληση,Ουσιαστικά,noun,,ακροβάτης,acrobat,acrobat photo,generated
1999,8,Ελεύθερος χρόνος: παιχνίδια - χόμπι - διασκέδαση - άθληση,Ουσιαστικά,noun,,ακροβάτρια,,,no_english
2000,8,Ελεύθερος χρόνος: παιχνίδια - χόμπι - διασκέδαση - άθληση,Ουσιαστικά,noun,,αυλαία,,,no_english
2001,8,Ελεύθερος χρόνος: παιχνίδια - χόμπι - διασκέδαση - άθληση,Ουσιαστικά,noun,,αυτόγραφο,autograph,autograph photo,generated
2002,8,Ελεύθερος χρόνος: παιχνίδια - χόμπι - διασκέδαση - άθληση,Ουσιαστικά,noun,,βεστιάριο,,,no_english
2003,8,Ελεύθερος χρόνος: παιχνίδια - χόμπι - διασκέδαση - άθληση,Ουσιαστικά,noun,,γύρισμα,revolve,revolve photo,generated
2004,8,Ελεύθερος χρόνος: παιχνίδια - χόμπι - διασκέδαση - άθληση,Ουσιαστικά,noun,,διάλειμμα,pause,pause photo,generated
2005,8,Ελεύθερος χρόνος: παιχνίδια - χόμπι - διασκέδαση - άθληση,Ουσιαστικά,noun,,δράμα,drama,drama photo,generated
2006,8,Ελεύθερος χρόνος: παιχνίδια - χόμπι - διασκέδαση - άθληση,Ουσιαστικά,noun,,εισιτήριο,ticket for bus,ticket for bus photo,generated
2007,8,Ελεύθερος χρόνος: παιχνίδια - χόμπι - διασκέδαση - άθληση,Ουσιαστικά,noun,,εξώστης,balcony of building,balcony of building photo,generated
2008,8,Ελεύθερος χρόνος: παιχνίδια - χόμπι - διασκέδαση - άθληση,Ουσιαστικά,noun,,επιθεώρηση,,,no_english
2009,8,Ελεύθερος χρόνος: παιχνίδια - χόμπι - διασκέδαση - άθληση,Ουσιαστικά,noun,,έργο,film,film photo,generated
2010,8,Ελεύθερος χρόνος: παιχνίδια - χόμπι - διασκέδαση - άθληση,Ουσιαστικά,noun,,θεατής,spectator,spectator photo,generated
2011,8,Ελεύθερος χρόνος: παιχνίδια - χόμπι - διασκέδαση - άθληση,Ουσιαστικά,noun,,θέατρο,theatre building,theatre building photo,generated
2012,8,Ελεύθερος χρόνος: παιχνίδια - χόμπι - διασκέδαση - άθληση,Ουσιαστικά,noun,,θέση,position,position photo,generated
2013,8,Ελεύθερος χρόνος: παιχνίδια - χόμπι - διασκέδαση - άθληση,Ουσιαστικά,noun,,θεωρείο,"box, loge, gallery at a theatre, concert hall, parliament",,needs_review
2014,8,Ελεύθερος χρόνος: παιχνίδια - χόμπι - διασκέδαση - άθληση,Ουσιαστικά,noun,,θηριοδαμαστής,tamer,tamer photo,generated
2015,8,Ελεύθερος χρόνος: παιχνίδια - χόμπι - διασκέδαση - άθληση,Ουσιαστικά,noun,,θρίλερ,thriller,thriller photo,generated
2016,8,Ελεύθερος χρόνος: παιχνίδια - χόμπι - διασκέδαση - άθληση,Ουσιαστικά,noun,,καμαρίνι,dressing room,dressing room photo,generated
2017,8,Ελεύθερος χρόνος: παιχνίδια - χόμπι - διασκέδαση - άθληση,Ουσιαστικά,noun,,κινηματογράφος,(colloquial) Alternative form of κινηματογράφος (kinimatográfos),,needs_review
2018,8,Ελεύθερος χρόνος: παιχνίδια - χόμπι - διασκέδαση - άθληση,Ουσιαστικά,noun,,κλόουν,clown,clown photo,generated
2019,8,Ελεύθερος χρόνος: παιχνίδια - χόμπι - διασκέδαση - άθληση,Ουσιαστικά,noun,,κοινό,Nominative,Nominative photo,generated
2020,8,Ελεύθερος χρόνος: παιχνίδια - χόμπι - διασκέδαση - άθληση,Ουσιαστικά,noun,,κούνια,swing,swing photo,generated
2021,8,Ελεύθερος χρόνος: παιχνίδια - χόμπι - διασκέδαση - άθληση,Ουσιαστικά,noun,,κωμωδία,comedy,comedy photo,generated
2022,8,Ελεύθερος χρόνος: παιχνίδια - χόμπι - διασκέδαση - άθληση,Ουσιαστικά,noun,,λούναπαρκ,,,no_english
2023,8,Ελεύθερος χρόνος: παιχνίδια - χόμπι - διασκέδαση - άθληση,Ουσιαστικά,noun,,μαλλίτηςγριάς,,,no_english
2024,8,Ελεύθερος χρόνος: παιχνίδια - χόμπι - διασκέδαση - άθληση,Ουσιαστικά,noun,,μπαλέτο,ballet,ballet photo,generated
2025,8,Ελεύθερος χρόνος: παιχνίδια - χόμπι - διασκέδαση - άθληση,Ουσιαστικά,noun,,νούμερο,numeral,numeral photo,generated
2026,8,Ελεύθερος χρόνος: παιχνίδια - χόμπι - διασκέδαση - άθληση,Ουσιαστικά,noun,,οθόνη,monitor,monitor photo,generated
2027,8,Ελεύθερος χρόνος: παιχνίδια - χόμπι - διασκέδαση - άθληση,Ουσιαστικά,noun,,όπερα,opera,opera photo,generated
2028,8,Ελεύθερος χρόνος: παιχνίδια - χόμπι - διασκέδαση - άθληση,Ουσιαστικά,noun,,παρασκήνια,,,no_english
2029,8,Ελεύθερος χρόνος: παιχνίδια - χόμπι - διασκέδαση - άθληση,Ουσιαστικά,noun,,πλατεία,town square,town square photo,generated
2030,8,Ελεύθερος χρόνος: παιχνίδια - χόμπι - διασκέδαση - άθληση,Ουσιαστικά,noun,,προβολέας,spotlight,spotlight photo,generated
2031,8,Ελεύθερος χρόνος: παιχνίδια - χόμπι - διασκέδαση - άθληση,Ουσιαστικά,noun,,πρωταγωνιστής,protagonist,protagonist photo,generated
2032,8,Ελεύθερος χρόνος: παιχνίδια - χόμπι - διασκέδαση - άθληση,Ουσιαστικά,noun,,πρωταγωνίστρια,protagonist,protagonist photo,generated
2033,8,Ελεύθερος χρόνος: παιχνίδια - χόμπι - διασκέδαση - άθληση,Ουσιαστικά,noun,,πυροτέχνημα,firework,firework photo,generated
2034,8,Ελεύθερος χρόνος: παιχνίδια - χόμπι - διασκέδαση - άθληση,Ουσιαστικά,noun,,ρόλος,role,role photo,generated
2035,8,Ελεύθερος χρόνος: παιχνίδια - χόμπι - διασκέδαση - άθληση,Ουσιαστικά,noun,,σινεμά,cinema,cinema photo,generated
2036,8,Ελεύθερος χρόνος: παιχνίδια - χόμπι - διασκέδαση - άθληση,Ουσιαστικά,noun,,σκηνή,skene,skene photo,generated
2037,8,Ελεύθερος χρόνος: παιχνίδια - χόμπι - διασκέδαση - άθληση,Ουσιαστικά,noun,,σκοποβολή,,,no_english
2038,8,Ελεύθερος χρόνος: παιχνίδια - χόμπι - διασκέδαση - άθληση,Ουσιαστικά,noun,,στόχος,target,target photo,generated
2039,8,Ελεύθερος χρόνος: παιχνίδια - χόμπι - διασκέδαση - άθληση,Ουσιαστικά,noun,,συγκρουόμενα(αυτοκινητάκια),Nominative,Nominative photo,generated
2040,8,Ελεύθερος χρόνος: παιχνίδια - χόμπι - διασκέδαση - άθληση,Ουσιαστικά,noun,,ταχυδακτυλουργός,magician,magician photo,generated
2041,8,Ελεύθερος χρόνος: παιχνίδια - χόμπι - διασκέδαση - άθληση,Ουσιαστικά,noun,,τραγωδία,tragedy,tragedy photo,generated
2042,8,Ελεύθερος χρόνος: παιχνίδια - χόμπι - διασκέδαση - άθληση,Ουσιαστικά,noun,,τσίρκο,circus,circus photo,generated
2043,8,Ελεύθερος χρόνος: παιχνίδια - χόμπι - διασκέδαση - άθληση,Ουσιαστικά,noun,,χειροκρότημα,applause,applause photo,generated
2044,8,Ελεύθερος χρόνος: παιχνίδια - χόμπι - διασκέδαση - άθληση,Ουσιαστικά,noun,,χορευτής,dancer,dancer photo,generated
2045,8,Ελεύθερος χρόνος: παιχνίδια - χόμπι - διασκέδαση - άθληση,Ουσιαστικά,noun,,χορεύτρια,dancer,dancer photo,generated
2046,8,Ελεύθερος χρόνος: παιχνίδια - χόμπι - διασκέδαση - άθληση,Ουσιαστικά,noun,,χορογραφία,choreography,choreography photo,generated
2047,8,Ελεύθερος χρόνος: παιχνίδια - χόμπι - διασκέδαση - άθληση,Ουσιαστικά,noun,,χορογράφος,choreographer,choreographer photo,generated
2048,8,Ελεύθερος χρόνος: παιχνίδια - χόμπι - διασκέδαση - άθληση,Ουσιαστικά,noun,,χορός,dance,dance photo,generated
2049,8,Ελεύθερος χρόνος: παιχνίδια - χόμπι - διασκέδαση - άθληση,Ουσιαστικά,noun,,τααθλήματα,,,no_english
2050,8,Ελεύθερος χρόνος: παιχνίδια - χόμπι - διασκέδαση - άθληση,Ουσιαστικά,noun,,αερόμπικ,aerobics,aerobics photo,generated
2051,8,Ελεύθερος χρόνος: παιχνίδια - χόμπι - διασκέδαση - άθληση,Ουσιαστικά,noun,,βατραχοπέδιλα,swim fin,swimming animal,override
2052,8,Ελεύθερος χρόνος: παιχνίδια - χόμπι - διασκέδαση - άθληση,Ουσιαστικά,noun,,βόλεϊ,,,no_english
2053,8,Ελεύθερος χρόνος: παιχνίδια - χόμπι - διασκέδαση - άθληση,Ουσιαστικά,noun,,γκολφ,golf,golf photo,generated
2054,8,Ελεύθερος χρόνος: παιχνίδια - χόμπι - διασκέδαση - άθληση,Ουσιαστικά,noun,,γυμναστήριο,gymnasium,gymnasium photo,generated
2055,8,Ελεύθερος χρόνος: παιχνίδια - χόμπι - διασκέδαση - άθληση,Ουσιαστικά,noun,,γυμναστής,gymnast,gymnast photo,generated
2056,8,Ελεύθερος χρόνος: παιχνίδια - χόμπι - διασκέδαση - άθληση,Ουσιαστικά,noun,,γυμνάστρια,gymnast,gymnast photo,generated
2057,8,Ελεύθερος χρόνος: παιχνίδια - χόμπι - διασκέδαση - άθληση,Ουσιαστικά,noun,,δύτης,,,no_english
2058,8,Ελεύθερος χρόνος: παιχνίδια - χόμπι - διασκέδαση - άθληση,Ουσιαστικά,noun,,ενόργανηγυμναστική,,,no_english
2059,8,Ελεύθερος χρόνος: παιχνίδια - χόμπι - διασκέδαση - άθληση,Ουσιαστικά,noun,,κατάδυση,dive,dive photo,generated
2060,8,Ελεύθερος χρόνος: παιχνίδια - χόμπι - διασκέδαση - άθληση,Ουσιαστικά,noun,,κολύμβηση,swimming,swimming photo,generated
2061,8,Ελεύθερος χρόνος: παιχνίδια - χόμπι - διασκέδαση - άθληση,Ουσιαστικά,noun,,κολυμβητής,,,no_english
2062,8,Ελεύθερος χρόνος: παιχνίδια - χόμπι - διασκέδαση - άθληση,Ουσιαστικά,noun,,κολυμβήτρια,,,no_english
2063,8,Ελεύθερος χρόνος: παιχνίδια - χόμπι - διασκέδαση - άθληση,Ουσιαστικά,noun,,κωπηλασία,,,no_english
2064,8,Ελεύθερος χρόνος: παιχνίδια - χόμπι - διασκέδαση - άθληση,Ουσιαστικά,noun,,κωπηλάτης,oarsman,oarsman photo,generated
2065,8,Ελεύθερος χρόνος: παιχνίδια - χόμπι - διασκέδαση - άθληση,Ουσιαστικά,noun,,μπάλα,ball,ball photo,generated
2066,8,Ελεύθερος χρόνος: παιχνίδια - χόμπι - διασκέδαση - άθληση,Ουσιαστικά,noun,,μπάσκετ,basketball,basketball photo,generated
2067,8,Ελεύθερος χρόνος: παιχνίδια - χόμπι - διασκέδαση - άθληση,Ουσιαστικά,noun,,μπασκετμπολίστας,,,no_english
2068,8,Ελεύθερος χρόνος: παιχνίδια - χόμπι - διασκέδαση - άθληση,Ουσιαστικά,noun,,μπασκετμπολίστρια,,,no_english
2069,8,Ελεύθερος χρόνος: παιχνίδια - χόμπι - διασκέδαση - άθληση,Ουσιαστικά,noun,,ξιφασκία,,,no_english
2070,8,Ελεύθερος χρόνος: παιχνίδια - χόμπι - διασκέδαση - άθληση,Ουσιαστικά,noun,,ορειβασία,,,no_english
2071,8,Ελεύθερος χρόνος: παιχνίδια - χόμπι - διασκέδαση - άθληση,Ουσιαστικά,noun,,ορειβάτης,,,no_english
2072,8,Ελεύθερος χρόνος: παιχνίδια - χόμπι - διασκέδαση - άθληση,Ουσιαστικά,noun,,ορειβάτισσα,,,no_english
2073,8,Ελεύθερος χρόνος: παιχνίδια - χόμπι - διασκέδαση - άθληση,Ουσιαστικά,noun,,παγοπέδιλο,,,no_english
2074,8,Ελεύθερος χρόνος: παιχνίδια - χόμπι - διασκέδαση - άθληση,Ουσιαστικά,noun,,πατινάζ,,,no_english
2075,8,Ελεύθερος χρόνος: παιχνίδια - χόμπι - διασκέδαση - άθληση,Ουσιαστικά,noun,,πέδιλατουσκι,,,no_english
2076,8,Ελεύθερος χρόνος: παιχνίδια - χόμπι - διασκέδαση - άθληση,Ουσιαστικά,noun,,πισίνα,buttocks,buttocks photo,generated
2077,8,Ελεύθερος χρόνος: παιχνίδια - χόμπι - διασκέδαση - άθληση,Ουσιαστικά,noun,,πίστα,piste,piste photo,generated
2078,8,Ελεύθερος χρόνος: παιχνίδια - χόμπι - διασκέδαση - άθληση,Ουσιαστικά,noun,,ποδήλατο,bicycle,bicycle photo,generated
2079,8,Ελεύθερος χρόνος: παιχνίδια - χόμπι - διασκέδαση - άθληση,Ουσιαστικά,noun,,ποδηλάτης,cyclist,cyclist photo,generated
2080,8,Ελεύθερος χρόνος: παιχνίδια - χόμπι - διασκέδαση - άθληση,Ουσιαστικά,noun,,ποδηλάτισσα,cyclist,cyclist photo,generated
2081,8,Ελεύθερος χρόνος: παιχνίδια - χόμπι - διασκέδαση - άθληση,Ουσιαστικά,noun,,ποδόσφαιρο,football,football photo,generated
2082,8,Ελεύθερος χρόνος: παιχνίδια - χόμπι - διασκέδαση - άθληση,Ουσιαστικά,noun,,ποδοσφαιριστής,footballer,footballer photo,generated
2083,8,Ελεύθερος χρόνος: παιχνίδια - χόμπι - διασκέδαση - άθληση,Ουσιαστικά,noun,,πόλο,water polo,water polo photo,generated
2084,8,Ελεύθερος χρόνος: παιχνίδια - χόμπι - διασκέδαση - άθληση,Ουσιαστικά,noun,,ρακέτα,,,no_english
2085,8,Ελεύθερος χρόνος: παιχνίδια - χόμπι - διασκέδαση - άθληση,Ουσιαστικά,noun,,ρυθμικήγυμναστική,,,no_english
2086,8,Ελεύθερος χρόνος: παιχνίδια - χόμπι - διασκέδαση - άθληση,Ουσιαστικά,noun,,σκι,skiing,skiing photo,generated
2087,8,Ελεύθερος χρόνος: παιχνίδια - χόμπι - διασκέδαση - άθληση,Ουσιαστικά,noun,,σκιέρ,,,no_english
2088,8,Ελεύθερος χρόνος: παιχνίδια - χόμπι - διασκέδαση - άθληση,Ουσιαστικά,noun,,τένις,tennis,tennis photo,generated
2089,8,Ελεύθερος χρόνος: παιχνίδια - χόμπι - διασκέδαση - άθληση,Ουσιαστικά,noun,,τενίστας,female tennis player,female tennis player photo,generated
2090,8,Ελεύθερος χρόνος: παιχνίδια - χόμπι - διασκέδαση - άθληση,Ουσιαστικά,noun,,τενίστρια,female tennis player,female tennis player photo,generated
2091,8,Ελεύθερος χρόνος: παιχνίδια - χόμπι - διασκέδαση - άθληση,Ουσιαστικά,noun,,χόκεϊ,,,no_english
2092,8,Ελεύθερος χρόνος: παιχνίδια - χόμπι - διασκέδαση - άθληση,Ουσιαστικά,noun,,οκλασικόςαθλητισμός,,,no_english
2093,8,Ελεύθερος χρόνος: παιχνίδια - χόμπι - διασκέδαση - άθληση,Ουσιαστικά,noun,,αγώνας,fight,fight photo,generated
2094,8,Ελεύθερος χρόνος: παιχνίδια - χόμπι - διασκέδαση - άθληση,Ουσιαστικά,noun,,αθλητής,athlete,athlete photo,generated
2095,8,Ελεύθερος χρόνος: παιχνίδια - χόμπι - διασκέδαση - άθληση,Ουσιαστικά,noun,,αθλήτρια,female athlete,female athlete photo,generated
2096,8,Ελεύθερος χρόνος: παιχνίδια - χόμπι - διασκέδαση - άθληση,Ουσιαστικά,noun,,άμιλλα,friendly rivalry,friendly rivalry photo,generated
2097,8,Ελεύθερος χρόνος: παιχνίδια - χόμπι - διασκέδαση - άθληση,Ουσιαστικά,noun,,ακοντισμός,javelin throwing,javelin throwing photo,generated
2098,8,Ελεύθερος χρόνος: παιχνίδια - χόμπι - διασκέδαση - άθληση,Ουσιαστικά,noun,,άλμαεπίκοντώ,,,no_english
2099,8,Ελεύθερος χρόνος: παιχνίδια - χόμπι - διασκέδαση - άθληση,Ουσιαστικά,noun,,άλμαειςμήκος,,,no_english
2100,8,Ελεύθερος χρόνος: παιχνίδια - χόμπι - διασκέδαση - άθληση,Ουσιαστικά,noun,,άλμαειςύψος,,,no_english
2101,8,Ελεύθερος χρόνος: παιχνίδια - χόμπι - διασκέδαση - άθληση,Ουσιαστικά,noun,,αποκλεισμός,exclusion,exclusion photo,generated
2102,8,Ελεύθερος χρόνος: παιχνίδια - χόμπι - διασκέδαση - άθληση,Ουσιαστικά,noun,,αποτέλεσμα,result,result photo,generated
2103,8,Ελεύθερος χρόνος: παιχνίδια - χόμπι - διασκέδαση - άθληση,Ουσιαστικά,noun,,βαθμολογία,,,no_english
2104,8,Ελεύθερος χρόνος: παιχνίδια - χόμπι - διασκέδαση - άθληση,Ουσιαστικά,noun,,γήπεδο,ground,ground photo,generated
2105,8,Ελεύθερος χρόνος: παιχνίδια - χόμπι - διασκέδαση - άθληση,Ουσιαστικά,noun,,διαιτητής,referee,referee photo,generated
2106,8,Ελεύθερος χρόνος: παιχνίδια - χόμπι - διασκέδαση - άθληση,Ουσιαστικά,noun,,δισκοβολία,,,no_english
2107,8,Ελεύθερος χρόνος: παιχνίδια - χόμπι - διασκέδαση - άθληση,Ουσιαστικά,noun,,δίχτυ,"net (mesh of string, cord or rope)",,needs_review
2108,8,Ελεύθερος χρόνος: παιχνίδια - χόμπι - διασκέδαση - άθληση,Ουσιαστικά,noun,,έδρα,platform,platform photo,generated
2109,8,Ελεύθερος χρόνος: παιχνίδια - χόμπι - διασκέδαση - άθληση,Ουσιαστικά,noun,,ημίχρονο,one half of game.,one half of game. photo,generated
2110,8,Ελεύθερος χρόνος: παιχνίδια - χόμπι - διασκέδαση - άθληση,Ουσιαστικά,noun,,ήττα,defeat,defeat photo,generated
2111,8,Ελεύθερος χρόνος: παιχνίδια - χόμπι - διασκέδαση - άθληση,Ουσιαστικά,noun,,ισοπαλία,"tie, draw (in any contest)",,needs_review
2112,8,Ελεύθερος χρόνος: παιχνίδια - χόμπι - διασκέδαση - άθληση,Ουσιαστικά,noun,,κερκίδα,radius,radius photo,generated
2113,8,Ελεύθερος χρόνος: παιχνίδια - χόμπι - διασκέδαση - άθληση,Ουσιαστικά,noun,,κόουτς,,,no_english
2114,8,Ελεύθερος χρόνος: παιχνίδια - χόμπι - διασκέδαση - άθληση,Ουσιαστικά,noun,,κόρνερ,,,no_english
2115,8,Ελεύθερος χρόνος: παιχνίδια - χόμπι - διασκέδαση - άθληση,Ουσιαστικά,noun,,κριτής,,,no_english
2116,8,Ελεύθερος χρόνος: παιχνίδια - χόμπι - διασκέδαση - άθληση,Ουσιαστικά,noun,,κύπελλο,goblet,goblet photo,generated
2117,8,Ελεύθερος χρόνος: παιχνίδια - χόμπι - διασκέδαση - άθληση,Ουσιαστικά,noun,,μαραθώνιος,of or relating to Marathon,of or relating to Marathon photo,generated
2118,8,Ελεύθερος χρόνος: παιχνίδια - χόμπι - διασκέδαση - άθληση,Ουσιαστικά,noun,,ματς,match,match photo,generated
2119,8,Ελεύθερος χρόνος: παιχνίδια - χόμπι - διασκέδαση - άθληση,Ουσιαστικά,noun,,μετάλλιο,,,no_english
2120,8,Ελεύθερος χρόνος: παιχνίδια - χόμπι - διασκέδαση - άθληση,Ουσιαστικά,noun,,νίκη,victory,victory photo,generated
2121,8,Ελεύθερος χρόνος: παιχνίδια - χόμπι - διασκέδαση - άθληση,Ουσιαστικά,noun,,νικητής,winner,winner photo,generated
2122,8,Ελεύθερος χρόνος: παιχνίδια - χόμπι - διασκέδαση - άθληση,Ουσιαστικά,noun,,νικήτρια,winner,winner photo,generated
2123,8,Ελεύθερος χρόνος: παιχνίδια - χόμπι - διασκέδαση - άθληση,Ουσιαστικά,noun,,ολυμπιακοίαγώνες,,,no_english
2124,8,Ελεύθερος χρόνος: παιχνίδια - χόμπι - διασκέδαση - άθληση,Ουσιαστικά,noun,,οπαδός,supporter,supporter photo,generated
2125,8,Ελεύθερος χρόνος: παιχνίδια - χόμπι - διασκέδαση - άθληση,Ουσιαστικά,noun,,παίκτης,player,player photo,generated
2126,8,Ελεύθερος χρόνος: παιχνίδια - χόμπι - διασκέδαση - άθληση,Ουσιαστικά,noun,,παιχνίδι,game,game photo,generated
2127,8,Ελεύθερος χρόνος: παιχνίδια - χόμπι - διασκέδαση - άθληση,Ουσιαστικά,noun,,πέναλτι,penalty,penalty photo,generated
2128,8,Ελεύθερος χρόνος: παιχνίδια - χόμπι - διασκέδαση - άθληση,Ουσιαστικά,noun,,πρόκριση,,,no_english
2129,8,Ελεύθερος χρόνος: παιχνίδια - χόμπι - διασκέδαση - άθληση,Ουσιαστικά,noun,,προπόνηση,training,training photo,generated
2130,8,Ελεύθερος χρόνος: παιχνίδια - χόμπι - διασκέδαση - άθληση,Ουσιαστικά,noun,,προπονητής,coach,coach photo,generated
2131,8,Ελεύθερος χρόνος: παιχνίδια - χόμπι - διασκέδαση - άθληση,Ουσιαστικά,noun,,προπονήτρια,coach,coach photo,generated
2132,8,Ελεύθερος χρόνος: παιχνίδια - χόμπι - διασκέδαση - άθληση,Ουσιαστικά,noun,,πρωτάθλημα,championship,championship photo,generated
2133,8,Ελεύθερος χρόνος: παιχνίδια - χόμπι - διασκέδαση - άθληση,Ουσιαστικά,noun,,πρωταθλητής,champion,champion photo,generated
2134,8,Ελεύθερος χρόνος: παιχνίδια - χόμπι - διασκέδαση - άθληση,Ουσιαστικά,noun,,πρωταθλητισμός,,,no_english
2135,8,Ελεύθερος χρόνος: παιχνίδια - χόμπι - διασκέδαση - άθληση,Ουσιαστικά,noun,,πρωταθλήτρια,champion,champion photo,generated
2136,8,Ελεύθερος χρόνος: παιχνίδια - χόμπι - διασκέδαση - άθληση,Ουσιαστικά,noun,,ρεβάνς,,,no_english
2137,8,Ελεύθερος χρόνος: παιχνίδια - χόμπι - διασκέδαση - άθληση,Ουσιαστικά,noun,,ρεκόρ,record,record photo,generated
2138,8,Ελεύθερος χρόνος: παιχνίδια - χόμπι - διασκέδαση - άθληση,Ουσιαστικά,noun,,ριμπάουντ,,,no_english
2139,8,Ελεύθερος χρόνος: παιχνίδια - χόμπι - διασκέδαση - άθληση,Ουσιαστικά,noun,,σκόρερ,,,no_english
2140,8,Ελεύθερος χρόνος: παιχνίδια - χόμπι - διασκέδαση - άθληση,Ουσιαστικά,noun,,σκυταλοδρομία,,,no_english
2141,8,Ελεύθερος χρόνος: παιχνίδια - χόμπι - διασκέδαση - άθληση,Ουσιαστικά,noun,,στάδιο,stadium,stadium photo,generated
2142,8,Ελεύθερος χρόνος: παιχνίδια - χόμπι - διασκέδαση - άθληση,Ουσιαστικά,noun,,τερματοφύλακας,goalkeeper,goalkeeper photo,generated
2143,8,Ελεύθερος χρόνος: παιχνίδια - χόμπι - διασκέδαση - άθληση,Ουσιαστικά,noun,,φάουλ,foul,foul photo,generated
2144,8,Ελεύθερος χρόνος: παιχνίδια - χόμπι - διασκέδαση - άθληση,Ουσιαστικά,noun,,φίλαθλος,loving sport,loving sport photo,generated
2145,8,Ελεύθερος χρόνος: παιχνίδια - χόμπι - διασκέδαση - άθληση,Επίθετα,adjective,,αθλητικός-ή-ό,athletic,athletic example photo,generated
2146,8,Ελεύθερος χρόνος: παιχνίδια - χόμπι - διασκέδαση - άθληση,Επίθετα,adjective,,αισθηματικός-ή-ό,sentimental,sentimental example photo,generated
2147,8,Ελεύθερος χρόνος: παιχνίδια - χόμπι - διασκέδαση - άθληση,Επίθετα,adjective,,αργυρός-ή-ό,silver,silver example photo,generated
2148,8,Ελεύθερος χρόνος: παιχνίδια - χόμπι - διασκέδαση - άθληση,Επίθετα,adjective,,αστείος-α-ο,funny,funny example photo,generated
2149,8,Ελεύθερος χρόνος: παιχνίδια - χόμπι - διασκέδαση - άθληση,Επίθετα,adjective,,αστυνομικός-ή-ό,policeman,policeman example photo,generated
2150,8,Ελεύθερος χρόνος: παιχνίδια - χόμπι - διασκέδαση - άθληση,Επίθετα,adjective,,βαρετός-ή-ό,boring,boring example photo,generated
2151,8,Ελεύθερος χρόνος: παιχνίδια - χόμπι - διασκέδαση - άθληση,Επίθετα,adjective,,διασκεδαστικός-ή-ό,entertaining,entertaining example photo,generated
2152,8,Ελεύθερος χρόνος: παιχνίδια - χόμπι - διασκέδαση - άθληση,Επίθετα,adjective,,δραματικός-ή-ό,dramatic,dramatic example photo,generated
2153,8,Ελεύθερος χρόνος: παιχνίδια - χόμπι - διασκέδαση - άθληση,Επίθετα,adjective,,ενδιαφέρων-ουσα-ον,interesting,interesting example photo,generated
2154,8,Ελεύθερος χρόνος: παιχνίδια - χόμπι - διασκέδαση - άθληση,Επίθετα,adjective,,επικίνδυνος-η-ο,dangerous,dangerous example photo,generated
2155,8,Ελεύθερος χρόνος: παιχνίδια - χόμπι - διασκέδαση - άθληση,Επίθετα,adjective,,ζαβολιάρης-α-ικο,,,no_english
2156,8,Ελεύθερος χρόνος: παιχνίδια - χόμπι - διασκέδαση - άθληση,Επίθετα,adjective,,θεατρικός-ή-ό,theatrical,theatrical example photo,generated
2157,8,Ελεύθερος χρόνος: παιχνίδια - χόμπι - διασκέδαση - άθληση,Επίθετα,adjective,,ιστορικός-ή-ό,historical,historical example photo,generated
2158,8,Ελεύθερος χρόνος: παιχνίδια - χόμπι - διασκέδαση - άθληση,Επίθετα,adjective,,κινηματογραφικός-ή-ό,cinematographic,cinematographic example photo,generated
2159,8,Ελεύθερος χρόνος: παιχνίδια - χόμπι - διασκέδαση - άθληση,Επίθετα,adjective,,κωμικός-ή-ό,,,no_english
2160,8,Ελεύθερος χρόνος: παιχνίδια - χόμπι - διασκέδαση - άθληση,Επίθετα,adjective,,μελωδικός-ή-ό,melodic,melodic example photo,generated
2161,8,Ελεύθερος χρόνος: παιχνίδια - χόμπι - διασκέδαση - άθληση,Επίθετα,adjective,,παγκόσμιος-α-ο,global,global example photo,generated
2162,8,Ελεύθερος χρόνος: παιχνίδια - χόμπι - διασκέδαση - άθληση,Επίθετα,adjective,,παιχνιδιάρης-α-ικο,playful,playful example photo,generated
2163,8,Ελεύθερος χρόνος: παιχνίδια - χόμπι - διασκέδαση - άθληση,Επίθετα,adjective,,πανευρωπαϊκός-ή-ό,Pan-European,Pan-European example photo,generated
2164,8,Ελεύθερος χρόνος: παιχνίδια - χόμπι - διασκέδαση - άθληση,Επίθετα,adjective,,περιεπτειώδης-ης-ες,,,no_english
2165,8,Ελεύθερος χρόνος: παιχνίδια - χόμπι - διασκέδαση - άθληση,Επίθετα,adjective,,πολύχρωμος-η-ο,colourful,colourful example photo,generated
2166,8,Ελεύθερος χρόνος: παιχνίδια - χόμπι - διασκέδαση - άθληση,Επίθετα,adjective,,συναρπαστικός-ή-ό,exciting,exciting example photo,generated
2167,8,Ελεύθερος χρόνος: παιχνίδια - χόμπι - διασκέδαση - άθληση,Επίθετα,adjective,,χάλκινος-η-ο,coppern,coppern example photo,generated
2168,8,Ελεύθερος χρόνος: παιχνίδια - χόμπι - διασκέδαση - άθληση,Επίθετα,adjective,,χρυσός-ή-ό,gold,gold example photo,generated
2169,8,Ελεύθερος χρόνος: παιχνίδια - χόμπι - διασκέδαση - άθληση,Ρήματα,verb,,αθλούμαι,exercise,exercise action photo,generated
2170,8,Ελεύθερος χρόνος: παιχνίδια - χόμπι - διασκέδαση - άθληση,Ρήματα,verb,,ακούω,hear,hear action photo,generated
2171,8,Ελεύθερος χρόνος: παιχνίδια - χόμπι - διασκέδαση - άθληση,Ρήματα,verb,,ακροβατώ,perform acrobatics,perform acrobatics action photo,generated
2172,8,Ελεύθερος χρόνος: παιχνίδια - χόμπι - διασκέδαση - άθληση,Ρήματα,verb,,αποθεώνω-ομαι,deify,deify action photo,generated
2173,8,Ελεύθερος χρόνος: παιχνίδια - χόμπι - διασκέδαση - άθληση,Ρήματα,verb,,αποκλείω-ομαι,block,block action photo,generated
2174,8,Ελεύθερος χρόνος: παιχνίδια - χόμπι - διασκέδαση - άθληση,Ρήματα,verb,,βλέπωτηλεόραση,,,no_english
2175,8,Ελεύθερος χρόνος: παιχνίδια - χόμπι - διασκέδαση - άθληση,Ρήματα,verb,,γελώ,a more formal variant of γελάω (geláo),,needs_review
2176,8,Ελεύθερος χρόνος: παιχνίδια - χόμπι - διασκέδαση - άθληση,Ρήματα,verb,,γιουχαΐζω,shout down,shout down action photo,generated
2177,8,Ελεύθερος χρόνος: παιχνίδια - χόμπι - διασκέδαση - άθληση,Ρήματα,verb,,γυμνάζω-ομαι,exercise,exercise action photo,generated
2178,8,Ελεύθερος χρόνος: παιχνίδια - χόμπι - διασκέδαση - άθληση,Ρήματα,verb,,διαβάζω,read,read action photo,generated
2179,8,Ελεύθερος χρόνος: παιχνίδια - χόμπι - διασκέδαση - άθληση,Ρήματα,verb,,διασκεδάζω,have fun,have fun action photo,generated
2180,8,Ελεύθερος χρόνος: παιχνίδια - χόμπι - διασκέδαση - άθληση,Ρήματα,verb,,εμφανίζωφωτογραφίες,,,no_english
2181,8,Ελεύθερος χρόνος: παιχνίδια - χόμπι - διασκέδαση - άθληση,Ρήματα,verb,,ζωγραφίζω,draw,draw action photo,generated
2182,8,Ελεύθερος χρόνος: παιχνίδια - χόμπι - διασκέδαση - άθληση,Ρήματα,verb,,ηχογραφώ,,,no_english
2183,8,Ελεύθερος χρόνος: παιχνίδια - χόμπι - διασκέδαση - άθληση,Ρήματα,verb,,κάνωακροβατικά,,,no_english
2184,8,Ελεύθερος χρόνος: παιχνίδια - χόμπι - διασκέδαση - άθληση,Ρήματα,verb,,"κάνωσκι,ορειβασία...",,,no_english
2185,8,Ελεύθερος χρόνος: παιχνίδια - χόμπι - διασκέδαση - άθληση,Ρήματα,verb,,κερδίζω,profit,profit action photo,generated
2186,8,Ελεύθερος χρόνος: παιχνίδια - χόμπι - διασκέδαση - άθληση,Ρήματα,verb,,κλείνωθέση,,,no_english
2187,8,Ελεύθερος χρόνος: παιχνίδια - χόμπι - διασκέδαση - άθληση,Ρήματα,verb,,κολυμπώ,a more formal variant of κολυμπάω (kolympáo) swim,,needs_review
2188,8,Ελεύθερος χρόνος: παιχνίδια - χόμπι - διασκέδαση - άθληση,Ρήματα,verb,,λέωαστεία,,,no_english
2189,8,Ελεύθερος χρόνος: παιχνίδια - χόμπι - διασκέδαση - άθληση,Ρήματα,verb,,λύνωσταυρόλεξα,,,no_english
2190,8,Ελεύθερος χρόνος: παιχνίδια - χόμπι - διασκέδαση - άθληση,Ρήματα,verb,,μαντεύω,prophesy,prophesy action photo,generated
2191,8,Ελεύθερος χρόνος: παιχνίδια - χόμπι - διασκέδαση - άθληση,Ρήματα,verb,,νικάω-ώ,defeat,defeat action photo,generated
2192,8,Ελεύθερος χρόνος: παιχνίδια - χόμπι - διασκέδαση - άθληση,Ρήματα,verb,,"παίζωμεφίλους,μόνοςμου",,,no_english
2193,8,Ελεύθερος χρόνος: παιχνίδια - χόμπι - διασκέδαση - άθληση,Ρήματα,verb,,παίζωμουσική,,,no_english
2194,8,Ελεύθερος χρόνος: παιχνίδια - χόμπι - διασκέδαση - άθληση,Ρήματα,verb,,"παίζωπιάνο,βιολί,κιθάρα...",,,no_english
2195,8,Ελεύθερος χρόνος: παιχνίδια - χόμπι - διασκέδαση - άθληση,Ρήματα,verb,,"παίζωποδόσφαιρο,τέννις...",,,no_english
2196,8,Ελεύθερος χρόνος: παιχνίδια - χόμπι - διασκέδαση - άθληση,Ρήματα,verb,,παίζωσεμίαταινία(ερμηνεύωένανρόλο),,,no_english
2197,8,Ελεύθερος χρόνος: παιχνίδια - χόμπι - διασκέδαση - άθληση,Ρήματα,verb,,παρακολουθώέναπρόγραμμα...,,,no_english
2198,8,Ελεύθερος χρόνος: παιχνίδια - χόμπι - διασκέδαση - άθληση,Ρήματα,verb,,πηγαίνωθέατρο,,,no_english
2199,8,Ελεύθερος χρόνος: παιχνίδια - χόμπι - διασκέδαση - άθληση,Ρήματα,verb,,πηγαίνωσινεμά,,,no_english
2200,8,Ελεύθερος χρόνος: παιχνίδια - χόμπι - διασκέδαση - άθληση,Ρήματα,verb,,"πηδώ(σκοινάκι,λάστιχο)",less frequent variant of πηδάω (pidáo),,needs_review
2201,8,Ελεύθερος χρόνος: παιχνίδια - χόμπι - διασκέδαση - άθληση,Ρήματα,verb,,προκρίνομαι,,,no_english
2202,8,Ελεύθερος χρόνος: παιχνίδια - χόμπι - διασκέδαση - άθληση,Ρήματα,verb,,τρέχω,flee,flee action photo,generated
2203,8,Ελεύθερος χρόνος: παιχνίδια - χόμπι - διασκέδαση - άθληση,Ρήματα,verb,,φωτογραφίζω,photograph,photograph action photo,generated
2204,8,Ελεύθερος χρόνος: παιχνίδια - χόμπι - διασκέδαση - άθληση,Ρήματα,verb,,χαζεύω,become stupid,become stupid action photo,generated
2205,8,Ελεύθερος χρόνος: παιχνίδια - χόμπι - διασκέδαση - άθληση,Ρήματα,verb,,χαλαρώνω,loosen,loosen action photo,generated
2206,8,Ελεύθερος χρόνος: παιχνίδια - χόμπι - διασκέδαση - άθληση,Ρήματα,verb,,χορεύω,dance,dance action photo,generated
2207,8,Ελεύθερος χρόνος: παιχνίδια - χόμπι - διασκέδαση - άθληση,Ρήματα,verb,,χρωματίζω,paint,paint action photo,generated
2208,8,Ελεύθερος χρόνος: παιχνίδια - χόμπι - διασκέδαση - άθληση,Ρήματα,verb,,χάνω,lose,lose action photo,generated
2209,8,Ελεύθερος χρόνος: παιχνίδια - χόμπι - διασκέδαση - άθληση,Ρήματα,verb,,χειροκροτώ,applaud,applaud action photo,generated
2210,8,Ελεύθερος χρόνος: παιχνίδια - χόμπι - διασκέδαση - άθληση,Εκφράσεις,phrase,,Γυμνάζομαιμετιςώρες.,,,no_english
2211,8,Ελεύθερος χρόνος: παιχνίδια - χόμπι - διασκέδαση - άθληση,Εκφράσεις,phrase,,∆ακρύζωαπόταγέλια.,,,no_english
2212,8,Ελεύθερος χρόνος: παιχνίδια - χόμπι - διασκέδαση - άθληση,Εκφράσεις,phrase,,Κάνωπλάκα,,,no_english
2213,8,Ελεύθερος χρόνος: παιχνίδια - χόμπι - διασκέδαση - άθληση,Εκφράσεις,phrase,,Ξεκαρδίζομαισταγέλια.,,,no_english
2214,8,Ελεύθερος χρόνος: παιχνίδια - χόμπι - διασκέδαση - άθληση,Εκφράσεις,phrase,,Ο«βιβλιοφάγος»,,,no_english
2215,8,Ελεύθερος χρόνος: παιχνίδια - χόμπι - διασκέδαση - άθληση,Εκφράσεις,phrase,,"Οινότες:ντο,ρε,μι,φα,σολ,λα,σι!",,,no_english
2216,8,Ελεύθερος χρόνος: παιχνίδια - χόμπι - διασκέδαση - άθληση,Εκφράσεις,phrase,,Περνώτηνώραμου,,,no_english
2217,8,Ελεύθερος χρόνος: παιχνίδια - χόμπι - διασκέδαση - άθληση,Εκφράσεις,phrase,,Σκάωσταγέλια,,,no_english
2218,8,Ελεύθερος χρόνος: παιχνίδια - χόμπι - διασκέδαση - άθληση,Εκφράσεις,phrase,,Σκοτώνωτηνώραμου,,,no_english
2219,8,Ελεύθερος χρόνος: παιχνίδια - χόμπι - διασκέδαση - άθληση,Εκφράσεις,phrase,,Τρελαίνομαιγιαπαιχνίδια.,,,no_english
2220,8,Ελεύθερος χρόνος: παιχνίδια - χόμπι - διασκέδαση - άθληση,Εκφράσεις,phrase,,Τρώωτηνώραμου,,,no_english
2221,9,Ο χρόνος και οι εποχές - Ο καιρός,Ουσιαστικά,noun,,ανατολή,east,east photo,generated
2222,9,Ο χρόνος και οι εποχές - Ο καιρός,Ουσιαστικά,noun,,απόγευμα,afternoon,afternoon photo,generated
2223,9,Ο χρόνος και οι εποχές - Ο καιρός,Ουσιαστικά,noun,,αυγή,dawn,dawn photo,generated
2224,9,Ο χρόνος και οι εποχές - Ο καιρός,Ουσιαστικά,noun,,βδομάδα,week,week photo,generated
2225,9,Ο χρόνος και οι εποχές - Ο καιρός,Ουσιαστικά,noun,,βράδυ,at night,at night photo,generated
2226,9,Ο χρόνος και οι εποχές - Ο καιρός,Ουσιαστικά,noun,,δεκάλεπτο,ten-minutes,ten-minutes photo,generated
2227,9,Ο χρόνος και οι εποχές - Ο καιρός,Ουσιαστικά,noun,,δευτερόλεπτο,second,second photo,generated
2228,9,Ο χρόνος και οι εποχές - Ο καιρός,Ουσιαστικά,noun,,δείκτης,indicator,indicator photo,generated
2229,9,Ο χρόνος και οι εποχές - Ο καιρός,Ουσιαστικά,noun,,δεκαπενθήμερο,fifteen days,fifteen days photo,generated
2230,9,Ο χρόνος και οι εποχές - Ο καιρός,Ουσιαστικά,noun,,δίμηνο,,,no_english
2231,9,Ο χρόνος και οι εποχές - Ο καιρός,Ουσιαστικά,noun,,δίωρο,two hours,two hours photo,generated
2232,9,Ο χρόνος και οι εποχές - Ο καιρός,Ουσιαστικά,noun,,δύση,west,west photo,generated
2233,9,Ο χρόνος και οι εποχές - Ο καιρός,Ουσιαστικά,noun,,δύσητουήλιου,,,no_english
2234,9,Ο χρόνος και οι εποχές - Ο καιρός,Ουσιαστικά,noun,,εβδομάδα,week,week photo,generated
2235,9,Ο χρόνος και οι εποχές - Ο καιρός,Ουσιαστικά,noun,,εξάμηνο,,,no_english
2236,9,Ο χρόνος και οι εποχές - Ο καιρός,Ουσιαστικά,noun,,έτος,year,year photo,generated
2237,9,Ο χρόνος και οι εποχές - Ο καιρός,Ουσιαστικά,noun,,ηλιοβασίλεμα,sunset,sunset photo,generated
2238,9,Ο χρόνος και οι εποχές - Ο καιρός,Ουσιαστικά,noun,,ημέρα,hours of daylight,hours of daylight photo,generated
2239,9,Ο χρόνος και οι εποχές - Ο καιρός,Ουσιαστικά,noun,,ημερομηνία,date,date photo,generated
2240,9,Ο χρόνος και οι εποχές - Ο καιρός,Ουσιαστικά,noun,,λεπτό,Nominative,Nominative photo,generated
2241,9,Ο χρόνος και οι εποχές - Ο καιρός,Ουσιαστικά,noun,,λεπτοδείκτης,,,no_english
2242,9,Ο χρόνος και οι εποχές - Ο καιρός,Ουσιαστικά,noun,,μέρα,hours of daylight,hours of daylight photo,generated
2243,9,Ο χρόνος και οι εποχές - Ο καιρός,Ουσιαστικά,noun,,μεσημέρι,midday,midday photo,generated
2244,9,Ο χρόνος και οι εποχές - Ο καιρός,Ουσιαστικά,noun,,μήνας,month,month photo,generated
2245,9,Ο χρόνος και οι εποχές - Ο καιρός,Ουσιαστικά,noun,,μισάωρο,half-hour,half-hour photo,generated
2246,9,Ο χρόνος και οι εποχές - Ο καιρός,Ουσιαστικά,noun,,νύχτα,night,night photo,generated
2247,9,Ο χρόνος και οι εποχές - Ο καιρός,Ουσιαστικά,noun,,ξημέρωμα,dawn,dawn photo,generated
2248,9,Ο χρόνος και οι εποχές - Ο καιρός,Ουσιαστικά,noun,,πενθήμερο,five-day,five-day photo,generated
2249,9,Ο χρόνος και οι εποχές - Ο καιρός,Ουσιαστικά,noun,,πεντάλεπτο,,,no_english
2250,9,Ο χρόνος και οι εποχές - Ο καιρός,Ουσιαστικά,noun,,πρωί,morning,morning photo,generated
2251,9,Ο χρόνος και οι εποχές - Ο καιρός,Ουσιαστικά,noun,,πρωτομηνιά,,,no_english
2252,9,Ο χρόνος και οι εποχές - Ο καιρός,Ουσιαστικά,noun,,ρολόι,Nominative and vocative plural,Nominative and vocative plural photo,generated
2253,9,Ο χρόνος και οι εποχές - Ο καιρός,Ουσιαστικά,noun,,σαββατόβραδο,,,no_english
2254,9,Ο χρόνος και οι εποχές - Ο καιρός,Ουσιαστικά,noun,,σαββατοκύριακο,weekend,weekend photo,generated
2255,9,Ο χρόνος και οι εποχές - Ο καιρός,Ουσιαστικά,noun,,σούρουπο,dusk,dusk photo,generated
2256,9,Ο χρόνος και οι εποχές - Ο καιρός,Ουσιαστικά,noun,,τέταρτο,quarter,quarter photo,generated
2257,9,Ο χρόνος και οι εποχές - Ο καιρός,Ουσιαστικά,noun,,τρίμηνο,trimester,trimester photo,generated
2258,9,Ο χρόνος και οι εποχές - Ο καιρός,Ουσιαστικά,noun,,ώρα,hour,hour photo,generated
2259,9,Ο χρόνος και οι εποχές - Ο καιρός,Ουσιαστικά,noun,,ωροδείκτης,,,no_english
2260,9,Ο χρόνος και οι εποχές - Ο καιρός,Ουσιαστικά,noun,,ωρολόι,,,no_english
2261,9,Ο χρόνος και οι εποχές - Ο καιρός,Ουσιαστικά,noun,,οιμέρεςτηςεβδομάδας,,,no_english
2262,9,Ο χρόνος και οι εποχές - Ο καιρός,Ουσιαστικά,noun,,η∆ευτέρα,,,no_english
2263,9,Ο χρόνος και οι εποχές - Ο καιρός,Ουσιαστικά,noun,,ηΤρίτη,,,no_english
2264,9,Ο χρόνος και οι εποχές - Ο καιρός,Ουσιαστικά,noun,,ηΤετάρτη,,,no_english
2265,9,Ο χρόνος και οι εποχές - Ο καιρός,Ουσιαστικά,noun,,ηΠέμπτη,,,no_english
2266,9,Ο χρόνος και οι εποχές - Ο καιρός,Ουσιαστικά,noun,,ηΠαρασκευή,,,no_english
2267,9,Ο χρόνος και οι εποχές - Ο καιρός,Ουσιαστικά,noun,,τοΣάββατο,,,no_english
2268,9,Ο χρόνος και οι εποχές - Ο καιρός,Ουσιαστικά,noun,,ηΚυριακή,,,no_english
2269,9,Ο χρόνος και οι εποχές - Ο καιρός,Ουσιαστικά,noun,,οι12μήνεςτουγρόνου,,,no_english
2270,9,Ο χρόνος και οι εποχές - Ο καιρός,Ουσιαστικά,noun,,οΙανουάριος,,,no_english
2271,9,Ο χρόνος και οι εποχές - Ο καιρός,Ουσιαστικά,noun,,οΦεβρουάριος,,,no_english
2272,9,Ο χρόνος και οι εποχές - Ο καιρός,Ουσιαστικά,noun,,οΜάρτιος,,,no_english
2273,9,Ο χρόνος και οι εποχές - Ο καιρός,Ουσιαστικά,noun,,οΑπρίλιος,,,no_english
2274,9,Ο χρόνος και οι εποχές - Ο καιρός,Ουσιαστικά,noun,,οΜάιος,,,no_english
2275,9,Ο χρόνος και οι εποχές - Ο καιρός,Ουσιαστικά,noun,,οΙούνιος,,,no_english
2276,9,Ο χρόνος και οι εποχές - Ο καιρός,Ουσιαστικά,noun,,οΙούλιος,,,no_english
2277,9,Ο χρόνος και οι εποχές - Ο καιρός,Ουσιαστικά,noun,,οΑύγουστος,,,no_english
2278,9,Ο χρόνος και οι εποχές - Ο καιρός,Ουσιαστικά,noun,,οΣεπτέμβριος,,,no_english
2279,9,Ο χρόνος και οι εποχές - Ο καιρός,Ουσιαστικά,noun,,οΟκτώβριος,,,no_english
2280,9,Ο χρόνος και οι εποχές - Ο καιρός,Ουσιαστικά,noun,,οΝοέμβριος,,,no_english
2281,9,Ο χρόνος και οι εποχές - Ο καιρός,Ουσιαστικά,noun,,ο∆εκέμβριος,,,no_english
2282,9,Ο χρόνος και οι εποχές - Ο καιρός,Ουσιαστικά,noun,,διαίρεσηχρόνου,,,no_english
2283,9,Ο χρόνος και οι εποχές - Ο καιρός,Ουσιαστικά,noun,,αιώνας,century,century photo,generated
2284,9,Ο χρόνος και οι εποχές - Ο καιρός,Ουσιαστικά,noun,,δεκαετία,decade,decade photo,generated
2285,9,Ο χρόνος και οι εποχές - Ο καιρός,Ουσιαστικά,noun,,διετία,biennium,biennium photo,generated
2286,9,Ο χρόνος και οι εποχές - Ο καιρός,Ουσιαστικά,noun,,εξάμηνο,,,no_english
2287,9,Ο χρόνος και οι εποχές - Ο καιρός,Ουσιαστικά,noun,,έτος,year,year photo,generated
2288,9,Ο χρόνος και οι εποχές - Ο καιρός,Ουσιαστικά,noun,,πενταετία,,,no_english
2289,9,Ο χρόνος και οι εποχές - Ο καιρός,Ουσιαστικά,noun,,χρόνος,see colloquial genitive χρονών,see colloquial genitive χρονών photo,generated
2290,9,Ο χρόνος και οι εποχές - Ο καιρός,Ουσιαστικά,noun,,χιλιετερίδα,,,no_english
2291,9,Ο χρόνος και οι εποχές - Ο καιρός,Ουσιαστικά,noun,,χιλιετία,millennium,millennium photo,generated
2292,9,Ο χρόνος και οι εποχές - Ο καιρός,Ουσιαστικά,noun,,τοηλιακόσύστημα,,,no_english
2293,9,Ο χρόνος και οι εποχές - Ο καιρός,Ουσιαστικά,noun,,ακτίνα,light ray,light ray photo,generated
2294,9,Ο χρόνος και οι εποχές - Ο καιρός,Ουσιαστικά,noun,,άξονας,axis,axis photo,generated
2295,9,Ο χρόνος και οι εποχές - Ο καιρός,Ουσιαστικά,noun,,αστέρι,star,star photo,generated
2296,9,Ο χρόνος και οι εποχές - Ο καιρός,Ουσιαστικά,noun,,γη,world,world photo,generated
2297,9,Ο χρόνος και οι εποχές - Ο καιρός,Ουσιαστικά,noun,,έκλειψηηλίου,,,no_english
2298,9,Ο χρόνος και οι εποχές - Ο καιρός,Ουσιαστικά,noun,,έκλειψησελήνης,,,no_english
2299,9,Ο χρόνος και οι εποχές - Ο καιρός,Ουσιαστικά,noun,,ήλιος,sunlight,sunlight photo,generated
2300,9,Ο χρόνος και οι εποχές - Ο καιρός,Ουσιαστικά,noun,,πανσέληνος,full moon,full moon photo,generated
2301,9,Ο χρόνος και οι εποχές - Ο καιρός,Ουσιαστικά,noun,,πλανήτης,planet,planet photo,generated
2302,9,Ο χρόνος και οι εποχές - Ο καιρός,Ουσιαστικά,noun,,σελήνη,Moon,Moon photo,generated
2303,9,Ο χρόνος και οι εποχές - Ο καιρός,Ουσιαστικά,noun,,στροφή,bend,bend photo,generated
2304,9,Ο χρόνος και οι εποχές - Ο καιρός,Ουσιαστικά,noun,,φεγγάρι,Moon,Moon photo,generated
2305,9,Ο χρόνος και οι εποχές - Ο καιρός,Ουσιαστικά,noun,,τοημερολόγιο,,,no_english
2306,9,Ο χρόνος και οι εποχές - Ο καιρός,Ουσιαστικά,noun,,αύριο,tomorrow,tomorrow photo,generated
2307,9,Ο χρόνος και οι εποχές - Ο καιρός,Ουσιαστικά,noun,,ημερομηνία,date,date photo,generated
2308,9,Ο χρόνος και οι εποχές - Ο καιρός,Ουσιαστικά,noun,,μεθαύριο,day after tomorrow,day after tomorrow photo,generated
2309,9,Ο χρόνος και οι εποχές - Ο καιρός,Ουσιαστικά,noun,,μέλλον,future,future photo,generated
2310,9,Ο χρόνος και οι εποχές - Ο καιρός,Ουσιαστικά,noun,,παρελθόν,past,past photo,generated
2311,9,Ο χρόνος και οι εποχές - Ο καιρός,Ουσιαστικά,noun,,παρόν,Nominative,Nominative photo,generated
2312,9,Ο χρόνος και οι εποχές - Ο καιρός,Ουσιαστικά,noun,,προχθές,two days ago,two days ago photo,generated
2313,9,Ο χρόνος και οι εποχές - Ο καιρός,Ουσιαστικά,noun,,σήμερα,today,today photo,generated
2314,9,Ο χρόνος και οι εποχές - Ο καιρός,Ουσιαστικά,noun,,χθες,yesterday,yesterday photo,generated
2315,9,Ο χρόνος και οι εποχές - Ο καιρός,Ουσιαστικά,noun,,χρονολογία,system of dating,system of dating photo,generated
2316,9,Ο χρόνος και οι εποχές - Ο καιρός,Ουσιαστικά,noun,,Τατέσσερασημείατουορίζοντα,,,no_english
2317,9,Ο χρόνος και οι εποχές - Ο καιρός,Ουσιαστικά,noun,,οΒορράς(οΒοριάς),,,no_english
2318,9,Ο χρόνος και οι εποχές - Ο καιρός,Ουσιαστικά,noun,,οΝότος,,,no_english
2319,9,Ο χρόνος και οι εποχές - Ο καιρός,Ουσιαστικά,noun,,η∆ύση,,,no_english
2320,9,Ο χρόνος και οι εποχές - Ο καιρός,Ουσιαστικά,noun,,ηΑνατολή,,,no_english
2321,9,Ο χρόνος και οι εποχές - Ο καιρός,Ουσιαστικά,noun,,οιτέσσεριςεποχέςτονχρόνου,,,no_english
2322,9,Ο χρόνος και οι εποχές - Ο καιρός,Ουσιαστικά,noun,,ηάνοιξη,,,no_english
2323,9,Ο χρόνος και οι εποχές - Ο καιρός,Ουσιαστικά,noun,,τοκαλοκαίρι,,,no_english
2324,9,Ο χρόνος και οι εποχές - Ο καιρός,Ουσιαστικά,noun,,τοφθινόπωρο,,,no_english
2325,9,Ο χρόνος και οι εποχές - Ο καιρός,Ουσιαστικά,noun,,οχειμώνας,,,no_english
2326,9,Ο χρόνος και οι εποχές - Ο καιρός,Ουσιαστικά,noun,,οκαιρός,,,no_english
2327,9,Ο χρόνος και οι εποχές - Ο καιρός,Ουσιαστικά,noun,,αεράκι,wind,wind photo,generated
2328,9,Ο χρόνος και οι εποχές - Ο καιρός,Ουσιαστικά,noun,,αέρας,wind,wind photo,generated
2329,9,Ο χρόνος και οι εποχές - Ο καιρός,Ουσιαστικά,noun,,ανεμοθύελλα,windstorm,windstorm photo,generated
2330,9,Ο χρόνος και οι εποχές - Ο καιρός,Ουσιαστικά,noun,,άνεμος,wind,wind photo,generated
2331,9,Ο χρόνος και οι εποχές - Ο καιρός,Ουσιαστικά,noun,,άνοδος(θερμοκρασίας),increase,increase photo,generated
2332,9,Ο χρόνος και οι εποχές - Ο καιρός,Ουσιαστικά,noun,,άπνοια,calmness,calmness photo,generated
2333,9,Ο χρόνος και οι εποχές - Ο καιρός,Ουσιαστικά,noun,,αστραπή,lightning,lightning photo,generated
2334,9,Ο χρόνος και οι εποχές - Ο καιρός,Ουσιαστικά,noun,,ατμόσφαιρα,atmosphere,atmosphere photo,generated
2335,9,Ο χρόνος και οι εποχές - Ο καιρός,Ουσιαστικά,noun,,βαθμός,grade,grade photo,generated
2336,9,Ο χρόνος και οι εποχές - Ο καιρός,Ουσιαστικά,noun,,βοριάς,north wind,north wind photo,generated
2337,9,Ο χρόνος και οι εποχές - Ο καιρός,Ουσιαστικά,noun,,βροντή,thunder,thunder photo,generated
2338,9,Ο χρόνος και οι εποχές - Ο καιρός,Ουσιαστικά,noun,,βροχή,rain,rain photo,generated
2339,9,Ο χρόνος και οι εποχές - Ο καιρός,Ουσιαστικά,noun,,βροχοπτώσεις,,,no_english
2340,9,Ο χρόνος και οι εποχές - Ο καιρός,Ουσιαστικά,noun,,δελτίοκαιρού,,,no_english
2341,9,Ο χρόνος και οι εποχές - Ο καιρός,Ουσιαστικά,noun,,δελτίοθυέλλης,,,no_english
2342,9,Ο χρόνος και οι εποχές - Ο καιρός,Ουσιαστικά,noun,,δροσιά,,,no_english
2343,9,Ο χρόνος και οι εποχές - Ο καιρός,Ουσιαστικά,noun,,ζέστη,heat,heat photo,generated
2344,9,Ο χρόνος και οι εποχές - Ο καιρός,Ουσιαστικά,noun,,ηλιαχτίδα,sunbeam,sunbeam photo,generated
2345,9,Ο χρόνος και οι εποχές - Ο καιρός,Ουσιαστικά,noun,,ηλιοφάνεια,sunshine,sunshine photo,generated
2346,9,Ο χρόνος και οι εποχές - Ο καιρός,Ουσιαστικά,noun,,θάλασσα,storm,storm photo,generated
2347,9,Ο χρόνος και οι εποχές - Ο καιρός,Ουσιαστικά,noun,,θαλασσοταραχή,,,no_english
2348,9,Ο χρόνος και οι εποχές - Ο καιρός,Ουσιαστικά,noun,,θερμοκρασία,temperature,temperature photo,generated
2349,9,Ο χρόνος και οι εποχές - Ο καιρός,Ουσιαστικά,noun,,θερμόμετρο,thermometer,thermometer photo,generated
2350,9,Ο χρόνος και οι εποχές - Ο καιρός,Ουσιαστικά,noun,,καιρικέςσυνθήκες,,,no_english
2351,9,Ο χρόνος και οι εποχές - Ο καιρός,Ουσιαστικά,noun,,κακοκαιρία,,,no_english
2352,9,Ο χρόνος και οι εποχές - Ο καιρός,Ουσιαστικά,noun,,καλοκαιρία,summertime,summertime photo,generated
2353,9,Ο χρόνος και οι εποχές - Ο καιρός,Ουσιαστικά,noun,,καταιγίδα,thunderstorm,thunderstorm photo,generated
2354,9,Ο χρόνος και οι εποχές - Ο καιρός,Ουσιαστικά,noun,,καύσωνας,heatwave,heatwave photo,generated
2355,9,Ο χρόνος και οι εποχές - Ο καιρός,Ουσιαστικά,noun,,Κέλσιος,,,no_english
2356,9,Ο χρόνος και οι εποχές - Ο καιρός,Ουσιαστικά,noun,,κεραυνός,thunderbolt,thunderbolt photo,generated
2357,9,Ο χρόνος και οι εποχές - Ο καιρός,Ουσιαστικά,noun,,κλίμα,climate,climate photo,generated
2358,9,Ο χρόνος και οι εποχές - Ο καιρός,Ουσιαστικά,noun,,κρύο,cold,cold photo,generated
2359,9,Ο χρόνος και οι εποχές - Ο καιρός,Ουσιαστικά,noun,,κύμα,wave,wave photo,generated
2360,9,Ο χρόνος και οι εποχές - Ο καιρός,Ουσιαστικά,noun,,λιακάδα,,,no_english
2361,9,Ο χρόνος και οι εποχές - Ο καιρός,Ουσιαστικά,noun,,λίβας,libecchio,libecchio photo,generated
2362,9,Ο χρόνος και οι εποχές - Ο καιρός,Ουσιαστικά,noun,,μελτέμι,meltemi,meltemi photo,generated
2363,9,Ο χρόνος και οι εποχές - Ο καιρός,Ουσιαστικά,noun,,μετεωρολόγος,,,no_english
2364,9,Ο χρόνος και οι εποχές - Ο καιρός,Ουσιαστικά,noun,,μόλυνση,contagion,contagion photo,generated
2365,9,Ο χρόνος και οι εποχές - Ο καιρός,Ουσιαστικά,noun,,μπόρα,,,no_english
2366,9,Ο χρόνος και οι εποχές - Ο καιρός,Ουσιαστικά,noun,,μπουρίνι,,,no_english
2367,9,Ο χρόνος και οι εποχές - Ο καιρός,Ουσιαστικά,noun,,νιφάδαχιονιού,,,no_english
2368,9,Ο χρόνος και οι εποχές - Ο καιρός,Ουσιαστικά,noun,,νοτιάς,ostro,ostro photo,generated
2369,9,Ο χρόνος και οι εποχές - Ο καιρός,Ουσιαστικά,noun,,ξαστεριά,,,no_english
2370,9,Ο χρόνος και οι εποχές - Ο καιρός,Ουσιαστικά,noun,,ομίχλη,fog,,needs_review
2371,9,Ο χρόνος και οι εποχές - Ο καιρός,Ουσιαστικά,noun,,ουράνιοτόξο,,,no_english
2372,9,Ο χρόνος και οι εποχές - Ο καιρός,Ουσιαστικά,noun,,ουρανός,roof,roof photo,generated
2373,9,Ο χρόνος και οι εποχές - Ο καιρός,Ουσιαστικά,noun,,παγετός,,,no_english
2374,9,Ο χρόνος και οι εποχές - Ο καιρός,Ουσιαστικά,noun,,περιβάλλον,environment,environment photo,generated
2375,9,Ο χρόνος και οι εποχές - Ο καιρός,Ουσιαστικά,noun,,πρόβλεψη,,,no_english
2376,9,Ο χρόνος και οι εποχές - Ο καιρός,Ουσιαστικά,noun,,πτώσηθερμοκρασίας,,,no_english
2377,9,Ο χρόνος και οι εποχές - Ο καιρός,Ουσιαστικά,noun,,ρεύμα,air current,air current photo,generated
2378,9,Ο χρόνος και οι εποχές - Ο καιρός,Ουσιαστικά,noun,,ρύπανση,pollution,pollution photo,generated
2379,9,Ο χρόνος και οι εποχές - Ο καιρός,Ουσιαστικά,noun,,σταγόνα,drop,drop photo,generated
2380,9,Ο χρόνος και οι εποχές - Ο καιρός,Ουσιαστικά,noun,,συννεφιά,,,no_english
2381,9,Ο χρόνος και οι εποχές - Ο καιρός,Ουσιαστικά,noun,,σύννεφο,cloud,cloud photo,generated
2382,9,Ο χρόνος και οι εποχές - Ο καιρός,Ουσιαστικά,noun,,τρικυμία,,,no_english
2383,9,Ο χρόνος και οι εποχές - Ο καιρός,Ουσιαστικά,noun,,υγρασία,moisture,moisture photo,generated
2384,9,Ο χρόνος και οι εποχές - Ο καιρός,Ουσιαστικά,noun,,υδράργυρος,mercury,mercury photo,generated
2385,9,Ο χρόνος και οι εποχές - Ο καιρός,Ουσιαστικά,noun,,φουρτούνα,rough sea,rough sea photo,generated
2386,9,Ο χρόνος και οι εποχές - Ο καιρός,Ουσιαστικά,noun,,χαλάζι,hail,hail photo,generated
2387,9,Ο χρόνος και οι εποχές - Ο καιρός,Ουσιαστικά,noun,,χιόνι,snow,snow photo,generated
2388,9,Ο χρόνος και οι εποχές - Ο καιρός,Ουσιαστικά,noun,,χιονοθύελλα,blizzard,blizzard photo,generated
2389,9,Ο χρόνος και οι εποχές - Ο καιρός,Ουσιαστικά,noun,,χιονόπτωση,,,no_english
2390,9,Ο χρόνος και οι εποχές - Ο καιρός,Ουσιαστικά,noun,,ψιχάλα,,,no_english
2391,9,Ο χρόνος και οι εποχές - Ο καιρός,Ουσιαστικά,noun,,ψύχρα,cold,cold photo,generated
2392,9,Ο χρόνος και οι εποχές - Ο καιρός,Ουσιαστικά,noun,,οικολογία,ecology,ecology photo,generated
2393,9,Ο χρόνος και οι εποχές - Ο καιρός,Ουσιαστικά,noun,,ανακύκλωση,recycling,recycling photo,generated
2394,9,Ο χρόνος και οι εποχές - Ο καιρός,Ουσιαστικά,noun,,ατμόσφαιρα,atmosphere,atmosphere photo,generated
2395,9,Ο χρόνος και οι εποχές - Ο καιρός,Ουσιαστικά,noun,,βιολογικάπροϊόντα,,,no_english
2396,9,Ο χρόνος και οι εποχές - Ο καιρός,Ουσιαστικά,noun,,βιολογικόςκαθαρισμός,,,no_english
2397,9,Ο χρόνος και οι εποχές - Ο καιρός,Ουσιαστικά,noun,,ηχορύπανση,,,no_english
2398,9,Ο χρόνος και οι εποχές - Ο καιρός,Ουσιαστικά,noun,,καθαρισμός,scouring,scouring photo,generated
2399,9,Ο χρόνος και οι εποχές - Ο καιρός,Ουσιαστικά,noun,,καθαριότητα,cleanliness,cleanliness photo,generated
2400,9,Ο χρόνος και οι εποχές - Ο καιρός,Ουσιαστικά,noun,,λίπασμα,fertilizer,fertilizer photo,generated
2401,9,Ο χρόνος και οι εποχές - Ο καιρός,Ουσιαστικά,noun,,μόλυνσητουπεριβάλλοντος,,,no_english
2402,9,Ο χρόνος και οι εποχές - Ο καιρός,Ουσιαστικά,noun,,νέφος,smog,smog photo,generated
2403,9,Ο χρόνος και οι εποχές - Ο καιρός,Ουσιαστικά,noun,,περιβάλλον,environment,environment photo,generated
2404,9,Ο χρόνος και οι εποχές - Ο καιρός,Ουσιαστικά,noun,,προστασίαπεριβάλλοντος,,,no_english
2405,9,Ο χρόνος και οι εποχές - Ο καιρός,Ουσιαστικά,noun,,προστασίατωνζώων,,,no_english
2406,9,Ο χρόνος και οι εποχές - Ο καιρός,Ουσιαστικά,noun,,ραδιενέργεια,radioactivity,radioactivity photo,generated
2407,9,Ο χρόνος και οι εποχές - Ο καιρός,Ουσιαστικά,noun,,ρύπανση,pollution,pollution photo,generated
2408,9,Ο χρόνος και οι εποχές - Ο καιρός,Ουσιαστικά,noun,,τρύπατουόζοντος,,,no_english
2409,9,Ο χρόνος και οι εποχές - Ο καιρός,Επίθετα,adjective,,αίθριος-α-ο,fair,fair example photo,generated
2410,9,Ο χρόνος και οι εποχές - Ο καιρός,Επίθετα,adjective,,αιώνιος-α-ο,eternal,eternal example photo,generated
2411,9,Ο χρόνος και οι εποχές - Ο καιρός,Επίθετα,adjective,,ανατολικός-ή-ό,eastern,eastern example photo,generated
2412,9,Ο χρόνος και οι εποχές - Ο καιρός,Επίθετα,adjective,,ανοιξιάτικος-η-ο,spring,spring example photo,generated
2413,9,Ο χρόνος και οι εποχές - Ο καιρός,Επίθετα,adjective,,απογευματινός-ή-ό,afternoon,afternoon example photo,generated
2414,9,Ο χρόνος και οι εποχές - Ο καιρός,Επίθετα,adjective,,αποπνικτικός-ή-ό,suffocating,suffocating example photo,generated
2415,9,Ο χρόνος και οι εποχές - Ο καιρός,Επίθετα,adjective,,αργός-ή-ό,slow,slow example photo,generated
2416,9,Ο χρόνος και οι εποχές - Ο καιρός,Επίθετα,adjective,,αυγουστιάτικος-η-ο,,,no_english
2417,9,Ο χρόνος και οι εποχές - Ο καιρός,Επίθετα,adjective,,βιαστικός-ή-ό,hurried,hurried example photo,generated
2418,9,Ο χρόνος και οι εποχές - Ο καιρός,Επίθετα,adjective,,βόρειος-α-ο,north,north example photo,generated
2419,9,Ο χρόνος και οι εποχές - Ο καιρός,Επίθετα,adjective,,βραδινός-ή-ό,of evening or night,of evening or night example photo,generated
2420,9,Ο χρόνος και οι εποχές - Ο καιρός,Επίθετα,adjective,,βροχερός-ή-ό,rainy,rainy example photo,generated
2421,9,Ο χρόνος και οι εποχές - Ο καιρός,Επίθετα,adjective,,γαλανός-ή-ό,light blue,light blue example photo,generated
2422,9,Ο χρόνος και οι εποχές - Ο καιρός,Επίθετα,adjective,,γκρίζος-η-ο,grey,grey example photo,generated
2423,9,Ο χρόνος και οι εποχές - Ο καιρός,Επίθετα,adjective,,γρήγορος-η-ο,quick,quick example photo,generated
2424,9,Ο χρόνος και οι εποχές - Ο καιρός,Επίθετα,adjective,,δεκαπενθήμερος-η-ο,,,no_english
2425,9,Ο χρόνος και οι εποχές - Ο καιρός,Επίθετα,adjective,,δίσεκτος-η-ο,,,no_english
2426,9,Ο χρόνος και οι εποχές - Ο καιρός,Επίθετα,adjective,,δυνατός-ή-ό,strong,strong example photo,generated
2427,9,Ο χρόνος και οι εποχές - Ο καιρός,Επίθετα,adjective,,δυτικός-ή-ό,west,west example photo,generated
2428,9,Ο χρόνος και οι εποχές - Ο καιρός,Επίθετα,adjective,,εβδομαδιαίος-α-ο,weekly,weekly example photo,generated
2429,9,Ο χρόνος και οι εποχές - Ο καιρός,Επίθετα,adjective,,ετήσιος-α-ο,annual,annual example photo,generated
2430,9,Ο χρόνος και οι εποχές - Ο καιρός,Επίθετα,adjective,,εύκρατος-η-ο,,,no_english
2431,9,Ο χρόνος και οι εποχές - Ο καιρός,Επίθετα,adjective,,ζεστός-ή-ό,warm,warm example photo,generated
2432,9,Ο χρόνος και οι εποχές - Ο καιρός,Επίθετα,adjective,,ηλιόλουστος-η-ο,sun-drenched,sun-drenched example photo,generated
2433,9,Ο χρόνος και οι εποχές - Ο καιρός,Επίθετα,adjective,,ημερήσιος-ια-ιο,daily,daily example photo,generated
2434,9,Ο χρόνος και οι εποχές - Ο καιρός,Επίθετα,adjective,,ηπειρωτικός-ή-ό,continental,continental example photo,generated
2435,9,Ο χρόνος και οι εποχές - Ο καιρός,Επίθετα,adjective,,ήπιος-α-ο,mild,mild example photo,generated
2436,9,Ο χρόνος και οι εποχές - Ο καιρός,Επίθετα,adjective,,ήσυχος-η-ο,quiet,quiet example photo,generated
2437,9,Ο χρόνος και οι εποχές - Ο καιρός,Επίθετα,adjective,,ισχυρός-ή-ό,powerful,powerful example photo,generated
2438,9,Ο χρόνος και οι εποχές - Ο καιρός,Επίθετα,adjective,,καθαρός-ή-ό,clean,clean example photo,generated
2439,9,Ο χρόνος και οι εποχές - Ο καιρός,Επίθετα,adjective,,κακός-ή(ιά)-ό,"bad, evil, ill, wicked",,needs_review
2440,9,Ο χρόνος και οι εποχές - Ο καιρός,Επίθετα,adjective,,καλοκαιρινός-ή-ό,summery,summery example photo,generated
2441,9,Ο χρόνος και οι εποχές - Ο καιρός,Επίθετα,adjective,,καλός-ή-ό,good,good example photo,generated
2442,9,Ο χρόνος και οι εποχές - Ο καιρός,Επίθετα,adjective,,κρύος-α-ο,cold,cold example photo,generated
2443,9,Ο χρόνος και οι εποχές - Ο καιρός,Επίθετα,adjective,,καταγάλανος-η-ο,all blue,all blue example photo,generated
2444,9,Ο χρόνος και οι εποχές - Ο καιρός,Επίθετα,adjective,,μαγιάτικος-η-ο,,,no_english
2445,9,Ο χρόνος και οι εποχές - Ο καιρός,Επίθετα,adjective,,μαύρος-η-ο,black,black example photo,generated
2446,9,Ο χρόνος και οι εποχές - Ο καιρός,Επίθετα,adjective,,μεσημεριανός-ή-ό,midday,midday example photo,generated
2447,9,Ο χρόνος και οι εποχές - Ο καιρός,Επίθετα,adjective,,μεσογειακός-ή-ό,Mediterranean,Mediterranean example photo,generated
2448,9,Ο χρόνος και οι εποχές - Ο καιρός,Επίθετα,adjective,,μηνιαίος-α-ο,monthly,monthly example photo,generated
2449,9,Ο χρόνος και οι εποχές - Ο καιρός,Επίθετα,adjective,,μολυσμένος-η-ο,infected,infected example photo,generated
2450,9,Ο χρόνος και οι εποχές - Ο καιρός,Επίθετα,adjective,,μουντός-ή-ό,dull,dull example photo,generated
2451,9,Ο χρόνος και οι εποχές - Ο καιρός,Επίθετα,adjective,,νότιος-α-ο,south,south example photo,generated
2452,9,Ο χρόνος και οι εποχές - Ο καιρός,Επίθετα,adjective,,ξάστερος-η-ο,,,no_english
2453,9,Ο χρόνος και οι εποχές - Ο καιρός,Επίθετα,adjective,,ξηρός-ή-ό,"(literary) dry, dried, arid",,needs_review
2454,9,Ο χρόνος και οι εποχές - Ο καιρός,Επίθετα,adjective,,οικολογικός-ή-ό,,,no_english
2455,9,Ο χρόνος και οι εποχές - Ο καιρός,Επίθετα,adjective,,πεντακάθαρος-η-ο,,,no_english
2456,9,Ο χρόνος και οι εποχές - Ο καιρός,Επίθετα,adjective,,περιβαλλοντικός-ή-ό,environmental,environmental example photo,generated
2457,9,Ο χρόνος και οι εποχές - Ο καιρός,Επίθετα,adjective,,πολικός-ή-ό,polar,polar example photo,generated
2458,9,Ο χρόνος και οι εποχές - Ο καιρός,Επίθετα,adjective,,πρόσκαιρος-η-ο,temporary,temporary example photo,generated
2459,9,Ο χρόνος και οι εποχές - Ο καιρός,Επίθετα,adjective,,πρωινός-ή-ό,morning,morning example photo,generated
2460,9,Ο χρόνος και οι εποχές - Ο καιρός,Επίθετα,adjective,,σαββατιάτικος-η-ο,,,no_english
2461,9,Ο χρόνος και οι εποχές - Ο καιρός,Επίθετα,adjective,,σκούρος-η-ο,dark,dark example photo,generated
2462,9,Ο χρόνος και οι εποχές - Ο καιρός,Επίθετα,adjective,,σποραδικός-ή-ό,,,no_english
2463,9,Ο χρόνος και οι εποχές - Ο καιρός,Επίθετα,adjective,,συννεφιασμένος-η-ο,,,no_english
2464,9,Ο χρόνος και οι εποχές - Ο καιρός,Επίθετα,adjective,,ταραγμένος-η-ο,agitate,agitate example photo,generated
2465,9,Ο χρόνος και οι εποχές - Ο καιρός,Επίθετα,adjective,,τοπικός-ή-ό,local,local example photo,generated
2466,9,Ο χρόνος και οι εποχές - Ο καιρός,Επίθετα,adjective,,τρικυμιώδης-ης-ες,,,no_english
2467,9,Ο χρόνος και οι εποχές - Ο καιρός,Επίθετα,adjective,,τροπικός-ή-ό,tropic,tropic example photo,generated
2468,9,Ο χρόνος και οι εποχές - Ο καιρός,Επίθετα,adjective,,υγρός-ή-ό,liquid,liquid example photo,generated
2469,9,Ο χρόνος και οι εποχές - Ο καιρός,Επίθετα,adjective,,υψηλός-ή-ό,tall,tall example photo,generated
2470,9,Ο χρόνος και οι εποχές - Ο καιρός,Επίθετα,adjective,,φθινοπωρινός-ή-ό,autumnal,autumnal example photo,generated
2471,9,Ο χρόνος και οι εποχές - Ο καιρός,Επίθετα,adjective,,χαμηλός-ή-ό,base,base example photo,generated
2472,9,Ο χρόνος και οι εποχές - Ο καιρός,Επίθετα,adjective,,χειμωνιάτικος-η-ο,wintry,wintry example photo,generated
2473,9,Ο χρόνος και οι εποχές - Ο καιρός,Επίθετα,adjective,,ψυχρός-ή-ό,cold,cold example photo,generated
2474,9,Ο χρόνος και οι εποχές - Ο καιρός,Ρήματα,verb,,αλλάζω,change,change action photo,generated
2475,9,Ο χρόνος και οι εποχές - Ο καιρός,Ρήματα,verb,,ανατέλλω(-ει),rise,rise action photo,generated
2476,9,Ο χρόνος και οι εποχές - Ο καιρός,Ρήματα,verb,,ανθίζω,flower,flower action photo,generated
2477,9,Ο χρόνος και οι εποχές - Ο καιρός,Ρήματα,verb,,αρχίζω,start,start action photo,generated
2478,9,Ο χρόνος και οι εποχές - Ο καιρός,Ρήματα,verb,,βιάζομαι,am forced,am forced action photo,generated
2479,9,Ο χρόνος και οι εποχές - Ο καιρός,Ρήματα,verb,,βραδιάζω(-ει),be excessively late,be excessively late action photo,generated
2480,9,Ο χρόνος και οι εποχές - Ο καιρός,Ρήματα,verb,,βρέχω(-ει),offer treat for good luck for newly acquired goods,offer treat for good luck for newly acquired goods action photo,generated
2481,9,Ο χρόνος και οι εποχές - Ο καιρός,Ρήματα,verb,,διαρκώ,endure,endure action photo,generated
2482,9,Ο χρόνος και οι εποχές - Ο καιρός,Ρήματα,verb,,δύω(-ει),decline,decline action photo,generated
2483,9,Ο χρόνος και οι εποχές - Ο καιρός,Ρήματα,verb,,ενισχύω,strengthen,strengthen action photo,generated
2484,9,Ο χρόνος και οι εποχές - Ο καιρός,Ρήματα,verb,,εξασθενίζω,,,no_english
2485,9,Ο χρόνος και οι εποχές - Ο καιρός,Ρήματα,verb,,ζεσταίνομαι.,,,no_english
2486,9,Ο χρόνος και οι εποχές - Ο καιρός,Ρήματα,verb,,καθυστερώ,am late,am late action photo,generated
2487,9,Ο χρόνος και οι εποχές - Ο καιρός,Ρήματα,verb,,καλοκαιριάζω(-ει),,,no_english
2488,9,Ο χρόνος και οι εποχές - Ο καιρός,Ρήματα,verb,,"κάνειζέστη,κρύο",,,no_english
2489,9,Ο χρόνος και οι εποχές - Ο καιρός,Ρήματα,verb,,κουρδίζω(κουρντΐζω)τορολόι,,,no_english
2490,9,Ο χρόνος και οι εποχές - Ο καιρός,Ρήματα,verb,,κρυώνω,am cold,am cold action photo,generated
2491,9,Ο χρόνος και οι εποχές - Ο καιρός,Ρήματα,verb,,κυμαίνομαι,,,no_english
2492,9,Ο χρόνος και οι εποχές - Ο καιρός,Ρήματα,verb,,λιώνω(-ει),melt,melt action photo,generated
2493,9,Ο χρόνος και οι εποχές - Ο καιρός,Ρήματα,verb,,μαραίνομαι,wither,wither action photo,generated
2494,9,Ο χρόνος και οι εποχές - Ο καιρός,Ρήματα,verb,,μειώνω,reduce,reduce action photo,generated
2495,9,Ο χρόνος και οι εποχές - Ο καιρός,Ρήματα,verb,,μετατρέπω,convert,convert action photo,generated
2496,9,Ο χρόνος και οι εποχές - Ο καιρός,Ρήματα,verb,,μπουμπουκιάζω,,,no_english
2497,9,Ο χρόνος και οι εποχές - Ο καιρός,Ρήματα,verb,,νυχτώνω(-ει),,,no_english
2498,9,Ο χρόνος και οι εποχές - Ο καιρός,Ρήματα,verb,,ξημερώνω(-ει),dawn,dawn action photo,generated
2499,9,Ο χρόνος και οι εποχές - Ο καιρός,Ρήματα,verb,,περιμένω,wait,wait action photo,generated
2500,9,Ο χρόνος και οι εποχές - Ο καιρός,Ρήματα,verb,,περνώ,a more formal variant of περνάω (pernáo),,needs_review
2501,9,Ο χρόνος και οι εποχές - Ο καιρός,Ρήματα,verb,,"πηγαίνειμπροστά,πίσω(τορολόι)",,,no_english
2502,9,Ο χρόνος και οι εποχές - Ο καιρός,Ρήματα,verb,,πλημμυρίζω,flood,flood action photo,generated
2503,9,Ο χρόνος και οι εποχές - Ο καιρός,Ρήματα,verb,,πρασινίζω,,,no_english
2504,9,Ο χρόνος και οι εποχές - Ο καιρός,Ρήματα,verb,,ρυπαίνω(τηνατμόσφαιρα),,,no_english
2505,9,Ο χρόνος και οι εποχές - Ο καιρός,Ρήματα,verb,,ρίχνειχαλάζι,,,no_english
2506,9,Ο χρόνος και οι εποχές - Ο καιρός,Ρήματα,verb,,σκοτεινιάζω(ει),darken,darken action photo,generated
2507,9,Ο χρόνος και οι εποχές - Ο καιρός,Ρήματα,verb,,σημειώνεταιάνοδοςτηςθερμοκρασίας-,,,no_english
2508,9,Ο χρόνος και οι εποχές - Ο καιρός,Ρήματα,verb,,σουρουπώνω(-ει),,,no_english
2509,9,Ο χρόνος και οι εποχές - Ο καιρός,Ρήματα,verb,,συννεφιάζω(-ει),,,no_english
2510,9,Ο χρόνος και οι εποχές - Ο καιρός,Ρήματα,verb,,τελειώνω,finish,finish action photo,generated
2511,9,Ο χρόνος και οι εποχές - Ο καιρός,Ρήματα,verb,,φθινοπωριάζω(-ει),,,no_english
2512,9,Ο χρόνος και οι εποχές - Ο καιρός,Ρήματα,verb,,φυσάω(-ει),blow,blow action photo,generated
2513,9,Ο χρόνος και οι εποχές - Ο καιρός,Ρήματα,verb,,χαράζω(-ει),imprint in memory,imprint in memory action photo,generated
2514,9,Ο χρόνος και οι εποχές - Ο καιρός,Ρήματα,verb,,χιονίζω(-ει),Ι snow,Ι snow action photo,generated
2515,9,Ο χρόνος και οι εποχές - Ο καιρός,Ρήματα,verb,,χρονίζω(-ει),take long time,take long time action photo,generated
2516,9,Ο χρόνος και οι εποχές - Ο καιρός,Ρήματα,verb,,χειμωνιάζω(-ει),,,no_english
2517,9,Ο χρόνος και οι εποχές - Ο καιρός,Ρήματα,verb,,ψιχαλίζω(-ει),,,no_english
2518,9,Ο χρόνος και οι εποχές - Ο καιρός,Εκφράσεις,phrase,,Πόσηώραθέλειγια...,,,no_english
2519,9,Ο χρόνος και οι εποχές - Ο καιρός,Εκφράσεις,phrase,,Είναιώρανα...,,,no_english
2520,9,Ο χρόνος και οι εποχές - Ο καιρός,Εκφράσεις,phrase,,Είμαιστηνώραμου,,,no_english
2521,9,Ο χρόνος και οι εποχές - Ο καιρός,Εκφράσεις,phrase,,Σκοτώνωτηνώραμου,,,no_english
2522,9,Ο χρόνος και οι εποχές - Ο καιρός,Εκφράσεις,phrase,,μ.Χ.=μετάΧριστόν,,,no_english
2523,9,Ο χρόνος και οι εποχές - Ο καιρός,Εκφράσεις,phrase,,π.Χ=προΧριστού,,,no_english
2524,9,Ο χρόνος και οι εποχές - Ο καιρός,Εκφράσεις,phrase,,ΧαράΘεού!,,,no_english
2525,9,Ο χρόνος και οι εποχές - Ο καιρός,Εκφράσεις,phrase,,Ρίχνεικαρεκλοπόδαρα!,,,no_english
2526,9,Ο χρόνος και οι εποχές - Ο καιρός,Εκφράσεις,phrase,,Έγιναμούσκεμα.,,,no_english
2527,9,Ο χρόνος και οι εποχές - Ο καιρός,Εκφράσεις,phrase,,Σανβρεγμένοπαπί,,,no_english
2528,9,Ο χρόνος και οι εποχές - Ο καιρός,Εκφράσεις,phrase,,Σανβρεγμένηγάτα,,,no_english
2529,9,Ο χρόνος και οι εποχές - Ο καιρός,Εκφράσεις,phrase,,"ΟΦλεβάρηςκιανΦλεβίσει,καλοκαίριθαμυρίζει",,,no_english
2530,9,Ο χρόνος και οι εποχές - Ο καιρός,Εκφράσεις,phrase,,Μήναςπουδενέχει«ρο»στοκρασίβάλενερό!,,,no_english
2531,9,Ο χρόνος και οι εποχές - Ο καιρός,Εκφράσεις,phrase,,ΛείπειοΜάρτηςαπότηΣαρακοστή;,,,no_english
2532,9,Ο χρόνος και οι εποχές - Ο καιρός,Εκφράσεις,phrase,,Σήκωσεαεράκι.Έβγαλεαέρα.,,,no_english
2533,9,Ο χρόνος και οι εποχές - Ο καιρός,Εκφράσεις,phrase,,Τοπάειγιαβροχή.,,,no_english
2534,9,Ο χρόνος και οι εποχές - Ο καιρός,Εκφράσεις,phrase,,Κάνειψοφόκρυο!,,,no_english
2535,9,Ο χρόνος και οι εποχές - Ο καιρός,Εκφράσεις,phrase,,Τσουχτερόκρύο.,,,no_english
2536,9,Ο χρόνος και οι εποχές - Ο καιρός,Εκφράσεις,phrase,,Σκάειοτζίτζικαςαπότηζέστη!,,,no_english
2537,9,Ο χρόνος και οι εποχές - Ο καιρός,Εκφράσεις,phrase,,Μέραμεσημέρι!,,,no_english
2538,9,Ο χρόνος και οι εποχές - Ο καιρός,Εκφράσεις,phrase,,Ήλιοςμεδόντια!,,,no_english
2539,9,Ο χρόνος και οι εποχές - Ο καιρός,Εκφράσεις,phrase,,Θάλασσαλάδι.,,,no_english
2540,9,Ο χρόνος και οι εποχές - Ο καιρός,Εκφράσεις,phrase,,Θάλασσανατηνπιειςστοποτήρι!,,,no_english
2541,9,Ο χρόνος και οι εποχές - Ο καιρός,Εκφράσεις,phrase,,"Καθαρόςουρανός,αστραπέςδεφοβάται.",,,no_english
2542,9,Ο χρόνος και οι εποχές - Ο καιρός,Εκφράσεις,phrase,,Φόρεσα«Μάρτη»(είδοςφυλαχτούαπόκόκκινηκαιάσπρηκλωστήπουφοράνεταπαιδιάστοχέρι,,,no_english
2543,9,Ο χρόνος και οι εποχές - Ο καιρός,Εκφράσεις,phrase,,σανβραχιόλιτοΜάρτιομήναγιαναπροστατευτούναπότιςπρώτεςανοιξιάτικεςζέστες),,,no_english
2544,9,Ο χρόνος και οι εποχές - Ο καιρός,Εκφράσεις,phrase,,ΚάθεπράγμαστονκαιρότουκιοκολιόςτονΑύγουστο,,,no_english
2545,10,Μεταφορικά μέσα - Ταξίδια,Ουσιαστικά,noun,,άγκυρα,anchor,anchor photo,generated
2546,10,Μεταφορικά μέσα - Ταξίδια,Ουσιαστικά,noun,,άδεια,permission,permission photo,generated
2547,10,Μεταφορικά μέσα - Ταξίδια,Ουσιαστικά,noun,,άδειαπαραμονής,,,no_english
2548,10,Μεταφορικά μέσα - Ταξίδια,Ουσιαστικά,noun,,αεροδρόμιο,airport,airport photo,generated
2549,10,Μεταφορικά μέσα - Ταξίδια,Ουσιαστικά,noun,,αεροπειρατεία,highjacking,highjacking photo,generated
2550,10,Μεταφορικά μέσα - Ταξίδια,Ουσιαστικά,noun,,αεροπλάνο,(more colloquial) Alternative form of αεροπλάνο (aeropláno),,needs_review
2551,10,Μεταφορικά μέσα - Ταξίδια,Ουσιαστικά,noun,,αεροπορικήεταιρεία,,,no_english
2552,10,Μεταφορικά μέσα - Ταξίδια,Ουσιαστικά,noun,,αερόστατο,gas-filled balloon,gas-filled balloon photo,generated
2553,10,Μεταφορικά μέσα - Ταξίδια,Ουσιαστικά,noun,,αεροσυνοδός,flight attendant,flight attendant photo,generated
2554,10,Μεταφορικά μέσα - Ταξίδια,Ουσιαστικά,noun,,αίθουσα,room,room photo,generated
2555,10,Μεταφορικά μέσα - Ταξίδια,Ουσιαστικά,noun,,αίθουσααναμονής,,,no_english
2556,10,Μεταφορικά μέσα - Ταξίδια,Ουσιαστικά,noun,,ακύρωση,annulment,annulment photo,generated
2557,10,Μεταφορικά μέσα - Ταξίδια,Ουσιαστικά,noun,,αναβολή,postponement,postponement photo,generated
2558,10,Μεταφορικά μέσα - Ταξίδια,Ουσιαστικά,noun,,αναγγελία,notice,notice photo,generated
2559,10,Μεταφορικά μέσα - Ταξίδια,Ουσιαστικά,noun,,αναμονή,wait,wait photo,generated
2560,10,Μεταφορικά μέσα - Ταξίδια,Ουσιαστικά,noun,,ανανέωση,renewal,renewal photo,generated
2561,10,Μεταφορικά μέσα - Ταξίδια,Ουσιαστικά,noun,,αναχώρηση,departure,departure photo,generated
2562,10,Μεταφορικά μέσα - Ταξίδια,Ουσιαστικά,noun,,αντίσκηνο,small tent,small tent photo,generated
2563,10,Μεταφορικά μέσα - Ταξίδια,Ουσιαστικά,noun,,αξιοθέατο,Nominative,Nominative photo,generated
2564,10,Μεταφορικά μέσα - Ταξίδια,Ουσιαστικά,noun,,αποβάθρα,quay,quay photo,generated
2565,10,Μεταφορικά μέσα - Ταξίδια,Ουσιαστικά,noun,,απογείωση,takeoff,takeoff photo,generated
2566,10,Μεταφορικά μέσα - Ταξίδια,Ουσιαστικά,noun,,αποσκευές,Nominative,Nominative photo,generated
2567,10,Μεταφορικά μέσα - Ταξίδια,Ουσιαστικά,noun,,απωλεσθέντααντικείμενα,,,no_english
2568,10,Μεταφορικά μέσα - Ταξίδια,Ουσιαστικά,noun,,άσφαλτος,free from errors,free from errors photo,generated
2569,10,Μεταφορικά μέσα - Ταξίδια,Ουσιαστικά,noun,,ατμομηχανή,steam engine,steam engine photo,generated
2570,10,Μεταφορικά μέσα - Ταξίδια,Ουσιαστικά,noun,,αυτοκινητάμαξα,,,no_english
2571,10,Μεταφορικά μέσα - Ταξίδια,Ουσιαστικά,noun,,αυτοκινητιστής,,,no_english
2572,10,Μεταφορικά μέσα - Ταξίδια,Ουσιαστικά,noun,,αυτοκίνητο,"car, motorcar, automobile",,needs_review
2573,10,Μεταφορικά μέσα - Ταξίδια,Ουσιαστικά,noun,,αυτοκινητόδρομος,motorway,motorway photo,generated
2574,10,Μεταφορικά μέσα - Ταξίδια,Ουσιαστικά,noun,,αυτόματοςπιλότος,,,no_english
2575,10,Μεταφορικά μέσα - Ταξίδια,Ουσιαστικά,noun,,άφιξη,arrival,arrival photo,generated
2576,10,Μεταφορικά μέσα - Ταξίδια,Ουσιαστικά,noun,,βαγόνι,carriage,carriage photo,generated
2577,10,Μεταφορικά μέσα - Ταξίδια,Ουσιαστικά,noun,,βαλίτσα,suitcase,suitcase photo,generated
2578,10,Μεταφορικά μέσα - Ταξίδια,Ουσιαστικά,noun,,βάρκα,small boat or launch,small boat or launch photo,generated
2579,10,Μεταφορικά μέσα - Ταξίδια,Ουσιαστικά,noun,,βέσπα,motor scooter,motor scooter photo,generated
2580,10,Μεταφορικά μέσα - Ταξίδια,Ουσιαστικά,noun,,βίζα,visa,visa photo,generated
2581,10,Μεταφορικά μέσα - Ταξίδια,Ουσιαστικά,noun,,βουνό,mountain,mountain photo,generated
2582,10,Μεταφορικά μέσα - Ταξίδια,Ουσιαστικά,noun,,διαβατήριο,passport,passport photo,generated
2583,10,Μεταφορικά μέσα - Ταξίδια,Ουσιαστικά,noun,,διακοπές,Nominative,Nominative photo,generated
2584,10,Μεταφορικά μέσα - Ταξίδια,Ουσιαστικά,noun,,διανυκτέρευση,overnight,overnight photo,generated
2585,10,Μεταφορικά μέσα - Ταξίδια,Ουσιαστικά,noun,,διατροφή,nutrition,nutrition photo,generated
2586,10,Μεταφορικά μέσα - Ταξίδια,Ουσιαστικά,noun,,διόδια,toll,toll photo,generated
2587,10,Μεταφορικά μέσα - Ταξίδια,Ουσιαστικά,noun,,δρομολόγιο,itinerary,itinerary photo,generated
2588,10,Μεταφορικά μέσα - Ταξίδια,Ουσιαστικά,noun,,δωμάτιο,room,room photo,generated
2589,10,Μεταφορικά μέσα - Ταξίδια,Ουσιαστικά,noun,,"εισιτήριο(απλό,μεεπιστροφή),το",,,no_english
2590,10,Μεταφορικά μέσα - Ταξίδια,Ουσιαστικά,noun,,εισπράκτορας,ticket collector,ticket collector photo,generated
2591,10,Μεταφορικά μέσα - Ταξίδια,Ουσιαστικά,noun,,ελεγκτής,auditor,auditor photo,generated
2592,10,Μεταφορικά μέσα - Ταξίδια,Ουσιαστικά,noun,,έλεγχος,control,control photo,generated
2593,10,Μεταφορικά μέσα - Ταξίδια,Ουσιαστικά,noun,,εκδρομή,excursion,excursion photo,generated
2594,10,Μεταφορικά μέσα - Ταξίδια,Ουσιαστικά,noun,,έκθεμα,exhibit,exhibit photo,generated
2595,10,Μεταφορικά μέσα - Ταξίδια,Ουσιαστικά,noun,,έλικας,propeller,propeller photo,generated
2596,10,Μεταφορικά μέσα - Ταξίδια,Ουσιαστικά,noun,,ελικόπτερο,helicopter,helicopter photo,generated
2597,10,Μεταφορικά μέσα - Ταξίδια,Ουσιαστικά,noun,,ενθύμιο,souvenir,souvenir photo,generated
2598,10,Μεταφορικά μέσα - Ταξίδια,Ουσιαστικά,noun,,εξοχή,protrusion,protrusion photo,generated
2599,10,Μεταφορικά μέσα - Ταξίδια,Ουσιαστικά,noun,,επιβάτης,passenger,passenger photo,generated
2600,10,Μεταφορικά μέσα - Ταξίδια,Ουσιαστικά,noun,,επίσκεψη,visit,visit photo,generated
2601,10,Μεταφορικά μέσα - Ταξίδια,Ουσιαστικά,noun,,ζώνηασφαλείας,,,no_english
2602,10,Μεταφορικά μέσα - Ταξίδια,Ουσιαστικά,noun,,ημιδιατροφή,,,no_english
2603,10,Μεταφορικά μέσα - Ταξίδια,Ουσιαστικά,noun,,θάλασσα,storm,storm photo,generated
2604,10,Μεταφορικά μέσα - Ταξίδια,Ουσιαστικά,noun,,θέρετρο,resort,resort photo,generated
2605,10,Μεταφορικά μέσα - Ταξίδια,Ουσιαστικά,noun,,θέση,position,position photo,generated
2606,10,Μεταφορικά μέσα - Ταξίδια,Ουσιαστικά,noun,,θεώρηση,authentication,authentication photo,generated
2607,10,Μεταφορικά μέσα - Ταξίδια,Ουσιαστικά,noun,,ιπτάμενοδελφίνι,,,no_english
2608,10,Μεταφορικά μέσα - Ταξίδια,Ουσιαστικά,noun,,ιστιοφόρο,sailing boat,sailing boat photo,generated
2609,10,Μεταφορικά μέσα - Ταξίδια,Ουσιαστικά,noun,,κάθισμα,seat,seat photo,generated
2610,10,Μεταφορικά μέσα - Ταξίδια,Ουσιαστικά,noun,,καθυστέρηση,,,no_english
2611,10,Μεταφορικά μέσα - Ταξίδια,Ουσιαστικά,noun,,καμπίνα,ship's cabin,ship's cabin photo,generated
2612,10,Μεταφορικά μέσα - Ταξίδια,Ουσιαστικά,noun,,κάμπινγκ,,,no_english
2613,10,Μεταφορικά μέσα - Ταξίδια,Ουσιαστικά,noun,,καπετάνιος,captain,captain photo,generated
2614,10,Μεταφορικά μέσα - Ταξίδια,Ουσιαστικά,noun,,καπνιστής,smoker,smoker photo,generated
2615,10,Μεταφορικά μέσα - Ταξίδια,Ουσιαστικά,noun,,καπνίστρια,smoker,smoker photo,generated
2616,10,Μεταφορικά μέσα - Ταξίδια,Ουσιαστικά,noun,,καράβι,ship,ship photo,generated
2617,10,Μεταφορικά μέσα - Ταξίδια,Ουσιαστικά,noun,,κάρτα,card,card photo,generated
2618,10,Μεταφορικά μέσα - Ταξίδια,Ουσιαστικά,noun,,κατασκήνωση,camp,camp photo,generated
2619,10,Μεταφορικά μέσα - Ταξίδια,Ουσιαστικά,noun,,κατάστρωμα,deck,deck photo,generated
2620,10,Μεταφορικά μέσα - Ταξίδια,Ουσιαστικά,noun,,κινητήρας,engine,engine photo,generated
2621,10,Μεταφορικά μέσα - Ταξίδια,Ουσιαστικά,noun,,κουκέτα,,,no_english
2622,10,Μεταφορικά μέσα - Ταξίδια,Ουσιαστικά,noun,,κουπί,"oar, paddle, scull",,needs_review
2623,10,Μεταφορικά μέσα - Ταξίδια,Ουσιαστικά,noun,,κράνος,helmet,helmet photo,generated
2624,10,Μεταφορικά μέσα - Ταξίδια,Ουσιαστικά,noun,,κράτηση,booking,booking photo,generated
2625,10,Μεταφορικά μέσα - Ταξίδια,Ουσιαστικά,noun,,κρουαζιέρα,cruise,cruise photo,generated
2626,10,Μεταφορικά μέσα - Ταξίδια,Ουσιαστικά,noun,,κρουαζιερόπλοιο,cruise liner,cruise liner photo,generated
2627,10,Μεταφορικά μέσα - Ταξίδια,Ουσιαστικά,noun,,κυβερνήτης,governor,governor photo,generated
2628,10,Μεταφορικά μέσα - Ταξίδια,Ουσιαστικά,noun,,λαθρεπιβάτης,,,no_english
2629,10,Μεταφορικά μέσα - Ταξίδια,Ουσιαστικά,noun,,λαθρεπιβάτισσα,,,no_english
2630,10,Μεταφορικά μέσα - Ταξίδια,Ουσιαστικά,noun,,λεωφορείο,"(transport) bus, omnibus",,needs_review
2631,10,Μεταφορικά μέσα - Ταξίδια,Ουσιαστικά,noun,,λιμάνι,harbour,harbour photo,generated
2632,10,Μεταφορικά μέσα - Ταξίδια,Ουσιαστικά,noun,,μηκαπνιστής,,,no_english
2633,10,Μεταφορικά μέσα - Ταξίδια,Ουσιαστικά,noun,,μηχανάκι,meatgrinder,meatgrinder photo,generated
2634,10,Μεταφορικά μέσα - Ταξίδια,Ουσιαστικά,noun,,μηχανή,machine,machine photo,generated
2635,10,Μεταφορικά μέσα - Ταξίδια,Ουσιαστικά,noun,,μηχανόβιος,,,no_english
2636,10,Μεταφορικά μέσα - Ταξίδια,Ουσιαστικά,noun,,μηχανοδηγός,,,no_english
2637,10,Μεταφορικά μέσα - Ταξίδια,Ουσιαστικά,noun,,μοτοποδήλατο,scooter,scooter photo,generated
2638,10,Μεταφορικά μέσα - Ταξίδια,Ουσιαστικά,noun,,μοτοσικλετιστής,,,no_english
2639,10,Μεταφορικά μέσα - Ταξίδια,Ουσιαστικά,noun,,μουσείο,museum,museum photo,generated
2640,10,Μεταφορικά μέσα - Ταξίδια,Ουσιαστικά,noun,,ναύλα,fare,fare photo,generated
2641,10,Μεταφορικά μέσα - Ταξίδια,Ουσιαστικά,noun,,ναύτης,sailor,sailor photo,generated
2642,10,Μεταφορικά μέσα - Ταξίδια,Ουσιαστικά,noun,,ναυτία,nausea,nausea photo,generated
2643,10,Μεταφορικά μέσα - Ταξίδια,Ουσιαστικά,noun,,ξενάγηση,,,no_english
2644,10,Μεταφορικά μέσα - Ταξίδια,Ουσιαστικά,noun,,ξεναγός,guide,guide photo,generated
2645,10,Μεταφορικά μέσα - Ταξίδια,Ουσιαστικά,noun,,ξενοδοχείο,hotel,hotel photo,generated
2646,10,Μεταφορικά μέσα - Ταξίδια,Ουσιαστικά,noun,,ξενοδόχος,hotelier,hotelier photo,generated
2647,10,Μεταφορικά μέσα - Ταξίδια,Ουσιαστικά,noun,,ξενώνας,guest room,guest room photo,generated
2648,10,Μεταφορικά μέσα - Ταξίδια,Ουσιαστικά,noun,,οδηγός,driver,driver photo,generated
2649,10,Μεταφορικά μέσα - Ταξίδια,Ουσιαστικά,noun,,οδικόδίκτυο,,,no_english
2650,10,Μεταφορικά μέσα - Ταξίδια,Ουσιαστικά,noun,,οδός,street,street photo,generated
2651,10,Μεταφορικά μέσα - Ταξίδια,Ουσιαστικά,noun,,οδόστρωμα,,,no_english
2652,10,Μεταφορικά μέσα - Ταξίδια,Ουσιαστικά,noun,,πανδοχείο,"inn, guesthouse",,needs_review
2653,10,Μεταφορικά μέσα - Ταξίδια,Ουσιαστικά,noun,,πανσιόν,pension,pension photo,generated
2654,10,Μεταφορικά μέσα - Ταξίδια,Ουσιαστικά,noun,,παπάκι,keyboard symbol @,keyboard symbol @ photo,generated
2655,10,Μεταφορικά μέσα - Ταξίδια,Ουσιαστικά,noun,,παράβαση,offence,offence photo,generated
2656,10,Μεταφορικά μέσα - Ταξίδια,Ουσιαστικά,noun,,παραθέριση,,,no_english
2657,10,Μεταφορικά μέσα - Ταξίδια,Ουσιαστικά,noun,,παραλία,beach,beach photo,generated
2658,10,Μεταφορικά μέσα - Ταξίδια,Ουσιαστικά,noun,,παραμονή,abidance,abidance photo,generated
2659,10,Μεταφορικά μέσα - Ταξίδια,Ουσιαστικά,noun,,πάσο,pass,pass photo,generated
2660,10,Μεταφορικά μέσα - Ταξίδια,Ουσιαστικά,noun,,περιήγηση,tour,tour photo,generated
2661,10,Μεταφορικά μέσα - Ταξίδια,Ουσιαστικά,noun,,περιηγητής,tourist,tourist photo,generated
2662,10,Μεταφορικά μέσα - Ταξίδια,Ουσιαστικά,noun,,περιηγήτρια,tourist,tourist photo,generated
2663,10,Μεταφορικά μέσα - Ταξίδια,Ουσιαστικά,noun,,πιλότος,pilot,pilot photo,generated
2664,10,Μεταφορικά μέσα - Ταξίδια,Ουσιαστικά,noun,,πινακοθήκη,art gallery,art gallery photo,generated
2665,10,Μεταφορικά μέσα - Ταξίδια,Ουσιαστικά,noun,,πληροφορία,information,information photo,generated
2666,10,Μεταφορικά μέσα - Ταξίδια,Ουσιαστικά,noun,,πλήρωμα,,,no_english
2667,10,Μεταφορικά μέσα - Ταξίδια,Ουσιαστικά,noun,,πλοίο,ship,ship photo,generated
2668,10,Μεταφορικά μέσα - Ταξίδια,Ουσιαστικά,noun,,ποδηλάτης,cyclist,cyclist photo,generated
2669,10,Μεταφορικά μέσα - Ταξίδια,Ουσιαστικά,noun,,ποδηλάτισσα,cyclist,cyclist photo,generated
2670,10,Μεταφορικά μέσα - Ταξίδια,Ουσιαστικά,noun,,ποδήλατο,bicycle,bicycle photo,generated
2671,10,Μεταφορικά μέσα - Ταξίδια,Ουσιαστικά,noun,,πορτμπαγκάζ,,,no_english
2672,10,Μεταφορικά μέσα - Ταξίδια,Ουσιαστικά,noun,,πούλμαν,coach,coach photo,generated
2673,10,Μεταφορικά μέσα - Ταξίδια,Ουσιαστικά,noun,,πράκτορας,agent,agent photo,generated
2674,10,Μεταφορικά μέσα - Ταξίδια,Ουσιαστικά,noun,,πρακτορείο,bureau,bureau photo,generated
2675,10,Μεταφορικά μέσα - Ταξίδια,Ουσιαστικά,noun,,πρόγευμα,breakfast,breakfast photo,generated
2676,10,Μεταφορικά μέσα - Ταξίδια,Ουσιαστικά,noun,,προσγείωση,landing,landing photo,generated
2677,10,Μεταφορικά μέσα - Ταξίδια,Ουσιαστικά,noun,,πρόστιμο,fine,fine photo,generated
2678,10,Μεταφορικά μέσα - Ταξίδια,Ουσιαστικά,noun,,πρωινό,morning,morning photo,generated
2679,10,Μεταφορικά μέσα - Ταξίδια,Ουσιαστικά,noun,,πτήση,flight,flight photo,generated
2680,10,Μεταφορικά μέσα - Ταξίδια,Ουσιαστικά,noun,,πύργοςελέγχου,,,no_english
2681,10,Μεταφορικά μέσα - Ταξίδια,Ουσιαστικά,noun,,ρεσεψιόν,reception,reception photo,generated
2682,10,Μεταφορικά μέσα - Ταξίδια,Ουσιαστικά,noun,,ρόδα,wheel,wheel photo,generated
2683,10,Μεταφορικά μέσα - Ταξίδια,Ουσιαστικά,noun,,σακίδιο,haversack,haversack photo,generated
2684,10,Μεταφορικά μέσα - Ταξίδια,Ουσιαστικά,noun,,σάκος,sack,sack photo,generated
2685,10,Μεταφορικά μέσα - Ταξίδια,Ουσιαστικά,noun,,σέρβις,,,no_english
2686,10,Μεταφορικά μέσα - Ταξίδια,Ουσιαστικά,noun,,σιδηροδρομικήγραμμή,,,no_english
2687,10,Μεταφορικά μέσα - Ταξίδια,Ουσιαστικά,noun,,σιδηροδρομικόδίκτυο,,,no_english
2688,10,Μεταφορικά μέσα - Ταξίδια,Ουσιαστικά,noun,,σιδηρόδρομος,railway,railway photo,generated
2689,10,Μεταφορικά μέσα - Ταξίδια,Ουσιαστικά,noun,,σκάφος,craft,craft photo,generated
2690,10,Μεταφορικά μέσα - Ταξίδια,Ουσιαστικά,noun,,σκηνή,skene,skene photo,generated
2691,10,Μεταφορικά μέσα - Ταξίδια,Ουσιαστικά,noun,,σταθμάρχης,,,no_english
2692,10,Μεταφορικά μέσα - Ταξίδια,Ουσιαστικά,noun,,σταθμός,station,station photo,generated
2693,10,Μεταφορικά μέσα - Ταξίδια,Ουσιαστικά,noun,,ταξίδι,trip,trip photo,generated
2694,10,Μεταφορικά μέσα - Ταξίδια,Ουσιαστικά,noun,,ταξιδιώτης,,,no_english
2695,10,Μεταφορικά μέσα - Ταξίδια,Ουσιαστικά,noun,,ταξιδιωτικόγραφείο,,,no_english
2696,10,Μεταφορικά μέσα - Ταξίδια,Ουσιαστικά,noun,,τελεφερίκ,,,no_english
2697,10,Μεταφορικά μέσα - Ταξίδια,Ουσιαστικά,noun,,τελωνείο,,,no_english
2698,10,Μεταφορικά μέσα - Ταξίδια,Ουσιαστικά,noun,,τιμόνι,steering wheel,steering wheel photo,generated
2699,10,Μεταφορικά μέσα - Ταξίδια,Ουσιαστικά,noun,,τοπίο,landscape,landscape photo,generated
2700,10,Μεταφορικά μέσα - Ταξίδια,Ουσιαστικά,noun,,τρένο,train,train photo,generated
2701,10,Μεταφορικά μέσα - Ταξίδια,Ουσιαστικά,noun,,τσάντα,"bag, purse, handbag",,needs_review
2702,10,Μεταφορικά μέσα - Ταξίδια,Ουσιαστικά,noun,,τουρισμός,tourism,tourism photo,generated
2703,10,Μεταφορικά μέσα - Ταξίδια,Ουσιαστικά,noun,,τουρίστας,tourist,tourist photo,generated
2704,10,Μεταφορικά μέσα - Ταξίδια,Ουσιαστικά,noun,,τουρίστρια,tourist,tourist photo,generated
2705,10,Μεταφορικά μέσα - Ταξίδια,Ουσιαστικά,noun,,τουριστικόγραφείο,,,no_english
2706,10,Μεταφορικά μέσα - Ταξίδια,Ουσιαστικά,noun,,τουριστικόςπρακτορας,,,no_english
2707,10,Μεταφορικά μέσα - Ταξίδια,Ουσιαστικά,noun,,τροχόσπιτο,caravan,caravan photo,generated
2708,10,Μεταφορικά μέσα - Ταξίδια,Ουσιαστικά,noun,,υπηρεσία,service,service photo,generated
2709,10,Μεταφορικά μέσα - Ταξίδια,Ουσιαστικά,noun,,υπνόσακος,,,no_english
2710,10,Μεταφορικά μέσα - Ταξίδια,Ουσιαστικά,noun,,φρένο,brake,brake photo,generated
2711,10,Μεταφορικά μέσα - Ταξίδια,Ουσιαστικά,noun,,φτερό,wing,wing photo,generated
2712,10,Μεταφορικά μέσα - Ταξίδια,Ουσιαστικά,noun,,φωτογραφία,photography,photography photo,generated
2713,10,Μεταφορικά μέσα - Ταξίδια,Ουσιαστικά,noun,,φωτογραφικήμηχανή,,,no_english
2714,10,Μεταφορικά μέσα - Ταξίδια,Ουσιαστικά,noun,,χάρτης,charter,charter photo,generated
2715,10,Μεταφορικά μέσα - Ταξίδια,Ουσιαστικά,noun,,χειραποσκευή,,,no_english
2716,10,Μεταφορικά μέσα - Ταξίδια,Επίθετα,adjective,,αεροπορικός-ή-ό,"air, aerial (connected with aviation)",,needs_review
2717,10,Μεταφορικά μέσα - Ταξίδια,Επίθετα,adjective,,ακριβός-ή-ό,expensive,expensive example photo,generated
2718,10,Μεταφορικά μέσα - Ταξίδια,Επίθετα,adjective,,ακτοπλοϊκός-ή-ό,coastal,coastal example photo,generated
2719,10,Μεταφορικά μέσα - Ταξίδια,Επίθετα,adjective,,άνετος-η-ο,comfortable,comfortable example photo,generated
2720,10,Μεταφορικά μέσα - Ταξίδια,Επίθετα,adjective,,αργός-ή-ό,slow,slow example photo,generated
2721,10,Μεταφορικά μέσα - Ταξίδια,Επίθετα,adjective,,αρχαιολογικός-ή-ό,archaeological,archaeological example photo,generated
2722,10,Μεταφορικά μέσα - Ταξίδια,Επίθετα,adjective,,ασφαλής-ής-ές,safe,safe example photo,generated
2723,10,Μεταφορικά μέσα - Ταξίδια,Επίθετα,adjective,,βουνίσιος-ια-ιο,mountainous,mountainous example photo,generated
2724,10,Μεταφορικά μέσα - Ταξίδια,Επίθετα,adjective,,γραφικός-ή-ό,written,written example photo,generated
2725,10,Μεταφορικά μέσα - Ταξίδια,Επίθετα,adjective,,γρήγορος-η-ο,quick,quick example photo,generated
2726,10,Μεταφορικά μέσα - Ταξίδια,Επίθετα,adjective,,διαφημιστικός-ή-ό,,,no_english
2727,10,Μεταφορικά μέσα - Ταξίδια,Επίθετα,adjective,,δυσάρεστος-η-ο,unpleasant,unpleasant example photo,generated
2728,10,Μεταφορικά μέσα - Ταξίδια,Επίθετα,adjective,,εξυπηρετικός-ή-ό,,,no_english
2729,10,Μεταφορικά μέσα - Ταξίδια,Επίθετα,adjective,,εξωτικός-ή-ό,exotic,exotic example photo,generated
2730,10,Μεταφορικά μέσα - Ταξίδια,Επίθετα,adjective,,επικίνδυνος-η-ο,dangerous,dangerous example photo,generated
2731,10,Μεταφορικά μέσα - Ταξίδια,Επίθετα,adjective,,ευχάριστος-η-ο,pleasant,pleasant example photo,generated
2732,10,Μεταφορικά μέσα - Ταξίδια,Επίθετα,adjective,,ημερήσιος-ια-ιο,daily,daily example photo,generated
2733,10,Μεταφορικά μέσα - Ταξίδια,Επίθετα,adjective,,θαλασσινός-ή-ό,,,no_english
2734,10,Μεταφορικά μέσα - Ταξίδια,Επίθετα,adjective,,ιστορικός-ή-ό,historical,historical example photo,generated
2735,10,Μεταφορικά μέσα - Ταξίδια,Επίθετα,adjective,,καλοκαιρινός-ή-ό,summery,summery example photo,generated
2736,10,Μεταφορικά μέσα - Ταξίδια,Επίθετα,adjective,,καταπράσινος-η-ο,verdant,verdant example photo,generated
2737,10,Μεταφορικά μέσα - Ταξίδια,Επίθετα,adjective,,κάτασπρος-η-ο,snow-white,snow-white example photo,generated
2738,10,Μεταφορικά μέσα - Ταξίδια,Επίθετα,adjective,,κουραστικός-ή-ό,tiring,tiring example photo,generated
2739,10,Μεταφορικά μέσα - Ταξίδια,Επίθετα,adjective,,λαογραφικός-ή-ό,,,no_english
2740,10,Μεταφορικά μέσα - Ταξίδια,Επίθετα,adjective,,μαγευτικός-ή-ό,,,no_english
2741,10,Μεταφορικά μέσα - Ταξίδια,Επίθετα,adjective,,μοντέρνος-α-ο,modern,modern example photo,generated
2742,10,Μεταφορικά μέσα - Ταξίδια,Επίθετα,adjective,,ξεκούραστος-η-ο,,,no_english
2743,10,Μεταφορικά μέσα - Ταξίδια,Επίθετα,adjective,,οδικός-ή-ό,road,road example photo,generated
2744,10,Μεταφορικά μέσα - Ταξίδια,Επίθετα,adjective,,παραθαλάσσιος-ια-ιο,,,no_english
2745,10,Μεταφορικά μέσα - Ταξίδια,Επίθετα,adjective,,πρακτικός-ή-ό,practical,practical example photo,generated
2746,10,Μεταφορικά μέσα - Ταξίδια,Επίθετα,adjective,,σίγουρος-η-ο,secure,secure example photo,generated
2747,10,Μεταφορικά μέσα - Ταξίδια,Επίθετα,adjective,,σιδηροδρομικός-ή-ό,rail,rail example photo,generated
2748,10,Μεταφορικά μέσα - Ταξίδια,Επίθετα,adjective,,σύγχρονος-η-ο,contemporary,contemporary example photo,generated
2749,10,Μεταφορικά μέσα - Ταξίδια,Επίθετα,adjective,,ταξιδιωτικός-ή-ό,traveller's,traveller's example photo,generated
2750,10,Μεταφορικά μέσα - Ταξίδια,Επίθετα,adjective,,τουριστικός-ή-ό,tourist,tourist example photo,generated
2751,10,Μεταφορικά μέσα - Ταξίδια,Επίθετα,adjective,,φθηνός-ή-ό,cheap,cheap example photo,generated
2752,10,Μεταφορικά μέσα - Ταξίδια,Ρήματα,verb,,αγοράζω,"buy, purchase",,needs_review
2753,10,Μεταφορικά μέσα - Ταξίδια,Ρήματα,verb,,ακυρώνω,annul,annul action photo,generated
2754,10,Μεταφορικά μέσα - Ταξίδια,Ρήματα,verb,,αναβάλλω,postpone,postpone action photo,generated
2755,10,Μεταφορικά μέσα - Ταξίδια,Ρήματα,verb,,αναθεωρώ,reconsider,reconsider action photo,generated
2756,10,Μεταφορικά μέσα - Ταξίδια,Ρήματα,verb,,ανανεώνω,renew,renew action photo,generated
2757,10,Μεταφορικά μέσα - Ταξίδια,Ρήματα,verb,,αναχωρώ,depart,depart action photo,generated
2758,10,Μεταφορικά μέσα - Ταξίδια,Ρήματα,verb,,ανεβαίνω,ascend,ascend action photo,generated
2759,10,Μεταφορικά μέσα - Ταξίδια,Ρήματα,verb,,αποβιβάζω-ομαι,put ashore,put ashore action photo,generated
2760,10,Μεταφορικά μέσα - Ταξίδια,Ρήματα,verb,,απογειώνω-ομαι,get into air,get into air action photo,generated
2761,10,Μεταφορικά μέσα - Ταξίδια,Ρήματα,verb,,βγαίνω,come up,come up action photo,generated
2762,10,Μεταφορικά μέσα - Ταξίδια,Ρήματα,verb,,διανυκτερεύω,be up all night,be up all night action photo,generated
2763,10,Μεταφορικά μέσα - Ταξίδια,Ρήματα,verb,,διασχίζω,traverse,traverse action photo,generated
2764,10,Μεταφορικά μέσα - Ταξίδια,Ρήματα,verb,,επιβιβάζω-ομαι,ship,ship action photo,generated
2765,10,Μεταφορικά μέσα - Ταξίδια,Ρήματα,verb,,επισκέπτομαι,visit,visit action photo,generated
2766,10,Μεταφορικά μέσα - Ταξίδια,Ρήματα,verb,,ζητώ,a more formal variant of ζητάω (zitáo),,needs_review
2767,10,Μεταφορικά μέσα - Ταξίδια,Ρήματα,verb,,θεωρώ,consider,consider action photo,generated
2768,10,Μεταφορικά μέσα - Ταξίδια,Ρήματα,verb,,ισχύω,be valid,be valid action photo,generated
2769,10,Μεταφορικά μέσα - Ταξίδια,Ρήματα,verb,,καθυστερώ,am late,am late action photo,generated
2770,10,Μεταφορικά μέσα - Ταξίδια,Ρήματα,verb,,κάνωδιακοπές,,,no_english
2771,10,Μεταφορικά μέσα - Ταξίδια,Ρήματα,verb,,κάνωκράτηση,,,no_english
2772,10,Μεταφορικά μέσα - Ταξίδια,Ρήματα,verb,,κάνωμπάνιο,,,no_english
2773,10,Μεταφορικά μέσα - Ταξίδια,Ρήματα,verb,,κάνωσκι,,,no_english
2774,10,Μεταφορικά μέσα - Ταξίδια,Ρήματα,verb,,καταγράφω,register,register action photo,generated
2775,10,Μεταφορικά μέσα - Ταξίδια,Ρήματα,verb,,κατασκηνώνω,camp,camp action photo,generated
2776,10,Μεταφορικά μέσα - Ταξίδια,Ρήματα,verb,,κατεβαίνω,descend,descend action photo,generated
2777,10,Μεταφορικά μέσα - Ταξίδια,Ρήματα,verb,,κλείνωθέση,,,no_english
2778,10,Μεταφορικά μέσα - Ταξίδια,Ρήματα,verb,,κόβωεισιτήριο,,,no_english
2779,10,Μεταφορικά μέσα - Ταξίδια,Ρήματα,verb,,κολυμπώ,a more formal variant of κολυμπάω (kolympáo) swim,,needs_review
2780,10,Μεταφορικά μέσα - Ταξίδια,Ρήματα,verb,,ξεναγώ,show around,show around action photo,generated
2781,10,Μεταφορικά μέσα - Ταξίδια,Ρήματα,verb,,παίρνω(τοαεροπλάνο),take,take action photo,generated
2782,10,Μεταφορικά μέσα - Ταξίδια,Ρήματα,verb,,παραθερίζω,,,no_english
2783,10,Μεταφορικά μέσα - Ταξίδια,Ρήματα,verb,,πηγαίνω,literally go → interchangeable with πάω,literally go → interchangeable with πάω action photo,generated
2784,10,Μεταφορικά μέσα - Ταξίδια,Ρήματα,verb,,προσγειώνω-ομαι,land,land action photo,generated
2785,10,Μεταφορικά μέσα - Ταξίδια,Ρήματα,verb,,προσδένομαι,,,no_english
2786,10,Μεταφορικά μέσα - Ταξίδια,Ρήματα,verb,,ταξιδεύωμε,,,no_english
2787,10,Μεταφορικά μέσα - Ταξίδια,Ρήματα,verb,,χάνω(τοτρένο),lose,lose action photo,generated
2788,10,Μεταφορικά μέσα - Ταξίδια,Ρήματα,verb,,φεύγω,leave,leave action photo,generated
2789,10,Μεταφορικά μέσα - Ταξίδια,Ρήματα,verb,,φθάνω(φτάνω),(more formal) Alternative form of φτάνω (ftáno),,needs_review
2790,10,Μεταφορικά μέσα - Ταξίδια,Εκφράσεις,phrase,,«Ογύροςτουκόσμουσεογδόνταημέρες»,,,no_english
2791,10,Μεταφορικά μέσα - Ταξίδια,Εκφράσεις,phrase,,Οδύσσειααυτότοταξίδι...,,,no_english
2792,10,Μεταφορικά μέσα - Ταξίδια,Εκφράσεις,phrase,,Είναιταξιδιάρικοπουλί,,,no_english
2793,10,Μεταφορικά μέσα - Ταξίδια,Εκφράσεις,phrase,,Οκαλόςοκαπετάνιοςστηφουρτούναφαίνεται,,,no_english
2794,10,Μεταφορικά μέσα - Ταξίδια,Εκφράσεις,phrase,,Μεγάλοκαράβιμεγάλεςφουρτούνες,,,no_english
2795,10,Μεταφορικά μέσα - Ταξίδια,Εκφράσεις,phrase,,«Ώρακαλήστηνπρύμησουκιαέραςσταπανιάσουκιούτεπουλίπετούμενοναμηβρεθεί,,,no_english
2796,10,Μεταφορικά μέσα - Ταξίδια,Εκφράσεις,phrase,,μπροστάσου»,,,no_english
2797,11,Το ανθρώπινο σώμα - Η υγεία,Ουσιαστικά,noun,,αγγείο,chamber pot,chamber pot photo,generated
2798,11,Το ανθρώπινο σώμα - Η υγεία,Ουσιαστικά,noun,,αγκώνας,elbow,elbow photo,generated
2799,11,Το ανθρώπινο σώμα - Η υγεία,Ουσιαστικά,noun,,αίμα,blood,blood photo,generated
2800,11,Το ανθρώπινο σώμα - Η υγεία,Ουσιαστικά,noun,,αντίχειρας,thumb,thumb photo,generated
2801,11,Το ανθρώπινο σώμα - Η υγεία,Ουσιαστικά,noun,,άρθρωση,joint,joint photo,generated
2802,11,Το ανθρώπινο σώμα - Η υγεία,Ουσιαστικά,noun,,αρτηρία,artery,artery photo,generated
2803,11,Το ανθρώπινο σώμα - Η υγεία,Ουσιαστικά,noun,,αστράγαλος,ankle,ankle photo,generated
2804,11,Το ανθρώπινο σώμα - Η υγεία,Ουσιαστικά,noun,,αφτί,(anatomy) ear,,needs_review
2805,11,Το ανθρώπινο σώμα - Η υγεία,Ουσιαστικά,noun,,βάρος,weight,weight photo,generated
2806,11,Το ανθρώπινο σώμα - Η υγεία,Ουσιαστικά,noun,,βλεφαρίδα,eyelash,eyelash photo,generated
2807,11,Το ανθρώπινο σώμα - Η υγεία,Ουσιαστικά,noun,,γάμπα,,,no_english
2808,11,Το ανθρώπινο σώμα - Η υγεία,Ουσιαστικά,noun,,γεννητικάόργανα,,,no_english
2809,11,Το ανθρώπινο σώμα - Η υγεία,Ουσιαστικά,noun,,γέφυρα(δοντιών),bridge,bridge photo,generated
2810,11,Το ανθρώπινο σώμα - Η υγεία,Ουσιαστικά,noun,,γλώσσα,tongue,tongue photo,generated
2811,11,Το ανθρώπινο σώμα - Η υγεία,Ουσιαστικά,noun,,γόνατο,knee,knee photo,generated
2812,11,Το ανθρώπινο σώμα - Η υγεία,Ουσιαστικά,noun,,γονιμοποίηση,,,no_english
2813,11,Το ανθρώπινο σώμα - Η υγεία,Ουσιαστικά,noun,,γύψος,gypsum,gypsum photo,generated
2814,11,Το ανθρώπινο σώμα - Η υγεία,Ουσιαστικά,noun,,δάκρυ,tear,tear photo,generated
2815,11,Το ανθρώπινο σώμα - Η υγεία,Ουσιαστικά,noun,,δάχτυλο,finger,finger photo,generated
2816,11,Το ανθρώπινο σώμα - Η υγεία,Ουσιαστικά,noun,,δείκτης,indicator,indicator photo,generated
2817,11,Το ανθρώπινο σώμα - Η υγεία,Ουσιαστικά,noun,,διάσταση,dimension,dimension photo,generated
2818,11,Το ανθρώπινο σώμα - Η υγεία,Ουσιαστικά,noun,,δόντι,tooth,tooth photo,generated
2819,11,Το ανθρώπινο σώμα - Η υγεία,Ουσιαστικά,noun,,έντερο,intestine,intestine photo,generated
2820,11,Το ανθρώπινο σώμα - Η υγεία,Ουσιαστικά,noun,,επιδερμίδα,epidermis,epidermis photo,generated
2821,11,Το ανθρώπινο σώμα - Η υγεία,Ουσιαστικά,noun,,καρδνά,,,no_english
2822,11,Το ανθρώπινο σώμα - Η υγεία,Ουσιαστικά,noun,,κεφάλι,head,head photo,generated
2823,11,Το ανθρώπινο σώμα - Η υγεία,Ουσιαστικά,noun,,κοιλιά,abdomen,abdomen photo,generated
2824,11,Το ανθρώπινο σώμα - Η υγεία,Ουσιαστικά,noun,,κόκαλο,bone,bone photo,generated
2825,11,Το ανθρώπινο σώμα - Η υγεία,Ουσιαστικά,noun,,κρανίο,cranium,cranium photo,generated
2826,11,Το ανθρώπινο σώμα - Η υγεία,Ουσιαστικά,noun,,λαβύρινθος,maze,maze photo,generated
2827,11,Το ανθρώπινο σώμα - Η υγεία,Ουσιαστικά,noun,,λαιμός,neck,neck photo,generated
2828,11,Το ανθρώπινο σώμα - Η υγεία,Ουσιαστικά,noun,,λάρυγγας,larynx,larynx photo,generated
2829,11,Το ανθρώπινο σώμα - Η υγεία,Ουσιαστικά,noun,,λεκάνη,any large bowl,any large bowl photo,generated
2830,11,Το ανθρώπινο σώμα - Η υγεία,Ουσιαστικά,noun,,μάγουλο,cheek,cheek photo,generated
2831,11,Το ανθρώπινο σώμα - Η υγεία,Ουσιαστικά,noun,,μαλλιά,hair,hair photo,generated
2832,11,Το ανθρώπινο σώμα - Η υγεία,Ουσιαστικά,noun,,μασχάλη,armpit,armpit photo,generated
2833,11,Το ανθρώπινο σώμα - Η υγεία,Ουσιαστικά,noun,,μάτι,burner,burner photo,generated
2834,11,Το ανθρώπινο σώμα - Η υγεία,Ουσιαστικά,noun,,μέλος,member,member photo,generated
2835,11,Το ανθρώπινο σώμα - Η υγεία,Ουσιαστικά,noun,,μέση,middle,middle photo,generated
2836,11,Το ανθρώπινο σώμα - Η υγεία,Ουσιαστικά,noun,,μέτωπο,forehead,forehead photo,generated
2837,11,Το ανθρώπινο σώμα - Η υγεία,Ουσιαστικά,noun,,μηρός,thigh,thigh photo,generated
2838,11,Το ανθρώπινο σώμα - Η υγεία,Ουσιαστικά,noun,,μικροσκόπιο,microscope,microscope photo,generated
2839,11,Το ανθρώπινο σώμα - Η υγεία,Ουσιαστικά,noun,,μπράτσο,upper arm,upper arm photo,generated
2840,11,Το ανθρώπινο σώμα - Η υγεία,Ουσιαστικά,noun,,μυς,muscle,muscle photo,generated
2841,11,Το ανθρώπινο σώμα - Η υγεία,Ουσιαστικά,noun,,μύτη,nose,nose photo,generated
2842,11,Το ανθρώπινο σώμα - Η υγεία,Ουσιαστικά,noun,,νεύρο,nerve,nerve photo,generated
2843,11,Το ανθρώπινο σώμα - Η υγεία,Ουσιαστικά,noun,,νεφρό,kidney,kidney photo,generated
2844,11,Το ανθρώπινο σώμα - Η υγεία,Ουσιαστικά,noun,,νύχι,nail,nail photo,generated
2845,11,Το ανθρώπινο σώμα - Η υγεία,Ουσιαστικά,noun,,όργανο,body organ,body organ photo,generated
2846,11,Το ανθρώπινο σώμα - Η υγεία,Ουσιαστικά,noun,,ουροδόχοςκύστη,,,no_english
2847,11,Το ανθρώπινο σώμα - Η υγεία,Ουσιαστικά,noun,,παλάμη,palm,palm photo,generated
2848,11,Το ανθρώπινο σώμα - Η υγεία,Ουσιαστικά,noun,,πέλμα,sole,sole photo,generated
2849,11,Το ανθρώπινο σώμα - Η υγεία,Ουσιαστικά,noun,,πηγούνι,chin,chin photo,generated
2850,11,Το ανθρώπινο σώμα - Η υγεία,Ουσιαστικά,noun,,πλάτη,back,back photo,generated
2851,11,Το ανθρώπινο σώμα - Η υγεία,Ουσιαστικά,noun,,ττνεύμονας,,,no_english
2852,11,Το ανθρώπινο σώμα - Η υγεία,Ουσιαστικά,noun,,πνευμόνι,lung as sold meat,lung as sold meat photo,generated
2853,11,Το ανθρώπινο σώμα - Η υγεία,Ουσιαστικά,noun,,πόδι,foot,foot photo,generated
2854,11,Το ανθρώπινο σώμα - Η υγεία,Ουσιαστικά,noun,,πρόσωπο,face,face photo,generated
2855,11,Το ανθρώπινο σώμα - Η υγεία,Ουσιαστικά,noun,,πυρετός,fever,fever photo,generated
2856,11,Το ανθρώπινο σώμα - Η υγεία,Ουσιαστικά,noun,,σκελετός,skeleton,skeleton photo,generated
2857,11,Το ανθρώπινο σώμα - Η υγεία,Ουσιαστικά,noun,,σπονδυλικήστήλη,,,no_english
2858,11,Το ανθρώπινο σώμα - Η υγεία,Ουσιαστικά,noun,,σπόνδυλος,vertebra,vertebra photo,generated
2859,11,Το ανθρώπινο σώμα - Η υγεία,Ουσιαστικά,noun,,στήθος,chest,chest photo,generated
2860,11,Το ανθρώπινο σώμα - Η υγεία,Ουσιαστικά,noun,,στόμα,mouth,mouth photo,generated
2861,11,Το ανθρώπινο σώμα - Η υγεία,Ουσιαστικά,noun,,στομάχι,stomach,stomach photo,generated
2862,11,Το ανθρώπινο σώμα - Η υγεία,Ουσιαστικά,noun,,συκώτι,liver,liver photo,generated
2863,11,Το ανθρώπινο σώμα - Η υγεία,Ουσιαστικά,noun,,σφράγισμα,using stamp,using stamp photo,generated
2864,11,Το ανθρώπινο σώμα - Η υγεία,Ουσιαστικά,noun,,σώμα,body,body photo,generated
2865,11,Το ανθρώπινο σώμα - Η υγεία,Ουσιαστικά,noun,,τύμπανο,timpani,timpani photo,generated
2866,11,Το ανθρώπινο σώμα - Η υγεία,Ουσιαστικά,noun,,ύψος,height,height photo,generated
2867,11,Το ανθρώπινο σώμα - Η υγεία,Ουσιαστικά,noun,,φλέβα,vein,vein photo,generated
2868,11,Το ανθρώπινο σώμα - Η υγεία,Ουσιαστικά,noun,,φρύδι,eyebrow,eyebrow photo,generated
2869,11,Το ανθρώπινο σώμα - Η υγεία,Ουσιαστικά,noun,,χείλη,Nominative,Nominative photo,generated
2870,11,Το ανθρώπινο σώμα - Η υγεία,Ουσιαστικά,noun,,χέρι,hand,hand photo,generated
2871,11,Το ανθρώπινο σώμα - Η υγεία,Ουσιαστικά,noun,,ώμος,shoulder,shoulder photo,generated
2872,11,Το ανθρώπινο σώμα - Η υγεία,Ουσιαστικά,noun,,οιαισθήσεις,,,no_english
2873,11,Το ανθρώπινο σώμα - Η υγεία,Ουσιαστικά,noun,,ακοή,hearing,hearing photo,generated
2874,11,Το ανθρώπινο σώμα - Η υγεία,Ουσιαστικά,noun,,αφή,touch,touch photo,generated
2875,11,Το ανθρώπινο σώμα - Η υγεία,Ουσιαστικά,noun,,γεύση,taste,taste photo,generated
2876,11,Το ανθρώπινο σώμα - Η υγεία,Ουσιαστικά,noun,,όραση,vision,vision photo,generated
2877,11,Το ανθρώπινο σώμα - Η υγεία,Ουσιαστικά,noun,,όσφρηση,smell,smell photo,generated
2878,11,Το ανθρώπινο σώμα - Η υγεία,Ουσιαστικά,noun,,"οιλειτουργίεςτουανθρώπινου,οργανισμού",,,no_english
2879,11,Το ανθρώπινο σώμα - Η υγεία,Ουσιαστικά,noun,,αναπνοή,breath,breath photo,generated
2880,11,Το ανθρώπινο σώμα - Η υγεία,Ουσιαστικά,noun,,αναπαραγωγή,biological reproduction,biological reproduction photo,generated
2881,11,Το ανθρώπινο σώμα - Η υγεία,Ουσιαστικά,noun,,κυκλοφορίατουαίματος,,,no_english
2882,11,Το ανθρώπινο σώμα - Η υγεία,Ουσιαστικά,noun,,πέψη,digestion,digestion photo,generated
2883,11,Το ανθρώπινο σώμα - Η υγεία,Ουσιαστικά,noun,,ασθένειες-περίθαλψη,Nominative,Nominative photo,generated
2884,11,Το ανθρώπινο σώμα - Η υγεία,Ουσιαστικά,noun,,αγωγή,treatment,treatment photo,generated
2885,11,Το ανθρώπινο σώμα - Η υγεία,Ουσιαστικά,noun,,αδιαθεσία,indisposition,indisposition photo,generated
2886,11,Το ανθρώπινο σώμα - Η υγεία,Ουσιαστικά,noun,,αιμοδοσία,blood donation,blood donation photo,generated
2887,11,Το ανθρώπινο σώμα - Η υγεία,Ουσιαστικά,noun,,αιμοδότης,blood donor,blood donor photo,generated
2888,11,Το ανθρώπινο σώμα - Η υγεία,Ουσιαστικά,noun,,αιμοδότρια,blood donor,blood donor photo,generated
2889,11,Το ανθρώπινο σώμα - Η υγεία,Ουσιαστικά,noun,,ακτινογραφία,radiography,radiography photo,generated
2890,11,Το ανθρώπινο σώμα - Η υγεία,Ουσιαστικά,noun,,αλοιφή,ointment,ointment photo,generated
2891,11,Το ανθρώπινο σώμα - Η υγεία,Ουσιαστικά,noun,,αμυγδαλές,Nominative,Nominative photo,generated
2892,11,Το ανθρώπινο σώμα - Η υγεία,Ουσιαστικά,noun,,ανάλυσηαίματος,,,no_english
2893,11,Το ανθρώπινο σώμα - Η υγεία,Ουσιαστικά,noun,,ανάρρωση,recovery,recovery photo,generated
2894,11,Το ανθρώπινο σώμα - Η υγεία,Ουσιαστικά,noun,,αναρρωτικήάδεια,,,no_english
2895,11,Το ανθρώπινο σώμα - Η υγεία,Ουσιαστικά,noun,,άνεμοβλογιά,chicken pox,chicken pox photo,generated
2896,11,Το ανθρώπινο σώμα - Η υγεία,Ουσιαστικά,noun,,ανοσιοποιητικόσύστημα,,,no_english
2897,11,Το ανθρώπινο σώμα - Η υγεία,Ουσιαστικά,noun,,αντιβιοτικό,antibiotic,antibiotic photo,generated
2898,11,Το ανθρώπινο σώμα - Η υγεία,Ουσιαστικά,noun,,αντίδοτο,antidote,antidote photo,generated
2899,11,Το ανθρώπινο σώμα - Η υγεία,Ουσιαστικά,noun,,αξονική,axial,axial photo,generated
2900,11,Το ανθρώπινο σώμα - Η υγεία,Ουσιαστικά,noun,,αρρώστια,malady,malady photo,generated
2901,11,Το ανθρώπινο σώμα - Η υγεία,Ουσιαστικά,noun,,άρρωστη,sickly,sickly photo,generated
2902,11,Το ανθρώπινο σώμα - Η υγεία,Ουσιαστικά,noun,,άρρωστος,sickly,sickly photo,generated
2903,11,Το ανθρώπινο σώμα - Η υγεία,Ουσιαστικά,noun,,ασθενής,sick,sick photo,generated
2904,11,Το ανθρώπινο σώμα - Η υγεία,Ουσιαστικά,noun,,ασθενοφόρο,ambulance,ambulance photo,generated
2905,11,Το ανθρώπινο σώμα - Η υγεία,Ουσιαστικά,noun,,ασπιρίνη,aspirin,aspirin photo,generated
2906,11,Το ανθρώπινο σώμα - Η υγεία,Ουσιαστικά,noun,,αστιγματισμός,astigmatism,astigmatism photo,generated
2907,11,Το ανθρώπινο σώμα - Η υγεία,Ουσιαστικά,noun,,βελόνα,needle,needle photo,generated
2908,11,Το ανθρώπινο σώμα - Η υγεία,Ουσιαστικά,noun,,γρίππη,,,no_english
2909,11,Το ανθρώπινο σώμα - Η υγεία,Ουσιαστικά,noun,,διαβήτης,pair of compasses,pair of compasses photo,generated
2910,11,Το ανθρώπινο σώμα - Η υγεία,Ουσιαστικά,noun,,διαβητικός,,,no_english
2911,11,Το ανθρώπινο σώμα - Η υγεία,Ουσιαστικά,noun,,εγχείρηση,operation,operation photo,generated
2912,11,Το ανθρώπινο σώμα - Η υγεία,Ουσιαστικά,noun,,έιτζ,,,no_english
2913,11,Το ανθρώπινο σώμα - Η υγεία,Ουσιαστικά,noun,,εμβολιασμός,vaccination,vaccination photo,generated
2914,11,Το ανθρώπινο σώμα - Η υγεία,Ουσιαστικά,noun,,εμβόλιο,vaccine,vaccine photo,generated
2915,11,Το ανθρώπινο σώμα - Η υγεία,Ουσιαστικά,noun,,έμετος,vomiting,vomiting photo,generated
2916,11,Το ανθρώπινο σώμα - Η υγεία,Ουσιαστικά,noun,,έμφραγμα,heart attack,heart attack photo,generated
2917,11,Το ανθρώπινο σώμα - Η υγεία,Ουσιαστικά,noun,,ένεση,injection,injection photo,generated
2918,11,Το ανθρώπινο σώμα - Η υγεία,Ουσιαστικά,noun,,εξέταση,of plans,of plans photo,generated
2919,11,Το ανθρώπινο σώμα - Η υγεία,Ουσιαστικά,noun,,επίδεσμος,bandage,bandage photo,generated
2920,11,Το ανθρώπινο σώμα - Η υγεία,Ουσιαστικά,noun,,επίσκεψη,visit,visit photo,generated
2921,11,Το ανθρώπινο σώμα - Η υγεία,Ουσιαστικά,noun,,ηπατίτιδα,hepatitis,hepatitis photo,generated
2922,11,Το ανθρώπινο σώμα - Η υγεία,Ουσιαστικά,noun,,θεραπεία,cure,cure photo,generated
2923,11,Το ανθρώπινο σώμα - Η υγεία,Ουσιαστικά,noun,,θερμόμετρο,thermometer,thermometer photo,generated
2924,11,Το ανθρώπινο σώμα - Η υγεία,Ουσιαστικά,noun,,ιατρείο,doctor's surgery,doctor's surgery photo,generated
2925,11,Το ανθρώπινο σώμα - Η υγεία,Ουσιαστικά,noun,,ιατρική,medicine,medicine photo,generated
2926,11,Το ανθρώπινο σώμα - Η υγεία,Ουσιαστικά,noun,,ιλαρά,measles,measles photo,generated
2927,11,Το ανθρώπινο σώμα - Η υγεία,Ουσιαστικά,noun,,ιός,virus,virus photo,generated
2928,11,Το ανθρώπινο σώμα - Η υγεία,Ουσιαστικά,noun,,καρδιακήκρίση,,,no_english
2929,11,Το ανθρώπινο σώμα - Η υγεία,Ουσιαστικά,noun,,καρδιογράφημα,,,no_english
2930,11,Το ανθρώπινο σώμα - Η υγεία,Ουσιαστικά,noun,,καρκίνος,cancer,cancer photo,generated
2931,11,Το ανθρώπινο σώμα - Η υγεία,Ουσιαστικά,noun,,κάταγμα,fracture,fracture photo,generated
2932,11,Το ανθρώπινο σώμα - Η υγεία,Ουσιαστικά,noun,,κλινική,clinic,clinic photo,generated
2933,11,Το ανθρώπινο σώμα - Η υγεία,Ουσιαστικά,noun,,κοιλόπονος,,,no_english
2934,11,Το ανθρώπινο σώμα - Η υγεία,Ουσιαστικά,noun,,κολλύριο,,,no_english
2935,11,Το ανθρώπινο σώμα - Η υγεία,Ουσιαστικά,noun,,λιποθυμία,faint,faint photo,generated
2936,11,Το ανθρώπινο σώμα - Η υγεία,Ουσιαστικά,noun,,μαγνητική,Nominative,Nominative photo,generated
2937,11,Το ανθρώπινο σώμα - Η υγεία,Ουσιαστικά,noun,,μαγουλάδες,mumps,mumps photo,generated
2938,11,Το ανθρώπινο σώμα - Η υγεία,Ουσιαστικά,noun,,μεταμόσχευση,,,no_english
2939,11,Το ανθρώπινο σώμα - Η υγεία,Ουσιαστικά,noun,,μικρόβιο,microbe,microbe photo,generated
2940,11,Το ανθρώπινο σώμα - Η υγεία,Ουσιαστικά,noun,,μόλυνση,contagion,contagion photo,generated
2941,11,Το ανθρώπινο σώμα - Η υγεία,Ουσιαστικά,noun,,μύωπας,,,no_english
2942,11,Το ανθρώπινο σώμα - Η υγεία,Ουσιαστικά,noun,,μυωπία,myopia,myopia photo,generated
2943,11,Το ανθρώπινο σώμα - Η υγεία,Ουσιαστικά,noun,,νοσοκομείο,hospital,hospital photo,generated
2944,11,Το ανθρώπινο σώμα - Η υγεία,Ουσιαστικά,noun,,νοσοκόμα,nurse,nurse photo,generated
2945,11,Το ανθρώπινο σώμα - Η υγεία,Ουσιαστικά,noun,,νοσοκόμος,male nurse,male nurse photo,generated
2946,11,Το ανθρώπινο σώμα - Η υγεία,Ουσιαστικά,noun,,ορός,definition,definition photo,generated
2947,11,Το ανθρώπινο σώμα - Η υγεία,Ουσιαστικά,noun,,παραμαγούλες,,,no_english
2948,11,Το ανθρώπινο σώμα - Η υγεία,Ουσιαστικά,noun,,παυσίπονο,painkiller,painkiller photo,generated
2949,11,Το ανθρώπινο σώμα - Η υγεία,Ουσιαστικά,noun,,περιστατικό,event,event photo,generated
2950,11,Το ανθρώπινο σώμα - Η υγεία,Ουσιαστικά,noun,,πληγή,,,no_english
2951,11,Το ανθρώπινο σώμα - Η υγεία,Ουσιαστικά,noun,,πλύσηστομάχου,,,no_english
2952,11,Το ανθρώπινο σώμα - Η υγεία,Ουσιαστικά,noun,,πονόδοντος,toothache,toothache photo,generated
2953,11,Το ανθρώπινο σώμα - Η υγεία,Ουσιαστικά,noun,,πονοκέφαλος,headache,headache photo,generated
2954,11,Το ανθρώπινο σώμα - Η υγεία,Ουσιαστικά,noun,,πρεσβυωπία,presbyopia,presbyopia photo,generated
2955,11,Το ανθρώπινο σώμα - Η υγεία,Ουσιαστικά,noun,,πρόληψη,,,no_english
2956,11,Το ανθρώπινο σώμα - Η υγεία,Ουσιαστικά,noun,,πυρετός,fever,fever photo,generated
2957,11,Το ανθρώπινο σώμα - Η υγεία,Ουσιαστικά,noun,,ράμμα,,,no_english
2958,11,Το ανθρώπινο σώμα - Η υγεία,Ουσιαστικά,noun,,ρευματισμοί,,,no_english
2959,11,Το ανθρώπινο σώμα - Η υγεία,Ουσιαστικά,noun,,σημάδι,mark,mark photo,generated
2960,11,Το ανθρώπινο σώμα - Η υγεία,Ουσιαστικά,noun,,σιρόπι,syrup,syrup photo,generated
2961,11,Το ανθρώπινο σώμα - Η υγεία,Ουσιαστικά,noun,,σκωληκοειδίτιδα,appendicitis,appendicitis photo,generated
2962,11,Το ανθρώπινο σώμα - Η υγεία,Ουσιαστικά,noun,,σταγόνα,drop,drop photo,generated
2963,11,Το ανθρώπινο σώμα - Η υγεία,Ουσιαστικά,noun,,στηθοσκόπιο,stethoscope,stethoscope photo,generated
2964,11,Το ανθρώπινο σώμα - Η υγεία,Ουσιαστικά,noun,,στοματίτιδα,,,no_english
2965,11,Το ανθρώπινο σώμα - Η υγεία,Ουσιαστικά,noun,,στομαχόπονος,stomachache,stomachache photo,generated
2966,11,Το ανθρώπινο σώμα - Η υγεία,Ουσιαστικά,noun,,στραμπούληγμα,,,no_english
2967,11,Το ανθρώπινο σώμα - Η υγεία,Ουσιαστικά,noun,,σύμπτωμα,symptom,symptom photo,generated
2968,11,Το ανθρώπινο σώμα - Η υγεία,Ουσιαστικά,noun,,συνταγή,prescription,prescription photo,generated
2969,11,Το ανθρώπινο σώμα - Η υγεία,Ουσιαστικά,noun,,σύριγγα,syringe,syringe photo,generated
2970,11,Το ανθρώπινο σώμα - Η υγεία,Ουσιαστικά,noun,,τραύμα,wound,wound photo,generated
2971,11,Το ανθρώπινο σώμα - Η υγεία,Ουσιαστικά,noun,,τραυματιοφορέας,,,no_english
2972,11,Το ανθρώπινο σώμα - Η υγεία,Ουσιαστικά,noun,,τροφικήδηλητηρίαση,,,no_english
2973,11,Το ανθρώπινο σώμα - Η υγεία,Ουσιαστικά,noun,,υπέρηχος,ultrasound,ultrasound photo,generated
2974,11,Το ανθρώπινο σώμα - Η υγεία,Ουσιαστικά,noun,,υπόθετο,,,no_english
2975,11,Το ανθρώπινο σώμα - Η υγεία,Ουσιαστικά,noun,,φαρμακείο,pharmacy,pharmacy photo,generated
2976,11,Το ανθρώπινο σώμα - Η υγεία,Ουσιαστικά,noun,,φάρμακο,medicine,medicine photo,generated
2977,11,Το ανθρώπινο σώμα - Η υγεία,Ουσιαστικά,noun,,φαρυγγίτιδα,,,no_english
2978,11,Το ανθρώπινο σώμα - Η υγεία,Ουσιαστικά,noun,,φλεγμονή,inflammation,inflammation photo,generated
2979,11,Το ανθρώπινο σώμα - Η υγεία,Ουσιαστικά,noun,,φορείο,stretcher,stretcher photo,generated
2980,11,Το ανθρώπινο σώμα - Η υγεία,Ουσιαστικά,noun,,χάπι,pill,pill photo,generated
2981,11,Το ανθρώπινο σώμα - Η υγεία,Ουσιαστικά,noun,,χειρουργείο,surgery,surgery photo,generated
2982,11,Το ανθρώπινο σώμα - Η υγεία,Ουσιαστικά,noun,,ωτίτιδα,otitis,otitis photo,generated
2983,11,Το ανθρώπινο σώμα - Η υγεία,Ουσιαστικά,noun,,οιπαιδικέςαρρώστιες,,,no_english
2984,11,Το ανθρώπινο σώμα - Η υγεία,Ουσιαστικά,noun,,αμυγδαλές,Nominative,Nominative photo,generated
2985,11,Το ανθρώπινο σώμα - Η υγεία,Ουσιαστικά,noun,,ανεμοβλογιά,chicken pox,chicken pox photo,generated
2986,11,Το ανθρώπινο σώμα - Η υγεία,Ουσιαστικά,noun,,ερυθρά,rubella,rubella photo,generated
2987,11,Το ανθρώπινο σώμα - Η υγεία,Ουσιαστικά,noun,,ιλαρά,measles,measles photo,generated
2988,11,Το ανθρώπινο σώμα - Η υγεία,Ουσιαστικά,noun,,παραμαγούλες,,,no_english
2989,11,Το ανθρώπινο σώμα - Η υγεία,Ουσιαστικά,noun,,Ειδικότητες,,,no_english
2990,11,Το ανθρώπινο σώμα - Η υγεία,Ουσιαστικά,noun,,ακτινιλόγος,,,no_english
2991,11,Το ανθρώπινο σώμα - Η υγεία,Ουσιαστικά,noun,,αθλητίατρος,sports medicine doctor,sports medicine doctor photo,generated
2992,11,Το ανθρώπινο σώμα - Η υγεία,Ουσιαστικά,noun,,αναισθησιολόγος,anaesthetist,anaesthetist photo,generated
2993,11,Το ανθρώπινο σώμα - Η υγεία,Ουσιαστικά,noun,,γιατρός,doctor,doctor photo,generated
2994,11,Το ανθρώπινο σώμα - Η υγεία,Ουσιαστικά,noun,,γυναικολόγος,gynecologist,gynecologist photo,generated
2995,11,Το ανθρώπινο σώμα - Η υγεία,Ουσιαστικά,noun,,δερματολόγος,dermatologist,dermatologist photo,generated
2996,11,Το ανθρώπινο σώμα - Η υγεία,Ουσιαστικά,noun,,"καρδιολόγος,ρ,η",,,no_english
2997,11,Το ανθρώπινο σώμα - Η υγεία,Ουσιαστικά,noun,,λογοθεραπευτής,,,no_english
2998,11,Το ανθρώπινο σώμα - Η υγεία,Ουσιαστικά,noun,,λογοθεραπέύτρια,,,no_english
2999,11,Το ανθρώπινο σώμα - Η υγεία,Ουσιαστικά,noun,,μαία,midwife,midwife photo,generated
3000,11,Το ανθρώπινο σώμα - Η υγεία,Ουσιαστικά,noun,,μαιευτήρας,,,no_english
3001,11,Το ανθρώπινο σώμα - Η υγεία,Ουσιαστικά,noun,,μικροβιολόγος,,,no_english
3002,11,Το ανθρώπινο σώμα - Η υγεία,Ουσιαστικά,noun,,νοσηλευτής,male nurse,male nurse photo,generated
3003,11,Το ανθρώπινο σώμα - Η υγεία,Ουσιαστικά,noun,,νοσηλεύτρια,nurse,nurse photo,generated
3004,11,Το ανθρώπινο σώμα - Η υγεία,Ουσιαστικά,noun,,οδοντίατρος,dentist,dentist photo,generated
3005,11,Το ανθρώπινο σώμα - Η υγεία,Ουσιαστικά,noun,,οδοντογιατρός,dentist,dentist photo,generated
3006,11,Το ανθρώπινο σώμα - Η υγεία,Ουσιαστικά,noun,,ορθοπεδικός,,,no_english
3007,11,Το ανθρώπινο σώμα - Η υγεία,Ουσιαστικά,noun,,οστεοπαθολόγος,,,no_english
3008,11,Το ανθρώπινο σώμα - Η υγεία,Ουσιαστικά,noun,,ουρολόγος,,,no_english
3009,11,Το ανθρώπινο σώμα - Η υγεία,Ουσιαστικά,noun,,οφθαλμίατρος,oculist,oculist photo,generated
3010,11,Το ανθρώπινο σώμα - Η υγεία,Ουσιαστικά,noun,,παθολόγος,,,no_english
3011,11,Το ανθρώπινο σώμα - Η υγεία,Ουσιαστικά,noun,,παιδίατρος,pediatrician,pediatrician photo,generated
3012,11,Το ανθρώπινο σώμα - Η υγεία,Ουσιαστικά,noun,,πλαστικόςχειρούργος,,,no_english
3013,11,Το ανθρώπινο σώμα - Η υγεία,Ουσιαστικά,noun,,ρευματολόγος,,,no_english
3014,11,Το ανθρώπινο σώμα - Η υγεία,Ουσιαστικά,noun,,σχολίατρος,,,no_english
3015,11,Το ανθρώπινο σώμα - Η υγεία,Ουσιαστικά,noun,,φυσικοθεραπευτής,,,no_english
3016,11,Το ανθρώπινο σώμα - Η υγεία,Ουσιαστικά,noun,,φυσικοθεραπεύτρια,,,no_english
3017,11,Το ανθρώπινο σώμα - Η υγεία,Ουσιαστικά,noun,,χειροπράκτης,,,no_english
3018,11,Το ανθρώπινο σώμα - Η υγεία,Ουσιαστικά,noun,,χειρουργός,surgeon,surgeon photo,generated
3019,11,Το ανθρώπινο σώμα - Η υγεία,Ουσιαστικά,noun,,ψυχίατρος,psychiatrist,psychiatrist photo,generated
3020,11,Το ανθρώπινο σώμα - Η υγεία,Ουσιαστικά,noun,,ψυχολόγος,psychologist,psychologist photo,generated
3021,11,Το ανθρώπινο σώμα - Η υγεία,Ουσιαστικά,noun,,ωτορινολαρυγγολόγος,otorhinolaryngologist,otorhinolaryngologist photo,generated
3022,11,Το ανθρώπινο σώμα - Η υγεία,Επίθετα,adjective,,αδιάθετος-η-ο,unwell,unwell example photo,generated
3023,11,Το ανθρώπινο σώμα - Η υγεία,Επίθετα,adjective,,αδύναμος-η-ο,weak,weak example photo,generated
3024,11,Το ανθρώπινο σώμα - Η υγεία,Επίθετα,adjective,,αναλγητικός-ή-ό,analgesic,analgesic example photo,generated
3025,11,Το ανθρώπινο σώμα - Η υγεία,Επίθετα,adjective,,αναρρωτικός-ή-ό,convalescent,convalescent example photo,generated
3026,11,Το ανθρώπινο σώμα - Η υγεία,Επίθετα,adjective,,άσχημος-η-ο,ugly,ugly example photo,generated
3027,11,Το ανθρώπινο σώμα - Η υγεία,Επίθετα,adjective,,γερός-ή-ό,strong,strong example photo,generated
3028,11,Το ανθρώπινο σώμα - Η υγεία,Επίθετα,adjective,,γυμνός-ή-ό,naked,naked example photo,generated
3029,11,Το ανθρώπινο σώμα - Η υγεία,Επίθετα,adjective,,εξωσωματικός-ή-ό,,,no_english
3030,11,Το ανθρώπινο σώμα - Η υγεία,Επίθετα,adjective,,επείγων-ουσα-ον,urgent,urgent example photo,generated
3031,11,Το ανθρώπινο σώμα - Η υγεία,Επίθετα,adjective,,επικίνδυνος-η-ο,dangerous,dangerous example photo,generated
3032,11,Το ανθρώπινο σώμα - Η υγεία,Επίθετα,adjective,,εύσωμος-η-ο,,,no_english
3033,11,Το ανθρώπινο σώμα - Η υγεία,Επίθετα,adjective,,θεραπευτικός-ή-ό,,,no_english
3034,11,Το ανθρώπινο σώμα - Η υγεία,Επίθετα,adjective,,καστανός-ή-ό,brown,brown example photo,generated
3035,11,Το ανθρώπινο σώμα - Η υγεία,Επίθετα,adjective,,κοντός-ή-ό,short,short example photo,generated
3036,11,Το ανθρώπινο σώμα - Η υγεία,Επίθετα,adjective,,λεπτός-ή-ό,thin,thin example photo,generated
3037,11,Το ανθρώπινο σώμα - Η υγεία,Επίθετα,adjective,,μελαχρινός-ή-ό,one who has black hair and/or eyes,one who has black hair and/or eyes example photo,generated
3038,11,Το ανθρώπινο σώμα - Η υγεία,Επίθετα,adjective,,μεταδοτικός-ή-ό,contagious,contagious example photo,generated
3039,11,Το ανθρώπινο σώμα - Η υγεία,Επίθετα,adjective,,μικροκαμωμένος-η-ο,,,no_english
3040,11,Το ανθρώπινο σώμα - Η υγεία,Επίθετα,adjective,,νοσοκομειακός-ή-ό,,,no_english
3041,11,Το ανθρώπινο σώμα - Η υγεία,Επίθετα,adjective,,ξανθός-ή-ό,blonde,blonde example photo,generated
3042,11,Το ανθρώπινο σώμα - Η υγεία,Επίθετα,adjective,,ξυπόλητος-η-ο,,,no_english
3043,11,Το ανθρώπινο σώμα - Η υγεία,Επίθετα,adjective,,όμορφος-η-ο,beautiful,beautiful example photo,generated
3044,11,Το ανθρώπινο σώμα - Η υγεία,Επίθετα,adjective,,προληπτικός-ή-ό,preventing,preventing example photo,generated
3045,11,Το ανθρώπινο σώμα - Η υγεία,Επίθετα,adjective,,σγουρομάλλης-α-ικο,,,no_english
3046,11,Το ανθρώπινο σώμα - Η υγεία,Επίθετα,adjective,,σωματικός-ή-ό,physical,physical example photo,generated
3047,11,Το ανθρώπινο σώμα - Η υγεία,Επίθετα,adjective,,φαλακρός-ή-ό,bald,bald example photo,generated
3048,11,Το ανθρώπινο σώμα - Η υγεία,Επίθετα,adjective,,φιλάσθενος-η-ο,,,no_english
3049,11,Το ανθρώπινο σώμα - Η υγεία,Επίθετα,adjective,,χειρουργικός-ή-ό,surgical,surgical example photo,generated
3050,11,Το ανθρώπινο σώμα - Η υγεία,Επίθετα,adjective,,χλομός-ή-ό,"(of a person): pale, wan, sallow",,needs_review
3051,11,Το ανθρώπινο σώμα - Η υγεία,Επίθετα,adjective,,χοντρός-ή-ό,thick,thick example photo,generated
3052,11,Το ανθρώπινο σώμα - Η υγεία,Επίθετα,adjective,,ψηλός-ή-ό,tall,tall example photo,generated
3053,11,Το ανθρώπινο σώμα - Η υγεία,Ρήματα,verb,,αισθάνομαι,feel,feel action photo,generated
3054,11,Το ανθρώπινο σώμα - Η υγεία,Ρήματα,verb,,αναπνέω,breathe,breathe action photo,generated
3055,11,Το ανθρώπινο σώμα - Η υγεία,Ρήματα,verb,,αναρρώνω,recover,recover action photo,generated
3056,11,Το ανθρώπινο σώμα - Η υγεία,Ρήματα,verb,,ανεβάζωπυρετό,,,no_english
3057,11,Το ανθρώπινο σώμα - Η υγεία,Ρήματα,verb,,αρρωσταίνω,become ill,become ill action photo,generated
3058,11,Το ανθρώπινο σώμα - Η υγεία,Ρήματα,verb,,βάζωένεση,,,no_english
3059,11,Το ανθρώπινο σώμα - Η υγεία,Ρήματα,verb,,βάζωσεγύψο,,,no_english
3060,11,Το ανθρώπινο σώμα - Η υγεία,Ρήματα,verb,,βγάζωδόντια,,,no_english
3061,11,Το ανθρώπινο σώμα - Η υγεία,Ρήματα,verb,,βήχω,cough,cough action photo,generated
3062,11,Το ανθρώπινο σώμα - Η υγεία,Ρήματα,verb,,εμβολιάζομαι,innoculate,innoculate action photo,generated
3063,11,Το ανθρώπινο σώμα - Η υγεία,Ρήματα,verb,,εμβολιάζω,innoculate,innoculate action photo,generated
3064,11,Το ανθρώπινο σώμα - Η υγεία,Ρήματα,verb,,εξετάζομαι,am examined,am examined action photo,generated
3065,11,Το ανθρώπινο σώμα - Η υγεία,Ρήματα,verb,,εξετάζω,examine,examine action photo,generated
3066,11,Το ανθρώπινο σώμα - Η υγεία,Ρήματα,verb,,επιδένω(τραύμα),,,no_english
3067,11,Το ανθρώπινο σώμα - Η υγεία,Ρήματα,verb,,θεραπεύομαι,heal,heal action photo,generated
3068,11,Το ανθρώπινο σώμα - Η υγεία,Ρήματα,verb,,θεραπεύω,heal,heal action photo,generated
3069,11,Το ανθρώπινο σώμα - Η υγεία,Ρήματα,verb,,κάνωένεση,,,no_english
3070,11,Το ανθρώπινο σώμα - Η υγεία,Ρήματα,verb,,καταπίνω,swallow,swallow action photo,generated
3071,11,Το ανθρώπινο σώμα - Η υγεία,Ρήματα,verb,,λαχανιάζω,pant,pant action photo,generated
3072,11,Το ανθρώπινο σώμα - Η υγεία,Ρήματα,verb,,λιποθυμώ,a more formal variant of λιποθυμάω (lipothymáo),,needs_review
3073,11,Το ανθρώπινο σώμα - Η υγεία,Ρήματα,verb,,μασάω,chew,chew action photo,generated
3074,11,Το ανθρώπινο σώμα - Η υγεία,Ρήματα,verb,,νιώθω,feel,feel action photo,generated
3075,11,Το ανθρώπινο σώμα - Η υγεία,Ρήματα,verb,,νοσηλεύομαι,,,no_english
3076,11,Το ανθρώπινο σώμα - Η υγεία,Ρήματα,verb,,νοσηλεύω,,,no_english
3077,11,Το ανθρώπινο σώμα - Η υγεία,Ρήματα,verb,,περιθάλπτω,,,no_english
3078,11,Το ανθρώπινο σώμα - Η υγεία,Ρήματα,verb,,πληγώνομαι,,,no_english
3079,11,Το ανθρώπινο σώμα - Η υγεία,Ρήματα,verb,,πληγώνω,wound,wound action photo,generated
3080,11,Το ανθρώπινο σώμα - Η υγεία,Ρήματα,verb,,πονάω-ώ,ache,ache action photo,generated
3081,11,Το ανθρώπινο σώμα - Η υγεία,Ρήματα,verb,,"σπάνω-σπάω(τοπόδιμου,τοχέριμου)",break,break action photo,generated
3082,11,Το ανθρώπινο σώμα - Η υγεία,Ρήματα,verb,,σφραγίζωδόντι,,,no_english
3083,11,Το ανθρώπινο σώμα - Η υγεία,Ρήματα,verb,,τραυματίζομαι,wound,wound action photo,generated
3084,11,Το ανθρώπινο σώμα - Η υγεία,Ρήματα,verb,,τραυματίζω,wound,wound action photo,generated
3085,11,Το ανθρώπινο σώμα - Η υγεία,Ρήματα,verb,,υποφέρω,suffer,suffer action photo,generated
3086,11,Το ανθρώπινο σώμα - Η υγεία,Ρήματα,verb,,φτερνίζομαι,sneeze,sneeze action photo,generated
3087,11,Το ανθρώπινο σώμα - Η υγεία,Ρήματα,verb,,χάνω(ξαναβρίσκω)τιςαισθήσειςμου,,,no_english
3088,11,Το ανθρώπινο σώμα - Η υγεία,Ρήματα,verb,,χειρουργώ,,,no_english
3089,11,Το ανθρώπινο σώμα - Η υγεία,Ρήματα,verb,,χτυπάω,strike,strike action photo,generated
3090,11,Το ανθρώπινο σώμα - Η υγεία,Ρήματα,verb,,χωνεύω,,,no_english
3091,11,Το ανθρώπινο σώμα - Η υγεία,Εκφράσεις,phrase,,Άντεκαιγρήγοραστοπόδι!,,,no_english
3092,11,Το ανθρώπινο σώμα - Η υγεία,Εκφράσεις,phrase,,Βγάζωγλώσσα,,,no_english
3093,11,Το ανθρώπινο σώμα - Η υγεία,Εκφράσεις,phrase,,Βγάζωδόντια,,,no_english
3094,11,Το ανθρώπινο σώμα - Η υγεία,Εκφράσεις,phrase,,Γελάνεμέχρικαιτααφτιάτου(ταμουστάκιατου)!,,,no_english
3095,11,Το ανθρώπινο σώμα - Η υγεία,Εκφράσεις,phrase,,Γλώσσαφαρμάκι-μ έλι,,,no_english
3096,11,Το ανθρώπινο σώμα - Η υγεία,Εκφράσεις,phrase,,Είμαιόλοςαυτιά.,,,no_english
3097,11,Το ανθρώπινο σώμα - Η υγεία,Εκφράσεις,phrase,,Κάνωταγλυκάμάτια.,,,no_english
3098,11,Το ανθρώπινο σώμα - Η υγεία,Εκφράσεις,phrase,,Κουφάθηκα!,,,no_english
3099,11,Το ανθρώπινο σώμα - Η υγεία,Εκφράσεις,phrase,,Μέσηδαχτυλίδι!,,,no_english
3100,11,Το ανθρώπινο σώμα - Η υγεία,Εκφράσεις,phrase,,Μουανέβηκετοαίμαστοκεφάλι!,,,no_english
3101,11,Το ανθρώπινο σώμα - Η υγεία,Εκφράσεις,phrase,,Μούδιασετοσώματουαπότοφόβο!,,,no_english
3102,11,Το ανθρώπινο σώμα - Η υγεία,Εκφράσεις,phrase,,Μουκόπηκανταήπατα,,,no_english
3103,11,Το ανθρώπινο σώμα - Η υγεία,Εκφράσεις,phrase,,Μαςκούφανεμ’αυτάπουμαςείπε,,,no_english
3104,11,Το ανθρώπινο σώμα - Η υγεία,Εκφράσεις,phrase,,Πονάειτοδοντάκιτου!,,,no_english
3105,11,Το ανθρώπινο σώμα - Η υγεία,Εκφράσεις,phrase,,Ταλέωέξωαπόταδόντια.,,,no_english
3106,11,Το ανθρώπινο σώμα - Η υγεία,Εκφράσεις,phrase,,Ταμάτιασουδεκατέσσερα!,,,no_english
3107,11,Το ανθρώπινο σώμα - Η υγεία,Εκφράσεις,phrase,,Τηνάρπαξα!Είμαι«τουθανατά»!Περαστικά!Σιδερένιος!,,,no_english
3108,11,Το ανθρώπινο σώμα - Η υγεία,Εκφράσεις,phrase,,Τουκόπηκανταγόνατα!,,,no_english
3109,11,Το ανθρώπινο σώμα - Η υγεία,Εκφράσεις,phrase,,Του’πεσανταμαλλιάαπόαυτάπουάκουσε!,,,no_english
3110,12,Πανίδα - Χλωρίδα,Ουσιαστικά,noun,Πανίδα,αγέλη,herd,herd animals,override
3111,12,Πανίδα - Χλωρίδα,Ουσιαστικά,noun,Πανίδα,αμφίβιο,amphibian,amphibian photo,override
3112,12,Πανίδα - Χλωρίδα,Ουσιαστικά,noun,Πανίδα,άνθρωπος,people,people photo,generated
3113,12,Πανίδα - Χλωρίδα,Ουσιαστικά,noun,Πανίδα,βιότοπος,,,no_english
3114,12,Πανίδα - Χλωρίδα,Ουσιαστικά,noun,Πανίδα,βοσκή,natural pasture and grassland,natural pasture and grassland photo,generated
3115,12,Πανίδα - Χλωρίδα,Ουσιαστικά,noun,Πανίδα,βοσκός,shepherd,shepherd with sheep,override
3116,12,Πανίδα - Χλωρίδα,Ουσιαστικά,noun,Πανίδα,βοσκότοπος,pasture,pasture photo,generated
3117,12,Πανίδα - Χλωρίδα,Ουσιαστικά,noun,Πανίδα,έντομο,insect,insect photo,override
3118,12,Πανίδα - Χλωρίδα,Ουσιαστικά,noun,Πανίδα,ερπετό,reptile,reptile photo,override
3119,12,Πανίδα - Χλωρίδα,Ουσιαστικά,noun,Πανίδα,εταιρίαπροστασίαςζώων,,,no_english
3120,12,Πανίδα - Χλωρίδα,Ουσιαστικά,noun,Πανίδα,ζώο,mammal,mammal photo,generated
3121,12,Πανίδα - Χλωρίδα,Ουσιαστικά,noun,Πανίδα,ζωολογικόςκηπος,,,no_english
3122,12,Πανίδα - Χλωρίδα,Ουσιαστικά,noun,Πανίδα,θαλασσινά,seafood,seafood photo,override
3123,12,Πανίδα - Χλωρίδα,Ουσιαστικά,noun,Πανίδα,θηλαστικό,mammal,mammal photo,generated
3124,12,Πανίδα - Χλωρίδα,Ουσιαστικά,noun,Πανίδα,θηρίο,wild animal,wild animal photo,generated
3125,12,Πανίδα - Χλωρίδα,Ουσιαστικά,noun,Πανίδα,κλουβί,cage,cage photo,generated
3126,12,Πανίδα - Χλωρίδα,Ουσιαστικά,noun,Πανίδα,κοπάδι,herd,herd animals,override
3127,12,Πανίδα - Χλωρίδα,Ουσιαστικά,noun,Πανίδα,κοτέτσι,henhouse,henhouse photo,generated
3128,12,Πανίδα - Χλωρίδα,Ουσιαστικά,noun,Πανίδα,κτηνιατρείο,,,no_english
3129,12,Πανίδα - Χλωρίδα,Ουσιαστικά,noun,Πανίδα,κτηνίατρος,"vet, veterinary surgeon",,needs_review
3130,12,Πανίδα - Χλωρίδα,Ουσιαστικά,noun,Πανίδα,μαντρί,"pen, fold, enclosure (for animals)",,needs_review
3131,12,Πανίδα - Χλωρίδα,Ουσιαστικά,noun,Πανίδα,μαστός,breast,breast photo,generated
3132,12,Πανίδα - Χλωρίδα,Ουσιαστικά,noun,Πανίδα,πουλερικό,poultry,poultry photo,generated
3133,12,Πανίδα - Χλωρίδα,Ουσιαστικά,noun,Πανίδα,πουλί,checker,checker photo,generated
3134,12,Πανίδα - Χλωρίδα,Ουσιαστικά,noun,Πανίδα,πτηνό,bird,bird photo,generated
3135,12,Πανίδα - Χλωρίδα,Ουσιαστικά,noun,Πανίδα,σμήνος,bevy,bevy photo,generated
3136,12,Πανίδα - Χλωρίδα,Ουσιαστικά,noun,Πανίδα,στάβλος,,,no_english
3137,12,Πανίδα - Χλωρίδα,Ουσιαστικά,noun,Πανίδα,στάνη,pen (fenced area for animals),,needs_review
3138,12,Πανίδα - Χλωρίδα,Ουσιαστικά,noun,Πανίδα,τσομπάνος,,,no_english
3139,12,Πανίδα - Χλωρίδα,Ουσιαστικά,noun,Πανίδα,υγροβιότοπος,,,no_english
3140,12,Πανίδα - Χλωρίδα,Ουσιαστικά,noun,Πανίδα,φωλιά,animal's home,animal's home photo,generated
3141,12,Πανίδα - Χλωρίδα,Ουσιαστικά,noun,Πανίδα,ψάρι,fish,fish photo,generated
3142,12,Πανίδα - Χλωρίδα,Ουσιαστικά,noun,Πανίδα,τακατοικίδιαζώα,,,no_english
3143,12,Πανίδα - Χλωρίδα,Ουσιαστικά,noun,Πανίδα,αγελάδα,fat woman,fat woman photo,generated
3144,12,Πανίδα - Χλωρίδα,Ουσιαστικά,noun,Πανίδα,άλογο,Nominative,Nominative photo,generated
3145,12,Πανίδα - Χλωρίδα,Ουσιαστικά,noun,Πανίδα,αρνί,lamb,lamb photo,generated
3146,12,Πανίδα - Χλωρίδα,Ουσιαστικά,noun,Πανίδα,βόδι,ox,,needs_review
3147,12,Πανίδα - Χλωρίδα,Ουσιαστικά,noun,Πανίδα,βουβάλι,buffalo,buffalo photo,generated
3148,12,Πανίδα - Χλωρίδα,Ουσιαστικά,noun,Πανίδα,γάϊδαρος,donkey,donkey photo,generated
3149,12,Πανίδα - Χλωρίδα,Ουσιαστικά,noun,Πανίδα,γαϊδούρι,(literally and figuratively) Alternative form of γάιδαρος (gáidaros),,needs_review
3150,12,Πανίδα - Χλωρίδα,Ουσιαστικά,noun,Πανίδα,γαϊδουράκι,,,no_english
3151,12,Πανίδα - Χλωρίδα,Ουσιαστικά,noun,Πανίδα,γαλοπούλα,Nominative,Nominative photo,generated
3152,12,Πανίδα - Χλωρίδα,Ουσιαστικά,noun,Πανίδα,γάτα,crafty person,crafty person photo,generated
3153,12,Πανίδα - Χλωρίδα,Ουσιαστικά,noun,Πανίδα,γουρούνι,"pig, hog, swine (male pig)",,needs_review
3154,12,Πανίδα - Χλωρίδα,Ουσιαστικά,noun,Πανίδα,κατσίκα,nanny goat,nanny goat photo,generated
3155,12,Πανίδα - Χλωρίδα,Ουσιαστικά,noun,Πανίδα,κλώσσα,sitter,sitter photo,generated
3156,12,Πανίδα - Χλωρίδα,Ουσιαστικά,noun,Πανίδα,κόκκορας,,,no_english
3157,12,Πανίδα - Χλωρίδα,Ουσιαστικά,noun,Πανίδα,κότα,chicken,chicken photo,generated
3158,12,Πανίδα - Χλωρίδα,Ουσιαστικά,noun,Πανίδα,κουνέλι,rabbit,rabbit photo,generated
3159,12,Πανίδα - Χλωρίδα,Ουσιαστικά,noun,Πανίδα,κύκνος,swan,swan photo,generated
3160,12,Πανίδα - Χλωρίδα,Ουσιαστικά,noun,Πανίδα,μουλάρι,mule,mule photo,generated
3161,12,Πανίδα - Χλωρίδα,Ουσιαστικά,noun,Πανίδα,παγόνι,peacock,peacock photo,generated
3162,12,Πανίδα - Χλωρίδα,Ουσιαστικά,noun,Πανίδα,πάπια,duck,duck photo,generated
3163,12,Πανίδα - Χλωρίδα,Ουσιαστικά,noun,Πανίδα,πετεινός,cock,cock photo,generated
3164,12,Πανίδα - Χλωρίδα,Ουσιαστικά,noun,Πανίδα,πρόβατο,sheep,sheep photo,generated
3165,12,Πανίδα - Χλωρίδα,Ουσιαστικά,noun,Πανίδα,σκυλί,beast,beast photo,generated
3166,12,Πανίδα - Χλωρίδα,Ουσιαστικά,noun,Πανίδα,σκύλος,beast,beast photo,generated
3167,12,Πανίδα - Χλωρίδα,Ουσιαστικά,noun,Πανίδα,τράγος,billy goat,billy goat photo,generated
3168,12,Πανίδα - Χλωρίδα,Ουσιαστικά,noun,Πανίδα,φραγκόκοτα,guinea fowl,guinea fowl photo,generated
3169,12,Πανίδα - Χλωρίδα,Ουσιαστικά,noun,Πανίδα,ταζώαδάσους,,,no_english
3170,12,Πανίδα - Χλωρίδα,Ουσιαστικά,noun,Πανίδα,αγριογούρουνο,wild boar,wild boar photo,generated
3171,12,Πανίδα - Χλωρίδα,Ουσιαστικά,noun,Πανίδα,αλεπού,cunning or sly person,cunning or sly person photo,generated
3172,12,Πανίδα - Χλωρίδα,Ουσιαστικά,noun,Πανίδα,αρκούδα,bear,bear photo,generated
3173,12,Πανίδα - Χλωρίδα,Ουσιαστικά,noun,Πανίδα,ασβός,badger,badger photo,generated
3174,12,Πανίδα - Χλωρίδα,Ουσιαστικά,noun,Πανίδα,ελάφι,red deer,red deer photo,generated
3175,12,Πανίδα - Χλωρίδα,Ουσιαστικά,noun,Πανίδα,ζαρκάδι,roe deer,roe deer photo,generated
3176,12,Πανίδα - Χλωρίδα,Ουσιαστικά,noun,Πανίδα,λαγός,hare,hare photo,generated
3177,12,Πανίδα - Χλωρίδα,Ουσιαστικά,noun,Πανίδα,λύκος,wolf,wolf photo,generated
3178,12,Πανίδα - Χλωρίδα,Ουσιαστικά,noun,Πανίδα,σκατζόχοιρος,,,no_english
3179,12,Πανίδα - Χλωρίδα,Ουσιαστικά,noun,Πανίδα,σκίουρος,squirrel,squirrel photo,generated
3180,12,Πανίδα - Χλωρίδα,Ουσιαστικά,noun,Πανίδα,τσακάλι,jackal,jackal photo,generated
3181,12,Πανίδα - Χλωρίδα,Ουσιαστικά,noun,Πανίδα,τυφλοπόντικας,mole,mole photo,generated
3182,12,Πανίδα - Χλωρίδα,Ουσιαστικά,noun,Πανίδα,χελώνα,turtle,turtle photo,generated
3183,12,Πανίδα - Χλωρίδα,Ουσιαστικά,noun,Πανίδα,ταπολικάζώα,,,no_english
3184,12,Πανίδα - Χλωρίδα,Ουσιαστικά,noun,Πανίδα,λευκήαρκούδα,,,no_english
3185,12,Πανίδα - Χλωρίδα,Ουσιαστικά,noun,Πανίδα,πιγκουίνος,penguin,penguin photo,generated
3186,12,Πανίδα - Χλωρίδα,Ουσιαστικά,noun,Πανίδα,τάρανδος,reindeer,reindeer photo,generated
3187,12,Πανίδα - Χλωρίδα,Ουσιαστικά,noun,Πανίδα,φώκια,seal,seal photo,generated
3188,12,Πανίδα - Χλωρίδα,Ουσιαστικά,noun,Πανίδα,ταζώατηςσαβάνας,,,no_english
3189,12,Πανίδα - Χλωρίδα,Ουσιαστικά,noun,Πανίδα,αντιλόπη,antelope,antelope photo,generated
3190,12,Πανίδα - Χλωρίδα,Ουσιαστικά,noun,Πανίδα,γορίλας,gorilla,gorilla photo,generated
3191,12,Πανίδα - Χλωρίδα,Ουσιαστικά,noun,Πανίδα,ελέφαντας,elephant,elephant photo,generated
3192,12,Πανίδα - Χλωρίδα,Ουσιαστικά,noun,Πανίδα,ζέβρα,zebra,zebra photo,generated
3193,12,Πανίδα - Χλωρίδα,Ουσιαστικά,noun,Πανίδα,ιπποπόταμος,hippopotamus,hippopotamus photo,generated
3194,12,Πανίδα - Χλωρίδα,Ουσιαστικά,noun,Πανίδα,"καγκουρό,η(το)",,,no_english
3195,12,Πανίδα - Χλωρίδα,Ουσιαστικά,noun,Πανίδα,καμηλοπάρδαλη,giraffe,giraffe photo,generated
3196,12,Πανίδα - Χλωρίδα,Ουσιαστικά,noun,Πανίδα,κροκόδειλος,crocodile,crocodile photo,generated
3197,12,Πανίδα - Χλωρίδα,Ουσιαστικά,noun,Πανίδα,μαϊμού,monkey,monkey photo,generated
3198,12,Πανίδα - Χλωρίδα,Ουσιαστικά,noun,Πανίδα,λεοντάρι,,,no_english
3199,12,Πανίδα - Χλωρίδα,Ουσιαστικά,noun,Πανίδα,λεοπάρδαλη,leopard,leopard photo,generated
3200,12,Πανίδα - Χλωρίδα,Ουσιαστικά,noun,Πανίδα,λιοντάρι,lion,lion photo,generated
3201,12,Πανίδα - Χλωρίδα,Ουσιαστικά,noun,Πανίδα,πάνθηρας,panther,panther photo,generated
3202,12,Πανίδα - Χλωρίδα,Ουσιαστικά,noun,Πανίδα,πίθηκος,uncivilised person,uncivilised person photo,generated
3203,12,Πανίδα - Χλωρίδα,Ουσιαστικά,noun,Πανίδα,ρινόκερος,rhinoceros,rhinoceros photo,generated
3204,12,Πανίδα - Χλωρίδα,Ουσιαστικά,noun,Πανίδα,τίγρη,tiger,tiger photo,generated
3205,12,Πανίδα - Χλωρίδα,Ουσιαστικά,noun,Πανίδα,ύαινα,hyena,hyena photo,generated
3206,12,Πανίδα - Χλωρίδα,Ουσιαστικά,noun,Πανίδα,χιμπατζής,chimpanzee,chimpanzee photo,generated
3207,12,Πανίδα - Χλωρίδα,Ουσιαστικά,noun,Πανίδα,ταερπετά,,,no_english
3208,12,Πανίδα - Χλωρίδα,Ουσιαστικά,noun,Πανίδα,βόας,,,no_english
3209,12,Πανίδα - Χλωρίδα,Ουσιαστικά,noun,Πανίδα,κόμπρα,cobra,cobra photo,generated
3210,12,Πανίδα - Χλωρίδα,Ουσιαστικά,noun,Πανίδα,κροταλίας,rattlesnake,rattlesnake photo,generated
3211,12,Πανίδα - Χλωρίδα,Ουσιαστικά,noun,Πανίδα,οχιά,adder,adder photo,generated
3212,12,Πανίδα - Χλωρίδα,Ουσιαστικά,noun,Πανίδα,σαύρα,lizard,lizard photo,generated
3213,12,Πανίδα - Χλωρίδα,Ουσιαστικά,noun,Πανίδα,φίδι,snake,snake photo,generated
3214,12,Πανίδα - Χλωρίδα,Ουσιαστικά,noun,Πανίδα,χαμαιλέοντας,chameleon,chameleon photo,generated
3215,12,Πανίδα - Χλωρίδα,Ουσιαστικά,noun,Πανίδα,ταπτηνά(πουλιά),,,no_english
3216,12,Πανίδα - Χλωρίδα,Ουσιαστικά,noun,Πανίδα,αετός,eagle,eagle photo,generated
3217,12,Πανίδα - Χλωρίδα,Ουσιαστικά,noun,Πανίδα,αηδόνι,nightingale,nightingale photo,generated
3218,12,Πανίδα - Χλωρίδα,Ουσιαστικά,noun,Πανίδα,γεράκι,bird of prey,bird of prey photo,generated
3219,12,Πανίδα - Χλωρίδα,Ουσιαστικά,noun,Πανίδα,γλάρος,gull,gull photo,generated
3220,12,Πανίδα - Χλωρίδα,Ουσιαστικά,noun,Πανίδα,θαλασσοπούλι,,,no_english
3221,12,Πανίδα - Χλωρίδα,Ουσιαστικά,noun,Πανίδα,καναρίνι,canary,canary photo,generated
3222,12,Πανίδα - Χλωρίδα,Ουσιαστικά,noun,Πανίδα,καρακάξα,,,no_english
3223,12,Πανίδα - Χλωρίδα,Ουσιαστικά,noun,Πανίδα,κόρακας,raven,raven photo,generated
3224,12,Πανίδα - Χλωρίδα,Ουσιαστικά,noun,Πανίδα,κουκουβάγια,owl,,needs_review
3225,12,Πανίδα - Χλωρίδα,Ουσιαστικά,noun,Πανίδα,νυχτερίδα,bat (small flying mammal),,needs_review
3226,12,Πανίδα - Χλωρίδα,Ουσιαστικά,noun,Πανίδα,νυχτοπούλι,,,no_english
3227,12,Πανίδα - Χλωρίδα,Ουσιαστικά,noun,Πανίδα,ορτύκι,quail,quail photo,generated
3228,12,Πανίδα - Χλωρίδα,Ουσιαστικά,noun,Πανίδα,πέρδικα,partridge,partridge photo,generated
3229,12,Πανίδα - Χλωρίδα,Ουσιαστικά,noun,Πανίδα,περιστέρι,rock dove,rock dove photo,generated
3230,12,Πανίδα - Χλωρίδα,Ουσιαστικά,noun,Πανίδα,σπουργίτι,sparrow,sparrow photo,generated
3231,12,Πανίδα - Χλωρίδα,Ουσιαστικά,noun,Πανίδα,στρουθοκάμηλος,ostrich,ostrich photo,generated
3232,12,Πανίδα - Χλωρίδα,Ουσιαστικά,noun,Πανίδα,τσαλαπετεινός,Upupa epops,Upupa epops photo,generated
3233,12,Πανίδα - Χλωρίδα,Ουσιαστικά,noun,Πανίδα,φασιανός,pheasant,pheasant photo,generated
3234,12,Πανίδα - Χλωρίδα,Ουσιαστικά,noun,Πανίδα,χελιδόνι,swallow,swallow photo,generated
3235,12,Πανίδα - Χλωρίδα,Ουσιαστικά,noun,Πανίδα,ταθαλάσσιαείδη,,,no_english
3236,12,Πανίδα - Χλωρίδα,Ουσιαστικά,noun,Πανίδα,αστακός,lobster,lobster photo,generated
3237,12,Πανίδα - Χλωρίδα,Ουσιαστικά,noun,Πανίδα,γαλέος,,,no_english
3238,12,Πανίδα - Χλωρίδα,Ουσιαστικά,noun,Πανίδα,γαρίδα,shrimp,shrimp photo,generated
3239,12,Πανίδα - Χλωρίδα,Ουσιαστικά,noun,Πανίδα,γαύρος,anchovy,anchovy photo,generated
3240,12,Πανίδα - Χλωρίδα,Ουσιαστικά,noun,Πανίδα,γλώσσα,tongue,tongue photo,generated
3241,12,Πανίδα - Χλωρίδα,Ουσιαστικά,noun,Πανίδα,δελφίνι,dolphin,dolphin photo,generated
3242,12,Πανίδα - Χλωρίδα,Ουσιαστικά,noun,Πανίδα,ιππόκαμπος,,,no_english
3243,12,Πανίδα - Χλωρίδα,Ουσιαστικά,noun,Πανίδα,"θαλάσσια,χελώνα(καρέτα-καρέτα),η",,,no_english
3244,12,Πανίδα - Χλωρίδα,Ουσιαστικά,noun,Πανίδα,καλαμάρι,squid,squid photo,generated
3245,12,Πανίδα - Χλωρίδα,Ουσιαστικά,noun,Πανίδα,καραβίδα,,,no_english
3246,12,Πανίδα - Χλωρίδα,Ουσιαστικά,noun,Πανίδα,καρχαρίας,shark,shark photo,generated
3247,12,Πανίδα - Χλωρίδα,Ουσιαστικά,noun,Πανίδα,κολιός,,,no_english
3248,12,Πανίδα - Χλωρίδα,Ουσιαστικά,noun,Πανίδα,λαβράκι,,,no_english
3249,12,Πανίδα - Χλωρίδα,Ουσιαστικά,noun,Πανίδα,λιθρίνι,common pandora,common pandora photo,generated
3250,12,Πανίδα - Χλωρίδα,Ουσιαστικά,noun,Πανίδα,μπακαλιάρος,cod (marine fish of the family Gadidae),,needs_review
3251,12,Πανίδα - Χλωρίδα,Ουσιαστικά,noun,Πανίδα,μύδι,mussel,mussel photo,generated
3252,12,Πανίδα - Χλωρίδα,Ουσιαστικά,noun,Πανίδα,ξιφίας,swordfish,swordfish photo,generated
3253,12,Πανίδα - Χλωρίδα,Ουσιαστικά,noun,Πανίδα,πέστροφα,trout,trout photo,generated
3254,12,Πανίδα - Χλωρίδα,Ουσιαστικά,noun,Πανίδα,σαρδέλα,sardine,sardine photo,generated
3255,12,Πανίδα - Χλωρίδα,Ουσιαστικά,noun,Πανίδα,σολομός,,,no_english
3256,12,Πανίδα - Χλωρίδα,Ουσιαστικά,noun,Πανίδα,σουπιά,cuttlefish,cuttlefish photo,generated
3257,12,Πανίδα - Χλωρίδα,Ουσιαστικά,noun,Πανίδα,στρείδι,,,no_english
3258,12,Πανίδα - Χλωρίδα,Ουσιαστικά,noun,Πανίδα,τόνος,΄ tonos,΄ tonos photo,generated
3259,12,Πανίδα - Χλωρίδα,Ουσιαστικά,noun,Πανίδα,τσιπούρα,tsipouro,tsipouro photo,generated
3260,12,Πανίδα - Χλωρίδα,Ουσιαστικά,noun,Πανίδα,φάλαινα,whale,whale photo,generated
3261,12,Πανίδα - Χλωρίδα,Ουσιαστικά,noun,Πανίδα,φώκια,seal,seal photo,generated
3262,12,Πανίδα - Χλωρίδα,Ουσιαστικά,noun,Πανίδα,χέλι,eel,,needs_review
3263,12,Πανίδα - Χλωρίδα,Ουσιαστικά,noun,Πανίδα,χταπόδι,octopus,octopus photo,generated
3264,12,Πανίδα - Χλωρίδα,Ουσιαστικά,noun,Πανίδα,ψάριατουγλυκούνερού,,,no_english
3265,12,Πανίδα - Χλωρίδα,Ουσιαστικά,noun,Πανίδα,ταέντομα,,,no_english
3266,12,Πανίδα - Χλωρίδα,Ουσιαστικά,noun,Πανίδα,ακρίδα,locust,locust photo,generated
3267,12,Πανίδα - Χλωρίδα,Ουσιαστικά,noun,Πανίδα,αράχνη,spider,spider photo,generated
3268,12,Πανίδα - Χλωρίδα,Ουσιαστικά,noun,Πανίδα,βάτραχος,frog,frog photo,generated
3269,12,Πανίδα - Χλωρίδα,Ουσιαστικά,noun,Πανίδα,κάμπια,caterpillar,caterpillar photo,generated
3270,12,Πανίδα - Χλωρίδα,Ουσιαστικά,noun,Πανίδα,κουνούπι,mosquito,mosquito photo,generated
3271,12,Πανίδα - Χλωρίδα,Ουσιαστικά,noun,Πανίδα,μέλισσα,bee,,needs_review
3272,12,Πανίδα - Χλωρίδα,Ουσιαστικά,noun,Πανίδα,μύγα,"(zoology) fly, housefly (any insect of the order Diptera or Muscidae)",,needs_review
3273,12,Πανίδα - Χλωρίδα,Ουσιαστικά,noun,Πανίδα,μυρμήγκι,insignificant person,insignificant person photo,generated
3274,12,Πανίδα - Χλωρίδα,Ουσιαστικά,noun,Πανίδα,πεταλούδα,butterfly,butterfly photo,generated
3275,12,Πανίδα - Χλωρίδα,Ουσιαστικά,noun,Πανίδα,σκνίπα,,,no_english
3276,12,Πανίδα - Χλωρίδα,Ουσιαστικά,noun,Πανίδα,σφήκα,wasp,wasp photo,generated
3277,12,Πανίδα - Χλωρίδα,Ουσιαστικά,noun,Πανίδα,τζίτζικας,cicada,cicada photo,generated
3278,12,Πανίδα - Χλωρίδα,Ουσιαστικά,noun,Πανίδα,τρωκτικά,Rodentia,Rodentia photo,generated
3279,12,Πανίδα - Χλωρίδα,Ουσιαστικά,noun,Πανίδα,αρουραίος,devious and evil person,devious and evil person photo,generated
3280,12,Πανίδα - Χλωρίδα,Ουσιαστικά,noun,Πανίδα,ποντίκι,mouse,mouse photo,generated
3281,12,Πανίδα - Χλωρίδα,Ουσιαστικά,noun,Πανίδα,ποντικός,mouse,mouse photo,generated
3282,12,Πανίδα - Χλωρίδα,Ουσιαστικά,noun,Πανίδα,μαλάκια,masturbation,masturbation photo,generated
3283,12,Πανίδα - Χλωρίδα,Ουσιαστικά,noun,Πανίδα,κοχλίας,screw,screw photo,generated
3284,12,Πανίδα - Χλωρίδα,Ουσιαστικά,noun,Πανίδα,σάλιαγκος,,,no_english
3285,12,Πανίδα - Χλωρίδα,Ουσιαστικά,noun,Πανίδα,σαλιγκάρι,snail,snail photo,generated
3286,12,Πανίδα - Χλωρίδα,Ουσιαστικά,noun,Πανίδα,άλλεςλέξεις,,,no_english
3287,12,Πανίδα - Χλωρίδα,Ουσιαστικά,noun,Πανίδα,αλιεία,fishing,fishing photo,generated
3288,12,Πανίδα - Χλωρίδα,Ουσιαστικά,noun,Πανίδα,αποδημητικόπουλί,,,no_english
3289,12,Πανίδα - Χλωρίδα,Ουσιαστικά,noun,Πανίδα,αρπακτικόπουλί,,,no_english
3290,12,Πανίδα - Χλωρίδα,Ουσιαστικά,noun,Πανίδα,αυγό,(literary) Alternative form of αβγό (avgó),,needs_review
3291,12,Πανίδα - Χλωρίδα,Ουσιαστικά,noun,Πανίδα,γάβγισμα,,,no_english
3292,12,Πανίδα - Χλωρίδα,Ουσιαστικά,noun,Πανίδα,γούνα,,,no_english
3293,12,Πανίδα - Χλωρίδα,Ουσιαστικά,noun,Πανίδα,δάγκωμα,,,no_english
3294,12,Πανίδα - Χλωρίδα,Ουσιαστικά,noun,Πανίδα,εκτροφείο,,,no_english
3295,12,Πανίδα - Χλωρίδα,Ουσιαστικά,noun,Πανίδα,θηλαστικό,mammal,mammal photo,generated
3296,12,Πανίδα - Χλωρίδα,Ουσιαστικά,noun,Πανίδα,κακάρισμα,,,no_english
3297,12,Πανίδα - Χλωρίδα,Ουσιαστικά,noun,Πανίδα,κελάηδημα,,,no_english
3298,12,Πανίδα - Χλωρίδα,Ουσιαστικά,noun,Πανίδα,κερασφόροζώο,,,no_english
3299,12,Πανίδα - Χλωρίδα,Ουσιαστικά,noun,Πανίδα,κέρατο,horn,horn photo,generated
3300,12,Πανίδα - Χλωρίδα,Ουσιαστικά,noun,Πανίδα,κονικλοτροφείο,rabbit farm,rabbit farm photo,generated
3301,12,Πανίδα - Χλωρίδα,Ουσιαστικά,noun,Πανίδα,κράξιμο,,,no_english
3302,12,Πανίδα - Χλωρίδα,Ουσιαστικά,noun,Πανίδα,κτηνοτροφία,husbandry,husbandry photo,generated
3303,12,Πανίδα - Χλωρίδα,Ουσιαστικά,noun,Πανίδα,κτηνοτρόφος,stock farmer,stock farmer photo,generated
3304,12,Πανίδα - Χλωρίδα,Ουσιαστικά,noun,Πανίδα,λέπι,scale,scale photo,generated
3305,12,Πανίδα - Χλωρίδα,Ουσιαστικά,noun,Πανίδα,μαργαριτάρι,pearl,pearl photo,generated
3306,12,Πανίδα - Χλωρίδα,Ουσιαστικά,noun,Πανίδα,μούγκρισμα,,,no_english
3307,12,Πανίδα - Χλωρίδα,Ουσιαστικά,noun,Πανίδα,μουσούδι,snout of animal,snout of animal photo,generated
3308,12,Πανίδα - Χλωρίδα,Ουσιαστικά,noun,Πανίδα,μυρηκαστικόζώο,,,no_english
3309,12,Πανίδα - Χλωρίδα,Ουσιαστικά,noun,Πανίδα,νιαούρισμα,,,no_english
3310,12,Πανίδα - Χλωρίδα,Ουσιαστικά,noun,Πανίδα,ορνιθοτροφείο,,,no_english
3311,12,Πανίδα - Χλωρίδα,Ουσιαστικά,noun,Πανίδα,όστρακο,seashell,seashell photo,generated
3312,12,Πανίδα - Χλωρίδα,Ουσιαστικά,noun,Πανίδα,οστρακοκαλλιέργεια,,,no_english
3313,12,Πανίδα - Χλωρίδα,Ουσιαστικά,noun,Πανίδα,ουρά,Nominative,Nominative photo,generated
3314,12,Πανίδα - Χλωρίδα,Ουσιαστικά,noun,Πανίδα,ουρλιαχτό,howl,howl photo,generated
3315,12,Πανίδα - Χλωρίδα,Ουσιαστικά,noun,Πανίδα,πατημασιά,,,no_english
3316,12,Πανίδα - Χλωρίδα,Ουσιαστικά,noun,Πανίδα,πέταλο,horseshoe,horseshoe photo,generated
3317,12,Πανίδα - Χλωρίδα,Ουσιαστικά,noun,Πανίδα,πτερύγιο,mechanical part resembling fin,mechanical part resembling fin photo,generated
3318,12,Πανίδα - Χλωρίδα,Ουσιαστικά,noun,Πανίδα,πτηνοτροφείο,,,no_english
3319,12,Πανίδα - Χλωρίδα,Ουσιαστικά,noun,Πανίδα,πτηνοτρόφος,,,no_english
3320,12,Πανίδα - Χλωρίδα,Ουσιαστικά,noun,Πανίδα,πούπουλο,soft feather,soft feather photo,generated
3321,12,Πανίδα - Χλωρίδα,Ουσιαστικά,noun,Πανίδα,ράμφος,beak,beak photo,generated
3322,12,Πανίδα - Χλωρίδα,Ουσιαστικά,noun,Πανίδα,σαμάρι,packsaddle,packsaddle photo,generated
3323,12,Πανίδα - Χλωρίδα,Ουσιαστικά,noun,Πανίδα,σέλα,,,no_english
3324,12,Πανίδα - Χλωρίδα,Ουσιαστικά,noun,Πανίδα,σφουγγαράς,,,no_english
3325,12,Πανίδα - Χλωρίδα,Ουσιαστικά,noun,Πανίδα,σφουγγάρι,sponge,sponge photo,generated
3326,12,Πανίδα - Χλωρίδα,Ουσιαστικά,noun,Πανίδα,τρίχωμα,,,no_english
3327,12,Πανίδα - Χλωρίδα,Ουσιαστικά,noun,Πανίδα,τσίμπημα,bite,animal biting,override
3328,12,Πανίδα - Χλωρίδα,Ουσιαστικά,noun,Πανίδα,φτερό,wing,wing photo,generated
3329,12,Πανίδα - Χλωρίδα,Ουσιαστικά,noun,Πανίδα,χειμερίανάρκη,,,no_english
3330,12,Πανίδα - Χλωρίδα,Ουσιαστικά,noun,Πανίδα,χλιμίντρισμα,,,no_english
3331,12,Πανίδα - Χλωρίδα,Επίθετα,adjective,Πανίδα,άγριος-α-ο,undomesticated,undomesticated example photo,generated
3332,12,Πανίδα - Χλωρίδα,Επίθετα,adjective,Πανίδα,δηλητηριώδης-ης-ες,poisonous,poisonous example photo,generated
3333,12,Πανίδα - Χλωρίδα,Επίθετα,adjective,Πανίδα,εκπαιδευμένος-η-ο,educate,educate example photo,generated
3334,12,Πανίδα - Χλωρίδα,Επίθετα,adjective,Πανίδα,εξωτικός-ή-ό,exotic,exotic example photo,generated
3335,12,Πανίδα - Χλωρίδα,Επίθετα,adjective,Πανίδα,ζωολογικός-ή-ό,zoological,zoological example photo,generated
3336,12,Πανίδα - Χλωρίδα,Επίθετα,adjective,Πανίδα,ήμερος-η-ο,domesticated,domesticated example photo,generated
3337,12,Πανίδα - Χλωρίδα,Επίθετα,adjective,Πανίδα,κατοικίδιος-α-ο,,,no_english
3338,12,Πανίδα - Χλωρίδα,Επίθετα,adjective,Πανίδα,λυσσασμένος-η-ο,who has rabies,who has rabies example photo,generated
3339,12,Πανίδα - Χλωρίδα,Επίθετα,adjective,Πανίδα,ορνιθολογικός-ή-ό,,,no_english
3340,12,Πανίδα - Χλωρίδα,Επίθετα,adjective,Πανίδα,προστατευόμενος-η-ο,protégé,protégé example photo,generated
3341,12,Πανίδα - Χλωρίδα,Ρήματα,verb,Πανίδα,αρμέγω,milk,cow milking,override
3342,12,Πανίδα - Χλωρίδα,Ρήματα,verb,Πανίδα,βελάζω,,,no_english
3343,12,Πανίδα - Χλωρίδα,Ρήματα,verb,Πανίδα,γαβγίζω,bark,barking dog,override
3344,12,Πανίδα - Χλωρίδα,Ρήματα,verb,Πανίδα,γεννώ,"variant of γεννάω (gennáo): give birth, beget",,needs_review
3345,12,Πανίδα - Χλωρίδα,Ρήματα,verb,Πανίδα,γκαρίζω,bray,braying donkey,override
3346,12,Πανίδα - Χλωρίδα,Ρήματα,verb,Πανίδα,γρυλίζω,,,no_english
3347,12,Πανίδα - Χλωρίδα,Ρήματα,verb,Πανίδα,δαγκώνω,I bite,I bite action photo,generated
3348,12,Πανίδα - Χλωρίδα,Ρήματα,verb,Πανίδα,δαμάζω,tame,tame action photo,generated
3349,12,Πανίδα - Χλωρίδα,Ρήματα,verb,Πανίδα,εκπαιδεύω,educate,educate action photo,generated
3350,12,Πανίδα - Χλωρίδα,Ρήματα,verb,Πανίδα,εκτρέφω,,,no_english
3351,12,Πανίδα - Χλωρίδα,Ρήματα,verb,Πανίδα,ζέβω,,,no_english
3352,12,Πανίδα - Χλωρίδα,Ρήματα,verb,Πανίδα,ιππεύω,,,no_english
3353,12,Πανίδα - Χλωρίδα,Ρήματα,verb,Πανίδα,κακαρίζω,,,no_english
3354,12,Πανίδα - Χλωρίδα,Ρήματα,verb,Πανίδα,κελαηδώ,less frequent variant of κελαηδάω (kelaïdáo),,needs_review
3355,12,Πανίδα - Χλωρίδα,Ρήματα,verb,Πανίδα,κλωσσώ,,,no_english
3356,12,Πανίδα - Χλωρίδα,Ρήματα,verb,Πανίδα,κοάζω,,,no_english
3357,12,Πανίδα - Χλωρίδα,Ρήματα,verb,Πανίδα,κολυμπώ,a more formal variant of κολυμπάω (kolympáo) swim,,needs_review
3358,12,Πανίδα - Χλωρίδα,Ρήματα,verb,Πανίδα,κυνηγώ,a more formal variant of κυνηγάω (kynigáo),,needs_review
3359,12,Πανίδα - Χλωρίδα,Ρήματα,verb,Πανίδα,μηρυκάζω,ruminate,ruminate action photo,generated
3360,12,Πανίδα - Χλωρίδα,Ρήματα,verb,Πανίδα,νιαουρίζω,meow,meowing cat,override
3361,12,Πανίδα - Χλωρίδα,Ρήματα,verb,Πανίδα,ορμώ,,,no_english
3362,12,Πανίδα - Χλωρίδα,Ρήματα,verb,Πανίδα,πηδώ,less frequent variant of πηδάω (pidáo),,needs_review
3363,12,Πανίδα - Χλωρίδα,Ρήματα,verb,Πανίδα,προστατεύω-ομαι,protect,protect action photo,generated
3364,12,Πανίδα - Χλωρίδα,Ρήματα,verb,Πανίδα,σέρνομαι,drag oneself,drag oneself action photo,generated
3365,12,Πανίδα - Χλωρίδα,Ρήματα,verb,Πανίδα,σκαρφαλώνω,climb,climbing animal,override
3366,12,Πανίδα - Χλωρίδα,Ρήματα,verb,Πανίδα,σκοτώνω-ομαι,kill,kill action photo,generated
3367,12,Πανίδα - Χλωρίδα,Ρήματα,verb,Πανίδα,ταΐζω,feed,feeding animals,override
3368,12,Πανίδα - Χλωρίδα,Ρήματα,verb,Πανίδα,τρέχω,flee,flee action photo,generated
3369,12,Πανίδα - Χλωρίδα,Ρήματα,verb,Πανίδα,"τσιμπώ(τοκουνούπιτσιμπάει,τοψάριτσιμπάει",,,no_english
3370,12,Πανίδα - Χλωρίδα,Ρήματα,verb,Πανίδα,στοαγκίστρι),,,no_english
3371,12,Πανίδα - Χλωρίδα,Ρήματα,verb,Πανίδα,χλιμιντρίζω,neigh,neighing horse,override
3372,12,Πανίδα - Χλωρίδα,Ρήματα,verb,Πανίδα,ψαρεύω,fish,fish action photo,generated
3373,12,Πανίδα - Χλωρίδα,Ουσιαστικά,noun,Χλωρίδα,αγκάθι,thorn,thorn photo,generated
3374,12,Πανίδα - Χλωρίδα,Ουσιαστικά,noun,Χλωρίδα,αγριολούλουδο,wild flower,wild flower photo,generated
3375,12,Πανίδα - Χλωρίδα,Ουσιαστικά,noun,Χλωρίδα,αγριόχορτο,weed,weed photo,generated
3376,12,Πανίδα - Χλωρίδα,Ουσιαστικά,noun,Χλωρίδα,αμπέλι,vine,vine photo,generated
3377,12,Πανίδα - Χλωρίδα,Ουσιαστικά,noun,Χλωρίδα,αμπελώνας,vineyard,vineyard photo,generated
3378,12,Πανίδα - Χλωρίδα,Ουσιαστικά,noun,Χλωρίδα,ανθοέκθεση,,,no_english
3379,12,Πανίδα - Χλωρίδα,Ουσιαστικά,noun,Χλωρίδα,άνθος,blossom,blossom photo,generated
3380,12,Πανίδα - Χλωρίδα,Ουσιαστικά,noun,Χλωρίδα,βλαστός,shoot,shoot photo,generated
3381,12,Πανίδα - Χλωρίδα,Ουσιαστικά,noun,Χλωρίδα,βοτανικόςκήπος,,,no_english
3382,12,Πανίδα - Χλωρίδα,Ουσιαστικά,noun,Χλωρίδα,βότανο,herb,herb photo,generated
3383,12,Πανίδα - Χλωρίδα,Ουσιαστικά,noun,Χλωρίδα,γκαζόν,lawn,lawn photo,generated
3384,12,Πανίδα - Χλωρίδα,Ουσιαστικά,noun,Χλωρίδα,γλάστρα,decorative showgirl,decorative showgirl photo,generated
3385,12,Πανίδα - Χλωρίδα,Ουσιαστικά,noun,Χλωρίδα,γρασίδι,grass,grass photo,generated
3386,12,Πανίδα - Χλωρίδα,Ουσιαστικά,noun,Χλωρίδα,δάσος,wood,wood photo,generated
3387,12,Πανίδα - Χλωρίδα,Ουσιαστικά,noun,Χλωρίδα,δέντρο,tree,tree photo,generated
3388,12,Πανίδα - Χλωρίδα,Ουσιαστικά,noun,Χλωρίδα,εθνικόςδρυμός,,,no_english
3389,12,Πανίδα - Χλωρίδα,Ουσιαστικά,noun,Χλωρίδα,ελαιώνας,,,no_english
3390,12,Πανίδα - Χλωρίδα,Ουσιαστικά,noun,Χλωρίδα,ευωδιά,fragrance,fragrance photo,generated
3391,12,Πανίδα - Χλωρίδα,Ουσιαστικά,noun,Χλωρίδα,θάμνος,bush,bush photo,generated
3392,12,Πανίδα - Χλωρίδα,Ουσιαστικά,noun,Χλωρίδα,καρπός,fruit,fruit photo,generated
3393,12,Πανίδα - Χλωρίδα,Ουσιαστικά,noun,Χλωρίδα,κήπος,garden,garden photo,generated
3394,12,Πανίδα - Χλωρίδα,Ουσιαστικά,noun,Χλωρίδα,κηπουρός,gardener,gardener photo,generated
3395,12,Πανίδα - Χλωρίδα,Ουσιαστικά,noun,Χλωρίδα,κλαδί,branch,branch photo,generated
3396,12,Πανίδα - Χλωρίδα,Ουσιαστικά,noun,Χλωρίδα,κορμός,trunk of tree,trunk of tree photo,generated
3397,12,Πανίδα - Χλωρίδα,Ουσιαστικά,noun,Χλωρίδα,κουκουνάρι,,,no_english
3398,12,Πανίδα - Χλωρίδα,Ουσιαστικά,noun,Χλωρίδα,λιβάδι,meadow,meadow photo,generated
3399,12,Πανίδα - Χλωρίδα,Ουσιαστικά,noun,Χλωρίδα,λίπασμα,fertilizer,fertilizer photo,generated
3400,12,Πανίδα - Χλωρίδα,Ουσιαστικά,noun,Χλωρίδα,λουλούδι,flower,flower photo,generated
3401,12,Πανίδα - Χλωρίδα,Ουσιαστικά,noun,Χλωρίδα,μανιτάρι,mushroom,mushroom photo,generated
3402,12,Πανίδα - Χλωρίδα,Ουσιαστικά,noun,Χλωρίδα,μποστάνι,,,no_english
3403,12,Πανίδα - Χλωρίδα,Ουσιαστικά,noun,Χλωρίδα,μπουμπούκι,bud (of a plant's shoot or flower),,needs_review
3404,12,Πανίδα - Χλωρίδα,Ουσιαστικά,noun,Χλωρίδα,περιβόλι,vegetable garden,vegetable garden photo,generated
3405,12,Πανίδα - Χλωρίδα,Ουσιαστικά,noun,Χλωρίδα,πέταλο,horseshoe,horseshoe photo,generated
3406,12,Πανίδα - Χλωρίδα,Ουσιαστικά,noun,Χλωρίδα,ρίζα,foot,foot photo,generated
3407,12,Πανίδα - Χλωρίδα,Ουσιαστικά,noun,Χλωρίδα,σοδειά,harvest,harvest photo,generated
3408,12,Πανίδα - Χλωρίδα,Ουσιαστικά,noun,Χλωρίδα,τσαμπί,bunch,bunch photo,generated
3409,12,Πανίδα - Χλωρίδα,Ουσιαστικά,noun,Χλωρίδα,φύλλο,leaf,leaf photo,generated
3410,12,Πανίδα - Χλωρίδα,Ουσιαστικά,noun,Χλωρίδα,φυλλόχωμα,,,no_english
3411,12,Πανίδα - Χλωρίδα,Ουσιαστικά,noun,Χλωρίδα,φυλλωσιά,,,no_english
3412,12,Πανίδα - Χλωρίδα,Ουσιαστικά,noun,Χλωρίδα,φυτόεσωτερικούχώρου,,,no_english
3413,12,Πανίδα - Χλωρίδα,Ουσιαστικά,noun,Χλωρίδα,φυτό,plant,plant photo,generated
3414,12,Πανίδα - Χλωρίδα,Ουσιαστικά,noun,Χλωρίδα,φυτοφάρμακο,,,no_english
3415,12,Πανίδα - Χλωρίδα,Ουσιαστικά,noun,Χλωρίδα,φωτοσύνθεση,photosynthesis,photosynthesis photo,generated
3416,12,Πανίδα - Χλωρίδα,Ουσιαστικά,noun,Χλωρίδα,χωράφι,field,field photo,generated
3417,12,Πανίδα - Χλωρίδα,Ουσιαστικά,noun,Χλωρίδα,"ονομασίεςδέντρων,θάμνων,φυτών",,,no_english
3418,12,Πανίδα - Χλωρίδα,Ουσιαστικά,noun,Χλωρίδα,α)αρωματικάφυτά,,,no_english
3419,12,Πανίδα - Χλωρίδα,Ουσιαστικά,noun,Χλωρίδα,άνηθος,dill,dill photo,generated
3420,12,Πανίδα - Χλωρίδα,Ουσιαστικά,noun,Χλωρίδα,βασίλικός,basil,basil photo,generated
3421,12,Πανίδα - Χλωρίδα,Ουσιαστικά,noun,Χλωρίδα,δάφνη,laurel,laurel photo,generated
3422,12,Πανίδα - Χλωρίδα,Ουσιαστικά,noun,Χλωρίδα,δεντρολίβανο,rosemary,rosemary photo,generated
3423,12,Πανίδα - Χλωρίδα,Ουσιαστικά,noun,Χλωρίδα,δυόσμος,mint,mint photo,generated
3424,12,Πανίδα - Χλωρίδα,Ουσιαστικά,noun,Χλωρίδα,θυμάρι,thyme,thyme photo,generated
3425,12,Πανίδα - Χλωρίδα,Ουσιαστικά,noun,Χλωρίδα,κανέλλα,,,no_english
3426,12,Πανίδα - Χλωρίδα,Ουσιαστικά,noun,Χλωρίδα,λεβάντα,lavender,lavender photo,generated
3427,12,Πανίδα - Χλωρίδα,Ουσιαστικά,noun,Χλωρίδα,μαϊντανός,parsley,parsley photo,generated
3428,12,Πανίδα - Χλωρίδα,Ουσιαστικά,noun,Χλωρίδα,μαντζουράνα,marjoram,marjoram photo,generated
3429,12,Πανίδα - Χλωρίδα,Ουσιαστικά,noun,Χλωρίδα,μέντα,mint,mint photo,generated
3430,12,Πανίδα - Χλωρίδα,Ουσιαστικά,noun,Χλωρίδα,μυρτιά,common myrtle,common myrtle photo,generated
3431,12,Πανίδα - Χλωρίδα,Ουσιαστικά,noun,Χλωρίδα,ρίγανη,oregano,oregano photo,generated
3432,12,Πανίδα - Χλωρίδα,Ουσιαστικά,noun,Χλωρίδα,τίλιο,,,no_english
3433,12,Πανίδα - Χλωρίδα,Ουσιαστικά,noun,Χλωρίδα,τσουκνίδα,,,no_english
3434,12,Πανίδα - Χλωρίδα,Ουσιαστικά,noun,Χλωρίδα,χαμομήλι,camomile,camomile photo,generated
3435,12,Πανίδα - Χλωρίδα,Ουσιαστικά,noun,Χλωρίδα,β)δημητριακά,,,no_english
3436,12,Πανίδα - Χλωρίδα,Ουσιαστικά,noun,Χλωρίδα,βρόμη,"oat, oats (widely cultivated cereal grass, typically Avena sativa)",,needs_review
3437,12,Πανίδα - Χλωρίδα,Ουσιαστικά,noun,Χλωρίδα,καλαμπόκι,corn,corn photo,generated
3438,12,Πανίδα - Χλωρίδα,Ουσιαστικά,noun,Χλωρίδα,κριθάρι,barley,barley photo,generated
3439,12,Πανίδα - Χλωρίδα,Ουσιαστικά,noun,Χλωρίδα,ρύζι,rice,rice photo,generated
3440,12,Πανίδα - Χλωρίδα,Ουσιαστικά,noun,Χλωρίδα,σίκαλη,rye,,needs_review
3441,12,Πανίδα - Χλωρίδα,Ουσιαστικά,noun,Χλωρίδα,σιτάρι,wheat,wheat photo,generated
3442,12,Πανίδα - Χλωρίδα,Ουσιαστικά,noun,Χλωρίδα,στάχυ,,,no_english
3443,12,Πανίδα - Χλωρίδα,Ουσιαστικά,noun,Χλωρίδα,γ)δέντρα-καρποί,,,no_english
3444,12,Πανίδα - Χλωρίδα,Ουσιαστικά,noun,Χλωρίδα,ακακία,acacia,acacia photo,generated
3445,12,Πανίδα - Χλωρίδα,Ουσιαστικά,noun,Χλωρίδα,αμπέλι,vine,vine photo,generated
3446,12,Πανίδα - Χλωρίδα,Ουσιαστικά,noun,Χλωρίδα,αμυγδαλιά,almond tree,almond tree photo,generated
3447,12,Πανίδα - Χλωρίδα,Ουσιαστικά,noun,Χλωρίδα,αμύγδαλο,almond,almond photo,generated
3448,12,Πανίδα - Χλωρίδα,Ουσιαστικά,noun,Χλωρίδα,αχλάδι,pear,pear photo,generated
3449,12,Πανίδα - Χλωρίδα,Ουσιαστικά,noun,Χλωρίδα,αχλαδιά,pear tree,pear tree photo,generated
3450,12,Πανίδα - Χλωρίδα,Ουσιαστικά,noun,Χλωρίδα,βελανιδιά,oak tree,oak tree photo,generated
3451,12,Πανίδα - Χλωρίδα,Ουσιαστικά,noun,Χλωρίδα,βελανίδι,acorn,acorn photo,generated
3452,12,Πανίδα - Χλωρίδα,Ουσιαστικά,noun,Χλωρίδα,βερικοκιά,apricot tree,apricot tree photo,generated
3453,12,Πανίδα - Χλωρίδα,Ουσιαστικά,noun,Χλωρίδα,βερίκοκο,apricot,apricot photo,generated
3454,12,Πανίδα - Χλωρίδα,Ουσιαστικά,noun,Χλωρίδα,δαμασκηνιά,plum tree,plum tree photo,generated
3455,12,Πανίδα - Χλωρίδα,Ουσιαστικά,noun,Χλωρίδα,δαμάσκηνο,plum,plum photo,generated
3456,12,Πανίδα - Χλωρίδα,Ουσιαστικά,noun,Χλωρίδα,έλατο,fir tree,fir tree photo,generated
3457,12,Πανίδα - Χλωρίδα,Ουσιαστικά,noun,Χλωρίδα,ελιά,olive,olive photo,generated
3458,12,Πανίδα - Χλωρίδα,Ουσιαστικά,noun,Χλωρίδα,ιτιά,,,no_english
3459,12,Πανίδα - Χλωρίδα,Ουσιαστικά,noun,Χλωρίδα,καρύδι,walnut,walnut photo,generated
3460,12,Πανίδα - Χλωρίδα,Ουσιαστικά,noun,Χλωρίδα,καρυδιά,walnut tree,walnut tree photo,generated
3461,12,Πανίδα - Χλωρίδα,Ουσιαστικά,noun,Χλωρίδα,καστανιά,chestnut tree,chestnut tree photo,generated
3462,12,Πανίδα - Χλωρίδα,Ουσιαστικά,noun,Χλωρίδα,κάστανο,brown,brown photo,generated
3463,12,Πανίδα - Χλωρίδα,Ουσιαστικά,noun,Χλωρίδα,κέδρος,,,no_english
3464,12,Πανίδα - Χλωρίδα,Ουσιαστικά,noun,Χλωρίδα,κλήμα,vine,vine photo,generated
3465,12,Πανίδα - Χλωρίδα,Ουσιαστικά,noun,Χλωρίδα,κυπαρίσσι,cypress tree,cypress tree photo,generated
3466,12,Πανίδα - Χλωρίδα,Ουσιαστικά,noun,Χλωρίδα,κυπαρισσόμηλο,cypress cone,cypress cone photo,generated
3467,12,Πανίδα - Χλωρίδα,Ουσιαστικά,noun,Χλωρίδα,λεμόνι,lemon,lemon photo,generated
3468,12,Πανίδα - Χλωρίδα,Ουσιαστικά,noun,Χλωρίδα,λεμονιά,lemon tree,lemon tree photo,generated
3469,12,Πανίδα - Χλωρίδα,Ουσιαστικά,noun,Χλωρίδα,μηλιά,apple tree,apple tree photo,generated
3470,12,Πανίδα - Χλωρίδα,Ουσιαστικά,noun,Χλωρίδα,μήλο,apple,apple photo,generated
3471,12,Πανίδα - Χλωρίδα,Ουσιαστικά,noun,Χλωρίδα,οξιά,beech,beech photo,generated
3472,12,Πανίδα - Χλωρίδα,Ουσιαστικά,noun,Χλωρίδα,πεύκο,pine tree,pine tree photo,generated
3473,12,Πανίδα - Χλωρίδα,Ουσιαστικά,noun,Χλωρίδα,πλατάνι,plane tree,plane tree photo,generated
3474,12,Πανίδα - Χλωρίδα,Ουσιαστικά,noun,Χλωρίδα,πορτοκαλιά,orange tree,orange tree photo,generated
3475,12,Πανίδα - Χλωρίδα,Ουσιαστικά,noun,Χλωρίδα,πορτοκάλι,orange,orange photo,generated
3476,12,Πανίδα - Χλωρίδα,Ουσιαστικά,noun,Χλωρίδα,μανταρινιά,mandarin orange tree,mandarin orange tree photo,generated
3477,12,Πανίδα - Χλωρίδα,Ουσιαστικά,noun,Χλωρίδα,μανταρίνι,tangerine,tangerine photo,generated
3478,12,Πανίδα - Χλωρίδα,Ουσιαστικά,noun,Χλωρίδα,μαστιχιά,mastic tree,mastic tree photo,generated
3479,12,Πανίδα - Χλωρίδα,Ουσιαστικά,noun,Χλωρίδα,ρόδι,pomegranate,pomegranate photo,generated
3480,12,Πανίδα - Χλωρίδα,Ουσιαστικά,noun,Χλωρίδα,ροδιά,Nominative,Nominative photo,generated
3481,12,Πανίδα - Χλωρίδα,Ουσιαστικά,noun,Χλωρίδα,σταφύλι,grape,grape photo,generated
3482,12,Πανίδα - Χλωρίδα,Ουσιαστικά,noun,Χλωρίδα,συκιά,fig tree,fig tree photo,generated
3483,12,Πανίδα - Χλωρίδα,Ουσιαστικά,noun,Χλωρίδα,σύκο,fig (fruit),,needs_review
3484,12,Πανίδα - Χλωρίδα,Ουσιαστικά,noun,Χλωρίδα,φοίνικας,palm tree,palm tree photo,generated
3485,12,Πανίδα - Χλωρίδα,Ουσιαστικά,noun,Χλωρίδα,φουντούκι,hazelnut,hazelnut photo,generated
3486,12,Πανίδα - Χλωρίδα,Ουσιαστικά,noun,Χλωρίδα,φουντουκιά,Hazel bush or tree,Hazel bush or tree photo,generated
3487,12,Πανίδα - Χλωρίδα,Ουσιαστικά,noun,Χλωρίδα,χουρμαδιά,date palm tree,date palm tree photo,generated
3488,12,Πανίδα - Χλωρίδα,Ουσιαστικά,noun,Χλωρίδα,χουρμάς,date,date photo,generated
3489,12,Πανίδα - Χλωρίδα,Ουσιαστικά,noun,Χλωρίδα,"δ)λουλούδια-φυτά,άνθη",,,no_english
3490,12,Πανίδα - Χλωρίδα,Ουσιαστικά,noun,Χλωρίδα,αγιόκλημα,honeysuckle,honeysuckle photo,generated
3491,12,Πανίδα - Χλωρίδα,Ουσιαστικά,noun,Χλωρίδα,ανεμώνη,anemone,anemone photo,generated
3492,12,Πανίδα - Χλωρίδα,Ουσιαστικά,noun,Χλωρίδα,βιολέτα,violet,violet photo,generated
3493,12,Πανίδα - Χλωρίδα,Ουσιαστικά,noun,Χλωρίδα,γαϊδουράγκαθο,cotton thistle,cotton thistle photo,generated
3494,12,Πανίδα - Χλωρίδα,Ουσιαστικά,noun,Χλωρίδα,γαριφαλιά,,,no_english
3495,12,Πανίδα - Χλωρίδα,Ουσιαστικά,noun,Χλωρίδα,γαρίφαλο,,,no_english
3496,12,Πανίδα - Χλωρίδα,Ουσιαστικά,noun,Χλωρίδα,γεράνι,,,no_english
3497,12,Πανίδα - Χλωρίδα,Ουσιαστικά,noun,Χλωρίδα,γιασεμί,jasmine,jasmine photo,generated
3498,12,Πανίδα - Χλωρίδα,Ουσιαστικά,noun,Χλωρίδα,γλαδιόλα,,,no_english
3499,12,Πανίδα - Χλωρίδα,Ουσιαστικά,noun,Χλωρίδα,γλαδίολος,,,no_english
3500,12,Πανίδα - Χλωρίδα,Ουσιαστικά,noun,Χλωρίδα,ζουμπούλι,hyacinth,hyacinth photo,generated
3501,12,Πανίδα - Χλωρίδα,Ουσιαστικά,noun,Χλωρίδα,ιβίσκος,hibiscus,hibiscus photo,generated
3502,12,Πανίδα - Χλωρίδα,Ουσιαστικά,noun,Χλωρίδα,κάκτος,cactus,cactus photo,generated
3503,12,Πανίδα - Χλωρίδα,Ουσιαστικά,noun,Χλωρίδα,καμέλια,,,no_english
3504,12,Πανίδα - Χλωρίδα,Ουσιαστικά,noun,Χλωρίδα,κισσός,,,no_english
3505,12,Πανίδα - Χλωρίδα,Ουσιαστικά,noun,Χλωρίδα,κρίνος,,,no_english
3506,12,Πανίδα - Χλωρίδα,Ουσιαστικά,noun,Χλωρίδα,κυκλάμινο,,,no_english
3507,12,Πανίδα - Χλωρίδα,Ουσιαστικά,noun,Χλωρίδα,μαργαρίτα,daisy,daisy photo,generated
3508,12,Πανίδα - Χλωρίδα,Ουσιαστικά,noun,Χλωρίδα,μενεξές,violet,violet photo,generated
3509,12,Πανίδα - Χλωρίδα,Ουσιαστικά,noun,Χλωρίδα,μπουκαμβίλια,bougainvillea,bougainvillea photo,generated
3510,12,Πανίδα - Χλωρίδα,Ουσιαστικά,noun,Χλωρίδα,νάρκισσος,narcissus,narcissus photo,generated
3511,12,Πανίδα - Χλωρίδα,Ουσιαστικά,noun,Χλωρίδα,νούφαρο,lotus,lotus photo,generated
3512,12,Πανίδα - Χλωρίδα,Ουσιαστικά,noun,Χλωρίδα,ντάλια,dahlia,dahlia photo,generated
3513,12,Πανίδα - Χλωρίδα,Ουσιαστικά,noun,Χλωρίδα,πανσές,pansy,pansy photo,generated
3514,12,Πανίδα - Χλωρίδα,Ουσιαστικά,noun,Χλωρίδα,παπαρούνα,poppy,poppy photo,generated
3515,12,Πανίδα - Χλωρίδα,Ουσιαστικά,noun,Χλωρίδα,πασχαλιά,lilac,lilac photo,generated
3516,12,Πανίδα - Χλωρίδα,Ουσιαστικά,noun,Χλωρίδα,πετούνια,,,no_english
3517,12,Πανίδα - Χλωρίδα,Ουσιαστικά,noun,Χλωρίδα,πουρνάρι,kermes oak,kermes oak photo,generated
3518,12,Πανίδα - Χλωρίδα,Ουσιαστικά,noun,Χλωρίδα,τουλίπα,,,no_english
3519,12,Πανίδα - Χλωρίδα,Ουσιαστικά,noun,Χλωρίδα,τριανταφυλλιά,rosebush,rosebush photo,generated
3520,12,Πανίδα - Χλωρίδα,Ουσιαστικά,noun,Χλωρίδα,τριαντάφυλλο,rose,rose photo,generated
3521,12,Πανίδα - Χλωρίδα,Ουσιαστικά,noun,Χλωρίδα,υάκινθος,hyacinth,hyacinth photo,generated
3522,12,Πανίδα - Χλωρίδα,Ουσιαστικά,noun,Χλωρίδα,φίκος,,,no_english
3523,12,Πανίδα - Χλωρίδα,Ουσιαστικά,noun,Χλωρίδα,χρυσάνθεμο,chrysanthemum,chrysanthemum photo,generated
3524,12,Πανίδα - Χλωρίδα,Επίθετα,adjective,Χλωρίδα,αγκαθωτός-ή-ό,prickly,prickly example photo,generated
3525,12,Πανίδα - Χλωρίδα,Επίθετα,adjective,Χλωρίδα,αναρριχώμενος-η-ο,,,no_english
3526,12,Πανίδα - Χλωρίδα,Επίθετα,adjective,Χλωρίδα,ανθισμένος-η-ο,flowering,flowering example photo,generated
3527,12,Πανίδα - Χλωρίδα,Επίθετα,adjective,Χλωρίδα,αποξηραμένος-η-ο,dried,dried example photo,generated
3528,12,Πανίδα - Χλωρίδα,Επίθετα,adjective,Χλωρίδα,αρωματικός-ή-ό,,,no_english
3529,12,Πανίδα - Χλωρίδα,Επίθετα,adjective,Χλωρίδα,βιολογικός-ή-ό,biological,biological example photo,generated
3530,12,Πανίδα - Χλωρίδα,Επίθετα,adjective,Χλωρίδα,ευωδιαστός-ή-ό,fragrant,fragrant example photo,generated
3531,12,Πανίδα - Χλωρίδα,Επίθετα,adjective,Χλωρίδα,καλλωπιστικός-ή-ό,,,no_english
3532,12,Πανίδα - Χλωρίδα,Επίθετα,adjective,Χλωρίδα,καρποφόρος-α-ο,,,no_english
3533,12,Πανίδα - Χλωρίδα,Επίθετα,adjective,Χλωρίδα,μενεξεδένιος-α-ο,,,no_english
3534,12,Πανίδα - Χλωρίδα,Επίθετα,adjective,Χλωρίδα,μεταλλαγμένος-η-ο,,,no_english
3535,12,Πανίδα - Χλωρίδα,Επίθετα,adjective,Χλωρίδα,μυρωδάτος-η-ο,,,no_english
3536,12,Πανίδα - Χλωρίδα,Επίθετα,adjective,Χλωρίδα,μυρωδικός-ή-ό,,,no_english
3537,12,Πανίδα - Χλωρίδα,Επίθετα,adjective,Χλωρίδα,οπωροφόρος-α-ο,,,no_english
3538,12,Πανίδα - Χλωρίδα,Επίθετα,adjective,Χλωρίδα,πράσινος-η-ο,green,green example photo,generated
3539,12,Πανίδα - Χλωρίδα,Επίθετα,adjective,Χλωρίδα,σάπιος-α-ο,rotten,rotten example photo,generated
3540,12,Πανίδα - Χλωρίδα,Επίθετα,adjective,Χλωρίδα,τριανταφυλλής-ιά-ί,rose,rose example photo,generated
3541,12,Πανίδα - Χλωρίδα,Επίθετα,adjective,Χλωρίδα,φυλλοβόλος-α-ο,deciduous,deciduous example photo,generated
3542,12,Πανίδα - Χλωρίδα,Επίθετα,adjective,Χλωρίδα,ώριμος-η-ο,ripe,ripe example photo,generated
3543,12,Πανίδα - Χλωρίδα,Ρήματα,verb,Χλωρίδα,ανθίζω,flower,flower action photo,generated
3544,12,Πανίδα - Χλωρίδα,Ρήματα,verb,Χλωρίδα,ευωδιάζω,produce pleasant smell,produce pleasant smell action photo,generated
3545,12,Πανίδα - Χλωρίδα,Ρήματα,verb,Χλωρίδα,θερίζω,reap,reap action photo,generated
3546,12,Πανίδα - Χλωρίδα,Ρήματα,verb,Χλωρίδα,θροΐζω,,,no_english
3547,12,Πανίδα - Χλωρίδα,Ρήματα,verb,Χλωρίδα,κιτρινίζω,,,no_english
3548,12,Πανίδα - Χλωρίδα,Ρήματα,verb,Χλωρίδα,κλαδεύω,prune,prune action photo,generated
3549,12,Πανίδα - Χλωρίδα,Ρήματα,verb,Χλωρίδα,κόβω,take shortcut,take shortcut action photo,generated
3550,12,Πανίδα - Χλωρίδα,Ρήματα,verb,Χλωρίδα,κοκκινίζω,blush,blush action photo,generated
3551,12,Πανίδα - Χλωρίδα,Ρήματα,verb,Χλωρίδα,μαζεύω,collect,collect action photo,generated
3552,12,Πανίδα - Χλωρίδα,Ρήματα,verb,Χλωρίδα,μπουμπουκιάζω,,,no_english
3553,12,Πανίδα - Χλωρίδα,Ρήματα,verb,Χλωρίδα,ποτίζω,give drink to,give drink to action photo,generated
3554,12,Πανίδα - Χλωρίδα,Ρήματα,verb,Χλωρίδα,πρασινίζω,,,no_english
3555,12,Πανίδα - Χλωρίδα,Ρήματα,verb,Χλωρίδα,ριζώνω,,,no_english
3556,12,Πανίδα - Χλωρίδα,Ρήματα,verb,Χλωρίδα,σαπίζω,(intransitive) rot,,needs_review
3557,12,Πανίδα - Χλωρίδα,Ρήματα,verb,Χλωρίδα,σκαλίζω,"hoe, cultivate, dig around",,needs_review
3558,12,Πανίδα - Χλωρίδα,Ρήματα,verb,Χλωρίδα,σπέρνω,disperse seeds,disperse seeds action photo,generated
3559,12,Πανίδα - Χλωρίδα,Ρήματα,verb,Χλωρίδα,φυτεύω,plant,plant action photo,generated
3560,12,Πανίδα - Χλωρίδα,Ρήματα,verb,Χλωρίδα,φυτρώνω,grow roots,grow roots action photo,generated
3561,12,Πανίδα - Χλωρίδα,Ρήματα,verb,Χλωρίδα,ωριμάζω,mature,mature action photo,generated
3562,12,Πανίδα - Χλωρίδα,Εκφράσεις,phrase,,Αετίσιομάτι,,,no_english
3563,12,Πανίδα - Χλωρίδα,Εκφράσεις,phrase,,Γαϊδάρουαυτιά...,,,no_english
3564,12,Πανίδα - Χλωρίδα,Εκφράσεις,phrase,,Είναισαντημύγαμεςτογάλα,,,no_english
3565,12,Πανίδα - Χλωρίδα,Εκφράσεις,phrase,,Έκανεφτερά...,,,no_english
3566,12,Πανίδα - Χλωρίδα,Εκφράσεις,phrase,,«ΚάθεπράγμαστονκαιρότουκιοκολιόςτονΑύγουστο»,,,no_english
3567,12,Πανίδα - Χλωρίδα,Εκφράσεις,phrase,,Κατάφωνήκαιογάιδαρος.,,,no_english
3568,12,Πανίδα - Χλωρίδα,Εκφράσεις,phrase,,Κολοκύθιαμετηρίγανη!,,,no_english
3569,12,Πανίδα - Χλωρίδα,Εκφράσεις,phrase,,Ότανλείπειηγάταχορεύουνταποντίκια.,,,no_english
3570,12,Πανίδα - Χλωρίδα,Εκφράσεις,phrase,,Πάεισανχελώνα,,,no_english
3571,12,Πανίδα - Χλωρίδα,Εκφράσεις,phrase,,Πεινώσανλύκος.,,,no_english
3572,12,Πανίδα - Χλωρίδα,Εκφράσεις,phrase,,Πονηρόςσαναλεπού,,,no_english
3573,12,Πανίδα - Χλωρίδα,Εκφράσεις,phrase,,...σαντοσκύλομετηγάτα,,,no_english
3574,12,Πανίδα - Χλωρίδα,Εκφράσεις,phrase,,Σέρνεταισαντοφίδι,,,no_english
3575,12,Πανίδα - Χλωρίδα,Εκφράσεις,phrase,,Τομήλοκάτωαπ’τημηλιάθαπέσει.,,,no_english
3576,12,Πανίδα - Χλωρίδα,Εκφράσεις,phrase,,Τουπουλιούτογάλα!,,,no_english
3577,12,Πανίδα - Χλωρίδα,Εκφράσεις,phrase,,Τρέχεισανλαγός,,,no_english
3578,12,Πανίδα - Χλωρίδα,Εκφράσεις,phrase,,Φυτρώνειεκείπουδεντονσπέρνουν.,,,no_english
3579,12,Πανίδα - Χλωρίδα,Εκφράσεις,phrase,,Χτυπιέταισανχταπόδι,,,no_english
3580,13,Top 5000,Top 5000,top5000,art.,ο,(definite) the,,needs_review
3581,13,Top 5000,Top 5000,top5000,part.,να,added before dependent or present verb forms to form different subjunctive moods,added before dependent or present verb forms to form different subjunctive moods photo,generated
3582,13,Top 5000,Top 5000,top5000,v.,είμαι,there is,there is photo,generated
3583,13,Top 5000,Top 5000,top5000,part.,δεν,not,,needs_review
3584,13,Top 5000,Top 5000,top5000,part.,θα,added before present verb forms to form continuous or imperfective future tense,added before present verb forms to form continuous or imperfective future tense photo,generated
3585,13,Top 5000,Top 5000,top5000,conj.,και,also,also photo,generated
3586,13,Top 5000,Top 5000,top5000,pron.,μου,"(personal, indirect object) me",,needs_review
3587,13,Top 5000,Top 5000,top5000,prep./pron.,με,with,with photo,generated
3588,13,Top 5000,Top 5000,top5000,prep.,για,"(time, duration, takes accusative): for",,needs_review
3589,13,Top 5000,Top 5000,top5000,pron.,σου,your,your photo,generated
3590,13,Top 5000,Top 5000,top5000,pron.,που,where,where photo,generated
3591,13,Top 5000,Top 5000,top5000,prep./pron.,σε,"you (2nd person singular, accusative)",,needs_review
3592,13,Top 5000,Top 5000,top5000,det./pron.,αυτός,this,this photo,generated
3593,13,Top 5000,Top 5000,top5000,pron.,τι,what?,what? photo,generated
3594,13,Top 5000,Top 5000,top5000,pron.,του,"(personal, indirect object, masculine and neuter) him, it",,needs_review
3595,13,Top 5000,Top 5000,top5000,conj.,ότι,that,that photo,generated
3596,13,Top 5000,Top 5000,top5000,prep.,από,(position): from,,needs_review
3597,13,Top 5000,Top 5000,top5000,pron.,της,"(personal, indirect object, feminine) her",,needs_review
3598,13,Top 5000,Top 5000,top5000,adv.,όχι,no (negative reply),,needs_review
3599,13,Top 5000,Top 5000,top5000,adv.,ναι,yes,,needs_review
3600,13,Top 5000,Top 5000,top5000,art./num.,ένας,"(indefinite) a, an",,needs_review
3601,13,Top 5000,Top 5000,top5000,conj.,αν,whether,whether photo,generated
3602,13,Top 5000,Top 5000,top5000,conj.,αλλά,but,,needs_review
3603,13,Top 5000,Top 5000,top5000,adv.,εδώ,here,here photo,generated
3604,13,Top 5000,Top 5000,top5000,pron.,τους,"(personal): their (3rd person masculine plural, genitive)",,needs_review
3605,13,Top 5000,Top 5000,top5000,pron.,σας,"(personal): your (2nd person plural, genitive)",,needs_review
3606,13,Top 5000,Top 5000,top5000,pron.,μας,"(personal): our (1st person plural, genitive)",,needs_review
3607,13,Top 5000,Top 5000,top5000,v.,πρέπει,must,must photo,generated
3608,13,Top 5000,Top 5000,top5000,adv.,πολύ,very,very photo,generated
3609,13,Top 5000,Top 5000,top5000,inter./conj.,γιατί,because,because photo,generated
3610,13,Top 5000,Top 5000,top5000,conj.,πως,(interrogative) how (in what way or manner; in what state; to what extent),,needs_review
3611,13,Top 5000,Top 5000,top5000,adv.,τώρα,now,,needs_review
3612,13,Top 5000,Top 5000,top5000,pron.,εγώ,selfishness,selfishness photo,generated
3613,13,Top 5000,Top 5000,top5000,interj.,εντάξει,all right,all right photo,generated
3614,13,Top 5000,Top 5000,top5000,pron.,κάτι,something,something photo,generated
3615,13,Top 5000,Top 5000,top5000,v.,ξέρω,know of,know of photo,generated
3616,13,Top 5000,Top 5000,top5000,v.,έχω,have,have photo,generated
3617,13,Top 5000,Top 5000,top5000,part.,μην,not,,needs_review
3618,13,Top 5000,Top 5000,top5000,adv.,έτσι,thus,thus photo,generated
3619,13,Top 5000,Top 5000,top5000,pron.,εσύ,you,,needs_review
3620,13,Top 5000,Top 5000,top5000,adv.,καλά,Nominative,Nominative photo,generated
3621,13,Top 5000,Top 5000,top5000,v.,θέλω,want,want photo,generated
3622,13,Top 5000,Top 5000,top5000,conj.,όταν,when,when photo,generated
3623,13,Top 5000,Top 5000,top5000,v.,μπορώ,) it is possible,) it is possible photo,generated
3624,13,Top 5000,Top 5000,top5000,v.,κάνω,make,make photo,generated
3625,13,Top 5000,Top 5000,top5000,adv.,μόνο,only,only photo,generated
3626,13,Top 5000,Top 5000,top5000,adv.,μαζί,together,together photo,generated
3627,13,Top 5000,Top 5000,top5000,adv.,εκεί,there,there photo,generated
3628,13,Top 5000,Top 5000,top5000,prep.,σαν,like,like photo,generated
3629,13,Top 5000,Top 5000,top5000,n.,όλα,everything,everything photo,generated
3630,13,Top 5000,Top 5000,top5000,pron.,τίποτα,nothing,nothing photo,generated
3631,13,Top 5000,Top 5000,top5000,interj.,ευχαριστώ,thank you!,thank you! photo,generated
3632,13,Top 5000,Top 5000,top5000,inter.,πώς,(interrogative) how (in what way or manner; in what state; to what extent),,needs_review
3633,13,Top 5000,Top 5000,top5000,conj.,ή,Lower-case eta,Lower-case eta photo,generated
3634,13,Top 5000,Top 5000,top5000,adv.,τόσο,Nominative and accusative singular neuter,Nominative and accusative singular neuter photo,generated
3635,13,Top 5000,Top 5000,top5000,adv.,ποτέ,when,when photo,generated
3636,13,Top 5000,Top 5000,top5000,det./pron.,αυτοί,this,this photo,generated
3637,13,Top 5000,Top 5000,top5000,adv.,απλά,simply,simply photo,generated
3638,13,Top 5000,Top 5000,top5000,interj.,έλα,you don't say,you don't say photo,generated
3639,13,Top 5000,Top 5000,top5000,conj./interj.,λοιπόν,"so, therefore, right, well, then (introduces a logical conclusion)",,needs_review
3640,13,Top 5000,Top 5000,top5000,v.,υπάρχω,exist,exist photo,generated
3641,13,Top 5000,Top 5000,top5000,adv.,ακόμα,more,more photo,generated
3642,13,Top 5000,Top 5000,top5000,adv.,μέσα,as affirmative response,as affirmative response photo,generated
3643,13,Top 5000,Top 5000,top5000,n.,το σπίτι,house,house photo,generated
3644,13,Top 5000,Top 5000,top5000,adv.,τότε,then,then photo,generated
3645,13,Top 5000,Top 5000,top5000,adv.,πιο,more,more photo,generated
3646,13,Top 5000,Top 5000,top5000,adv.,ίσως,might,might photo,generated
3647,13,Top 5000,Top 5000,top5000,adv.,πού,where,where photo,generated
3648,13,Top 5000,Top 5000,top5000,interj.,παρακαλώ,please,please photo,generated
3649,13,Top 5000,Top 5000,top5000,n.,ο κύριος,gentleman,gentleman photo,generated
3650,13,Top 5000,Top 5000,top5000,v.,νομίζω,think,think photo,generated
3651,13,Top 5000,Top 5000,top5000,prep./adv./conj.,μετά,afterwards,afterwards photo,generated
3652,13,Top 5000,Top 5000,top5000,adv.,πριν,before,before photo,generated
3653,13,Top 5000,Top 5000,top5000,interj.,γεια,cheers,cheers photo,generated
3654,13,Top 5000,Top 5000,top5000,adv.,πάντα,always,always photo,generated
3655,13,Top 5000,Top 5000,top5000,adv.,λίγο,Nominative,Nominative photo,generated
3656,13,Top 5000,Top 5000,top5000,adv.,πίσω,behind,behind photo,generated
3657,13,Top 5000,Top 5000,top5000,adv./conj.,όπως,"as, like",,needs_review
3658,13,Top 5000,Top 5000,top5000,n.,η δουλειά,work,work photo,generated
3659,13,Top 5000,Top 5000,top5000,n./adv.,η αλήθεια,truth,truth photo,generated
3660,13,Top 5000,Top 5000,top5000,pron.,ποιος,which,which photo,generated
3661,13,Top 5000,Top 5000,top5000,v.,λέω,discuss,discuss photo,generated
3662,13,Top 5000,Top 5000,top5000,num.,δύο,two,,needs_review
3663,13,Top 5000,Top 5000,top5000,pron.,όλοι,Nominative and vocative plural masculine,Nominative and vocative plural masculine photo,generated
3664,13,Top 5000,Top 5000,top5000,n.,το παιδί,child,child photo,generated
3665,13,Top 5000,Top 5000,top5000,part.,ας,added before dependent or present verb forms to form hortative and jussive moods,added before dependent or present verb forms to form hortative and jussive moods photo,generated
3666,13,Top 5000,Top 5000,top5000,pron.,άλλος,other,other photo,generated
3667,13,Top 5000,Top 5000,top5000,n.,η ζωή,life,life photo,generated
3668,13,Top 5000,Top 5000,top5000,v.,βλέπω,consider,consider photo,generated
3669,13,Top 5000,Top 5000,top5000,v.,πάω,go with,go with photo,generated
3670,13,Top 5000,Top 5000,top5000,adv.,έξω,"out, outside",,needs_review
3671,13,Top 5000,Top 5000,top5000,adj.,καλός,good,good photo,generated
3672,13,Top 5000,Top 5000,top5000,conj.,επειδή,"for, because",,needs_review
3673,13,Top 5000,Top 5000,top5000,v.,κοιτάζω,look at,look at photo,generated
3674,13,Top 5000,Top 5000,top5000,prep.,μέχρι,until,until photo,generated
3675,13,Top 5000,Top 5000,top5000,adv.,πάνω,above,above photo,generated
3676,13,Top 5000,Top 5000,top5000,n.,η ώρα,hour,hour photo,generated
3677,13,Top 5000,Top 5000,top5000,n.,η χρονιά,year,year photo,generated
3678,13,Top 5000,Top 5000,top5000,n.,η φορά,the time (instance),,needs_review
3679,13,Top 5000,Top 5000,top5000,adv./adj.,ωραία,Nominative,Nominative photo,generated
3680,13,Top 5000,Top 5000,top5000,conj.,ούτε,neither,neither photo,generated
3681,13,Top 5000,Top 5000,top5000,pron./det.,κάποιος,someone,someone photo,generated
3682,13,Top 5000,Top 5000,top5000,adv./interj.,σωστά,correct,correct photo,generated
3683,13,Top 5000,Top 5000,top5000,n.,το πράγμα,thing,thing photo,generated
3684,13,Top 5000,Top 5000,top5000,det.,κάθε,"(individual): every, each",,needs_review
3685,13,Top 5000,Top 5000,top5000,conj.,όμως,however,however photo,generated
3686,13,Top 5000,Top 5000,top5000,conj.,μα,but,,needs_review
3687,13,Top 5000,Top 5000,top5000,adv.,κάτω,down,down photo,generated
3688,13,Top 5000,Top 5000,top5000,n.,η μέρα,the day,,needs_review
3689,13,Top 5000,Top 5000,top5000,n.,η γυναίκα,woman,woman photo,generated
3690,13,Top 5000,Top 5000,top5000,prep.,χωρίς,without,without photo,generated
3691,13,Top 5000,Top 5000,top5000,adv./conj.,μόλις,barely,barely photo,generated
3692,13,Top 5000,Top 5000,top5000,n.,η μαμά,the mum,,needs_review
3693,13,Top 5000,Top 5000,top5000,adv.,ακριβώς,exactly,exactly photo,generated
3694,13,Top 5000,Top 5000,top5000,v.,αρέσω,be liked by somebody,be liked by somebody photo,generated
3695,13,Top 5000,Top 5000,top5000,adv.,σήμερα,today,today photo,generated
3696,13,Top 5000,Top 5000,top5000,adv.,πόσο,how much,how much photo,generated
3697,13,Top 5000,Top 5000,top5000,interj.,συγγνώμη,sorry,sorry photo,generated
3698,13,Top 5000,Top 5000,top5000,n.,ο θεός,the god,,needs_review
3699,13,Top 5000,Top 5000,top5000,v.,φαίνομαι,seem,seem photo,generated
3700,13,Top 5000,Top 5000,top5000,v.,λυπάμαι,to be sorry,to be sorry photo,generated
3701,13,Top 5000,Top 5000,top5000,v.,γίνομαι,become,become photo,generated
3702,13,Top 5000,Top 5000,top5000,v.,συμβαίνω,happen,happen photo,generated
3703,13,Top 5000,Top 5000,top5000,n.,το μέρος,place,place photo,generated
3704,13,Top 5000,Top 5000,top5000,adv.,φυσικά,naturally,naturally photo,generated
3705,13,Top 5000,Top 5000,top5000,adj.,πολύς,much,much photo,generated
3706,13,Top 5000,Top 5000,top5000,conj.,όσο,Nominative and accusative singular neuter,Nominative and accusative singular neuter photo,generated
3707,13,Top 5000,Top 5000,top5000,n.,η στιγμή,moment,moment photo,generated
3708,13,Top 5000,Top 5000,top5000,n.,το λάθος,mistake,mistake photo,generated
3709,13,Top 5000,Top 5000,top5000,n.,ο χρόνος,year,year photo,generated
3710,13,Top 5000,Top 5000,top5000,conj.,οπότε,whenever,whenever photo,generated
3711,13,Top 5000,Top 5000,top5000,v.,περιμένω,wait,wait photo,generated
3712,13,Top 5000,Top 5000,top5000,n.,το πρόβλημα,problem,problem photo,generated
3713,13,Top 5000,Top 5000,top5000,prep./adv.,ως,as,,needs_review
3714,13,Top 5000,Top 5000,top5000,adv.,πάλι,again,again photo,generated
3715,13,Top 5000,Top 5000,top5000,adv.,πραγματικά,really,really photo,generated
3716,13,Top 5000,Top 5000,top5000,adj.,όλος,whole,whole photo,generated
3717,13,Top 5000,Top 5000,top5000,v.,χρειάζομαι,need,need photo,generated
3718,13,Top 5000,Top 5000,top5000,n.,ο φίλος,friend,friend photo,generated
3719,13,Top 5000,Top 5000,top5000,v.,πιστεύω,believe,believe photo,generated
3720,13,Top 5000,Top 5000,top5000,adj.,δικός,mine,mine photo,generated
3721,13,Top 5000,Top 5000,top5000,n.,η μητέρα,mother,mother photo,generated
3722,13,Top 5000,Top 5000,top5000,adj.,ίδιος,(for emphasis): own,,needs_review
3723,13,Top 5000,Top 5000,top5000,v.,παίρνω,take,take photo,generated
3724,13,Top 5000,Top 5000,top5000,adv.,γρήγορα,quickly,quickly photo,generated
3725,13,Top 5000,Top 5000,top5000,n.,η ιδέα,the idea,,needs_review
3726,13,Top 5000,Top 5000,top5000,n.,ο μπαμπάς,the dad,,needs_review
3727,13,Top 5000,Top 5000,top5000,adv.,αρκετά,enough,enough photo,generated
3728,13,Top 5000,Top 5000,top5000,n.,η κυρία,lady,lady photo,generated
3729,13,Top 5000,Top 5000,top5000,adv./interj.,σίγουρα,certainly,certainly photo,generated
3730,13,Top 5000,Top 5000,top5000,n. pl.,τα λεφτά,money,money photo,generated
3731,13,Top 5000,Top 5000,top5000,n.,η Ελλάδα,Greece,Greece photo,generated
3732,13,Top 5000,Top 5000,top5000,adj.,νέος,young,young photo,generated
3733,13,Top 5000,Top 5000,top5000,pron.,εσείς,"you (2nd person plural, nominative)",,needs_review
3734,13,Top 5000,Top 5000,top5000,adv.,μάλλον,rather,rather photo,generated
3735,13,Top 5000,Top 5000,top5000,v.,σημαίνω,mean,mean photo,generated
3736,13,Top 5000,Top 5000,top5000,adv.,ήδη,already,already photo,generated
3737,13,Top 5000,Top 5000,top5000,pron.,εμείς,"we (1st person plural, nominative)",,needs_review
3738,13,Top 5000,Top 5000,top5000,n.,ο πατέρας,father,father photo,generated
3739,13,Top 5000,Top 5000,top5000,n.,ο καιρός,weather,weather photo,generated
3740,13,Top 5000,Top 5000,top5000,prep.,προς,towards,towards photo,generated
3741,13,Top 5000,Top 5000,top5000,adv.,εκτός,except,except photo,generated
3742,13,Top 5000,Top 5000,top5000,n.,το μωρό,baby,baby photo,generated
3743,13,Top 5000,Top 5000,top5000,n.,ο κόσμος,world,world photo,generated
3744,13,Top 5000,Top 5000,top5000,n.,η χαρά,pleasure,pleasure photo,generated
3745,13,Top 5000,Top 5000,top5000,n.,το όνομα,name,name photo,generated
3746,13,Top 5000,Top 5000,top5000,adv.,αύριο,tomorrow,tomorrow photo,generated
3747,13,Top 5000,Top 5000,top5000,adj.,μόνος,solitary,solitary photo,generated
3748,13,Top 5000,Top 5000,top5000,v.,σταματάω,halt,halt photo,generated
3749,13,Top 5000,Top 5000,top5000,v.,πρόκειται,/περί ) it's about,/περί ) it's about photo,generated
3750,13,Top 5000,Top 5000,top5000,n.,η αγάπη,the love,,needs_review
3751,13,Top 5000,Top 5000,top5000,adj.,μεγάλος,tall,tall photo,generated
3752,13,Top 5000,Top 5000,top5000,pron.,κανένας,nobody,nobody photo,generated
3753,13,Top 5000,Top 5000,top5000,n.,ο άνθρωπος,person,person photo,generated
3754,13,Top 5000,Top 5000,top5000,v.,καταλαβαίνω,understand,understand photo,generated
3755,13,Top 5000,Top 5000,top5000,adj.,πρώτος,first,first photo,generated
3756,13,Top 5000,Top 5000,top5000,n.,το δίκιο,right,right photo,generated
3757,13,Top 5000,Top 5000,top5000,adv.,απόψε,tonight,tonight photo,generated
3758,13,Top 5000,Top 5000,top5000,n.,το τέλος,the end,,needs_review
3759,13,Top 5000,Top 5000,top5000,adj.,τελευταίος,last,last photo,generated
3760,13,Top 5000,Top 5000,top5000,adv.,μακριά,afar,afar photo,generated
3761,13,Top 5000,Top 5000,top5000,adv./interj.,αμέσως,immediately,immediately photo,generated
3762,13,Top 5000,Top 5000,top5000,adv.,πότε,when,when photo,generated
3763,13,Top 5000,Top 5000,top5000,n.,η θέση,position,position photo,generated
3764,13,Top 5000,Top 5000,top5000,n.,ο τρόπος,manner,manner photo,generated
3765,13,Top 5000,Top 5000,top5000,conj.,μήπως,in case,in case photo,generated
3766,13,Top 5000,Top 5000,top5000,pron.,εαυτός,myself,myself photo,generated
3767,13,Top 5000,Top 5000,top5000,adv.,ξανά,again,again photo,generated
3768,13,Top 5000,Top 5000,top5000,v.,έρχομαι,come,come photo,generated
3769,13,Top 5000,Top 5000,top5000,adv.,πια,any more,any more photo,generated
3770,13,Top 5000,Top 5000,top5000,adj.,περισσότερος,much,much photo,generated
3771,13,Top 5000,Top 5000,top5000,prep.,κατά,versus,versus photo,generated
3772,13,Top 5000,Top 5000,top5000,adv.,μάλιστα,"yes, certainly, ok, of course, right you are, okey-dokey (acknowledging that a request has been heard and understood)",,needs_review
3773,13,Top 5000,Top 5000,top5000,n.,το κορίτσι,girl,girl photo,generated
3774,13,Top 5000,Top 5000,top5000,n.,η πόλη,city,city photo,generated
3775,13,Top 5000,Top 5000,top5000,n.,το λεπτό,minute,minute photo,generated
3776,13,Top 5000,Top 5000,top5000,n.,ο τύπος,sort,sort photo,generated
3777,13,Top 5000,Top 5000,top5000,adv.,κοντά,near,near photo,generated
3778,13,Top 5000,Top 5000,top5000,n.,το θέμα,subject,subject photo,generated
3779,13,Top 5000,Top 5000,top5000,v.,μιλάω,speak,speak photo,generated
3780,13,Top 5000,Top 5000,top5000,n.,το χέρι,hand,hand photo,generated
3781,13,Top 5000,Top 5000,top5000,v.,βρίσκω,find,find photo,generated
3782,13,Top 5000,Top 5000,top5000,adj./adv.,τέτοιος,such,such photo,generated
3783,13,Top 5000,Top 5000,top5000,v.,εννοώ,mean,mean photo,generated
3784,13,Top 5000,Top 5000,top5000,adj. pl.,μερικοί,Nominative and vocative plural masculine,Nominative and vocative plural masculine photo,generated
3785,13,Top 5000,Top 5000,top5000,v.,πειράζω,annoy,annoy photo,generated
3786,13,Top 5000,Top 5000,top5000,pron.,εκείνος,that,that photo,generated
3787,13,Top 5000,Top 5000,top5000,n.,η βοήθεια,help,help photo,generated
3788,13,Top 5000,Top 5000,top5000,adv.,επίσης,also,also photo,generated
3789,13,Top 5000,Top 5000,top5000,adv.,καθόλου,by no means,by no means photo,generated
3790,13,Top 5000,Top 5000,top5000,adv.,πέρα,beyond,beyond photo,generated
3791,13,Top 5000,Top 5000,top5000,adj.,σίγουρος,secure,secure photo,generated
3792,13,Top 5000,Top 5000,top5000,conj.,αφού,after,after photo,generated
3793,13,Top 5000,Top 5000,top5000,n.,η πόρτα,door,door photo,generated
3794,13,Top 5000,Top 5000,top5000,n.,η ιστορία,history,history photo,generated
3795,13,Top 5000,Top 5000,top5000,interj.,ορίστε,here's,here's photo,generated
3796,13,Top 5000,Top 5000,top5000,v.,ελπίζω,hope to,hope to photo,generated
3797,13,Top 5000,Top 5000,top5000,n.,το πρωί,morning,morning photo,generated
3798,13,Top 5000,Top 5000,top5000,n.,το μάτι,the eye,,needs_review
3799,13,Top 5000,Top 5000,top5000,v.,επιστρέφω,return,return photo,generated
3800,13,Top 5000,Top 5000,top5000,n.,ο δρόμος,road,road photo,generated
3801,13,Top 5000,Top 5000,top5000,adj.,κακός,"bad, evil, ill, wicked",,needs_review
3802,13,Top 5000,Top 5000,top5000,n.,η ομάδα,group,group photo,generated
3803,13,Top 5000,Top 5000,top5000,n.,η σχέση,connection,connection photo,generated
3804,13,Top 5000,Top 5000,top5000,adv.,μπροστά,in front,in front photo,generated
3805,13,Top 5000,Top 5000,top5000,v.,φεύγω,leave,leave photo,generated
3806,13,Top 5000,Top 5000,top5000,v.,θυμάμαι,remember,remember photo,generated
3807,13,Top 5000,Top 5000,top5000,n.,το αμάξι,the car,,needs_review
3808,13,Top 5000,Top 5000,top5000,n.,η αστυνομία,police,police photo,generated
3809,13,Top 5000,Top 5000,top5000,n.,η ευκαιρία,opportunity,opportunity photo,generated
3810,13,Top 5000,Top 5000,top5000,n.,ο λόγος,reason,reason photo,generated
3811,13,Top 5000,Top 5000,top5000,v.,βοηθώ,less frequent variant of βοηθάω (voïtháo),,needs_review
3812,13,Top 5000,Top 5000,top5000,n.,το κεφάλι,head,head photo,generated
3813,13,Top 5000,Top 5000,top5000,n.,η νύχτα,night,night photo,generated
3814,13,Top 5000,Top 5000,top5000,conj.,ώστε,so that,so that photo,generated
3815,13,Top 5000,Top 5000,top5000,v.,χαίρομαι,to be happy,to be happy photo,generated
3816,13,Top 5000,Top 5000,top5000,adv./interj.,τέλεια,full stop or period ⟨.⟩.,full stop or period ⟨.⟩. photo,generated
3817,13,Top 5000,Top 5000,top5000,n.,το γραφείο,office,office photo,generated
3818,13,Top 5000,Top 5000,top5000,interj.,αμέ,sure,sure photo,generated
3819,13,Top 5000,Top 5000,top5000,v.,μπαίνω,enter,enter photo,generated
3820,13,Top 5000,Top 5000,top5000,n.,το δωμάτιο,room,room photo,generated
3821,13,Top 5000,Top 5000,top5000,v.,δίνω,give,give photo,generated
3822,13,Top 5000,Top 5000,top5000,n.,η κόρη,daughter,daughter photo,generated
3823,13,Top 5000,Top 5000,top5000,adv.,όπου,where,where photo,generated
3824,13,Top 5000,Top 5000,top5000,v.,αγαπάω,like,like photo,generated
3825,13,Top 5000,Top 5000,top5000,conj.,δηλαδή,specifically,specifically photo,generated
3826,13,Top 5000,Top 5000,top5000,adv.,πρώτα,first,first photo,generated
3827,13,Top 5000,Top 5000,top5000,n.,το ψέμα,the lie,,needs_review
3828,13,Top 5000,Top 5000,top5000,num.,τρία,three,three photo,generated
3829,13,Top 5000,Top 5000,top5000,adj.,ωραίος,good,good photo,generated
3830,13,Top 5000,Top 5000,top5000,v.,ανησυχώ,worry,worry photo,generated
3831,13,Top 5000,Top 5000,top5000,n.,η οικογένεια,family,family photo,generated
3832,13,Top 5000,Top 5000,top5000,n.,το αγόρι,the boy,,needs_review
3833,13,Top 5000,Top 5000,top5000,v.,πεθαίνω,kill,kill photo,generated
3834,13,Top 5000,Top 5000,top5000,n. pl.,τα χρήματα,money,money photo,generated
3835,13,Top 5000,Top 5000,top5000,n.,ο άντρας,husband,husband photo,generated
3836,13,Top 5000,Top 5000,top5000,adv.,σοβαρά,reliable,reliable photo,generated
3837,13,Top 5000,Top 5000,top5000,adv.,αλλιώς,otherwise,otherwise photo,generated
3838,13,Top 5000,Top 5000,top5000,adj.,μικρός,small,small photo,generated
3839,13,Top 5000,Top 5000,top5000,adv.,τουλάχιστον,at least,at least photo,generated
3840,13,Top 5000,Top 5000,top5000,n.,το τηλέφωνο,telephone,telephone photo,generated
3841,13,Top 5000,Top 5000,top5000,adj.,δύσκολος,difficult,difficult photo,generated
3842,13,Top 5000,Top 5000,top5000,n.,η καρδιά,heart,heart photo,generated
3843,13,Top 5000,Top 5000,top5000,adv.,αργότερα,later,later photo,generated
3844,13,Top 5000,Top 5000,top5000,adv.,σχεδόν,almost,almost photo,generated
3845,13,Top 5000,Top 5000,top5000,n.,το νερό,water,water photo,generated
3846,13,Top 5000,Top 5000,top5000,v.,νιώθω,feel,feel photo,generated
3847,13,Top 5000,Top 5000,top5000,adv.,κάπου,somewhere,somewhere photo,generated
3848,13,Top 5000,Top 5000,top5000,num.,πέντε,five,five photo,generated
3849,13,Top 5000,Top 5000,top5000,adv.,μεταξύ,between,between photo,generated
3850,13,Top 5000,Top 5000,top5000,n.,ο μήνας,month,month photo,generated
3851,13,Top 5000,Top 5000,top5000,adv.,χθες,yesterday,yesterday photo,generated
3852,13,Top 5000,Top 5000,top5000,n.,η υπόθεση,hypothesis,hypothesis photo,generated
3853,13,Top 5000,Top 5000,top5000,interj.,αντίο,goodbye,goodbye photo,generated
3854,13,Top 5000,Top 5000,top5000,n.,το σχολείο,school,school photo,generated
3855,13,Top 5000,Top 5000,top5000,adv.,βέβαια,certainly,certainly photo,generated
3856,13,Top 5000,Top 5000,top5000,n.,το μυαλό,mind,mind photo,generated
3857,13,Top 5000,Top 5000,top5000,interj.,ρε,jeez,jeez photo,generated
3858,13,Top 5000,Top 5000,top5000,adv.,σύντομα,soon,soon photo,generated
3859,13,Top 5000,Top 5000,top5000,v.,γυρίζω,turn,turn photo,generated
3860,13,Top 5000,Top 5000,top5000,v.,υποθέτω,suppose,suppose photo,generated
3861,13,Top 5000,Top 5000,top5000,adv.,πάρα,despite,despite photo,generated
3862,13,Top 5000,Top 5000,top5000,adv.,αργά,slowly,slowly photo,generated
3863,13,Top 5000,Top 5000,top5000,v.,τρέχω,flee,flee photo,generated
3864,13,Top 5000,Top 5000,top5000,adv.,συνέχεια,continuously,continuously photo,generated
3865,13,Top 5000,Top 5000,top5000,n.,η πλάκα,joke,joke photo,generated
3866,13,Top 5000,Top 5000,top5000,n.,η φυλακή,prison,prison photo,generated
3867,13,Top 5000,Top 5000,top5000,v.,σκέπτομαι,(formal) Alternative form of σκέφτομαι (skéftomai),,needs_review
3868,13,Top 5000,Top 5000,top5000,n.,το παιχνίδι,game,game photo,generated
3869,13,Top 5000,Top 5000,top5000,v.,αφήνω,leave,leave photo,generated
3870,13,Top 5000,Top 5000,top5000,adj.,νεκρός,dead,dead photo,generated
3871,13,Top 5000,Top 5000,top5000,adv.,γύρω,around,around photo,generated
3872,13,Top 5000,Top 5000,top5000,n.,η σημασία,importance,importance photo,generated
3873,13,Top 5000,Top 5000,top5000,n.,η χάρη,favour,favour photo,generated
3874,13,Top 5000,Top 5000,top5000,n.,η κοπέλα,girl,girl photo,generated
3875,13,Top 5000,Top 5000,top5000,n.,το φαγητό,food,food photo,generated
3876,13,Top 5000,Top 5000,top5000,adj.,σημαντικός,important,important photo,generated
3877,13,Top 5000,Top 5000,top5000,v.,σκοτώνω,kill,kill photo,generated
3878,13,Top 5000,Top 5000,top5000,n.,η κατάσταση,situation,situation photo,generated
3879,13,Top 5000,Top 5000,top5000,v.,εννοείται,mean,mean photo,generated
3880,13,Top 5000,Top 5000,top5000,v.,συγχωρώ,forgive,forgive photo,generated
3881,13,Top 5000,Top 5000,top5000,n.,το αυτοκίνητο,the car,,needs_review
3882,13,Top 5000,Top 5000,top5000,interj.,καλημέρα,good morning,good morning photo,generated
3883,13,Top 5000,Top 5000,top5000,adv.,βασικά,basically,basically photo,generated
3884,13,Top 5000,Top 5000,top5000,n.,το αστείο,joke,joke photo,generated
3885,13,Top 5000,Top 5000,top5000,interj.,εμπρός,ahead,ahead photo,generated
3886,13,Top 5000,Top 5000,top5000,n. pl.,τα νέα,news,news photo,generated
3887,13,Top 5000,Top 5000,top5000,v.,φοβάμαι,fear,fear photo,generated
3888,13,Top 5000,Top 5000,top5000,n. pl.,οι γονείς,parents,parents photo,generated
3889,13,Top 5000,Top 5000,top5000,adj.,γλυκός,sweet in taste,sweet in taste photo,generated
3890,13,Top 5000,Top 5000,top5000,adj.,έτοιμος,ready,ready photo,generated
3891,13,Top 5000,Top 5000,top5000,n.,το σχέδιο,plan,plan photo,generated
3892,13,Top 5000,Top 5000,top5000,v.,νοιάζω,mind,mind photo,generated
3893,13,Top 5000,Top 5000,top5000,n.,η τύχη,luck,luck photo,generated
3894,13,Top 5000,Top 5000,top5000,n.,το πόδι,foot,foot photo,generated
3895,13,Top 5000,Top 5000,top5000,n.,η αρχή,principle,principle photo,generated
3896,13,Top 5000,Top 5000,top5000,v.,μένω,stay,stay photo,generated
3897,13,Top 5000,Top 5000,top5000,conj.,ενώ,while,while photo,generated
3898,13,Top 5000,Top 5000,top5000,n.,το ευρώ,euro,euro photo,generated
3899,13,Top 5000,Top 5000,top5000,n.,ο Έλληνας,Greek person,Greek person photo,generated
3900,13,Top 5000,Top 5000,top5000,adv.,άσχημα,badly,badly photo,generated
3901,13,Top 5000,Top 5000,top5000,adv.,τελικά,finally,finally photo,generated
3902,13,Top 5000,Top 5000,top5000,pron.,οποίος,whoever,whoever photo,generated
3903,13,Top 5000,Top 5000,top5000,adj.,σωστός,correct,correct photo,generated
3904,13,Top 5000,Top 5000,top5000,v.,προσπαθώ,attempt,attempt photo,generated
3905,13,Top 5000,Top 5000,top5000,v.,ακούω,hear,hear photo,generated
3906,13,Top 5000,Top 5000,top5000,v.,μοιάζω,look like,look like photo,generated
3907,13,Top 5000,Top 5000,top5000,adv.,περίπου,approximately,approximately photo,generated
3908,13,Top 5000,Top 5000,top5000,n.,η δύναμη,strength,strength photo,generated
3909,13,Top 5000,Top 5000,top5000,n.,το ραντεβού,appointment,appointment photo,generated
3910,13,Top 5000,Top 5000,top5000,n.,το αφεντικό,boss,boss photo,generated
3911,13,Top 5000,Top 5000,top5000,n.,το πάρτι,party,party photo,generated
3912,13,Top 5000,Top 5000,top5000,v.,φέρνω,bear,bear photo,generated
3913,13,Top 5000,Top 5000,top5000,n.,η γη,earth,earth photo,generated
3914,13,Top 5000,Top 5000,top5000,v.,ακούγομαι,be heard,be heard photo,generated
3915,13,Top 5000,Top 5000,top5000,n.,ο γιος,the son,,needs_review
3916,13,Top 5000,Top 5000,top5000,n.,η περίπτωση,instance,instance photo,generated
3917,13,Top 5000,Top 5000,top5000,adj.,επόμενος,next,next photo,generated
3918,13,Top 5000,Top 5000,top5000,n.,το μισό,half,half photo,generated
3919,13,Top 5000,Top 5000,top5000,n.,το σώμα,body,body photo,generated
3920,13,Top 5000,Top 5000,top5000,v.,περνάω,pass,pass photo,generated
3921,13,Top 5000,Top 5000,top5000,n.,ο διάλογος,conversation,conversation photo,generated
3922,13,Top 5000,Top 5000,top5000,n.,το βιβλίο,book,book photo,generated
3923,13,Top 5000,Top 5000,top5000,n.,η επιλογή,choice,choice photo,generated
3924,13,Top 5000,Top 5000,top5000,interj.,μπράβο,bravo,bravo photo,generated
3925,13,Top 5000,Top 5000,top5000,v.,μαθαίνω,learn,learn photo,generated
3926,13,Top 5000,Top 5000,top5000,n.,το νοσοκομείο,hospital,hospital photo,generated
3927,13,Top 5000,Top 5000,top5000,v.,προσέχω,watch,watch photo,generated
3928,13,Top 5000,Top 5000,top5000,num.,έξι,six,,needs_review
3929,13,Top 5000,Top 5000,top5000,n.,η χώρα,country,country photo,generated
3930,13,Top 5000,Top 5000,top5000,n.,ο καφές,coffee,coffee photo,generated
3931,13,Top 5000,Top 5000,top5000,n.,το σεξ,intercourse,intercourse photo,generated
3932,13,Top 5000,Top 5000,top5000,adv./adj.,πλέον,more,more photo,generated
3933,13,Top 5000,Top 5000,top5000,n.,η ταινία,film,film photo,generated
3934,13,Top 5000,Top 5000,top5000,n.,το μήνυμα,message,message photo,generated
3935,13,Top 5000,Top 5000,top5000,adj.,εύκολος,easy,easy photo,generated
3936,13,Top 5000,Top 5000,top5000,prep./adv.,σχετικά,relatively,relatively photo,generated
3937,13,Top 5000,Top 5000,top5000,v.,αξίζω,cost,cost photo,generated
3938,13,Top 5000,Top 5000,top5000,n.,το πρόσωπο,face,face photo,generated
3939,13,Top 5000,Top 5000,top5000,interj.,καλησπέρα,good evening,good evening photo,generated
3940,13,Top 5000,Top 5000,top5000,v.,βρίσκομαι,be located,be located photo,generated
3941,13,Top 5000,Top 5000,top5000,n.,το κρεβάτι,the bed,,needs_review
3942,13,Top 5000,Top 5000,top5000,pron.,οτιδήποτε,anything,anything photo,generated
3943,13,Top 5000,Top 5000,top5000,interj.,καληνύχτα,goodnight!,goodnight! photo,generated
3944,13,Top 5000,Top 5000,top5000,v.,ηρεμώ,compose oneself,compose oneself photo,generated
3945,13,Top 5000,Top 5000,top5000,n.,η ερώτηση,question,question photo,generated
3946,13,Top 5000,Top 5000,top5000,adv.,προφανώς,obviously,obviously photo,generated
3947,13,Top 5000,Top 5000,top5000,n.,η συμφωνία,agreement,agreement photo,generated
3948,13,Top 5000,Top 5000,top5000,v.,βάζω,make,make photo,generated
3949,13,Top 5000,Top 5000,top5000,adv.,δίπλα,twice as much,twice as much photo,generated
3950,13,Top 5000,Top 5000,top5000,n.,το ποτό,drink,drink photo,generated
3951,13,Top 5000,Top 5000,top5000,n.,η σειρά,series,series photo,generated
3952,13,Top 5000,Top 5000,top5000,adv.,κάπως,somewhat,somewhat photo,generated
3953,13,Top 5000,Top 5000,top5000,v.,τελειώνω,finish,finish photo,generated
3954,13,Top 5000,Top 5000,top5000,prep./conj.,παρά,despite,despite photo,generated
3955,13,Top 5000,Top 5000,top5000,n.,η πραγματικότητα,reality,reality photo,generated
3956,13,Top 5000,Top 5000,top5000,n. pl.,τα ρούχα,clothes,clothes photo,generated
3957,13,Top 5000,Top 5000,top5000,v.,δουλεύω,work,work photo,generated
3958,13,Top 5000,Top 5000,top5000,n.,το στοιχείο,element,element photo,generated
3959,13,Top 5000,Top 5000,top5000,adj.,τελευταία,lately,lately photo,generated
3960,13,Top 5000,Top 5000,top5000,n.,η λέξη,word,word photo,generated
3961,13,Top 5000,Top 5000,top5000,n.,ο γιατρός,doctor η γιατρός,doctor η γιατρός photo,generated
3962,13,Top 5000,Top 5000,top5000,n.,η αδερφή,sister,sister photo,generated
3963,13,Top 5000,Top 5000,top5000,adj.,υπέροχος,excellent,excellent photo,generated
3964,13,Top 5000,Top 5000,top5000,n.,η φωτιά,fire,fire photo,generated
3965,13,Top 5000,Top 5000,top5000,adj.,παλιός,worn out,worn out photo,generated
3966,13,Top 5000,Top 5000,top5000,num.,δέκα,ten,,needs_review
3967,13,Top 5000,Top 5000,top5000,adj.,λίγος,little,little photo,generated
3968,13,Top 5000,Top 5000,top5000,n.,το κομμάτι,piece,piece photo,generated
3969,13,Top 5000,Top 5000,top5000,n.,το σημείο,point,point photo,generated
3970,13,Top 5000,Top 5000,top5000,v.,γνωρίζω,know,know photo,generated
3971,13,Top 5000,Top 5000,top5000,n.,η πλευρά,side,side photo,generated
3972,13,Top 5000,Top 5000,top5000,adv.,πουθενά,somewhere,somewhere photo,generated
3973,13,Top 5000,Top 5000,top5000,adv.,υπέροχα,wonderfully,wonderfully photo,generated
3974,13,Top 5000,Top 5000,top5000,n.,η εβδομάδα,week,week photo,generated
3975,13,Top 5000,Top 5000,top5000,adv.,εντελώς,intensifier,intensifier photo,generated
3976,13,Top 5000,Top 5000,top5000,adj.,περίεργος,curious,curious photo,generated
3977,13,Top 5000,Top 5000,top5000,n.,η φωτογραφία,photo,photo photo,generated
3978,13,Top 5000,Top 5000,top5000,n.,η περιοχή,area,area photo,generated
3979,13,Top 5000,Top 5000,top5000,n. pl.,τα ελληνικά,Greek,Greek photo,generated
3980,13,Top 5000,Top 5000,top5000,n./interj.,η προσοχή,attention,attention photo,generated
3981,13,Top 5000,Top 5000,top5000,n.,το δείπνο,supper,supper photo,generated
3982,13,Top 5000,Top 5000,top5000,v.,κάθομαι,remain standing,remain standing photo,generated
3983,13,Top 5000,Top 5000,top5000,n.,η πληροφορία,information,information photo,generated
3984,13,Top 5000,Top 5000,top5000,pron.,πόσος,how much?,how much? photo,generated
3985,13,Top 5000,Top 5000,top5000,n.,το σκάφος,boat,boat photo,generated
3986,13,Top 5000,Top 5000,top5000,adv.,άρα,therefore,therefore photo,generated
3987,13,Top 5000,Top 5000,top5000,n.,το μέλλον,future,future photo,generated
3988,13,Top 5000,Top 5000,top5000,n.,το ταξίδι,journey,journey photo,generated
3989,13,Top 5000,Top 5000,top5000,interj.,σκάσε,shut up,shut up photo,generated
3990,13,Top 5000,Top 5000,top5000,n.,η άδεια,permission,permission photo,generated
3991,13,Top 5000,Top 5000,top5000,adv.,κάποτε,sometime,sometime photo,generated
3992,13,Top 5000,Top 5000,top5000,v.,δείχνω,indicate,indicate photo,generated
3993,13,Top 5000,Top 5000,top5000,n.,το άτομο,person,person photo,generated
3994,13,Top 5000,Top 5000,top5000,conj.,καθώς,since,since photo,generated
3995,13,Top 5000,Top 5000,top5000,adv.,χάλια,Nominative,Nominative photo,generated
3996,13,Top 5000,Top 5000,top5000,n.,η μουσική,music,music photo,generated
3997,13,Top 5000,Top 5000,top5000,n.,ο θάνατος,death,death photo,generated
3998,13,Top 5000,Top 5000,top5000,n. pl.,τα μαλλιά,hair,hair photo,generated
3999,13,Top 5000,Top 5000,top5000,n.,η τιμή,price,price photo,generated
4000,13,Top 5000,Top 5000,top5000,conj.,είτε,either...or,either...or photo,generated
4001,13,Top 5000,Top 5000,top5000,adj.,τόσος,"so, so much, such",,needs_review
4002,13,Top 5000,Top 5000,top5000,v.,υποτίθεται,it is supposed to,it is supposed to photo,generated
4003,13,Top 5000,Top 5000,top5000,n.,η γνώμη,opinion,opinion photo,generated
4004,13,Top 5000,Top 5000,top5000,part.,μακάρι,wish,wish photo,generated
4005,13,Top 5000,Top 5000,top5000,n.,το σύστημα,system,system photo,generated
4006,13,Top 5000,Top 5000,top5000,adv.,παντού,everywhere,everywhere photo,generated
4007,13,Top 5000,Top 5000,top5000,n.,ο πόλεμος,the war,,needs_review
4008,13,Top 5000,Top 5000,top5000,n. / n. as adj.,το πτώμα,corpse,corpse photo,generated
4009,13,Top 5000,Top 5000,top5000,n.,η ασφάλεια,safety,safety photo,generated
4010,13,Top 5000,Top 5000,top5000,adv.,επιτέλους,at last,at last photo,generated
4011,13,Top 5000,Top 5000,top5000,prep.,υπό,under (subject to,under (subject to photo,generated
4012,13,Top 5000,Top 5000,top5000,adv.,συνήθως,usually,usually photo,generated
4013,13,Top 5000,Top 5000,top5000,n.,το τμήμα,department,department photo,generated
4014,13,Top 5000,Top 5000,top5000,v.,ρωτάω,enquire,enquire photo,generated
4015,13,Top 5000,Top 5000,top5000,v.,υπόσχομαι,promise,promise photo,generated
4016,13,Top 5000,Top 5000,top5000,n.,η αποστολή,mission,mission photo,generated
4017,13,Top 5000,Top 5000,top5000,n.,το κέντρο,centre,centre photo,generated
4018,13,Top 5000,Top 5000,top5000,n.,ο γάμος,marriage,marriage photo,generated
4019,13,Top 5000,Top 5000,top5000,n.,η λίστα,list,list photo,generated
4020,13,Top 5000,Top 5000,top5000,prep.,εναντίον,against,against photo,generated
4021,13,Top 5000,Top 5000,top5000,n.,το είδος,kind,kind photo,generated
4022,13,Top 5000,Top 5000,top5000,n.,το φως,light,light photo,generated
4023,13,Top 5000,Top 5000,top5000,adj.,ενδιαφέρων,interesting,interesting photo,generated
4024,13,Top 5000,Top 5000,top5000,n.,η μέση,middle,middle photo,generated
4025,13,Top 5000,Top 5000,top5000,n.,το δώρο,present,present photo,generated
4026,13,Top 5000,Top 5000,top5000,v.,αλλάζω,change,change photo,generated
4027,13,Top 5000,Top 5000,top5000,adj.,τρελός,crazy,crazy photo,generated
4028,13,Top 5000,Top 5000,top5000,v.,συνεχίζω,continue,continue photo,generated
4029,13,Top 5000,Top 5000,top5000,adv.,όντως,indeed,indeed photo,generated
4030,13,Top 5000,Top 5000,top5000,adj.,όμορφος,beautiful,beautiful photo,generated
4031,13,Top 5000,Top 5000,top5000,n.,η έρευνα,research,research photo,generated
4032,13,Top 5000,Top 5000,top5000,adj.,τέλειος,perfect,perfect photo,generated
4033,13,Top 5000,Top 5000,top5000,n.,το νόημα,sense,sense photo,generated
4034,13,Top 5000,Top 5000,top5000,n.,η δεσποινίς,young lady,young lady photo,generated
4035,13,Top 5000,Top 5000,top5000,n.,το στόμα,mouth,mouth photo,generated
4036,13,Top 5000,Top 5000,top5000,n.,το μυστικό,secret,secret photo,generated
4037,13,Top 5000,Top 5000,top5000,v.,λείπω,to be absent,to be absent photo,generated
4038,13,Top 5000,Top 5000,top5000,n.,ο έλεγχος,control,control photo,generated
4039,13,Top 5000,Top 5000,top5000,n.,η άκρη,edge,edge photo,generated
4040,13,Top 5000,Top 5000,top5000,n.,η ματιά,look,look photo,generated
4041,13,Top 5000,Top 5000,top5000,n.,το πλοίο,ship,ship photo,generated
4042,13,Top 5000,Top 5000,top5000,v.,κρατάω,κρατιέμαι,κρατιέμαι photo,generated
4043,13,Top 5000,Top 5000,top5000,adj.,πρώην,former,former photo,generated
4044,13,Top 5000,Top 5000,top5000,adv.,παραπάνω,above,above photo,generated
4045,13,Top 5000,Top 5000,top5000,adj.,λιγότερος,less,less photo,generated
4046,13,Top 5000,Top 5000,top5000,n.,η επίθεση,attack,attack photo,generated
4047,13,Top 5000,Top 5000,top5000,interj.,άντε,go! or αντέτε ),go! or αντέτε ) photo,generated
4048,13,Top 5000,Top 5000,top5000,n.,η βάση,base,base photo,generated
4049,13,Top 5000,Top 5000,top5000,v.,παίζω,play,play photo,generated
4050,13,Top 5000,Top 5000,top5000,v.,χάνω,lose,lose photo,generated
4051,13,Top 5000,Top 5000,top5000,v.,βγαίνω,come up,come up photo,generated
4052,13,Top 5000,Top 5000,top5000,n.,το ατύχημα,accident,accident photo,generated
4053,13,Top 5000,Top 5000,top5000,n.,ο αέρας,the air,,needs_review
4054,13,Top 5000,Top 5000,top5000,prep.,εξαιτίας,because of,because of photo,generated
4055,13,Top 5000,Top 5000,top5000,adv.,συχνά,often,often photo,generated
4056,13,Top 5000,Top 5000,top5000,v.,βγάζω,take off,take off photo,generated
4057,13,Top 5000,Top 5000,top5000,num.,ένα εκατομμύριο,one million,one million photo,generated
4058,13,Top 5000,Top 5000,top5000,n.,το γλυκό,dessert,dessert photo,generated
4059,13,Top 5000,Top 5000,top5000,n. pl.,τα αγγλικά,English,English photo,generated
4060,13,Top 5000,Top 5000,top5000,v.,πέφτω,fall,fall photo,generated
4061,13,Top 5000,Top 5000,top5000,n.,η ανάγκη,need,need photo,generated
4062,13,Top 5000,Top 5000,top5000,adv.,τελείως,completely,completely photo,generated
4063,13,Top 5000,Top 5000,top5000,adv.,ανάμεσα,among,among photo,generated
4064,13,Top 5000,Top 5000,top5000,n.,το ξενοδοχείο,hotel,hotel photo,generated
4065,13,Top 5000,Top 5000,top5000,adv.,ξαφνικά,suddenly,suddenly photo,generated
4066,13,Top 5000,Top 5000,top5000,n.,το παρελθόν,past,past photo,generated
4067,13,Top 5000,Top 5000,top5000,adv.,ειλικρινά,frankly,frankly photo,generated
4068,13,Top 5000,Top 5000,top5000,v.,αφορά,concerns,concerns photo,generated
4069,13,Top 5000,Top 5000,top5000,v.,μισώ,hate,hate photo,generated
4070,13,Top 5000,Top 5000,top5000,prep.,λόγω,because of,because of photo,generated
4071,13,Top 5000,Top 5000,top5000,n.,η γραμμή,line,line photo,generated
4072,13,Top 5000,Top 5000,top5000,n.,ο χώρος,space,space photo,generated
4073,13,Top 5000,Top 5000,top5000,v.,αισθάνομαι,feel,feel photo,generated
4074,13,Top 5000,Top 5000,top5000,n.,η απάντηση,answer,answer photo,generated
4075,13,Top 5000,Top 5000,top5000,n.,ο αδερφός,brother,brother photo,generated
4076,13,Top 5000,Top 5000,top5000,adv.,ψηλά,Nominative,Nominative photo,generated
4077,13,Top 5000,Top 5000,top5000,n.,η σκηνή,scene,scene photo,generated
4078,13,Top 5000,Top 5000,top5000,adv.,νωρίς,early,early photo,generated
4079,13,Top 5000,Top 5000,top5000,v.,λέγομαι,to be called,to be called photo,generated
4080,13,Top 5000,Top 5000,top5000,adj.,ζωντανός,alive,alive photo,generated
4081,13,Top 5000,Top 5000,top5000,n.,η τηλεόραση,television,television photo,generated
4082,13,Top 5000,Top 5000,top5000,adj.,παράξενος,strange,strange photo,generated
4083,13,Top 5000,Top 5000,top5000,n.,το τραπέζι,table,table photo,generated
4084,13,Top 5000,Top 5000,top5000,n.,το σήμα,signal,signal photo,generated
4085,13,Top 5000,Top 5000,top5000,n.,το τραγούδι,song,song photo,generated
4086,13,Top 5000,Top 5000,top5000,num.,χίλια,one thousand,one thousand photo,generated
4087,13,Top 5000,Top 5000,top5000,v.,ορκίζομαι,swear,swear photo,generated
4088,13,Top 5000,Top 5000,top5000,n.,η γιαγιά,grandmother,grandmother photo,generated
4089,13,Top 5000,Top 5000,top5000,n.,το μπαρ,the bar,,needs_review
4090,13,Top 5000,Top 5000,top5000,v.,ζητάω,seek,seek photo,generated
4091,13,Top 5000,Top 5000,top5000,n.,το μπάνιο,bathroom,bathroom photo,generated
4092,13,Top 5000,Top 5000,top5000,interj.,συγχαρητήρια,Nominative,Nominative photo,generated
4093,13,Top 5000,Top 5000,top5000,num.,τέσσερα,four,four photo,generated
4094,13,Top 5000,Top 5000,top5000,v.,στέλνω,send,send photo,generated
4095,13,Top 5000,Top 5000,top5000,n.,η επαφή,contact,contact photo,generated
4096,13,Top 5000,Top 5000,top5000,n.,ο ύπνος,sleep,sleep photo,generated
4097,13,Top 5000,Top 5000,top5000,n.,η φωνή,voice,voice photo,generated
4098,13,Top 5000,Top 5000,top5000,interj.,το κρίμα,shame,shame photo,generated
4099,13,Top 5000,Top 5000,top5000,n.,το κλειδί,the key,,needs_review
4100,13,Top 5000,Top 5000,top5000,n.,το πρόγραμμα,programme,programme photo,generated
4101,13,Top 5000,Top 5000,top5000,n.,η μάχη,battle,battle photo,generated
4102,13,Top 5000,Top 5000,top5000,adv.,σύμφωνα,accordingly,accordingly photo,generated
4103,13,Top 5000,Top 5000,top5000,n.,το μαγαζί,shop,shop photo,generated
4104,13,Top 5000,Top 5000,top5000,adv.,αντί,instead of,instead of photo,generated
4105,13,Top 5000,Top 5000,top5000,n.,η κίνηση,movement,movement photo,generated
4106,13,Top 5000,Top 5000,top5000,n.,το αεροπλάνο,plane,plane photo,generated
4107,13,Top 5000,Top 5000,top5000,adv.,διαφορετικά,otherwise,otherwise photo,generated
4108,13,Top 5000,Top 5000,top5000,n.,η απόφαση,decision,decision photo,generated
4109,13,Top 5000,Top 5000,top5000,adj.,αρκετός,enough,enough photo,generated
4110,13,Top 5000,Top 5000,top5000,v.,ανήκω,belong,belong photo,generated
4111,13,Top 5000,Top 5000,top5000,n.,το δικαίωμα,right,right photo,generated
4112,13,Top 5000,Top 5000,top5000,adv.,δεξιά,right,right photo,generated
4113,13,Top 5000,Top 5000,top5000,n.,το γεγονός,fact,fact photo,generated
4114,13,Top 5000,Top 5000,top5000,n.,η έκπληξη,surprise,surprise photo,generated
4115,13,Top 5000,Top 5000,top5000,n.,η μαλακία,masturbation,masturbation photo,generated
4116,13,Top 5000,Top 5000,top5000,adj.,κύριος,mister,mister photo,generated
4117,13,Top 5000,Top 5000,top5000,n.,το νούμερο,number,number photo,generated
4118,13,Top 5000,Top 5000,top5000,n.,ο φόνος,murder,murder photo,generated
4119,13,Top 5000,Top 5000,top5000,n.,η ψυχή,soul,soul photo,generated
4120,13,Top 5000,Top 5000,top5000,adv.,ειδικά,especially,especially photo,generated
4121,13,Top 5000,Top 5000,top5000,n.,η μηχανή,machine,machine photo,generated
4122,13,Top 5000,Top 5000,top5000,n.,το κινητό,mobile phone,mobile phone photo,generated
4123,13,Top 5000,Top 5000,top5000,n.,η συνάντηση,meeting,meeting photo,generated
4124,13,Top 5000,Top 5000,top5000,v.,ψάχνω,look for,look for photo,generated
4125,13,Top 5000,Top 5000,top5000,n.,το μέτρο,metre,metre photo,generated
4126,13,Top 5000,Top 5000,top5000,n.,ο βασιλιάς,king,king photo,generated
4127,13,Top 5000,Top 5000,top5000,n.,η ησυχία,quiet,quiet photo,generated
4128,13,Top 5000,Top 5000,top5000,adj.,δεύτερος,second,second photo,generated
4129,13,Top 5000,Top 5000,top5000,n.,το προσωπικό,staff,staff photo,generated
4130,13,Top 5000,Top 5000,top5000,adj.,ασφαλής,safe,safe photo,generated
4131,13,Top 5000,Top 5000,top5000,adv.,δυνατά,strong,strong photo,generated
4132,13,Top 5000,Top 5000,top5000,v.,ανοίγω,make something accessible,make something accessible photo,generated
4133,13,Top 5000,Top 5000,top5000,n.,το κουτί,the box,,needs_review
4134,13,Top 5000,Top 5000,top5000,v.,ξεχνάω,forget,forget photo,generated
4135,13,Top 5000,Top 5000,top5000,n.,το απόγευμα,afternoon,afternoon photo,generated
4136,13,Top 5000,Top 5000,top5000,v.,σηκώνω,raise,raise photo,generated
4137,13,Top 5000,Top 5000,top5000,n.,η αναφορά,reference,reference photo,generated
4138,13,Top 5000,Top 5000,top5000,n.,το όνειρο,dream,dream photo,generated
4139,13,Top 5000,Top 5000,top5000,adj.,χρήσιμος,useful,useful photo,generated
4140,13,Top 5000,Top 5000,top5000,n.,ο πρόεδρος,president,president photo,generated
4141,13,Top 5000,Top 5000,top5000,adv.,εύκολα,Nominative,Nominative photo,generated
4142,13,Top 5000,Top 5000,top5000,n.,η απόδειξη,proof,proof photo,generated
4143,13,Top 5000,Top 5000,top5000,n.,η τσάντα,handbag,handbag photo,generated
4144,13,Top 5000,Top 5000,top5000,n.,το γράμμα,letter,letter photo,generated
4145,13,Top 5000,Top 5000,top5000,n.,η βόλτα,stroll,stroll photo,generated
4146,13,Top 5000,Top 5000,top5000,n.,το ναρκωτικό,drug,drug photo,generated
4147,13,Top 5000,Top 5000,top5000,n. pl.,τα Χριστούγεννα,Christmas,Christmas photo,generated
4148,13,Top 5000,Top 5000,top5000,adv.,πράγματι,indeed,indeed photo,generated
4149,13,Top 5000,Top 5000,top5000,n.,ο κανόνας,norm,norm photo,generated
4150,13,Top 5000,Top 5000,top5000,n.,το πρωινό,breakfast,breakfast photo,generated
4151,13,Top 5000,Top 5000,top5000,v.,χτυπάω,strike,strike photo,generated
4152,13,Top 5000,Top 5000,top5000,n.,το μάθημα,lesson,lesson photo,generated
4153,13,Top 5000,Top 5000,top5000,v.,φαντάζομαι,imagine,imagine photo,generated
4154,13,Top 5000,Top 5000,top5000,n.,ο κώλος,arse,arse photo,generated
4155,13,Top 5000,Top 5000,top5000,adj.,ηλίθιος,stupid,stupid photo,generated
4156,13,Top 5000,Top 5000,top5000,n.,η διαφορά,difference,difference photo,generated
4157,13,Top 5000,Top 5000,top5000,n.,το αίμα,blood,blood photo,generated
4158,13,Top 5000,Top 5000,top5000,adj.,τζάμπα,free,free photo,generated
4159,13,Top 5000,Top 5000,top5000,n.,το όπλο,the gun,,needs_review
4160,13,Top 5000,Top 5000,top5000,n.,το διαμέρισμα,appartment,appartment photo,generated
4161,13,Top 5000,Top 5000,top5000,adv.,σιγά,slowly,slowly photo,generated
4162,13,Top 5000,Top 5000,top5000,adv.,δυστυχώς,unfortunately,unfortunately photo,generated
4163,13,Top 5000,Top 5000,top5000,adj.,αληθινός,true,true photo,generated
4164,13,Top 5000,Top 5000,top5000,n.,το παράθυρο,window,window photo,generated
4165,13,Top 5000,Top 5000,top5000,n.,το δικαστήριο,court,court photo,generated
4166,13,Top 5000,Top 5000,top5000,adv.,πάντως,in any case,in any case photo,generated
4167,13,Top 5000,Top 5000,top5000,v.,αναρωτιέμαι,wonder,wonder photo,generated
4168,13,Top 5000,Top 5000,top5000,adv.,αλλού,elsewhere,elsewhere photo,generated
4169,13,Top 5000,Top 5000,top5000,n.,η ελπίδα,hope,hope photo,generated
4170,13,Top 5000,Top 5000,top5000,adv.,απολύτως,absolutely,absolutely photo,generated
4171,13,Top 5000,Top 5000,top5000,adj.,απλός,plain,plain photo,generated
4172,13,Top 5000,Top 5000,top5000,n.,ο πλανήτης,planet,planet photo,generated
4173,13,Top 5000,Top 5000,top5000,n.,ο αγώνας,match,match photo,generated
4174,13,Top 5000,Top 5000,top5000,v.,αρχίζω,start,start photo,generated
4175,13,Top 5000,Top 5000,top5000,n.,η επιχείρηση,business,business photo,generated
4176,13,Top 5000,Top 5000,top5000,adj.,χειρότερος,worst,worst photo,generated
4177,13,Top 5000,Top 5000,top5000,n.,λατρεύω,worship,worship photo,generated
4178,13,Top 5000,Top 5000,top5000,n.,η θεία,aunt,aunt photo,generated
4179,13,Top 5000,Top 5000,top5000,adj.,απίστευτος,incredible,incredible photo,generated
4180,13,Top 5000,Top 5000,top5000,n.,η τάξη,class,class photo,generated
4181,13,Top 5000,Top 5000,top5000,n.,η εταιρεία,company,company photo,generated
4182,13,Top 5000,Top 5000,top5000,n.,το κρασί,wine,wine photo,generated
4183,13,Top 5000,Top 5000,top5000,pron.,όποιος,whoever,whoever photo,generated
4184,13,Top 5000,Top 5000,top5000,n.,το αρχείο,computer file,computer file photo,generated
4185,13,Top 5000,Top 5000,top5000,n.,η ηλικία,the age,,needs_review
4186,13,Top 5000,Top 5000,top5000,n.,η θάλασσα,the sea,,needs_review
4187,13,Top 5000,Top 5000,top5000,v.,φτάνω,arrive,arrive photo,generated
4188,13,Top 5000,Top 5000,top5000,n.,η κάρτα,card,card photo,generated
4189,13,Top 5000,Top 5000,top5000,n.,η εκκλησία,church,church photo,generated
4190,13,Top 5000,Top 5000,top5000,n.,η Αμερική,America,America photo,generated
4191,13,Top 5000,Top 5000,top5000,n.,η κόλαση,hell,hell photo,generated
4192,13,Top 5000,Top 5000,top5000,n.,η πλάτη,back,back photo,generated
4193,13,Top 5000,Top 5000,top5000,n.,το στοίχημα,wager,wager photo,generated
4194,13,Top 5000,Top 5000,top5000,v.,ενδιαφέρω,to interest,to interest photo,generated
4195,13,Top 5000,Top 5000,top5000,n.,το παπούτσι,shoe,shoe photo,generated
4196,13,Top 5000,Top 5000,top5000,adv.,αριστερά,Left,Left photo,generated
4197,13,Top 5000,Top 5000,top5000,n.,το βίντεο,video,video photo,generated
4198,13,Top 5000,Top 5000,top5000,n.,αστείος,funny,funny photo,generated
4199,13,Top 5000,Top 5000,top5000,adj.,κανονικός,regular,regular photo,generated
4200,13,Top 5000,Top 5000,top5000,n.,το τσάι,the tea,,needs_review
4201,13,Top 5000,Top 5000,top5000,v.,ξαναβλέπω,see again,see again photo,generated
4202,13,Top 5000,Top 5000,top5000,n.,ο σκοπός,purpose,purpose photo,generated
4203,13,Top 5000,Top 5000,top5000,v.,ζω,live,live photo,generated
4204,13,Top 5000,Top 5000,top5000,n.,ο αρχηγός,leader,leader photo,generated
4205,13,Top 5000,Top 5000,top5000,v.,εξηγώ,clarify,clarify photo,generated
4206,13,Top 5000,Top 5000,top5000,n.,η διόρθωση,correction,correction photo,generated
4207,13,Top 5000,Top 5000,top5000,adj.,δυνατός,strong,strong photo,generated
4208,13,Top 5000,Top 5000,top5000,v.,συζητώ,a more formal variant of συζητάω (syzitáo),,needs_review
4209,13,Top 5000,Top 5000,top5000,adj.,μισός,half,half photo,generated
4210,13,Top 5000,Top 5000,top5000,prep.,μέσω,via (by way of),,needs_review
4211,13,Top 5000,Top 5000,top5000,adj.,τυχερός,fortunate,fortunate photo,generated
4212,13,Top 5000,Top 5000,top5000,v.,φτιάχνω,make,make photo,generated
4213,13,Top 5000,Top 5000,top5000,n.,ο λαιμός,neck,neck photo,generated
4214,13,Top 5000,Top 5000,top5000,n.,η κάμερα,video camera,video camera photo,generated
4215,13,Top 5000,Top 5000,top5000,n.,το χαρτί,paper,paper photo,generated
4216,13,Top 5000,Top 5000,top5000,n.,η σφαίρα,sphere,sphere photo,generated
4217,13,Top 5000,Top 5000,top5000,n.,το κτίριο,building,building photo,generated
4218,13,Top 5000,Top 5000,top5000,n.,το Σάββατο,Saturday,Saturday photo,generated
4219,13,Top 5000,Top 5000,top5000,adj.,ελληνικός,Greek,Greek photo,generated
4220,13,Top 5000,Top 5000,top5000,v.,καλώ,call,call photo,generated
4221,13,Top 5000,Top 5000,top5000,adv.,όποτε,whenever,whenever photo,generated
4222,13,Top 5000,Top 5000,top5000,n.,η υπηρεσία,service,service photo,generated
4223,13,Top 5000,Top 5000,top5000,n.,η εποχή,season,season photo,generated
4224,13,Top 5000,Top 5000,top5000,adv.,πιθανόν,possibly,possibly photo,generated
4225,13,Top 5000,Top 5000,top5000,n.,η γλώσσα,language,language photo,generated
4226,13,Top 5000,Top 5000,top5000,n.,ο αριθμός,number,number photo,generated
4227,13,Top 5000,Top 5000,top5000,adv.,σκληρά,hard,hard photo,generated
4228,13,Top 5000,Top 5000,top5000,n.,ο χορός,dance,dance photo,generated
4229,13,Top 5000,Top 5000,top5000,v.,τρώω,chew and swallow food,chew and swallow food photo,generated
4230,13,Top 5000,Top 5000,top5000,v.,τηλεφωνώ,telephone,telephone photo,generated
4231,13,Top 5000,Top 5000,top5000,n.,η τράπεζα,bank,bank photo,generated
4232,13,Top 5000,Top 5000,top5000,n.,το φορτηγό,lorry,lorry photo,generated
4233,13,Top 5000,Top 5000,top5000,adj.,μπλε,blue,blue photo,generated
4234,13,Top 5000,Top 5000,top5000,n.,η συζήτηση,conversation,conversation photo,generated
4235,13,Top 5000,Top 5000,top5000,adj.,κόκκινος,red (colour),,needs_review
4236,13,Top 5000,Top 5000,top5000,n.,ο πόνος,pain,pain photo,generated
4237,13,Top 5000,Top 5000,top5000,adv.,προσωπικά,Nominative,Nominative photo,generated
4238,13,Top 5000,Top 5000,top5000,n.,το τέρας,monster,monster photo,generated
4239,13,Top 5000,Top 5000,top5000,n.,η βόμβα,bomb,bomb photo,generated
4240,13,Top 5000,Top 5000,top5000,adj.,φοβερός,frightening,frightening photo,generated
4241,13,Top 5000,Top 5000,top5000,v.,εύχομαι,wish,wish photo,generated
4242,13,Top 5000,Top 5000,top5000,n.,η διεύθυνση,address,address photo,generated
4243,13,Top 5000,Top 5000,top5000,n.,η διάρκεια,duration,duration photo,generated
4244,13,Top 5000,Top 5000,top5000,n.,η δόξα,glory,glory photo,generated
4245,13,Top 5000,Top 5000,top5000,n.,το σημάδι,mark,mark photo,generated
4246,13,Top 5000,Top 5000,top5000,adv.,ευτυχώς,fortunately,fortunately photo,generated
4247,13,Top 5000,Top 5000,top5000,n.,η αλλαγή,change,change photo,generated
4248,13,Top 5000,Top 5000,top5000,n.,η μπύρα,beer,beer photo,generated
4249,13,Top 5000,Top 5000,top5000,n.,η θεραπεία,treatment,treatment photo,generated
4250,13,Top 5000,Top 5000,top5000,n.,η κυβέρνηση,government,government photo,generated
4251,13,Top 5000,Top 5000,top5000,n.,το δευτερόλεπτο,second,second photo,generated
4252,13,Top 5000,Top 5000,top5000,v.,πονάω,ache,ache photo,generated
4253,13,Top 5000,Top 5000,top5000,adj.,κοινός,common,common photo,generated
4254,13,Top 5000,Top 5000,top5000,n.,το κοινό,public,public photo,generated
4255,13,Top 5000,Top 5000,top5000,n.,η μπάλα,ball,ball photo,generated
4256,13,Top 5000,Top 5000,top5000,n.,ο στρατός,army,army photo,generated
4257,13,Top 5000,Top 5000,top5000,n.,το άλογο,horse,horse photo,generated
4258,13,Top 5000,Top 5000,top5000,adv.,βαθιά,Nominative,Nominative photo,generated
4259,13,Top 5000,Top 5000,top5000,n.,η παρέα,group of friends,group of friends photo,generated
4260,13,Top 5000,Top 5000,top5000,n.,το δάσος,wood,wood photo,generated
4261,13,Top 5000,Top 5000,top5000,adj.,επικίνδυνος,dangerous,dangerous photo,generated
4262,13,Top 5000,Top 5000,top5000,adj.,έγκυος,pregnant,pregnant photo,generated
4263,13,Top 5000,Top 5000,top5000,n.,το ζώο,animal,animal photo,generated
4264,13,Top 5000,Top 5000,top5000,n.,το μαχαίρι,knife,knife photo,generated
4265,13,Top 5000,Top 5000,top5000,adj.,σοβαρός,reliable,reliable photo,generated
4266,13,Top 5000,Top 5000,top5000,adj.,γεμάτος,full of,full of photo,generated
4267,13,Top 5000,Top 5000,top5000,n.,ο κίνδυνος,danger,danger photo,generated
4268,13,Top 5000,Top 5000,top5000,n.,η βασίλισσα,queen,queen photo,generated
4269,13,Top 5000,Top 5000,top5000,n.,το διάστημα,period,period photo,generated
4270,13,Top 5000,Top 5000,top5000,n.,η Αθήνα,Athens,Athens photo,generated
4271,13,Top 5000,Top 5000,top5000,n.,το Παρίσι,Paris,Paris photo,generated
4272,13,Top 5000,Top 5000,top5000,n.,ο δικηγόρος,lawyer,lawyer photo,generated
4273,13,Top 5000,Top 5000,top5000,v.,πιάνω,hold,hold photo,generated
4274,13,Top 5000,Top 5000,top5000,n.,η κουζίνα,kitchen,kitchen photo,generated
4275,13,Top 5000,Top 5000,top5000,v.,χαλαρώνω,loosen,loosen photo,generated
4276,13,Top 5000,Top 5000,top5000,adj.,διαφορετικός,dissimilar,dissimilar photo,generated
4277,13,Top 5000,Top 5000,top5000,n.,η εικόνα,picture,picture photo,generated
4278,13,Top 5000,Top 5000,top5000,n.,το ζευγάρι,pair,pair photo,generated
4279,13,Top 5000,Top 5000,top5000,v.,απαντάω,reply,reply photo,generated
4280,13,Top 5000,Top 5000,top5000,n.,οι διακοπές,holidays,holidays photo,generated
4281,13,Top 5000,Top 5000,top5000,adj.,ειλικρινής,sincere,sincere photo,generated
4282,13,Top 5000,Top 5000,top5000,adv.,ήρεμα,calmly,calmly photo,generated
4283,13,Top 5000,Top 5000,top5000,n.,ο κόλπος,vagina,vagina photo,generated
4284,13,Top 5000,Top 5000,top5000,n.,η μύτη,nose,nose photo,generated
4285,13,Top 5000,Top 5000,top5000,n.,το νησί,island,island photo,generated
4286,13,Top 5000,Top 5000,top5000,n.,η προσφορά,offer,offer photo,generated
4287,13,Top 5000,Top 5000,top5000,adj.,έξυπνος,clever,clever photo,generated
4288,13,Top 5000,Top 5000,top5000,pron.,καθένας,each,each photo,generated
4289,13,Top 5000,Top 5000,top5000,n.,το κλαμπ,club,club photo,generated
4290,13,Top 5000,Top 5000,top5000,n.,η αίθουσα,hall,hall photo,generated
4291,13,Top 5000,Top 5000,top5000,v.,εκτιμάω,less formal variant of εκτιμώ (ektimó),,needs_review
4292,13,Top 5000,Top 5000,top5000,n.,το ίχνος,trace,trace photo,generated
4293,13,Top 5000,Top 5000,top5000,adv.,μυστικά,secretly,secretly photo,generated
4294,13,Top 5000,Top 5000,top5000,n.,το μέλος,member,member photo,generated
4295,13,Top 5000,Top 5000,top5000,conj.,διότι,because,because photo,generated
4296,13,Top 5000,Top 5000,top5000,n.,η λύση,solution,solution photo,generated
4297,13,Top 5000,Top 5000,top5000,adj.,κρύος,cold,cold photo,generated
4298,13,Top 5000,Top 5000,top5000,num.,επτά,seven,seven photo,generated
4299,13,Top 5000,Top 5000,top5000,adv.,εντωμεταξύ,meanwhile,meanwhile photo,generated
4300,13,Top 5000,Top 5000,top5000,adj.,μαύρος,black,black photo,generated
4301,13,Top 5000,Top 5000,top5000,n.,το ταξί,taxi,taxi photo,generated
4302,13,Top 5000,Top 5000,top5000,n.,το βήμα,Tribune,Tribune photo,generated
4303,13,Top 5000,Top 5000,top5000,n.,η τουαλέτα,lavatory,lavatory photo,generated
4304,13,Top 5000,Top 5000,top5000,n.,η αίσθηση,sensation,sensation photo,generated
4305,13,Top 5000,Top 5000,top5000,n.,η πίστη,faith,faith photo,generated
4306,13,Top 5000,Top 5000,top5000,adv.,ηλίθια,stupidly,stupidly photo,generated
4307,13,Top 5000,Top 5000,top5000,n.,το έδαφος,ground,ground photo,generated
4308,13,Top 5000,Top 5000,top5000,adj.,άσχημος,ugly,ugly photo,generated
4309,13,Top 5000,Top 5000,top5000,v.,ταιριάζω,match,match photo,generated
4310,13,Top 5000,Top 5000,top5000,n.,η ενέργεια,energy,energy photo,generated
4311,13,Top 5000,Top 5000,top5000,v.,αρκώ,suffice,suffice photo,generated
4312,13,Top 5000,Top 5000,top5000,n.,η σκέψη,thought,thought photo,generated
4313,13,Top 5000,Top 5000,top5000,n.,το έργο,work,work photo,generated
4314,13,Top 5000,Top 5000,top5000,v.,λειτουργώ,function,function photo,generated
4315,13,Top 5000,Top 5000,top5000,n.,ο αστυνομικός,policeman,policeman photo,generated
4316,13,Top 5000,Top 5000,top5000,adj.,τρίτος,third,third photo,generated
4317,13,Top 5000,Top 5000,top5000,n.,η Τρίτη,Tuesday,Tuesday photo,generated
4318,13,Top 5000,Top 5000,top5000,v.,κοιμάμαι,sleep,sleep photo,generated
4319,13,Top 5000,Top 5000,top5000,n.,ο μαλάκας,wanker,wanker photo,generated
4320,13,Top 5000,Top 5000,top5000,n.,ο σύζυγος,spouse (husband,spouse (husband photo,generated
4321,13,Top 5000,Top 5000,top5000,n.,η πίεση,pressure,pressure photo,generated
4322,13,Top 5000,Top 5000,top5000,v.,εξαρτώμαι,be dependent upon,be dependent upon photo,generated
4323,13,Top 5000,Top 5000,top5000,n.,ο πελάτης,customer,customer photo,generated
4324,13,Top 5000,Top 5000,top5000,n.,ο κυβερνήτης,governor,governor photo,generated
4325,13,Top 5000,Top 5000,top5000,v.,ξεκινάω,start out,start out photo,generated
4326,13,Top 5000,Top 5000,top5000,n.,ο λογαριασμός,bill,bill photo,generated
4327,13,Top 5000,Top 5000,top5000,adj.,ελεύθερος,free,free photo,generated
4328,13,Top 5000,Top 5000,top5000,v.,εξαφανίζομαι,disappear,disappear photo,generated
4329,13,Top 5000,Top 5000,top5000,adv.,κιόλας,already,already photo,generated
4330,13,Top 5000,Top 5000,top5000,n.,ο στρατιώτης,soldier,soldier photo,generated
4331,13,Top 5000,Top 5000,top5000,n.,το έγκλημα,crime,crime photo,generated
4332,13,Top 5000,Top 5000,top5000,v.,φταίω,be to blame,be to blame photo,generated
4333,13,Top 5000,Top 5000,top5000,n.,το εργαστήριο,laboratory,laboratory photo,generated
4334,13,Top 5000,Top 5000,top5000,n.,το τρένο,train,train photo,generated
4335,13,Top 5000,Top 5000,top5000,v.,συμφωνώ,agree,agree photo,generated
4336,13,Top 5000,Top 5000,top5000,n.,η εμπιστοσύνη,trust,trust photo,generated
4337,13,Top 5000,Top 5000,top5000,n.,η προσπάθεια,effort,effort photo,generated
4338,13,Top 5000,Top 5000,top5000,n.,το παράδειγμα,example,example photo,generated
4339,13,Top 5000,Top 5000,top5000,v.,περιγράφω,write account,write account photo,generated
4340,13,Top 5000,Top 5000,top5000,n.,το Λονδίνο,London,London photo,generated
4341,13,Top 5000,Top 5000,top5000,v.,φροντίζω,care for,care for photo,generated
4342,13,Top 5000,Top 5000,top5000,n.,ο τοίχος,wall,wall photo,generated
4343,13,Top 5000,Top 5000,top5000,n.,η τρύπα,hole,hole photo,generated
4344,13,Top 5000,Top 5000,top5000,adj.,ολόκληρος,whole,whole photo,generated
4345,13,Top 5000,Top 5000,top5000,v.,αποκλείεται,it is impossible,it is impossible photo,generated
4346,13,Top 5000,Top 5000,top5000,n.,ο σταθμός,station,station photo,generated
4347,13,Top 5000,Top 5000,top5000,adj.,υπεύθυνος,responsible,responsible photo,generated
4348,13,Top 5000,Top 5000,top5000,n.,ο υπολογιστής,computer,computer photo,generated
4349,13,Top 5000,Top 5000,top5000,v.,παθαίνω,happen to,happen to photo,generated
4350,13,Top 5000,Top 5000,top5000,n,η πιθανότητα,probability,probability photo,generated
4351,13,Top 5000,Top 5000,top5000,n.,η γέφυρα,bridge,bridge photo,generated
4352,13,Top 5000,Top 5000,top5000,adj.,ευτυχισμένος,happy,happy photo,generated
4353,13,Top 5000,Top 5000,top5000,n.,ο παππούς,grandfather,grandfather photo,generated
4354,13,Top 5000,Top 5000,top5000,n.,η στολή,uniform,uniform photo,generated
4355,13,Top 5000,Top 5000,top5000,v.,κλείνω,close,close photo,generated
4356,13,Top 5000,Top 5000,top5000,n.,η εμπειρία,experience,experience photo,generated
4357,13,Top 5000,Top 5000,top5000,n.,το χωριό,village,village photo,generated
4358,13,Top 5000,Top 5000,top5000,adj.,πραγματικός,real,real photo,generated
4359,13,Top 5000,Top 5000,top5000,n.,η πρόταση,suggestion,suggestion photo,generated
4360,13,Top 5000,Top 5000,top5000,n.,το καπέλο,the hat,,needs_review
4361,13,Top 5000,Top 5000,top5000,n.,το λεωφορείο,the bus,,needs_review
4362,13,Top 5000,Top 5000,top5000,adv.,παραλίγο,nearly,nearly photo,generated
4363,13,Top 5000,Top 5000,top5000,n.,το γεύμα,meal,meal photo,generated
4364,13,Top 5000,Top 5000,top5000,n.,το πνεύμα,spirit,spirit photo,generated
4365,13,Top 5000,Top 5000,top5000,n.,ο σεβασμός,respect,respect photo,generated
4366,13,Top 5000,Top 5000,top5000,n.,ο θείος,uncle,uncle photo,generated
4367,13,Top 5000,Top 5000,top5000,v.,προτιμάω,prefer,prefer photo,generated
4368,13,Top 5000,Top 5000,top5000,n.,η βραδιά,evening,evening photo,generated
4369,13,Top 5000,Top 5000,top5000,n./adj.,ο χρυσός,gold,gold photo,generated
4370,13,Top 5000,Top 5000,top5000,n.,η πρόσβαση,access,access photo,generated
4371,13,Top 5000,Top 5000,top5000,adj.,δίκαιος,just,just photo,generated
4372,13,Top 5000,Top 5000,top5000,adj.,υπόλοιπος,remaining,remaining photo,generated
4373,13,Top 5000,Top 5000,top5000,n.,το βάρος,weight,weight photo,generated
4374,13,Top 5000,Top 5000,top5000,n.,η μετάφραση,translation,translation photo,generated
4375,13,Top 5000,Top 5000,top5000,n.,η συμπεριφορά,behaviour,behaviour photo,generated
4376,13,Top 5000,Top 5000,top5000,n.,η κλήση,call,call photo,generated
4377,13,Top 5000,Top 5000,top5000,adj.,καινούργιος,new; recently acquired or made,,needs_review
4378,13,Top 5000,Top 5000,top5000,n.,η πτήση,flight,flight photo,generated
4379,13,Top 5000,Top 5000,top5000,n.,το πάτωμα,floor,floor photo,generated
4380,13,Top 5000,Top 5000,top5000,n.,το εστιατόριο,restaurant,restaurant photo,generated
4381,13,Top 5000,Top 5000,top5000,v.,ρίχνω,drop,drop photo,generated
4382,13,Top 5000,Top 5000,top5000,n.,η διαδικασία,procedure,procedure photo,generated
4383,13,Top 5000,Top 5000,top5000,n.,το επεισόδιο,episode,episode photo,generated
4384,13,Top 5000,Top 5000,top5000,n.,το λουλούδι,flower,flower photo,generated
4385,13,Top 5000,Top 5000,top5000,n.,ο στόχος,target,target photo,generated
4386,13,Top 5000,Top 5000,top5000,v.,ξυπνάω,awake,awake photo,generated
4387,13,Top 5000,Top 5000,top5000,adj.,άρρωστος,sickly,sickly photo,generated
4388,13,Top 5000,Top 5000,top5000,n.,η εργασία,task,task photo,generated
4389,13,Top 5000,Top 5000,top5000,n.,το αποτέλεσμα,result,result photo,generated
4390,13,Top 5000,Top 5000,top5000,n.,ο σκύλος,the dog,,needs_review
4391,13,Top 5000,Top 5000,top5000,adv.,συνεχώς,continuously,continuously photo,generated
4392,13,Top 5000,Top 5000,top5000,n.,το δόντι,tooth,tooth photo,generated
4393,13,Top 5000,Top 5000,top5000,n.,το ρολόι,watch,watch photo,generated
4394,13,Top 5000,Top 5000,top5000,n.,η γωνία,corner,corner photo,generated
4395,13,Top 5000,Top 5000,top5000,n.,η μοίρα,fate,fate photo,generated
4396,13,Top 5000,Top 5000,top5000,n.,ο έρωτας,the love,,needs_review
4397,13,Top 5000,Top 5000,top5000,n.,η ειρήνη,peace,peace photo,generated
4398,13,Top 5000,Top 5000,top5000,n.,η ζώνη,zone,zone photo,generated
4399,13,Top 5000,Top 5000,top5000,n.,ο Έλληνας,Greek person,Greek person photo,generated
4400,13,Top 5000,Top 5000,top5000,n.,το χρώμα,colour,colour photo,generated
4401,13,Top 5000,Top 5000,top5000,n.,το φόρεμα,dress,dress photo,generated
4402,13,Top 5000,Top 5000,top5000,n. (pl.),οι ΗΠΑ,the USA,,needs_review
4403,13,Top 5000,Top 5000,top5000,adj.,αγαπημένος,dear,dear photo,generated
4404,13,Top 5000,Top 5000,top5000,n.,το σκοτάδι,darkness,darkness photo,generated
4405,13,Top 5000,Top 5000,top5000,n.,η συνέντευξη,interview,interview photo,generated
4406,13,Top 5000,Top 5000,top5000,n.,το δέντρο,tree,tree photo,generated
4407,13,Top 5000,Top 5000,top5000,n.,η ακρίβεια,accuracy,accuracy photo,generated
4408,13,Top 5000,Top 5000,top5000,n,η πορεία,course,course photo,generated
4409,13,Top 5000,Top 5000,top5000,adj.,ήσυχος,quiet,quiet photo,generated
4410,13,Top 5000,Top 5000,top5000,n.,η επιτυχία,success,success photo,generated
4411,13,Top 5000,Top 5000,top5000,adj.,επίπεδος,flat,flat photo,generated
4412,13,Top 5000,Top 5000,top5000,n.,το επίπεδο,level,level photo,generated
4413,13,Top 5000,Top 5000,top5000,n.,η παράσταση,performance,performance photo,generated
4414,13,Top 5000,Top 5000,top5000,n.,η λεπτομέρεια,detail,detail photo,generated
4415,13,Top 5000,Top 5000,top5000,n.,ο ρόλος,role,role photo,generated
4416,13,Top 5000,Top 5000,top5000,n.,το μπουκάλι,bottle,bottle photo,generated
4417,13,Top 5000,Top 5000,top5000,n.,η κουβέντα,chat,chat photo,generated
4418,13,Top 5000,Top 5000,top5000,adj.,σκληρός,hard,hard photo,generated
4419,13,Top 5000,Top 5000,top5000,n.,η εξέταση,exam,exam photo,generated
4420,13,Top 5000,Top 5000,top5000,n.,η προστασία,protection,protection photo,generated
4421,13,Top 5000,Top 5000,top5000,adv.,βόρεια,Nominative,Nominative photo,generated
4422,13,Top 5000,Top 5000,top5000,adv./adj.,επιπλέον,further,further photo,generated
4423,13,Top 5000,Top 5000,top5000,adv.,ιδιαίτερα,particularly,particularly photo,generated
4424,13,Top 5000,Top 5000,top5000,v.,πληρώνω,pay for past action,pay for past action photo,generated
4425,13,Top 5000,Top 5000,top5000,n.,το τηλεφώνημα,phone call,phone call photo,generated
4426,13,Top 5000,Top 5000,top5000,v.,κλέβω,steal,steal photo,generated
4427,13,Top 5000,Top 5000,top5000,adv.,καθαρά,Nominative,Nominative photo,generated
4428,13,Top 5000,Top 5000,top5000,adv.,εξάλλου,frantic,frantic photo,generated
4429,13,Top 5000,Top 5000,top5000,n.,η διαταγή,order,order photo,generated
4430,13,Top 5000,Top 5000,top5000,adv.,κατευθείαν,directly,directly photo,generated
4431,13,Top 5000,Top 5000,top5000,n.,η ταχύτητα,speed,speed photo,generated
4432,13,Top 5000,Top 5000,top5000,n.,το πουλί,bird,bird photo,generated
4433,13,Top 5000,Top 5000,top5000,n.,η συμβουλή,advice,advice photo,generated
4434,13,Top 5000,Top 5000,top5000,adv.,κυρίως,mainly,mainly photo,generated
4435,13,Top 5000,Top 5000,top5000,adv./interj.,θαυμάσια,wonderfully,wonderfully photo,generated
4436,13,Top 5000,Top 5000,top5000,n.,ο κόπος,hassle,hassle photo,generated
4437,13,Top 5000,Top 5000,top5000,n.,η καριέρα,career,career photo,generated
4438,13,Top 5000,Top 5000,top5000,n.,η εφημερίδα,newspaper,newspaper photo,generated
4439,13,Top 5000,Top 5000,top5000,n.,η ευθύνη,responsibility,responsibility photo,generated
4440,13,Top 5000,Top 5000,top5000,n.,η ελευθερία,freedom,freedom photo,generated
4441,13,Top 5000,Top 5000,top5000,pron.,οποιοσδήποτε,whoever,whoever photo,generated
4442,13,Top 5000,Top 5000,top5000,n.,το δαχτυλίδι,ring,ring photo,generated
4443,13,Top 5000,Top 5000,top5000,n.,η πολιτική,politics,politics photo,generated
4444,13,Top 5000,Top 5000,top5000,n.,το συμβούλιο,board,board photo,generated
4445,13,Top 5000,Top 5000,top5000,n.,η καταστροφή,disaster,disaster photo,generated
4446,13,Top 5000,Top 5000,top5000,v.,γράφω,write,write photo,generated
4447,13,Top 5000,Top 5000,top5000,adv.,δύσκολα,with difficulty,with difficulty photo,generated
4448,13,Top 5000,Top 5000,top5000,n.,η πηγή,source,source photo,generated
4449,13,Top 5000,Top 5000,top5000,n.,το φάντασμα,ghost,ghost photo,generated
4450,13,Top 5000,Top 5000,top5000,n.,η καρέκλα,chair,chair photo,generated
4451,13,Top 5000,Top 5000,top5000,adj.,γελοίος,ridiculous,ridiculous photo,generated
4452,13,Top 5000,Top 5000,top5000,n.,η δολοφονία,murder,murder photo,generated
4453,13,Top 5000,Top 5000,top5000,n.,η παραλία,beach,beach photo,generated
4454,13,Top 5000,Top 5000,top5000,adj.,λευκός,white,white photo,generated
4455,13,Top 5000,Top 5000,top5000,num.,οκτώ,eight,eight photo,generated
4456,13,Top 5000,Top 5000,top5000,n.,η κρίση,crisis,crisis photo,generated
4457,13,Top 5000,Top 5000,top5000,adj.,χαρούμενος,happy,happy photo,generated
4458,13,Top 5000,Top 5000,top5000,n.,το πανεπιστήμιο,university,university photo,generated
4459,13,Top 5000,Top 5000,top5000,v.,σώζω,save,save photo,generated
4460,13,Top 5000,Top 5000,top5000,v.,καταφέρνω,accomplish,accomplish photo,generated
4461,13,Top 5000,Top 5000,top5000,interj.,ωχ,ouch!,ouch! photo,generated
4462,13,Top 5000,Top 5000,top5000,adv.,νότια,Nominative,Nominative photo,generated
4463,13,Top 5000,Top 5000,top5000,n.,το γάλα,milk,cow milking,override
4464,13,Top 5000,Top 5000,top5000,adv.,πρόσφατα,recently,recently photo,generated
4465,13,Top 5000,Top 5000,top5000,v.,προχωράω,move,move photo,generated
4466,13,Top 5000,Top 5000,top5000,adj.,πιθανός,likely,likely photo,generated
4467,13,Top 5000,Top 5000,top5000,prep./adv.,απέναντι,opposite,opposite photo,generated
4468,13,Top 5000,Top 5000,top5000,adj.,τρομερός,astounding,astounding photo,generated
4469,13,Top 5000,Top 5000,top5000,adj.,αδύνατος,weak,weak photo,generated
4470,13,Top 5000,Top 5000,top5000,n.,το πάρκο,park,park photo,generated
4471,13,Top 5000,Top 5000,top5000,adv.,τεράστια,huge,huge photo,generated
4472,13,Top 5000,Top 5000,top5000,n.,η μνήμη,memory,memory photo,generated
4473,13,Top 5000,Top 5000,top5000,n.,η φύση,nature,nature photo,generated
4474,13,Top 5000,Top 5000,top5000,n.,το σαββατοκύριακο,weekend,weekend photo,generated
4475,13,Top 5000,Top 5000,top5000,v.,κερδίζω,profit,profit photo,generated
4476,13,Top 5000,Top 5000,top5000,v.,μυρίζω,smell,smell photo,generated
4477,13,Top 5000,Top 5000,top5000,n.,ο επικεφαλής,head,head photo,generated
4478,13,Top 5000,Top 5000,top5000,adj.,όσος,as many as,as many as photo,generated
4479,13,Top 5000,Top 5000,top5000,n.,το δέρμα,skin,skin photo,generated
4480,13,Top 5000,Top 5000,top5000,n.,το στήθος,chest,chest photo,generated
4481,13,Top 5000,Top 5000,top5000,n.,η γάτα,the cat,,needs_review
4482,13,Top 5000,Top 5000,top5000,n.,ο διευθυντής,manager,manager photo,generated
4483,13,Top 5000,Top 5000,top5000,n.,το καλοκαίρι,summer,summer photo,generated
4484,13,Top 5000,Top 5000,top5000,n.,η Παρασκευή,Friday,Friday photo,generated
4485,13,Top 5000,Top 5000,top5000,adj.,απαίσιος,awful,awful photo,generated
4486,13,Top 5000,Top 5000,top5000,n.,το κρέας,meat,meat photo,generated
4487,13,Top 5000,Top 5000,top5000,n.,η πύλη,gate,gate photo,generated
4488,13,Top 5000,Top 5000,top5000,n.,το πεδίο,field,field photo,generated
4489,13,Top 5000,Top 5000,top5000,adj.,καθαρός,clean,clean photo,generated
4490,13,Top 5000,Top 5000,top5000,n. pl.,τα σκουπίδια,rubbish,rubbish photo,generated
4491,13,Top 5000,Top 5000,top5000,v.,οδηγάω,(colloquial) Alternative form of οδηγώ (odigó),,needs_review
4492,13,Top 5000,Top 5000,top5000,n.,η κούκλα,doll,doll photo,generated
4493,13,Top 5000,Top 5000,top5000,n.,η μονάδα,unit,unit photo,generated
4494,13,Top 5000,Top 5000,top5000,v.,πυροβολάω,shoot,shoot photo,generated
4495,13,Top 5000,Top 5000,top5000,n.,το φάρμακο,drug,drug photo,generated
4496,13,Top 5000,Top 5000,top5000,n.,ο βοηθός,helper,helper photo,generated
4497,13,Top 5000,Top 5000,top5000,n.,η φάση,phase,phase photo,generated
4498,13,Top 5000,Top 5000,top5000,adv.,απαίσια,Nominative,Nominative photo,generated
4499,13,Top 5000,Top 5000,top5000,n.,η ζέστη,warmth,warmth photo,generated
4500,13,Top 5000,Top 5000,top5000,n.,το παρόν,present,present photo,generated
4501,13,Top 5000,Top 5000,top5000,n.,η θεωρία,theory,theory photo,generated
4502,13,Top 5000,Top 5000,top5000,n.,ο ήρωας,hero,hero photo,generated
4503,13,Top 5000,Top 5000,top5000,n.,το αεροδρόμιο,airport,airport photo,generated
4504,13,Top 5000,Top 5000,top5000,n.,η αγορά,market,market photo,generated
4505,13,Top 5000,Top 5000,top5000,n.,η εκδίκηση,revenge,revenge photo,generated
4506,13,Top 5000,Top 5000,top5000,num.,εκατό,hundred,hundred photo,generated
4507,13,Top 5000,Top 5000,top5000,n.,η γεύση,taste,taste photo,generated
4508,13,Top 5000,Top 5000,top5000,n.,ο γέρος,the old man,,needs_review
4509,13,Top 5000,Top 5000,top5000,n.,η αποθήκη,warehouse,warehouse photo,generated
4510,13,Top 5000,Top 5000,top5000,v.,προτείνω,suggest,suggest photo,generated
4511,13,Top 5000,Top 5000,top5000,adj.,σπουδαίος,great,great photo,generated
4512,13,Top 5000,Top 5000,top5000,n.,η οδός,street,street photo,generated
4513,13,Top 5000,Top 5000,top5000,conj.,προτού,before,before photo,generated
4514,13,Top 5000,Top 5000,top5000,adj.,κατάλληλος,appropriate,appropriate photo,generated
4515,13,Top 5000,Top 5000,top5000,n.,το υπόλοιπο,rest,rest photo,generated
4516,13,Top 5000,Top 5000,top5000,n.,ο φιλαράκος,buddy,buddy photo,generated
4517,13,Top 5000,Top 5000,top5000,n.,η διασκέδαση,amusement,amusement photo,generated
4518,13,Top 5000,Top 5000,top5000,n.,η απειλή,threat,threat photo,generated
4519,13,Top 5000,Top 5000,top5000,adv.,έστω,maybe so,maybe so photo,generated
4520,13,Top 5000,Top 5000,top5000,v.,ελέγχω,question,question photo,generated
4521,13,Top 5000,Top 5000,top5000,adj.,τεράστιος,huge,huge photo,generated
4522,13,Top 5000,Top 5000,top5000,n.,η κηδεία,funeral,funeral photo,generated
4523,13,Top 5000,Top 5000,top5000,n.,η μαγεία,magic,magic photo,generated
4524,13,Top 5000,Top 5000,top5000,adv.,στραβά,awry,awry photo,generated
4525,13,Top 5000,Top 5000,top5000,n.,η γειτονιά,neighbourhood,neighbourhood photo,generated
4526,13,Top 5000,Top 5000,top5000,n.,η πατρίδα,homeland,homeland photo,generated
4527,13,Top 5000,Top 5000,top5000,n.,η έκρηξη,explosion,explosion photo,generated
4528,13,Top 5000,Top 5000,top5000,n.,το θαύμα,miracle,miracle photo,generated
4529,13,Top 5000,Top 5000,top5000,n.,η εντολή,order,order photo,generated
4530,13,Top 5000,Top 5000,top5000,n.,το ξύλο,wood,wood photo,generated
4531,13,Top 5000,Top 5000,top5000,conj.,ωστόσο,nevertheless,nevertheless photo,generated
4532,13,Top 5000,Top 5000,top5000,n.,ο νόμος,rule,rule photo,generated
4533,13,Top 5000,Top 5000,top5000,v.,δοκιμάζω,test,test photo,generated
4534,13,Top 5000,Top 5000,top5000,n.,ο διάβολος,devil,devil photo,generated
4535,13,Top 5000,Top 5000,top5000,v.,χρησιμοποιώ,employ,employ photo,generated
4536,13,Top 5000,Top 5000,top5000,n.,η ταυτότητα,identity,identity photo,generated
4537,13,Top 5000,Top 5000,top5000,adv.,άνετα,comfortably,comfortably photo,generated
4538,13,Top 5000,Top 5000,top5000,n.,ο ουρανός,the sky,,needs_review
4539,13,Top 5000,Top 5000,top5000,v.,νοιάζομαι,care for,care for photo,generated
4540,13,Top 5000,Top 5000,top5000,v.,συναντάω,meet,meet photo,generated
4541,13,Top 5000,Top 5000,top5000,n. pl.,τα μετρητά,cash,cash photo,generated
4542,13,Top 5000,Top 5000,top5000,adj.,περήφανος,proud,proud photo,generated
4543,13,Top 5000,Top 5000,top5000,n.,η νίκη,victory,victory photo,generated
4544,13,Top 5000,Top 5000,top5000,n.,η στάση,stop,stop photo,generated
4545,13,Top 5000,Top 5000,top5000,v.,ισχύει,be valid,be valid photo,generated
4546,13,Top 5000,Top 5000,top5000,n.,η σχολή,faculty,faculty photo,generated
4547,13,Top 5000,Top 5000,top5000,n.,η παγίδα,trap,trap photo,generated
4548,13,Top 5000,Top 5000,top5000,n.,πετάω,throw,throw photo,generated
4549,13,Top 5000,Top 5000,top5000,n.,το ποτάμι,river,river photo,generated
4550,13,Top 5000,Top 5000,top5000,n.,το διάλειμμα,break,break photo,generated
4551,13,Top 5000,Top 5000,top5000,adj.,διάφορος,various,various photo,generated
4552,13,Top 5000,Top 5000,top5000,adv.,προσεκτικά,carefully,carefully photo,generated
4553,13,Top 5000,Top 5000,top5000,n.,η λογική,logic,logic photo,generated
4554,13,Top 5000,Top 5000,top5000,n.,ο φόβος,fear,fear photo,generated
4555,13,Top 5000,Top 5000,top5000,n.,το καθήκον,duty,duty photo,generated
4556,13,Top 5000,Top 5000,top5000,n.,ο τόπος,location,location photo,generated
4557,13,Top 5000,Top 5000,top5000,n. pl.,τα γενέθλια,birthday,birthday photo,generated
4558,13,Top 5000,Top 5000,top5000,n.,ο Τούρκος,Turkish person,Turkish person photo,generated
4559,13,Top 5000,Top 5000,top5000,adj.,βαρετός,boring,boring photo,generated
4560,13,Top 5000,Top 5000,top5000,n.,το τέρμα,last stop,last stop photo,generated
4561,13,Top 5000,Top 5000,top5000,n.,παντρεύομαι,marry,marry photo,generated
4562,13,Top 5000,Top 5000,top5000,adj.,πλήρης,complete,complete photo,generated
4563,13,Top 5000,Top 5000,top5000,v.,αποφασίζω,decide,decide photo,generated
4564,13,Top 5000,Top 5000,top5000,adv.,περίεργα,curiously,curiously photo,generated
4565,13,Top 5000,Top 5000,top5000,v.,επιτρέπω,allow,allow photo,generated
4566,13,Top 5000,Top 5000,top5000,adj.,καταπληκτικός,amazing,amazing photo,generated
4567,13,Top 5000,Top 5000,top5000,n.,η λίμνη,lake,lake photo,generated
4568,13,Top 5000,Top 5000,top5000,adv.,αλλού,elsewhere,elsewhere photo,generated
4569,13,Top 5000,Top 5000,top5000,n.,το φιλί,kiss,kiss photo,generated
4570,13,Top 5000,Top 5000,top5000,adv.,τριγύρω,around,around photo,generated
4571,13,Top 5000,Top 5000,top5000,n.,η κορυφή,peak,peak photo,generated
4572,13,Top 5000,Top 5000,top5000,adj.,ζεστός,warm,warm photo,generated
4573,13,Top 5000,Top 5000,top5000,v.,λαμβάνω,take,take photo,generated
4574,13,Top 5000,Top 5000,top5000,adj.,απασχολημένος,busy,busy photo,generated
4575,13,Top 5000,Top 5000,top5000,adv.,δωρεάν,free,free photo,generated
4576,13,Top 5000,Top 5000,top5000,n.,το ποτήρι,glass,glass photo,generated
4577,13,Top 5000,Top 5000,top5000,n.,ο βλάκας,moron,moron photo,generated
4578,13,Top 5000,Top 5000,top5000,n.,η αξία,value,value photo,generated
4579,13,Top 5000,Top 5000,top5000,v.,παραγγέλνω,(less formal) Alternative form of παραγγέλλω (parangéllo),,needs_review
4580,13,Top 5000,Top 5000,top5000,v.,βιάζομαι,am forced,am forced photo,generated
4581,13,Top 5000,Top 5000,top5000,n.,η πράξη,deed,deed photo,generated
4582,13,Top 5000,Top 5000,top5000,adj.,προηγούμενος,preceding,preceding photo,generated
4583,13,Top 5000,Top 5000,top5000,n.,η φήμη,fame,fame photo,generated
4584,13,Top 5000,Top 5000,top5000,adj.,λογικός,logical,logical photo,generated
4585,13,Top 5000,Top 5000,top5000,v.,καταστρέφω,destroy,destroy photo,generated
4586,13,Top 5000,Top 5000,top5000,n.,ο μπάτσος,the cop (policeman),,needs_review
4587,13,Top 5000,Top 5000,top5000,n.,η απόσταση,distance,distance photo,generated
4588,13,Top 5000,Top 5000,top5000,v.,εμπιστεύομαι,trust,trust photo,generated
4589,13,Top 5000,Top 5000,top5000,n.,το χάπι,pill,pill photo,generated
4590,13,Top 5000,Top 5000,top5000,v.,αντέχω,withstand,withstand photo,generated
4591,13,Top 5000,Top 5000,top5000,n.,το σύμπαν,universe,universe photo,generated
4592,13,Top 5000,Top 5000,top5000,n.,η ντροπή,shame,shame photo,generated
4593,13,Top 5000,Top 5000,top5000,n.,η ιατρική,medicine,medicine photo,generated
4594,13,Top 5000,Top 5000,top5000,n. pl.,τα γυαλιά,glasses,glasses photo,generated
4595,13,Top 5000,Top 5000,top5000,n.,η Γαλλία,France,France photo,generated
4596,13,Top 5000,Top 5000,top5000,adv.,ήσυχα,quietly,quietly photo,generated
4597,13,Top 5000,Top 5000,top5000,v.,σπάζω,break,break photo,generated
4598,13,Top 5000,Top 5000,top5000,adj.,θυμωμένος,angry,angry photo,generated
4599,13,Top 5000,Top 5000,top5000,n.,η ληστεία,robbery,robbery photo,generated
4600,13,Top 5000,Top 5000,top5000,n.,η δίκη,trial,trial photo,generated
4601,13,Top 5000,Top 5000,top5000,n.,το παντελόνι,trousers,trousers photo,generated
4602,13,Top 5000,Top 5000,top5000,n.,η βλακεία,stupidity,stupidity photo,generated
4603,13,Top 5000,Top 5000,top5000,n.,η κατηγορία,category,category photo,generated
4604,13,Top 5000,Top 5000,top5000,adj.,μοναδικός,unique,unique photo,generated
4605,13,Top 5000,Top 5000,top5000,n.,η διάθεση,mood,mood photo,generated
4606,13,Top 5000,Top 5000,top5000,adj.,προσωπικός,personal,personal photo,generated
4607,13,Top 5000,Top 5000,top5000,n.,η υπομονή,patience,patience photo,generated
4608,13,Top 5000,Top 5000,top5000,num.,είκοσι,twenty,twenty photo,generated
4609,13,Top 5000,Top 5000,top5000,adj.,ευγενικός,polite,polite photo,generated
4610,13,Top 5000,Top 5000,top5000,n.,ο μπελάς,trouble,trouble photo,generated
4611,13,Top 5000,Top 5000,top5000,n.,ο ήλιος,the sun,,needs_review
4612,13,Top 5000,Top 5000,top5000,n.,η ζημιά,damage,damage photo,generated
4613,13,Top 5000,Top 5000,top5000,n.,η δικαιοσύνη,justice,justice photo,generated
4614,13,Top 5000,Top 5000,top5000,n.,η συσκευή,device,device photo,generated
4615,13,Top 5000,Top 5000,top5000,n.,ο φάκελος,envelope,envelope photo,generated
4616,13,Top 5000,Top 5000,top5000,v.,εμφανίζομαι,appear,appear photo,generated
4617,13,Top 5000,Top 5000,top5000,n.,το κιλό,kilo,kilo photo,generated
4618,13,Top 5000,Top 5000,top5000,n.,ο μάρτυρας,witness,witness photo,generated
4619,13,Top 5000,Top 5000,top5000,v.,χορεύω,dance,dance photo,generated
4620,13,Top 5000,Top 5000,top5000,n.,η ανοησία,nonsense,nonsense photo,generated
4621,13,Top 5000,Top 5000,top5000,n.,η Δευτέρα,Monday,Monday photo,generated
4622,13,Top 5000,Top 5000,top5000,n.,το ταλέντο,talent,talent photo,generated
4623,13,Top 5000,Top 5000,top5000,n.,ο τομέας,sector,sector photo,generated
4624,13,Top 5000,Top 5000,top5000,n.,το κολέγιο,college,college photo,generated
4625,13,Top 5000,Top 5000,top5000,n.,ο νοσοκόμος,nurse,nurse photo,generated
4626,13,Top 5000,Top 5000,top5000,n.,η αιτία,reason,reason photo,generated
4627,13,Top 5000,Top 5000,top5000,adv.,κανονικά,regular,regular photo,generated
4628,13,Top 5000,Top 5000,top5000,n.,το πλάσμα,creature,creature photo,generated
4629,13,Top 5000,Top 5000,top5000,v.,δολοφονώ,murder,murder photo,generated
4630,13,Top 5000,Top 5000,top5000,v.,θυμίζω,remind,remind photo,generated
4631,13,Top 5000,Top 5000,top5000,adj.,ακίνητος,immobile,immobile photo,generated
4632,13,Top 5000,Top 5000,top5000,adv.,εξαιρετικά,eminently,eminently photo,generated
4633,13,Top 5000,Top 5000,top5000,n.,η βία,violence,violence photo,generated
4634,13,Top 5000,Top 5000,top5000,v.,τραβάω,pull,pull photo,generated
4635,13,Top 5000,Top 5000,top5000,n.,ο ασθενής,patient,patient photo,generated
4636,13,Top 5000,Top 5000,top5000,n.,το όριο,boundary,boundary photo,generated
4637,13,Top 5000,Top 5000,top5000,adj.,επείγων,urgent,urgent photo,generated
4638,13,Top 5000,Top 5000,top5000,adj.,γρήγορος,quick,quick photo,generated
4639,13,Top 5000,Top 5000,top5000,v.,κουβαλάω,carry,carry photo,generated
4640,13,Top 5000,Top 5000,top5000,n.,η Αγγλία,England,England photo,generated
4641,13,Top 5000,Top 5000,top5000,adj.,χαζός,unintelligent,unintelligent photo,generated
4642,13,Top 5000,Top 5000,top5000,v.,αναφέρω,mention,mention photo,generated
4643,13,Top 5000,Top 5000,top5000,n.,η περιουσία,fortune,fortune photo,generated
4644,13,Top 5000,Top 5000,top5000,v.,βαριέμαι,be bored,be bored photo,generated
4645,13,Top 5000,Top 5000,top5000,n.,η εκπομπή,programme,programme photo,generated
4646,13,Top 5000,Top 5000,top5000,n.,η πέτρα,rock,rock photo,generated
4647,13,Top 5000,Top 5000,top5000,n.,η τρέλα,madness,madness photo,generated
4648,13,Top 5000,Top 5000,top5000,n.,η μυρωδιά,smell,smell photo,generated
4649,13,Top 5000,Top 5000,top5000,n.,η τέχνη,the art,,needs_review
4650,13,Top 5000,Top 5000,top5000,adv.,αληθινά,truly,truly photo,generated
4651,13,Top 5000,Top 5000,top5000,n.,το σπαθί,sword,sword photo,generated
4652,13,Top 5000,Top 5000,top5000,n.,το ψάρι,fish,fish photo,generated
4653,13,Top 5000,Top 5000,top5000,n.,η μορφή,shape,shape photo,generated
4654,13,Top 5000,Top 5000,top5000,n.,η βάρκα,boat,boat photo,generated
4655,13,Top 5000,Top 5000,top5000,n.,ο καθηγητής,professor,professor photo,generated
4656,13,Top 5000,Top 5000,top5000,adj.,παντρεμένος,husband,husband photo,generated
4657,13,Top 5000,Top 5000,top5000,n.,το δείγμα,sample,sample photo,generated
4658,13,Top 5000,Top 5000,top5000,n.,το υπόγειο,basement,basement photo,generated
4659,13,Top 5000,Top 5000,top5000,n.,το ασθενοφόρο,ambulance,ambulance photo,generated
4660,13,Top 5000,Top 5000,top5000,v.,χάνομαι,vanish,vanish photo,generated
4661,13,Top 5000,Top 5000,top5000,adj.,απαραίτητος,needed,needed photo,generated
4662,13,Top 5000,Top 5000,top5000,n.,το πακέτο,packet,packet photo,generated
4663,13,Top 5000,Top 5000,top5000,adj.,ασθενής,sick,sick photo,generated
4664,13,Top 5000,Top 5000,top5000,n.,το συμβόλαιο,contract,contract photo,generated
4665,13,Top 5000,Top 5000,top5000,adj.,ένοχος,guilty,guilty photo,generated
4666,13,Top 5000,Top 5000,top5000,n.,πεινάω,be hungry,be hungry photo,generated
4667,13,Top 5000,Top 5000,top5000,v.,φοράω,wear,wear photo,generated
4668,13,Top 5000,Top 5000,top5000,n.,η όρεξη,appetite,appetite photo,generated
4669,13,Top 5000,Top 5000,top5000,n.,η αυλή,courtyard,courtyard photo,generated
4670,13,Top 5000,Top 5000,top5000,n.,η δράση,the action,,needs_review
4671,13,Top 5000,Top 5000,top5000,n.,ο όροφος,floor,floor photo,generated
4672,13,Top 5000,Top 5000,top5000,v.,μαντεύω,prophesy,prophesy photo,generated
4673,13,Top 5000,Top 5000,top5000,n.,ο κήπος,garden,garden photo,generated
4674,13,Top 5000,Top 5000,top5000,n.,η ευχή,wish,wish photo,generated
4675,13,Top 5000,Top 5000,top5000,n.,η επιστροφή,return,return photo,generated
4676,13,Top 5000,Top 5000,top5000,n.,το πυρ,fire,fire photo,generated
4677,13,Top 5000,Top 5000,top5000,n.,ο πάγος,the ice,,needs_review
4678,13,Top 5000,Top 5000,top5000,n.,ο οδηγός,guide,guide photo,generated
4679,13,Top 5000,Top 5000,top5000,adj.,φτηνός,cheap,cheap photo,generated
4680,13,Top 5000,Top 5000,top5000,adj.,ανθρώπινος,human,,needs_review
4681,13,Top 5000,Top 5000,top5000,adj.,βέβαιος,sure,sure photo,generated
4682,13,Top 5000,Top 5000,top5000,adv.,ασφαλώς,certainly,certainly photo,generated
4683,13,Top 5000,Top 5000,top5000,adj.,μεθυσμένος,drunk,drunk photo,generated
4684,13,Top 5000,Top 5000,top5000,v.,διαβάζω,read,read photo,generated
4685,13,Top 5000,Top 5000,top5000,n.,η εξουσία,authority,authority photo,generated
4686,13,Top 5000,Top 5000,top5000,n. pl.,οι οδηγίες,instructions,instructions photo,generated
4687,13,Top 5000,Top 5000,top5000,n.,η Κυριακή,Sunday,Sunday photo,generated
4688,13,Top 5000,Top 5000,top5000,adv.,κακά,badly,badly photo,generated
4689,13,Top 5000,Top 5000,top5000,n. pl.,οι ειδήσεις,news,news photo,generated
4690,13,Top 5000,Top 5000,top5000,n.,η εκατοντάδα,group of one hundred,group of one hundred photo,generated
4691,13,Top 5000,Top 5000,top5000,n.,το αυτί,the ear,,needs_review
4692,13,Top 5000,Top 5000,top5000,n.,η εντύπωση,impression,impression photo,generated
4693,13,Top 5000,Top 5000,top5000,n.,η ουσία,substance,substance photo,generated
4694,13,Top 5000,Top 5000,top5000,v.,κόβω,take shortcut,take shortcut photo,generated
4695,13,Top 5000,Top 5000,top5000,prep.,έως,(position): until,,needs_review
4696,13,Top 5000,Top 5000,top5000,v.,χρωστάω,"owe, be in debt",,needs_review
4697,13,Top 5000,Top 5000,top5000,n.,το στομάχι,stomach,stomach photo,generated
4698,13,Top 5000,Top 5000,top5000,n.,το εισιτήριο,ticket,ticket photo,generated
4699,13,Top 5000,Top 5000,top5000,v.,πλένω,wash,wash photo,generated
4700,13,Top 5000,Top 5000,top5000,n.,το σάντουιτς,sandwich,sandwich photo,generated
4701,13,Top 5000,Top 5000,top5000,n.,το άρθρο,article,article photo,generated
4702,13,Top 5000,Top 5000,top5000,n.,το κυνήγι,hunt,hunt photo,generated
4703,13,Top 5000,Top 5000,top5000,n.,η έκθεση,exhibition,exhibition photo,generated
4704,13,Top 5000,Top 5000,top5000,n.,η παρουσία,presence,presence photo,generated
4705,13,Top 5000,Top 5000,top5000,n.,το θέατρο,theatre,theatre photo,generated
4706,13,Top 5000,Top 5000,top5000,n.,το αυγό,the egg,,needs_review
4707,13,Top 5000,Top 5000,top5000,n.,η ομορφιά,beauty,beauty photo,generated
4708,13,Top 5000,Top 5000,top5000,n.,οι συνθήκες,conditions,conditions photo,generated
4709,13,Top 5000,Top 5000,top5000,interj.,σύμφωνοι,agreed,agreed photo,generated
4710,13,Top 5000,Top 5000,top5000,n.,η υγεία,health,health photo,generated
4711,13,Top 5000,Top 5000,top5000,n.,το ρεύμα,current,current photo,generated
4712,13,Top 5000,Top 5000,top5000,adj.,ερωτευμένος,to fall in love with,to fall in love with photo,generated
4713,13,Top 5000,Top 5000,top5000,v.,διαλέγω,choose,choose photo,generated
4714,13,Top 5000,Top 5000,top5000,n.,το φεγγάρι,moon,moon photo,generated
4715,13,Top 5000,Top 5000,top5000,n.,ο δικαστής,judge,judge photo,generated
4716,13,Top 5000,Top 5000,top5000,adj.,κουρασμένος,tired,tired photo,generated
4717,13,Top 5000,Top 5000,top5000,n.,η παράδοση,tradition,tradition photo,generated
4718,13,Top 5000,Top 5000,top5000,adv.,αρχικά,Nominative,Nominative photo,generated
4719,13,Top 5000,Top 5000,top5000,n.,ο Χριστός,Christ,Christ photo,generated
4720,13,Top 5000,Top 5000,top5000,adj.,αγαπητός,dear,dear photo,generated
4721,13,Top 5000,Top 5000,top5000,n.,το κάστρο,castle,castle photo,generated
4722,13,Top 5000,Top 5000,top5000,adj.,γνωστός,known,known photo,generated
4723,13,Top 5000,Top 5000,top5000,n.,η επιθυμία,desire,desire photo,generated
4724,13,Top 5000,Top 5000,top5000,v.,προκαλώ,challenge,challenge photo,generated
4725,13,Top 5000,Top 5000,top5000,n.,η Ρώμη,Rome,Rome photo,generated
4726,13,Top 5000,Top 5000,top5000,v.,ανυπομονώ,be impatient,be impatient photo,generated
4727,13,Top 5000,Top 5000,top5000,n.,το ψωμί,bread,bread photo,generated
4728,13,Top 5000,Top 5000,top5000,adj.,φανταστικός,imaginary,imaginary photo,generated
4729,13,Top 5000,Top 5000,top5000,n.,ο σωρός,pile,pile photo,generated
4730,13,Top 5000,Top 5000,top5000,v.,μετράω,count,count photo,generated
4731,13,Top 5000,Top 5000,top5000,n.,το χιλιόμετρο,kilometre,kilometre photo,generated
4732,13,Top 5000,Top 5000,top5000,v.,πίνω,drink,drink photo,generated
4733,13,Top 5000,Top 5000,top5000,n.,η ευτυχία,happiness,happiness photo,generated
4734,13,Top 5000,Top 5000,top5000,v.,προσφέρω,offer,offer photo,generated
4735,13,Top 5000,Top 5000,top5000,n.,η γιορτή,celebration,celebration photo,generated
4736,13,Top 5000,Top 5000,top5000,n.,η επιτροπή,committee,committee photo,generated
4737,13,Top 5000,Top 5000,top5000,n.,η τεχνολογία,technology,technology photo,generated
4738,13,Top 5000,Top 5000,top5000,n.,το μέγεθος,size,size photo,generated
4739,13,Top 5000,Top 5000,top5000,adj.,μέτριος,medium,medium photo,generated
4740,13,Top 5000,Top 5000,top5000,adj.,ανοιχτός,open,open photo,generated
4741,13,Top 5000,Top 5000,top5000,n.,η Πέμπτη,Thursday,Thursday photo,generated
4742,13,Top 5000,Top 5000,top5000,adv.,υπερβολικά,excessively,excessively photo,generated
4743,13,Top 5000,Top 5000,top5000,n.,η ανάσα,breath,breath photo,generated
4744,13,Top 5000,Top 5000,top5000,n.,αναλαμβάνω,undertake,undertake photo,generated
4745,13,Top 5000,Top 5000,top5000,adj.,πράσινος,green,green photo,generated
4746,13,Top 5000,Top 5000,top5000,n.,το όχημα,vehicle,vehicle photo,generated
4747,13,Top 5000,Top 5000,top5000,n.,η αγκαλιά,the hug,,needs_review
4748,13,Top 5000,Top 5000,top5000,n.,το αλκοόλ,alcohol,alcohol photo,generated
4749,13,Top 5000,Top 5000,top5000,n.,το κοτόπουλο,chicken,chicken photo,generated
4750,13,Top 5000,Top 5000,top5000,adj.,αντίθετος,opposite,opposite photo,generated
4751,13,Top 5000,Top 5000,top5000,n.,η χρήση,the use,,needs_review
4752,13,Top 5000,Top 5000,top5000,adj.,ο ειδικός,expert,expert photo,generated
4753,13,Top 5000,Top 5000,top5000,n.,το διαζύγιο,divorce,divorce photo,generated
4754,13,Top 5000,Top 5000,top5000,n.,ο ηθοποιός,actor,actor photo,generated
4755,13,Top 5000,Top 5000,top5000,n.,ο διάδρομος,corridor,corridor photo,generated
4756,13,Top 5000,Top 5000,top5000,n.,το σημείωμα,note,note photo,generated
4757,13,Top 5000,Top 5000,top5000,n.,το λύκειο,secondary school,secondary school photo,generated
4758,13,Top 5000,Top 5000,top5000,adj.,άδειος,empty,empty photo,generated
4759,13,Top 5000,Top 5000,top5000,n.,η σαμπάνια,champagne,champagne photo,generated
4760,13,Top 5000,Top 5000,top5000,v.,πλησιάζω,approach,approach photo,generated
4761,13,Top 5000,Top 5000,top5000,adj.,ύποπτος,suspicious,suspicious photo,generated
4762,13,Top 5000,Top 5000,top5000,n.,η πισίνα,swimming pool,swimming pool photo,generated
4763,13,Top 5000,Top 5000,top5000,n.,το υλικό,material,material photo,generated
4764,13,Top 5000,Top 5000,top5000,n.,ο χάρτης,the map,,needs_review
4765,13,Top 5000,Top 5000,top5000,n.,η βροχή,rain,rain photo,generated
4766,13,Top 5000,Top 5000,top5000,n.,η τσέπη,pocket,pocket photo,generated
4767,13,Top 5000,Top 5000,top5000,n.,η διαδρομή,route,route photo,generated
4768,13,Top 5000,Top 5000,top5000,n.,το αστέρι,star,star photo,generated
4769,13,Top 5000,Top 5000,top5000,n.,ο αιώνας,century,century photo,generated
4770,13,Top 5000,Top 5000,top5000,adv.,κρυφά,in secret,in secret photo,generated
4771,13,Top 5000,Top 5000,top5000,n.,το τσιγάρο,cigarette,cigarette photo,generated
4772,13,Top 5000,Top 5000,top5000,adj.,αθώος,innocent,innocent photo,generated
4773,13,Top 5000,Top 5000,top5000,adv.,οπουδήποτε,wherever,wherever photo,generated
4774,13,Top 5000,Top 5000,top5000,n.,η άποψη,point of view,point of view photo,generated
4775,13,Top 5000,Top 5000,top5000,v.,αστειεύομαι,joke,joke photo,generated
4776,13,Top 5000,Top 5000,top5000,n.,το τραύμα,injury,injury photo,generated
4777,13,Top 5000,Top 5000,top5000,n.,ο τάφος,grave,grave photo,generated
4778,13,Top 5000,Top 5000,top5000,v.,κολυμπάω,be swum,be swum photo,generated
4779,13,Top 5000,Top 5000,top5000,v.,κουβεντιάζω,chat,chat photo,generated
4780,13,Top 5000,Top 5000,top5000,v.,ξεφεύγω,get away,get away photo,generated
4781,13,Top 5000,Top 5000,top5000,prep.,συν,positive quantity,positive quantity photo,generated
4782,13,Top 5000,Top 5000,top5000,n.,το σύνορο,border,border photo,generated
4783,13,Top 5000,Top 5000,top5000,adv.,έπειτα,after,after photo,generated
4784,13,Top 5000,Top 5000,top5000,n.,το ημερολόγιο,calendar,calendar photo,generated
4785,13,Top 5000,Top 5000,top5000,n.,η αμφιβολία,doubt,doubt photo,generated
4786,13,Top 5000,Top 5000,top5000,n.,το βουνό,mountain,mountain photo,generated
4787,13,Top 5000,Top 5000,top5000,n.,ο πίνακας,painting,painting photo,generated
4788,13,Top 5000,Top 5000,top5000,n.,ο εχθρός,enemy,enemy photo,generated
4789,13,Top 5000,Top 5000,top5000,v.,κανονίζω,arrange,arrange photo,generated
4790,13,Top 5000,Top 5000,top5000,n.,δέχομαι,accept,accept photo,generated
4791,13,Top 5000,Top 5000,top5000,adv.,παρεπιπτόντως,incidentally,incidentally photo,generated
4792,13,Top 5000,Top 5000,top5000,v.,αργώ,delay,delay photo,generated
4793,13,Top 5000,Top 5000,top5000,n.,ο συνεργάτης,coworker,coworker photo,generated
4794,13,Top 5000,Top 5000,top5000,n.,το μοντέλο,model,model photo,generated
4795,13,Top 5000,Top 5000,top5000,n.,το γουρούνι,the pig,,needs_review
4796,13,Top 5000,Top 5000,top5000,adj.,φυσιολογικός,normal,normal photo,generated
4797,13,Top 5000,Top 5000,top5000,n.,το πορτοφόλι,wallet,wallet photo,generated
4798,13,Top 5000,Top 5000,top5000,v.,κλαίω,water,water photo,generated
4799,13,Top 5000,Top 5000,top5000,n.,η οικονομία,economy,economy photo,generated
4800,13,Top 5000,Top 5000,top5000,n.,η Ευρώπη,Europe,Europe photo,generated
4801,13,Top 5000,Top 5000,top5000,n.,το βλέμμα,look,look photo,generated
4802,13,Top 5000,Top 5000,top5000,n.,το βραβείο,award,award photo,generated
4803,13,Top 5000,Top 5000,top5000,n.,η σελίδα,page,page photo,generated
4804,13,Top 5000,Top 5000,top5000,adj.,μυστικός,mystic,mystic photo,generated
4805,13,Top 5000,Top 5000,top5000,n.,η δικαιολογία,excuse,excuse photo,generated
4806,13,Top 5000,Top 5000,top5000,n. pl.,τα μεσάνυχτα,midnight,midnight photo,generated
4807,13,Top 5000,Top 5000,top5000,n.,η γνωριμία,acquaintance,acquaintance photo,generated
4808,13,Top 5000,Top 5000,top5000,n.,η γκόμενα,chick,chick photo,generated
4809,13,Top 5000,Top 5000,top5000,n.,το τατουάζ,tattoo,tattoo photo,generated
4810,13,Top 5000,Top 5000,top5000,n.,η δόση,dose,dose photo,generated
4811,13,Top 5000,Top 5000,top5000,n.,το εργοστάσιο,factory,factory photo,generated
4812,13,Top 5000,Top 5000,top5000,n. pl.,τα αδέρφια,siblings,siblings photo,generated
4813,13,Top 5000,Top 5000,top5000,adv.,ανοιχτά,openly,openly photo,generated
4814,13,Top 5000,Top 5000,top5000,adj.,τρομακτικός,scary,scary photo,generated
4815,13,Top 5000,Top 5000,top5000,n.,η κοινωνία,society,society photo,generated
4816,13,Top 5000,Top 5000,top5000,n.,το πλήρωμα,crew,crew photo,generated
4817,13,Top 5000,Top 5000,top5000,conj.,εφόσον,as long as,as long as photo,generated
4818,13,Top 5000,Top 5000,top5000,n.,η επίσκεψη,visit,visit photo,generated
4819,13,Top 5000,Top 5000,top5000,v.,πετυχαίνω,succeed,succeed photo,generated
4820,13,Top 5000,Top 5000,top5000,n.,ροζ,pink,pink photo,generated
4821,13,Top 5000,Top 5000,top5000,adj.,διασκεδαστικός,entertaining,entertaining photo,generated
4822,13,Top 5000,Top 5000,top5000,n.,η επιφάνεια,surface,surface photo,generated
4823,13,Top 5000,Top 5000,top5000,n.,το φορτηγάκι,the van,,needs_review
4824,13,Top 5000,Top 5000,top5000,v.,παρατάω,abandon,abandon photo,generated
4825,13,Top 5000,Top 5000,top5000,n.,το κίνητρο,motivation,motivation photo,generated
4826,13,Top 5000,Top 5000,top5000,n.,η αίτηση,application,application photo,generated
4827,13,Top 5000,Top 5000,top5000,n.,η μεριά,side,side photo,generated
4828,13,Top 5000,Top 5000,top5000,v.,ενημερώνω,update,update photo,generated
4829,13,Top 5000,Top 5000,top5000,n.,η φαντασία,imagination,imagination photo,generated
4830,13,Top 5000,Top 5000,top5000,n.,το ρομπότ,robot,robot photo,generated
4831,13,Top 5000,Top 5000,top5000,adj.,συναρπαστικός,exciting,exciting photo,generated
4832,13,Top 5000,Top 5000,top5000,adv.,φέτος,this year,this year photo,generated
4833,13,Top 5000,Top 5000,top5000,n.,η ουρά,queue,queue photo,generated
4834,13,Top 5000,Top 5000,top5000,v.,γεννιέμαι,be born,be born photo,generated
4835,13,Top 5000,Top 5000,top5000,n.,η σκόνη,powder,powder photo,generated
4836,13,Top 5000,Top 5000,top5000,v.,θεωρώ,consider,consider photo,generated
4837,13,Top 5000,Top 5000,top5000,n.,η είσοδος,entrance,entrance photo,generated
4838,13,Top 5000,Top 5000,top5000,n.,το τυρί,cheese,cheese photo,generated
4839,13,Top 5000,Top 5000,top5000,v.,κρίνω,judge,judge photo,generated
4840,13,Top 5000,Top 5000,top5000,adj.,κλειστός,closed,closed photo,generated
4841,13,Top 5000,Top 5000,top5000,adv.,επομένως,consequently,consequently photo,generated
4842,13,Top 5000,Top 5000,top5000,n.,το γκαράζ,garage,garage photo,generated
4843,13,Top 5000,Top 5000,top5000,n.,το παλτό,coat,coat photo,generated
4844,13,Top 5000,Top 5000,top5000,n.,η θέα,view,view photo,generated
4845,13,Top 5000,Top 5000,top5000,n.,το θάρρος,courage,courage photo,generated
4846,13,Top 5000,Top 5000,top5000,n.,ο πολίτης,citizen,citizen photo,generated
4847,13,Top 5000,Top 5000,top5000,n.,ο καρκίνος,cancer,cancer photo,generated
4848,13,Top 5000,Top 5000,top5000,n.,το ρίσκο,risk,risk photo,generated
4849,13,Top 5000,Top 5000,top5000,v.,αμφιβάλλω,doubt,doubt photo,generated
4850,13,Top 5000,Top 5000,top5000,v.,ακολουθώ,follow,follow photo,generated
4851,13,Top 5000,Top 5000,top5000,n.,ο παράδεισος,paradise,paradise photo,generated
4852,13,Top 5000,Top 5000,top5000,n.,η τοποθεσία,location,location photo,generated
4853,13,Top 5000,Top 5000,top5000,n.,η σύμπτωση,coincidence,coincidence photo,generated
4854,13,Top 5000,Top 5000,top5000,n.,το παγωτό,ice cream,ice cream photo,generated
4855,13,Top 5000,Top 5000,top5000,n.,η παρεξήγηση,misunderstanding,misunderstanding photo,generated
4856,13,Top 5000,Top 5000,top5000,n.,η κατεύθυνση,direction,direction photo,generated
4857,13,Top 5000,Top 5000,top5000,n.,το καταφύγιο,shelter,shelter photo,generated
4858,13,Top 5000,Top 5000,top5000,n.,ο κωδικός,password,password photo,generated
4859,13,Top 5000,Top 5000,top5000,adj.,βιομηχανικός,industrial,industrial photo,generated
4860,13,Top 5000,Top 5000,top5000,n.,το κατάστημα,shop,shop photo,generated
4861,13,Top 5000,Top 5000,top5000,n.,η εκπαίδευση,the education,,needs_review
4862,13,Top 5000,Top 5000,top5000,n.,η καταιγίδα,storm,storm photo,generated
4863,13,Top 5000,Top 5000,top5000,n.,η σύνδεση,link,link photo,generated
4864,13,Top 5000,Top 5000,top5000,adj.,ανόητος,foolish,foolish photo,generated
4865,13,Top 5000,Top 5000,top5000,n.,φωνάζω,shout,shout photo,generated
4866,13,Top 5000,Top 5000,top5000,adj.,σούπερ,super,super photo,generated
4867,13,Top 5000,Top 5000,top5000,n.,η φασαρία,ruckus,ruckus photo,generated
4868,13,Top 5000,Top 5000,top5000,v.,επιτίθεμαι,attack,attack photo,generated
4869,13,Top 5000,Top 5000,top5000,v.,παρακολουθώ,watch,watch photo,generated
4870,13,Top 5000,Top 5000,top5000,adv.,δημόσια,publicly,publicly photo,generated
4871,13,Top 5000,Top 5000,top5000,n.,η εξήγηση,explanation,explanation photo,generated
4872,13,Top 5000,Top 5000,top5000,n.,η ημερομηνία,date,date photo,generated
4873,13,Top 5000,Top 5000,top5000,adj.,ιδιαίτερος,special,special photo,generated
4874,13,Top 5000,Top 5000,top5000,n.,αποδεικνύω,prove,prove photo,generated
4875,13,Top 5000,Top 5000,top5000,n.,ο καπετάνιος,captain,captain photo,generated
4876,13,Top 5000,Top 5000,top5000,n.,το συναίσθημα,emotion,emotion photo,generated
4877,13,Top 5000,Top 5000,top5000,v.,αγγίζω,touch,touch photo,generated
4878,13,Top 5000,Top 5000,top5000,n.,η απώλεια,loss,loss photo,generated
4879,13,Top 5000,Top 5000,top5000,n.,το θύμα,victim,victim photo,generated
4880,13,Top 5000,Top 5000,top5000,n.,το ζήτημα,issue,issue photo,generated
4881,13,Top 5000,Top 5000,top5000,n. / interj.,το έλεος,mercy,mercy photo,generated
4882,13,Top 5000,Top 5000,top5000,n.,η μάσκα,mask,mask photo,generated
4883,13,Top 5000,Top 5000,top5000,adv.,άγρια,Nominative,Nominative photo,generated
4884,13,Top 5000,Top 5000,top5000,adj.,εκπληκτικός,astonishing,astonishing photo,generated
4885,13,Top 5000,Top 5000,top5000,n.,ο εξοπλισμός,equipment,equipment photo,generated
4886,13,Top 5000,Top 5000,top5000,n.,το μεσημεριανό,lunch,lunch photo,generated
4887,13,Top 5000,Top 5000,top5000,n.,το ασανσέρ,lift,lift photo,generated
4888,13,Top 5000,Top 5000,top5000,adv.,ύστερα,after,after photo,generated
4889,13,Top 5000,Top 5000,top5000,n.,ένα χιλιάρικο,one thousand,one thousand photo,generated
4890,13,Top 5000,Top 5000,top5000,n.,ο ήχος,sound,sound photo,generated
4891,13,Top 5000,Top 5000,top5000,n.,η κλινική,clinic,clinic photo,generated
4892,13,Top 5000,Top 5000,top5000,n.,η σιωπή,silence,silence photo,generated
4893,13,Top 5000,Top 5000,top5000,adj.,πλούσιος,rich,rich photo,generated
4894,13,Top 5000,Top 5000,top5000,adj.,απίθανος,unlikely,unlikely photo,generated
4895,13,Top 5000,Top 5000,top5000,n.,το αντικείμενο,object,object photo,generated
4896,13,Top 5000,Top 5000,top5000,n.,το αρχίδι,testicle,testicle photo,generated
4897,13,Top 5000,Top 5000,top5000,v.,μαλώνω,tell off,tell off photo,generated
4898,13,Top 5000,Top 5000,top5000,n.,η μερίδα,portion,portion photo,generated
4899,13,Top 5000,Top 5000,top5000,n.,το αντηλιακό,sun cream,sun cream photo,generated
4900,13,Top 5000,Top 5000,top5000,adj.,τελικός,final,final photo,generated
4901,13,Top 5000,Top 5000,top5000,adj.,εντυπωσιακός,impressive,impressive photo,generated
4902,13,Top 5000,Top 5000,top5000,n.,η βιβλιοθήκη,library,library photo,generated
4903,13,Top 5000,Top 5000,top5000,adj.,ευγνώμων,grateful,grateful photo,generated
4904,13,Top 5000,Top 5000,top5000,n.,η τιμωρία,punishment,punishment photo,generated
4905,13,Top 5000,Top 5000,top5000,n.,η μεταφορά,transport,transport photo,generated
4906,13,Top 5000,Top 5000,top5000,n. pl.,τα δεδομένα,data,data photo,generated
4907,13,Top 5000,Top 5000,top5000,adj.,νεαρός,young,young photo,generated
4908,13,Top 5000,Top 5000,top5000,pron.,ποιανού,which,which photo,generated
4909,13,Top 5000,Top 5000,top5000,n.,το φορτίο,load,load photo,generated
4910,13,Top 5000,Top 5000,top5000,adv.,απίστευτα,incredible,incredible photo,generated
4911,13,Top 5000,Top 5000,top5000,n.,η υποστήριξη,support,support photo,generated
4912,13,Top 5000,Top 5000,top5000,n.,το μεσημέρι,midday,midday photo,generated
4913,13,Top 5000,Top 5000,top5000,n.,η περίοδος,period,period photo,generated
4914,13,Top 5000,Top 5000,top5000,adj.,άδικος,unfair,unfair photo,generated
4915,13,Top 5000,Top 5000,top5000,n.,η φιλενάδα,girlfriend,girlfriend photo,generated
4916,13,Top 5000,Top 5000,top5000,conj.,παρόλο,even though,even though photo,generated
4917,13,Top 5000,Top 5000,top5000,adj.,άμεσος,direct,direct photo,generated
4918,13,Top 5000,Top 5000,top5000,n.,το ψυγείο,refrigerator,refrigerator photo,generated
4919,13,Top 5000,Top 5000,top5000,adv.,ευχαρίστως,gladly,gladly photo,generated
4920,13,Top 5000,Top 5000,top5000,n.,το στυλ,style,style photo,generated
4921,13,Top 5000,Top 5000,top5000,adv.,ελεύθερα,Nominative,Nominative photo,generated
4922,13,Top 5000,Top 5000,top5000,n.,η σοφία,wisdom,wisdom photo,generated
4923,13,Top 5000,Top 5000,top5000,n.,η τελετή,ceremony,ceremony photo,generated
4924,13,Top 5000,Top 5000,top5000,n.,ο ιδιοκτήτης,owner,owner photo,generated
4925,13,Top 5000,Top 5000,top5000,n.,η ακτή,coast,coast photo,generated
4926,13,Top 5000,Top 5000,top5000,n.,το ντους,shower,shower photo,generated
4927,13,Top 5000,Top 5000,top5000,n. pl.,τα ψώνια,shopping,shopping photo,generated
4928,13,Top 5000,Top 5000,top5000,n.,η λειτουργία,function,function photo,generated
4929,13,Top 5000,Top 5000,top5000,adj.,συγκεκριμένος,concrete,concrete photo,generated
4930,13,Top 5000,Top 5000,top5000,n.,ο σύμβουλος,consultant,consultant photo,generated
4931,13,Top 5000,Top 5000,top5000,n.,το πάθος,passion,passion photo,generated
4932,13,Top 5000,Top 5000,top5000,n.,η νύφη,bride,bride photo,generated
4933,13,Top 5000,Top 5000,top5000,n.,η αυτοκτονία,suicide,suicide photo,generated
4934,13,Top 5000,Top 5000,top5000,n.,ο μαθητής,student,student photo,generated
4935,13,Top 5000,Top 5000,top5000,n.,το ελικόπτερο,helicopter,helicopter photo,generated
4936,13,Top 5000,Top 5000,top5000,n.,η κράτηση,booking,booking photo,generated
4937,13,Top 5000,Top 5000,top5000,v.,κρύβω,hide,hide photo,generated
4938,13,Top 5000,Top 5000,top5000,n.,το δηλητήριο,poison,poison photo,generated
4939,13,Top 5000,Top 5000,top5000,n.,ο συγγραφέας,writer,writer photo,generated
4940,13,Top 5000,Top 5000,top5000,n.,η πολιτεία,the state (territory),,needs_review
4941,13,Top 5000,Top 5000,top5000,n.,το κοστούμι,suit,suit photo,generated
4942,13,Top 5000,Top 5000,top5000,n.,η ικανότητα,skill,skill photo,generated
4943,13,Top 5000,Top 5000,top5000,n.,το κανάλι,channel,channel photo,generated
4944,13,Top 5000,Top 5000,top5000,n.,εννέα,nine,nine photo,generated
4945,13,Top 5000,Top 5000,top5000,v.,τολμάω,dare,dare photo,generated
4946,13,Top 5000,Top 5000,top5000,n.,το αντίγραφο,copy,copy photo,generated
4947,13,Top 5000,Top 5000,top5000,n.,η βαλίτσα,suitcase,suitcase photo,generated
4948,13,Top 5000,Top 5000,top5000,n.,το μονοπάτι,path,path photo,generated
4949,13,Top 5000,Top 5000,top5000,n.,η ευχαρίστηση,pleasure,pleasure photo,generated
4950,13,Top 5000,Top 5000,top5000,n.,η απάτη,fraud,fraud photo,generated
4951,13,Top 5000,Top 5000,top5000,adj.,φυσικός,natural,natural photo,generated
4952,13,Top 5000,Top 5000,top5000,adj.,πανέμορφος,gorgeous,gorgeous photo,generated
4953,13,Top 5000,Top 5000,top5000,n.,ο λαός,people,people photo,generated
4954,13,Top 5000,Top 5000,top5000,adv.,χαμηλά,Nominative,Nominative photo,generated
4955,13,Top 5000,Top 5000,top5000,n.,πέρυσι,last year,last year photo,generated
4956,13,Top 5000,Top 5000,top5000,adj.,περασμένος,passed,passed photo,generated
4957,13,Top 5000,Top 5000,top5000,n.,θαυμάσιος,wonderful,wonderful photo,generated
4958,13,Top 5000,Top 5000,top5000,n.,ο θόρυβος,noise,noise photo,generated
4959,13,Top 5000,Top 5000,top5000,adj.,ήρεμος,quiet,quiet photo,generated
4960,13,Top 5000,Top 5000,top5000,n.,η σοκολάτα,chocolate,chocolate photo,generated
4961,13,Top 5000,Top 5000,top5000,adv.,οπωσδήποτε,anyway,anyway photo,generated
4962,13,Top 5000,Top 5000,top5000,adj.,κενός,empty,empty photo,generated
4963,13,Top 5000,Top 5000,top5000,n.,ο δάσκαλος,teacher,teacher photo,generated
4964,13,Top 5000,Top 5000,top5000,n.,το ερώτημα,question,question photo,generated
4965,13,Top 5000,Top 5000,top5000,n.,η ντουλάπα,wardrobe,wardrobe photo,generated
4966,13,Top 5000,Top 5000,top5000,n.,η καλοσύνη,kindness,kindness photo,generated
4967,13,Top 5000,Top 5000,top5000,n.,ο χαρακτήρας,character,character photo,generated
4968,13,Top 5000,Top 5000,top5000,n.,το χαμόγελο,smile,smile photo,generated
4969,13,Top 5000,Top 5000,top5000,n.,η τούρτα,cake,cake photo,generated
4970,13,Top 5000,Top 5000,top5000,adv.,σημαντικά,important,important photo,generated
4971,13,Top 5000,Top 5000,top5000,n.,το νύχι,fingernail,fingernail photo,generated
4972,13,Top 5000,Top 5000,top5000,v.,απασχολώ,employ,employ photo,generated
4973,13,Top 5000,Top 5000,top5000,n.,το περιοδικό,magazine,magazine photo,generated
4974,13,Top 5000,Top 5000,top5000,n.,το μυστήριο,mystery,mystery photo,generated
4975,13,Top 5000,Top 5000,top5000,adj.,ικανός,able,able photo,generated
4976,13,Top 5000,Top 5000,top5000,n.,το άγχος,stress,stress photo,generated
4977,13,Top 5000,Top 5000,top5000,n.,το κουμπί,button,button photo,generated
4978,13,Top 5000,Top 5000,top5000,adv.,τυχαία,randomly,randomly photo,generated
4979,13,Top 5000,Top 5000,top5000,adj.,αργός,slow,slow photo,generated
4980,13,Top 5000,Top 5000,top5000,n.,ο συγγενής,relative,relative photo,generated
4981,13,Top 5000,Top 5000,top5000,n.,εθνικός,national,national photo,generated
4982,13,Top 5000,Top 5000,top5000,n.,το σενάριο,script,script photo,generated
4983,13,Top 5000,Top 5000,top5000,n.,η εγχείρηση,surgery,surgery photo,generated
4984,13,Top 5000,Top 5000,top5000,n.,το ποδήλατο,bicycle,bicycle photo,generated
4985,13,Top 5000,Top 5000,top5000,adv.,πλήρως,fully,fully photo,generated
4986,13,Top 5000,Top 5000,top5000,n.,ο γύρος,gyros,gyros photo,generated
4987,13,Top 5000,Top 5000,top5000,n.,το χείλος,brink,brink photo,generated
4988,13,Top 5000,Top 5000,top5000,n.,η φάρμα,farm,farm photo,generated
4989,13,Top 5000,Top 5000,top5000,n.,η σούπα,soup,soup photo,generated
4990,13,Top 5000,Top 5000,top5000,v.,ονομάζομαι,am named,am named photo,generated
4991,13,Top 5000,Top 5000,top5000,adj.,ιστορικός,historical,historical photo,generated
4992,13,Top 5000,Top 5000,top5000,v.,κολλάω,glue,glue photo,generated
4993,13,Top 5000,Top 5000,top5000,n.,το φτερό,wing,wing photo,generated
4994,13,Top 5000,Top 5000,top5000,n.,το βάθος,depth,depth photo,generated
4995,13,Top 5000,Top 5000,top5000,n.,η λέσχη,club,club photo,generated
4996,13,Top 5000,Top 5000,top5000,conj.,άμα,when,when photo,generated
4997,13,Top 5000,Top 5000,top5000,n.,η σκάλα,stair,stair photo,generated
4998,13,Top 5000,Top 5000,top5000,adv.,σπάνια,seldom,seldom photo,generated
4999,13,Top 5000,Top 5000,top5000,v.,χειρίζομαι,handle,handle photo,generated
5000,13,Top 5000,Top 5000,top5000,n.,η φυσική,physics,physics photo,generated
5001,13,Top 5000,Top 5000,top5000,v.,σκοπεύω,"aim, take aim",,needs_review
5002,13,Top 5000,Top 5000,top5000,n.,η σκιά,shadow,shadow photo,generated
5003,13,Top 5000,Top 5000,top5000,adv. / n. pl. m.,οικονομικά,economics,economics photo,generated
5004,13,Top 5000,Top 5000,top5000,n.,το πιάτο,dish,dish photo,generated
5005,13,Top 5000,Top 5000,top5000,n.,το δίκτυο,network,network photo,generated
5006,13,Top 5000,Top 5000,top5000,conj.,ώσπου,until,until photo,generated
5007,13,Top 5000,Top 5000,top5000,v.,ετοιμάζομαι,get ready,get ready photo,generated
5008,13,Top 5000,Top 5000,top5000,v.,ανακαλύπτω,discover,discover photo,generated
5009,13,Top 5000,Top 5000,top5000,n. / interj.,το κουράγιο,courage,courage photo,generated
5010,13,Top 5000,Top 5000,top5000,n.,η οργή,rage,rage photo,generated
5011,13,Top 5000,Top 5000,top5000,n.,το σοκ,shock,shock photo,generated
5012,13,Top 5000,Top 5000,top5000,prep.,ανά,"per, by, through, throughout",,needs_review
5013,13,Top 5000,Top 5000,top5000,prep.,υπέρ,more than,more than photo,generated
5014,13,Top 5000,Top 5000,top5000,n.,η εμφάνιση,appearance,appearance photo,generated
5015,13,Top 5000,Top 5000,top5000,num.,μηδέν,zero,zero photo,generated
5016,13,Top 5000,Top 5000,top5000,n.,το σινεμά,cinema,cinema photo,generated
5017,13,Top 5000,Top 5000,top5000,adj.,χαριτωμένος,pretty,pretty photo,generated
5018,13,Top 5000,Top 5000,top5000,adv.,βαριά,sledgehammer,sledgehammer photo,generated
5019,13,Top 5000,Top 5000,top5000,adj.,παράνομος,illegal,illegal photo,generated
5020,13,Top 5000,Top 5000,top5000,n.,η επιστήμη,science,science photo,generated
5021,13,Top 5000,Top 5000,top5000,v.,τρελαίνομαι,"go mad, go insane, go crazy",,needs_review
5022,13,Top 5000,Top 5000,top5000,n.,το γήπεδο,pitch,pitch photo,generated
5023,13,Top 5000,Top 5000,top5000,n.,η ανάλυση,analysis,analysis photo,generated
5024,13,Top 5000,Top 5000,top5000,pron.,τίνος,what?,what? photo,generated
5025,13,Top 5000,Top 5000,top5000,n.,η αντίδραση,reaction,reaction photo,generated
5026,13,Top 5000,Top 5000,top5000,n.,η Αφρική,Africa,Africa photo,generated
5027,13,Top 5000,Top 5000,top5000,n.,η δήλωση,statement,statement photo,generated
5028,13,Top 5000,Top 5000,top5000,n.,η φυλή,race,race photo,generated
5029,13,Top 5000,Top 5000,top5000,n.,ο δίσκος,tray,tray photo,generated
5030,13,Top 5000,Top 5000,top5000,n.,η ζάχαρη,sugar,sugar photo,generated
5031,13,Top 5000,Top 5000,top5000,v.,ενδιαφέρομαι,be interested in,be interested in photo,generated
5032,13,Top 5000,Top 5000,top5000,n.,το στούντιο,studio,studio photo,generated
5033,13,Top 5000,Top 5000,top5000,n.,η έλλειψη,lack,lack photo,generated
5034,13,Top 5000,Top 5000,top5000,v.,κυνηγάω,chase,chase photo,generated
5035,13,Top 5000,Top 5000,top5000,n.,η υπογραφή,signature,signature photo,generated
5036,13,Top 5000,Top 5000,top5000,adj.,προφανής,obvious,obvious photo,generated
5037,13,Top 5000,Top 5000,top5000,n.,η φιλία,friendship,friendship photo,generated
5038,13,Top 5000,Top 5000,top5000,adv.,πρώτον,first,first photo,generated
5039,13,Top 5000,Top 5000,top5000,n.,ο στρατηγός,general,general photo,generated
5040,13,Top 5000,Top 5000,top5000,n.,το δάχτυλο,finger,finger photo,generated
5041,13,Top 5000,Top 5000,top5000,n.,η συνεργασία,cooperation,cooperation photo,generated
5042,13,Top 5000,Top 5000,top5000,n.,το περιβάλλον,environment,environment photo,generated
5043,13,Top 5000,Top 5000,top5000,n.,η ασθένεια,illness,illness photo,generated
5044,13,Top 5000,Top 5000,top5000,v.,χαλάω,break,break photo,generated
5045,13,Top 5000,Top 5000,top5000,n.,ο γείτονας,neighbour,neighbour photo,generated
5046,13,Top 5000,Top 5000,top5000,v.,συνειδητοποιώ,realise,realise photo,generated
5047,13,Top 5000,Top 5000,top5000,n.,πάντοτε,always,always photo,generated
5048,13,Top 5000,Top 5000,top5000,n.,η τροφή,food,food photo,generated
5049,13,Top 5000,Top 5000,top5000,n.,ο κύκλος,circle,circle photo,generated
5050,13,Top 5000,Top 5000,top5000,n.,η σύλληψη,arrest,arrest photo,generated
5051,13,Top 5000,Top 5000,top5000,n.,η Γερμανία,Germany,Germany photo,generated
5052,13,Top 5000,Top 5000,top5000,v.,συστήνω,introduce,introduce photo,generated
5053,13,Top 5000,Top 5000,top5000,n.,η Κίνα,China,China photo,generated
5054,13,Top 5000,Top 5000,top5000,n.,το ξόρκι,spell,spell photo,generated
5055,13,Top 5000,Top 5000,top5000,adj.,καυτός,boiling,boiling photo,generated
5056,13,Top 5000,Top 5000,top5000,v.,απαιτώ,demand,demand photo,generated
5057,13,Top 5000,Top 5000,top5000,adv.,κυριολεκτικά,Nominative,Nominative photo,generated
5058,13,Top 5000,Top 5000,top5000,n.,η βάρδια,work shift,work shift photo,generated
5059,13,Top 5000,Top 5000,top5000,adv.,παράξενα,strangely,strangely photo,generated
5060,13,Top 5000,Top 5000,top5000,n.,η εγγύηση,guarantee,guarantee photo,generated
5061,13,Top 5000,Top 5000,top5000,adv.,λογικά,logically,logically photo,generated
5062,13,Top 5000,Top 5000,top5000,n.,η πατάτα,potato,potato photo,generated
5063,13,Top 5000,Top 5000,top5000,n.,η συλλογή,collection,collection photo,generated
5064,13,Top 5000,Top 5000,top5000,n.,η έρημος,desert,desert photo,generated
5065,13,Top 5000,Top 5000,top5000,v.,καθαρίζω,clean,clean photo,generated
5066,13,Top 5000,Top 5000,top5000,n.,η βολή,shot,shot photo,generated
5067,13,Top 5000,Top 5000,top5000,n.,το χάος,chaos,chaos photo,generated
5068,13,Top 5000,Top 5000,top5000,n.,ο επαγγελματίας,professional,professional photo,generated
5069,13,Top 5000,Top 5000,top5000,adj.,εξαιρετικός,important,important photo,generated
5070,13,Top 5000,Top 5000,top5000,v.,ικετεύω,beseech,beseech photo,generated
5071,13,Top 5000,Top 5000,top5000,adj.,χαμένος,lost,lost photo,generated
5072,13,Top 5000,Top 5000,top5000,n.,η προειδοποίηση,warning,warning photo,generated
5073,13,Top 5000,Top 5000,top5000,n.,το περιστατικό,incident,incident photo,generated
5074,13,Top 5000,Top 5000,top5000,n.,η εξέλιξη,evolution,evolution photo,generated
5075,13,Top 5000,Top 5000,top5000,n.,ο κλέφτης,thief,thief photo,generated
5076,13,Top 5000,Top 5000,top5000,n.,η αμοιβή,wage,wage photo,generated
5077,13,Top 5000,Top 5000,top5000,n.,το παλάτι,palace,palace photo,generated
5078,13,Top 5000,Top 5000,top5000,v.,γιορτάζω,celebrate,celebrate photo,generated
5079,13,Top 5000,Top 5000,top5000,adj.,μαγικός,magic,magic photo,generated
5080,13,Top 5000,Top 5000,top5000,v.,σκάω,burst,burst photo,generated
5081,13,Top 5000,Top 5000,top5000,n.,η γνώση,the knowledge,,needs_review
5082,13,Top 5000,Top 5000,top5000,n.,η θερμοκρασία,temperature,temperature photo,generated
5083,13,Top 5000,Top 5000,top5000,v.,συμπαθώ,Ι like,Ι like photo,generated
5084,13,Top 5000,Top 5000,top5000,n.,ο εγκέφαλος,brain,brain photo,generated
5085,13,Top 5000,Top 5000,top5000,n.,η αναπνοή,breath,breath photo,generated
5086,13,Top 5000,Top 5000,top5000,adj.,ψεύτικος,fake,fake photo,generated
5087,13,Top 5000,Top 5000,top5000,v.,ξανακάνω,redo,redo photo,generated
5088,13,Top 5000,Top 5000,top5000,n.,η μπλούζα,blouse,blouse photo,generated
5089,13,Top 5000,Top 5000,top5000,n.,η έξοδος,exit,exit photo,generated
5090,13,Top 5000,Top 5000,top5000,v.,μεγαλώνω,bring up,bring up photo,generated
5091,13,Top 5000,Top 5000,top5000,n.,η βενζίνη,petrol,petrol photo,generated
5092,13,Top 5000,Top 5000,top5000,n.,η οθόνη,screen,screen photo,generated
5093,13,Top 5000,Top 5000,top5000,adv.,ταυτόχρονα,simultaneously,simultaneously photo,generated
5094,13,Top 5000,Top 5000,top5000,n.,ο δήμαρχος,mayor,mayor photo,generated
5095,13,Top 5000,Top 5000,top5000,adv.,τρελά,madness,madness photo,generated
5096,13,Top 5000,Top 5000,top5000,n.,το πουκάμισο,shirt,shirt photo,generated
5097,13,Top 5000,Top 5000,top5000,n.,ο ρυθμός,rhythm,rhythm photo,generated
5098,13,Top 5000,Top 5000,top5000,n.,η συνέπεια,consequence,consequence photo,generated
5099,13,Top 5000,Top 5000,top5000,interj.,φιλάκια,kisses!,kisses! photo,generated
5100,13,Top 5000,Top 5000,top5000,v.,κατεβαίνω,descend,descend photo,generated
5101,13,Top 5000,Top 5000,top5000,n.,το ύψος,height,height photo,generated
5102,13,Top 5000,Top 5000,top5000,n.,το μουσείο,museum,museum photo,generated
5103,13,Top 5000,Top 5000,top5000,adj.,σεξουαλικός,sexual,sexual photo,generated
5104,13,Top 5000,Top 5000,top5000,n.,η αηδία,disgust,disgust photo,generated
5105,13,Top 5000,Top 5000,top5000,n.,η πτώση,fall,fall photo,generated
5106,13,Top 5000,Top 5000,top5000,v.,γουστάρω,want,want photo,generated
5107,13,Top 5000,Top 5000,top5000,n.,το στάδιο,stage,stage photo,generated
5108,13,Top 5000,Top 5000,top5000,n.,η πρόβα,rehearsal,rehearsal photo,generated
5109,13,Top 5000,Top 5000,top5000,n.,η φροντίδα,care,care photo,generated
5110,13,Top 5000,Top 5000,top5000,adj.,εσωτερικός,internal,internal photo,generated
5111,13,Top 5000,Top 5000,top5000,n.,η αναμονή,wait,wait photo,generated
5112,13,Top 5000,Top 5000,top5000,adj.,καφέ,brown,brown photo,generated
5113,13,Top 5000,Top 5000,top5000,n.,η κάλυψη,coverage,coverage photo,generated
5114,13,Top 5000,Top 5000,top5000,num.,δώδεκα,twelve,twelve photo,generated
5115,13,Top 5000,Top 5000,top5000,n.,ο διαγωνισμός,competition,competition photo,generated
5116,13,Top 5000,Top 5000,top5000,n.,το χιόνι,snow,snow photo,generated
5117,13,Top 5000,Top 5000,top5000,n.,η μήνυση,lawsuit,lawsuit photo,generated
5118,13,Top 5000,Top 5000,top5000,n.,το εσωτερικό,inside,inside photo,generated
5119,13,Top 5000,Top 5000,top5000,n.,ο καναπές,sofa,sofa photo,generated
5120,13,Top 5000,Top 5000,top5000,n.,το τζάκι,fireplace,fireplace photo,generated
5121,13,Top 5000,Top 5000,top5000,adj.,βαρύς,heavy,heavy photo,generated
5122,13,Top 5000,Top 5000,top5000,adj.,ασυνήθιστος,unaccustomed,unaccustomed photo,generated
5123,13,Top 5000,Top 5000,top5000,adv.,δυτικά,westward,westward photo,generated
5124,13,Top 5000,Top 5000,top5000,n.,η υπόσχεση,promise,promise photo,generated
5125,13,Top 5000,Top 5000,top5000,v.,πείθω,persuade,persuade photo,generated
5126,13,Top 5000,Top 5000,top5000,n.,η γριά,old woman,old woman photo,generated
5127,13,Top 5000,Top 5000,top5000,n.,η αρκούδα,bear,bear photo,generated
5128,13,Top 5000,Top 5000,top5000,n.,η προσβολή,insult,insult photo,generated
5129,13,Top 5000,Top 5000,top5000,n.,το πλευρό,the rib,,needs_review
5130,13,Top 5000,Top 5000,top5000,adj.,εξωτερικός,outer,outer photo,generated
5131,13,Top 5000,Top 5000,top5000,n.,το κέικ,cake,cake photo,generated
5132,13,Top 5000,Top 5000,top5000,n.,το υπουργείο,ministry,ministry photo,generated
5133,13,Top 5000,Top 5000,top5000,n.,το κεφάλαιο,chapter,chapter photo,generated
5134,13,Top 5000,Top 5000,top5000,n.,η συναυλία,concert,concert photo,generated
5135,13,Top 5000,Top 5000,top5000,n.,το σαλόνι,living room,living room photo,generated
5136,13,Top 5000,Top 5000,top5000,adj.,ψηλός,tall,tall photo,generated
5137,13,Top 5000,Top 5000,top5000,n.,το εξωτερικό,outside,outside photo,generated
5138,13,Top 5000,Top 5000,top5000,v.,χωράω,hold,hold photo,generated
5139,13,Top 5000,Top 5000,top5000,n.,ο τουρίστας,tourist,tourist photo,generated
5140,13,Top 5000,Top 5000,top5000,n.,ο καθρέφτης,mirror,mirror photo,generated
5141,13,Top 5000,Top 5000,top5000,n.,ο συναγερμός,alarm,alarm photo,generated
5142,13,Top 5000,Top 5000,top5000,n.,η πρόσκληση,invitation,invitation photo,generated
5143,13,Top 5000,Top 5000,top5000,n.,το βασίλειο,kingdom,kingdom photo,generated
5144,13,Top 5000,Top 5000,top5000,n.,η πληγή,wound,wound photo,generated
5145,13,Top 5000,Top 5000,top5000,n.,το χώμα,soil,soil photo,generated
5146,13,Top 5000,Top 5000,top5000,v.,κατηγορώ,blame,blame photo,generated
5147,13,Top 5000,Top 5000,top5000,n.,το όργανο,organ,organ photo,generated
5148,13,Top 5000,Top 5000,top5000,n.,το νεύρο,nerve,nerve photo,generated
5149,13,Top 5000,Top 5000,top5000,n.,το συγκρότημα,band,band photo,generated
5150,13,Top 5000,Top 5000,top5000,adj.,διάσημος,famous,famous photo,generated
5151,13,Top 5000,Top 5000,top5000,adj.,ξεχωριστός,separate,separate photo,generated
5152,13,Top 5000,Top 5000,top5000,v.,μπλέκω,get into trouble,get into trouble photo,generated
5153,13,Top 5000,Top 5000,top5000,n.,η επίδειξη,demonstration,demonstration photo,generated
5154,13,Top 5000,Top 5000,top5000,n. / interj.,το πάσο,entry pass,entry pass photo,generated
5155,13,Top 5000,Top 5000,top5000,v.,σιχαίνομαι,detest,detest photo,generated
5156,13,Top 5000,Top 5000,top5000,adj.,κατανοητός,understandable,understandable photo,generated
5157,13,Top 5000,Top 5000,top5000,n.,γελάω,laugh,laugh photo,generated
5158,13,Top 5000,Top 5000,top5000,n.,η ατμόσφαιρα,atmosphere,atmosphere photo,generated
5159,13,Top 5000,Top 5000,top5000,n.,αηδιαστικός,disgusting,disgusting photo,generated
5160,13,Top 5000,Top 5000,top5000,adj.,συνηθισμένος,ordinary,ordinary photo,generated
5161,13,Top 5000,Top 5000,top5000,n.,το τούνελ,tunnel,tunnel photo,generated
5162,13,Top 5000,Top 5000,top5000,v.,ξεπερνάω,overtake,overtake photo,generated
5163,13,Top 5000,Top 5000,top5000,v.,πουλάω,sell,sell photo,generated
5164,13,Top 5000,Top 5000,top5000,v.,νικάω,defeat,defeat photo,generated
5165,13,Top 5000,Top 5000,top5000,n.,το ποδόσφαιρο,football,football photo,generated
5166,13,Top 5000,Top 5000,top5000,n.,το εργαλείο,tool,tool photo,generated
5167,13,Top 5000,Top 5000,top5000,adv.,ανατολικά,in east,in east photo,generated
5168,13,Top 5000,Top 5000,top5000,v.,ανεβαίνω,ascend,ascend photo,generated
5169,13,Top 5000,Top 5000,top5000,n.,το πάρκινγκ,parking space,parking space photo,generated
5170,13,Top 5000,Top 5000,top5000,n.,η επικοινωνία,communication,communication photo,generated
5171,13,Top 5000,Top 5000,top5000,n.,ο βαθμός,degree,degree photo,generated
5172,13,Top 5000,Top 5000,top5000,adv.,επίσημα,formal,formal photo,generated
5173,13,Top 5000,Top 5000,top5000,n.,η κοιλιά,belly,belly photo,generated
5174,13,Top 5000,Top 5000,top5000,n.,το πλήθος,crowd,crowd photo,generated
5175,13,Top 5000,Top 5000,top5000,n.,η συνταγή,recipe,recipe photo,generated
5176,13,Top 5000,Top 5000,top5000,n.,το γέλιο,laugh,laugh photo,generated
5177,13,Top 5000,Top 5000,top5000,v.,προστατεύω,protect,protect photo,generated
5178,13,Top 5000,Top 5000,top5000,adj.,μακρύς,long,long photo,generated
5179,13,Top 5000,Top 5000,top5000,v.,αναπτύσσω,unfold,unfold photo,generated
5180,13,Top 5000,Top 5000,top5000,n.,το σακάκι,jacket,jacket photo,generated
5181,13,Top 5000,Top 5000,top5000,n.,το ενδιαφέρον,interest,interest photo,generated
5182,13,Top 5000,Top 5000,top5000,n.,το γυμναστήριο,the gym,,needs_review
5183,13,Top 5000,Top 5000,top5000,n.,το λιμάνι,port,port photo,generated
5184,13,Top 5000,Top 5000,top5000,n.,η αδυναμία,weakness,weakness photo,generated
5185,13,Top 5000,Top 5000,top5000,adj.,υγρός,liquid,liquid photo,generated
5186,13,Top 5000,Top 5000,top5000,n.,το υγρό,liquid,liquid photo,generated
5187,13,Top 5000,Top 5000,top5000,adv.,επίτηδες,deliberately,deliberately photo,generated
5188,13,Top 5000,Top 5000,top5000,n.,η σάρκα,flesh,flesh photo,generated
5189,13,Top 5000,Top 5000,top5000,n.,το μάτσο,bundle,bundle photo,generated
5190,13,Top 5000,Top 5000,top5000,adj.,τέταρτος,fourth,fourth photo,generated
5191,13,Top 5000,Top 5000,top5000,n.,το τέταρτο,quarter,quarter photo,generated
5192,13,Top 5000,Top 5000,top5000,n.,η Ιταλία,Italy,Italy photo,generated
5193,13,Top 5000,Top 5000,top5000,n.,ο πρίγκιπας,prince,prince photo,generated
5194,13,Top 5000,Top 5000,top5000,n.,η τρίχα,body hair,body hair photo,generated
5195,13,Top 5000,Top 5000,top5000,n.,η μπότα,boot,boot photo,generated
5196,13,Top 5000,Top 5000,top5000,adj.,φρικτός,horrible,horrible photo,generated
5197,13,Top 5000,Top 5000,top5000,v.,επαναλαμβάνω,repeat,repeat photo,generated
5198,13,Top 5000,Top 5000,top5000,n.,η κλοπή,theft,theft photo,generated
5199,13,Top 5000,Top 5000,top5000,n.,το ίδρυμα,institution,institution photo,generated
5200,13,Top 5000,Top 5000,top5000,n.,το χιούμορ,humour,humour photo,generated
5201,13,Top 5000,Top 5000,top5000,num.,τριάντα,thirty,thirty photo,generated
5202,13,Top 5000,Top 5000,top5000,v.,συνηθίζω,become accustomed to,become accustomed to photo,generated
5203,13,Top 5000,Top 5000,top5000,adj.,διπλός,twofold,twofold photo,generated
5204,13,Top 5000,Top 5000,top5000,n.,το φίδι,snake,snake photo,generated
5205,13,Top 5000,Top 5000,top5000,n.,ο πύργος,tower,tower photo,generated
5206,13,Top 5000,Top 5000,top5000,n.,η διοίκηση,management,management photo,generated
5207,13,Top 5000,Top 5000,top5000,v.,ντρέπομαι,be ashamed,be ashamed photo,generated
5208,13,Top 5000,Top 5000,top5000,n.,ο επισκέπτης,visitor,visitor photo,generated
5209,13,Top 5000,Top 5000,top5000,v.,κουνιέμαι,get move on,get move on photo,generated
5210,13,Top 5000,Top 5000,top5000,adj.,μέσος,middle,middle photo,generated
5211,13,Top 5000,Top 5000,top5000,v.,παραμένω,remain,remain photo,generated
5212,13,Top 5000,Top 5000,top5000,n.,η σάλτσα,sauce,sauce photo,generated
5213,13,Top 5000,Top 5000,top5000,n.,το μήκος,length,length photo,generated
5214,13,Top 5000,Top 5000,top5000,adv.,υπόψη,into account,into account photo,generated
5215,13,Top 5000,Top 5000,top5000,n.,το μπισκότο,biscuit,biscuit photo,generated
5216,13,Top 5000,Top 5000,top5000,n.,η έννοια,worry,worry photo,generated
5217,13,Top 5000,Top 5000,top5000,n.,ο εγκληματίας,criminal,criminal photo,generated
5218,13,Top 5000,Top 5000,top5000,adv.,ανάποδα,astern,astern photo,generated
5219,13,Top 5000,Top 5000,top5000,n.,ο διοικητής,commander,commander photo,generated
5220,13,Top 5000,Top 5000,top5000,n.,ο δημοσιογράφος,journalist,journalist photo,generated
5221,13,Top 5000,Top 5000,top5000,n.,το γόνατο,knee,knee photo,generated
5222,13,Top 5000,Top 5000,top5000,adj.,πολύτιμος,valuable,valuable photo,generated
5223,13,Top 5000,Top 5000,top5000,n.,η ομιλία,speech,speech photo,generated
5224,13,Top 5000,Top 5000,top5000,v.,αποτελώ,constitute,constitute photo,generated
5225,13,Top 5000,Top 5000,top5000,n.,η πρόκληση,challenge,challenge photo,generated
5226,13,Top 5000,Top 5000,top5000,v.,προέρχομαι,originate,originate photo,generated
5227,13,Top 5000,Top 5000,top5000,n.,η αποτυχία,failure,failure photo,generated
5228,13,Top 5000,Top 5000,top5000,v.,υποφέρω,suffer,suffer photo,generated
5229,13,Top 5000,Top 5000,top5000,n.,ξύπνιος,awake,awake photo,generated
5230,13,Top 5000,Top 5000,top5000,n.,χαίρω,be happy,be happy photo,generated
5231,13,Top 5000,Top 5000,top5000,n.,το ραδιόφωνο,radio,radio photo,generated
5232,13,Top 5000,Top 5000,top5000,n.,η επανάσταση,revolution,revolution photo,generated
5233,13,Top 5000,Top 5000,top5000,n.,η αύξηση,increase,increase photo,generated
5234,13,Top 5000,Top 5000,top5000,v.,απαγορεύω,forbid,forbid photo,generated
5235,13,Top 5000,Top 5000,top5000,n.,η φόρμα,the form,,needs_review
5236,13,Top 5000,Top 5000,top5000,n.,το διαμάντι,diamond,diamond photo,generated
5237,13,Top 5000,Top 5000,top5000,adj.,σέξι,sexy,sexy photo,generated
5238,13,Top 5000,Top 5000,top5000,n.,το προαίσθημα,premonition,premonition photo,generated
5239,13,Top 5000,Top 5000,top5000,n.,το φροντιστήριο,private tutoring,private tutoring photo,generated
5240,13,Top 5000,Top 5000,top5000,adj.,υπερβολικός,excessive,excessive photo,generated
5241,13,Top 5000,Top 5000,top5000,n.,η παρακολούθηση,monitoring,monitoring photo,generated
5242,13,Top 5000,Top 5000,top5000,adj. / n.,άγνωστος,unknown,unknown photo,generated
5243,13,Top 5000,Top 5000,top5000,adj.,ρομαντικός,romantic,romantic photo,generated
5244,13,Top 5000,Top 5000,top5000,v.,στέκομαι,stand,stand photo,generated
5245,13,Top 5000,Top 5000,top5000,adj.,παιδικός,belonging or referring to child,belonging or referring to child photo,generated
5246,13,Top 5000,Top 5000,top5000,adj.,ακριβός,expensive,expensive photo,generated
5247,13,Top 5000,Top 5000,top5000,n.,η έκφραση,expression,expression photo,generated
5248,13,Top 5000,Top 5000,top5000,n.,η κατοχή,possession,possession photo,generated
5249,13,Top 5000,Top 5000,top5000,n.,το σχήμα,shape,shape photo,generated
5250,13,Top 5000,Top 5000,top5000,n.,η Τετάρτη,Wednesday,Wednesday photo,generated
5251,13,Top 5000,Top 5000,top5000,n.,το έτος,year,year photo,generated
5252,13,Top 5000,Top 5000,top5000,n.,η αγωγή,lawsuit,lawsuit photo,generated
5253,13,Top 5000,Top 5000,top5000,n.,η οργάνωση,organisation,organisation photo,generated
5254,13,Top 5000,Top 5000,top5000,adj.,κοινωνικός,social,social photo,generated
5255,13,Top 5000,Top 5000,top5000,v.,αποκαλώ,call,call photo,generated
5256,13,Top 5000,Top 5000,top5000,n.,το ρεπό,the day off,,needs_review
5257,13,Top 5000,Top 5000,top5000,n.,ο φύλακας,guard,guard photo,generated
5258,13,Top 5000,Top 5000,top5000,n.,η ακτίνα,radius,radius photo,generated
5259,13,Top 5000,Top 5000,top5000,n.,το μπιφτέκι,burger,burger photo,generated
5260,13,Top 5000,Top 5000,top5000,n.,η κοινότητα,community,community photo,generated
5261,13,Top 5000,Top 5000,top5000,adj.,εμπορικός,commercial,commercial photo,generated
5262,13,Top 5000,Top 5000,top5000,n.,το πλάι,side,side photo,generated
5263,13,Top 5000,Top 5000,top5000,v.,εξακολουθώ,continue,continue photo,generated
5264,13,Top 5000,Top 5000,top5000,n.,ο τίτλος,title,title photo,generated
5265,13,Top 5000,Top 5000,top5000,n.,η προδοσία,betrayal,betrayal photo,generated
5266,13,Top 5000,Top 5000,top5000,n.,η στροφή,turn,turn photo,generated
5267,13,Top 5000,Top 5000,top5000,n.,η δεκαετία,decade,decade photo,generated
5268,13,Top 5000,Top 5000,top5000,n.,το έξοδο,expense,expense photo,generated
5269,13,Top 5000,Top 5000,top5000,n.,η ένδειξη,indication,indication photo,generated
5270,13,Top 5000,Top 5000,top5000,n.,ο ωκεανός,ocean,ocean photo,generated
5271,13,Top 5000,Top 5000,top5000,adj.,στρατιωτικός,military,military photo,generated
5272,13,Top 5000,Top 5000,top5000,n.,το κύμα,wave,wave photo,generated
5273,13,Top 5000,Top 5000,top5000,n.,το χρέος,debt,debt photo,generated
5274,13,Top 5000,Top 5000,top5000,n.,ο υπάλληλος,employee,employee photo,generated
5275,13,Top 5000,Top 5000,top5000,n.,ο άγγελος,angel,angel photo,generated
5276,13,Top 5000,Top 5000,top5000,n.,η ανταλλαγή,exchange,exchange photo,generated
5277,13,Top 5000,Top 5000,top5000,adj.,ιδιωτικός,private,private photo,generated
5278,13,Top 5000,Top 5000,top5000,n.,η πρόθεση,intention,intention photo,generated
5279,13,Top 5000,Top 5000,top5000,v.,ακυρώνω,annul,annul photo,generated
5280,13,Top 5000,Top 5000,top5000,n.,ο πιλότος,pilot,pilot photo,generated
5281,13,Top 5000,Top 5000,top5000,n. pl.,τα κοσμήματα,jewellery,jewellery photo,generated
5282,13,Top 5000,Top 5000,top5000,n.,το εσώρουχο,underwear,underwear photo,generated
5283,13,Top 5000,Top 5000,top5000,v.,ενοχλώ,annoy,annoy photo,generated
5284,13,Top 5000,Top 5000,top5000,n. pl.,τα γαλλικά,French,French photo,generated
5285,13,Top 5000,Top 5000,top5000,n.,η σημαία,flag,flag photo,generated
5286,13,Top 5000,Top 5000,top5000,n.,η συγκέντρωση,concentration,concentration photo,generated
5287,13,Top 5000,Top 5000,top5000,n.,το κόστος,cost,cost photo,generated
5288,13,Top 5000,Top 5000,top5000,adj.,περίπλοκος,complex,complex photo,generated
5289,13,Top 5000,Top 5000,top5000,adj.,ευχάριστος,pleasant,pleasant photo,generated
5290,13,Top 5000,Top 5000,top5000,n.,ο θάλαμος,chamber,chamber photo,generated
5291,13,Top 5000,Top 5000,top5000,adj.,ιερός,sanctified,sanctified photo,generated
5292,13,Top 5000,Top 5000,top5000,v.,στοιχηματίζω,"bet, wager",,needs_review
5293,13,Top 5000,Top 5000,top5000,n.,η θλίψη,grief,grief photo,generated
5294,13,Top 5000,Top 5000,top5000,n.,το παν,most important thing,most important thing photo,generated
5295,13,Top 5000,Top 5000,top5000,v.,παραδέχομαι,admit,admit photo,generated
5296,13,Top 5000,Top 5000,top5000,n.,το ζόρι,strain,strain photo,generated
5297,13,Top 5000,Top 5000,top5000,n.,ο ώμος,shoulder,shoulder photo,generated
5298,13,Top 5000,Top 5000,top5000,n.,η αναζήτηση,search,search photo,generated
5299,13,Top 5000,Top 5000,top5000,n.,η εξάσκηση,practice,practice photo,generated
5300,13,Top 5000,Top 5000,top5000,n.,ο ψεύτης,liar,liar photo,generated
5301,13,Top 5000,Top 5000,top5000,,η προαγωγή,promotion,promotion photo,generated
5302,13,Top 5000,Top 5000,top5000,n.,το γυμνάσιο,secondary school,secondary school photo,generated
5303,13,Top 5000,Top 5000,top5000,n.,η θυσία,sacrifice,sacrifice photo,generated
5304,13,Top 5000,Top 5000,top5000,adv.,ξεκάθαρα,clearly,clearly photo,generated
5305,13,Top 5000,Top 5000,top5000,adv.,φυσιολογικά,normal,normal photo,generated
5306,13,Top 5000,Top 5000,top5000,n.,το κρανίο,skull,skull photo,generated
5307,13,Top 5000,Top 5000,top5000,n.,η οπτική,point of view,point of view photo,generated
5308,13,Top 5000,Top 5000,top5000,n.,το στυλό,the pen,,needs_review
5309,13,Top 5000,Top 5000,top5000,adj.,παράλογος,illogical,illogical photo,generated
5310,13,Top 5000,Top 5000,top5000,n.,ο μάγος,magician,magician photo,generated
5311,13,Top 5000,Top 5000,top5000,n.,ο καλλιτέχνης,artist,artist photo,generated
5312,13,Top 5000,Top 5000,top5000,adj.,απόλυτος,absolute,absolute photo,generated
5313,13,Top 5000,Top 5000,top5000,n.,η σακούλα,plastic bag,plastic bag photo,generated
5314,13,Top 5000,Top 5000,top5000,adj.,μαλακός,soft,soft photo,generated
5315,13,Top 5000,Top 5000,top5000,n.,η προπόνηση,training,training photo,generated
5316,13,Top 5000,Top 5000,top5000,n.,το χόρτο,weed,weed photo,generated
5317,13,Top 5000,Top 5000,top5000,n.,η επιρροή,influence,influence photo,generated
5318,13,Top 5000,Top 5000,top5000,adv.,ίσα,come on,come on photo,generated
5319,13,Top 5000,Top 5000,top5000,n.,το πιάνο,piano,piano photo,generated
5320,13,Top 5000,Top 5000,top5000,n.,η δοκιμή,test,test photo,generated
5321,13,Top 5000,Top 5000,top5000,n.,το κάθισμα,seat,seat photo,generated
5322,13,Top 5000,Top 5000,top5000,n.,ο όρος,mountain,mountain photo,generated
5323,13,Top 5000,Top 5000,top5000,n.,ο εφιάλτης,nightmare,nightmare photo,generated
5324,13,Top 5000,Top 5000,top5000,n.,η κρέμα,cream,cream photo,generated
5325,13,Top 5000,Top 5000,top5000,n.,το πεπρωμένο,destiny,destiny photo,generated
5326,13,Top 5000,Top 5000,top5000,n.,η αναγνώριση,recognition,recognition photo,generated
5327,13,Top 5000,Top 5000,top5000,n.,ο μισθός,salary,salary photo,generated
5328,13,Top 5000,Top 5000,top5000,n.,το κλουβί,cage,cage photo,generated
5329,13,Top 5000,Top 5000,top5000,adj.,αδύναμος,weak,weak photo,generated
5330,13,Top 5000,Top 5000,top5000,n.,ο χειμώνας,winter,winter photo,generated
5331,13,Top 5000,Top 5000,top5000,adj.,γενναίος,brave,brave photo,generated
5332,13,Top 5000,Top 5000,top5000,n.,το εμπόδιο,obstacle,obstacle photo,generated
5333,13,Top 5000,Top 5000,top5000,adv.,αντίθετα,on contrary,on contrary photo,generated
5334,13,Top 5000,Top 5000,top5000,v.,φέρομαι,to behave,to behave photo,generated
5335,13,Top 5000,Top 5000,top5000,adv.,ουσιαστικά,substantive,substantive photo,generated
5336,13,Top 5000,Top 5000,top5000,adv.,τρομερά,astounding,astounding photo,generated
5337,13,Top 5000,Top 5000,top5000,v.,ξανασυμβαίνω,happen again,happen again photo,generated
5338,13,Top 5000,Top 5000,top5000,adj.,οικογενειακός,family,family photo,generated
5339,13,Top 5000,Top 5000,top5000,adv.,επικίνδυνα,dangerously,dangerously photo,generated
5340,13,Top 5000,Top 5000,top5000,adj.,άσπρος,white,white photo,generated
5341,13,Top 5000,Top 5000,top5000,n.,το δάκρυ,tear,tear photo,generated
5342,13,Top 5000,Top 5000,top5000,n.,το διαδίκτυο,internet,internet photo,generated
5343,13,Top 5000,Top 5000,top5000,n.,το γάντι,glove,glove photo,generated
5344,13,Top 5000,Top 5000,top5000,adj.,πρόθυμος,willing,willing photo,generated
5345,13,Top 5000,Top 5000,top5000,adj.,αγενής,rude,rude photo,generated
5346,13,Top 5000,Top 5000,top5000,n.,ο ιός,virus,virus photo,generated
5347,13,Top 5000,Top 5000,top5000,n.,ο κατάσκοπος,the spy,,needs_review
5348,13,Top 5000,Top 5000,top5000,adj.,νευρικός,nervous,nervous photo,generated
5349,13,Top 5000,Top 5000,top5000,n.,το πείραμα,experiment,experiment photo,generated
5350,13,Top 5000,Top 5000,top5000,num.,πενήντα,fifty,fifty photo,generated
5351,13,Top 5000,Top 5000,top5000,n.,η εκλογή,election,election photo,generated
5352,13,Top 5000,Top 5000,top5000,n.,η ένταση,intensity,intensity photo,generated
5353,13,Top 5000,Top 5000,top5000,n.,η δυνατότητα,possibility,possibility photo,generated
5354,13,Top 5000,Top 5000,top5000,n.,το τίμημα,price,price photo,generated
5355,13,Top 5000,Top 5000,top5000,n.,το πέρασμα,passage,passage photo,generated
5356,13,Top 5000,Top 5000,top5000,n.,ο νικητής,winner,winner photo,generated
5357,13,Top 5000,Top 5000,top5000,v.,τακτοποιώ,sort out,sort out photo,generated
5358,13,Top 5000,Top 5000,top5000,n.,ο πάτος,bottom,bottom photo,generated
5359,13,Top 5000,Top 5000,top5000,n.,η μοναξιά,solitude,solitude photo,generated
5360,13,Top 5000,Top 5000,top5000,n.,η ανατολή,east,east photo,generated
5361,13,Top 5000,Top 5000,top5000,v.,σιγουρεύομαι,make sure,make sure photo,generated
5362,13,Top 5000,Top 5000,top5000,adv.,περίφημα,famous,famous photo,generated
5363,13,Top 5000,Top 5000,top5000,n.,ο δειλός,coward,coward photo,generated
5364,13,Top 5000,Top 5000,top5000,adj.,κεντρικός,central,central photo,generated
5365,13,Top 5000,Top 5000,top5000,n.,η πρόποση,toast,toast photo,generated
5366,13,Top 5000,Top 5000,top5000,n.,το σύμβολο,symbol,symbol photo,generated
5367,13,Top 5000,Top 5000,top5000,v.,προσλαμβάνω,hire,hire photo,generated
5368,13,Top 5000,Top 5000,top5000,n.,το όραμα,vision,vision photo,generated
5369,13,Top 5000,Top 5000,top5000,adj.,ισχυρός,powerful,powerful photo,generated
5370,13,Top 5000,Top 5000,top5000,n.,η περιγραφή,description,description photo,generated
5371,13,Top 5000,Top 5000,top5000,n.,η τεχνική,tecnique,tecnique photo,generated
5372,13,Top 5000,Top 5000,top5000,v.,εκπλήσσομαι,surprise,surprise photo,generated
5373,13,Top 5000,Top 5000,top5000,n.,ο γερουσιαστής,senator,senator photo,generated
5374,13,Top 5000,Top 5000,top5000,n.,ο ναός,temple,temple photo,generated
5375,13,Top 5000,Top 5000,top5000,n.,η πίτα,pitta bread,pitta bread photo,generated
5376,13,Top 5000,Top 5000,top5000,n.,η ισχύς,strength,strength photo,generated
5377,13,Top 5000,Top 5000,top5000,n.,η κάλτσα,sock,sock photo,generated
5378,13,Top 5000,Top 5000,top5000,adv.,μαγικά,magically,magically photo,generated
5379,13,Top 5000,Top 5000,top5000,n.,η προμήθεια,supply,supply photo,generated
5380,13,Top 5000,Top 5000,top5000,v.,κινδυνεύω,I am in danger,I am in danger photo,generated
5381,13,Top 5000,Top 5000,top5000,adj.,ξεκάθαρος,clear,clear photo,generated
5382,13,Top 5000,Top 5000,top5000,n.,ο επιστήμονας,scientist,scientist photo,generated
5383,13,Top 5000,Top 5000,top5000,v.,τυχαίνω,happen,happen photo,generated
5384,13,Top 5000,Top 5000,top5000,v.,δημιουργώ,create,create photo,generated
5385,13,Top 5000,Top 5000,top5000,v.,ρισκάρω,risk,risk photo,generated
5386,13,Top 5000,Top 5000,top5000,n.,η εμμονή,obsession,obsession photo,generated
5387,13,Top 5000,Top 5000,top5000,n.,ο ιερέας,priest,priest photo,generated
5388,13,Top 5000,Top 5000,top5000,n. pl.,τα μαθηματικά,mathematics,mathematics photo,generated
5389,13,Top 5000,Top 5000,top5000,adv.,άβολα,Nominative,Nominative photo,generated
5390,13,Top 5000,Top 5000,top5000,n.,ο γραμματέας,secretary,secretary photo,generated
5391,13,Top 5000,Top 5000,top5000,adj.,σκοτεινός,dark,dark photo,generated
5392,13,Top 5000,Top 5000,top5000,n.,η ιδιοκτησία,property,property photo,generated
5393,13,Top 5000,Top 5000,top5000,v.,αντιμετωπίζω,tackle,tackle photo,generated
5394,13,Top 5000,Top 5000,top5000,adj.,επίσημος,formal,formal photo,generated
5395,13,Top 5000,Top 5000,top5000,n.,ο εργάτης,manual worker,manual worker photo,generated
5396,13,Top 5000,Top 5000,top5000,n.,η ένωση,union,union photo,generated
5397,13,Top 5000,Top 5000,top5000,adv.,αιώνια,eternally,eternally photo,generated
5398,13,Top 5000,Top 5000,top5000,v.,διακόπτω,interrupt,interrupt photo,generated
5399,13,Top 5000,Top 5000,top5000,n.,ο τρομοκράτης,terrorist,terrorist photo,generated
5400,13,Top 5000,Top 5000,top5000,adj.,ιατρικός,medical,medical photo,generated
5401,13,Top 5000,Top 5000,top5000,adj.,γυμνός,naked,naked photo,generated
5402,13,Top 5000,Top 5000,top5000,v.,προειδοποιώ,forewarn,forewarn photo,generated
5403,13,Top 5000,Top 5000,top5000,n.,το ντουλάπι,cupboard,cupboard photo,generated
5404,13,Top 5000,Top 5000,top5000,adv.,απαραίτητα,needed,needed photo,generated
5405,13,Top 5000,Top 5000,top5000,n.,ο πυρετός,fever,fever photo,generated
5406,13,Top 5000,Top 5000,top5000,adj.,νομικός,pertaining to law,pertaining to law photo,generated
5407,13,Top 5000,Top 5000,top5000,n.,η στέγη,roof,roof photo,generated
5408,13,Top 5000,Top 5000,top5000,adj.,πιστός,faithful,faithful photo,generated
5409,13,Top 5000,Top 5000,top5000,n.,το ψάρεμα,fishing,fishing photo,generated
5410,13,Top 5000,Top 5000,top5000,n.,το βραδινό,dinner,dinner photo,generated
5411,13,Top 5000,Top 5000,top5000,n.,η άσκηση,exercise,exercise photo,generated
5412,13,Top 5000,Top 5000,top5000,n.,η πώληση,sale,sale photo,generated
5413,13,Top 5000,Top 5000,top5000,n.,η απόπειρα,attempt,attempt photo,generated
5414,13,Top 5000,Top 5000,top5000,n.,η διαφήμιση,advertisement,advertisement photo,generated
5415,13,Top 5000,Top 5000,top5000,n.,η δύση,west,west photo,generated
5416,13,Top 5000,Top 5000,top5000,v.,οφείλω,be obliged to,be obliged to photo,generated
5417,13,Top 5000,Top 5000,top5000,v.,περιέχω,contain,contain photo,generated
5418,13,Top 5000,Top 5000,top5000,n.,η ανθρωπότητα,mankind,mankind photo,generated
5419,13,Top 5000,Top 5000,top5000,v.,συγκεντρώνομαι,gather,gather photo,generated
5420,13,Top 5000,Top 5000,top5000,n.,η βλάβη,harm,harm photo,generated
5421,13,Top 5000,Top 5000,top5000,n.,η σπηλιά,cave,cave photo,generated
5422,13,Top 5000,Top 5000,top5000,n.,το θέαμα,spectacle,spectacle photo,generated
5423,13,Top 5000,Top 5000,top5000,n.,η φάτσα,face,face photo,generated
5424,13,Top 5000,Top 5000,top5000,n.,η τροχιά,orbit,orbit photo,generated
5425,13,Top 5000,Top 5000,top5000,n.,το μπάσκετ,basketball,basketball photo,generated
5426,13,Top 5000,Top 5000,top5000,v.,εκρήγνυμαι,explode,explode photo,generated
5427,13,Top 5000,Top 5000,top5000,adj.,παγκόσμιος,global,global photo,generated
5428,13,Top 5000,Top 5000,top5000,adj.,φρέσκος,fresh,fresh photo,generated
5429,13,Top 5000,Top 5000,top5000,n.,το αέριο,the gas,,needs_review
5430,13,Top 5000,Top 5000,top5000,n.,η περιπέτεια,adventure,adventure photo,generated
5431,13,Top 5000,Top 5000,top5000,n.,η μελέτη,study,study photo,generated
5432,13,Top 5000,Top 5000,top5000,n.,το πέος,penis,penis photo,generated
5433,13,Top 5000,Top 5000,top5000,adj.,χρονικός,temporal,temporal photo,generated
5434,13,Top 5000,Top 5000,top5000,adv.,ακριβά,expensively,expensively photo,generated
5435,13,Top 5000,Top 5000,top5000,n.,η επιστολή,letter,letter photo,generated
5436,13,Top 5000,Top 5000,top5000,n.,η αρρώστια,illness,illness photo,generated
5437,13,Top 5000,Top 5000,top5000,n.,η δημοκρατία,democracy,democracy photo,generated
5438,13,Top 5000,Top 5000,top5000,n.,το δολάριο,dollar,dollar photo,generated
5439,13,Top 5000,Top 5000,top5000,adj.,υπομονετικός,patient,patient photo,generated
5440,13,Top 5000,Top 5000,top5000,n.,το μέτωπο,forehead,forehead photo,generated
5441,13,Top 5000,Top 5000,top5000,v.,καλύπτω,cover,cover photo,generated
5442,13,Top 5000,Top 5000,top5000,n.,το μίσος,hatred,hatred photo,generated
5443,13,Top 5000,Top 5000,top5000,n.,το ρεκόρ,record,record photo,generated
5444,13,Top 5000,Top 5000,top5000,n.,η ενημέρωση,update,update photo,generated
5445,13,Top 5000,Top 5000,top5000,v.,διορθώνω,"fix, correct",,needs_review
5446,13,Top 5000,Top 5000,top5000,n.,η αμαρτία,the sin,,needs_review
5447,13,Top 5000,Top 5000,top5000,n.,το σύμπτωμα,symptom,symptom photo,generated
5448,13,Top 5000,Top 5000,top5000,n.,η τραγωδία,tragedy,tragedy photo,generated
5449,13,Top 5000,Top 5000,top5000,n.,ο βάλτος,swamp,swamp photo,generated
5450,13,Top 5000,Top 5000,top5000,n.,το νεκροταφείο,cemetery,cemetery photo,generated
5451,13,Top 5000,Top 5000,top5000,n.,ο μπάσταρδος,bastard,bastard photo,generated
5452,13,Top 5000,Top 5000,top5000,v.,ασχολούμαι,be busy with,be busy with photo,generated
5453,13,Top 5000,Top 5000,top5000,adj.,εκρηκτικός,explosive,explosive photo,generated
5454,13,Top 5000,Top 5000,top5000,v.,καίγομαι,burn,burn photo,generated
5455,13,Top 5000,Top 5000,top5000,adj.,ενθουσιασμένος,excited,excited photo,generated
5456,13,Top 5000,Top 5000,top5000,n.,το πλεονέκτημα,advantage,advantage photo,generated
5457,13,Top 5000,Top 5000,top5000,v.,περπατάω,walk,walk photo,generated
5458,13,Top 5000,Top 5000,top5000,adj.,παραδοσιακός,traditional,traditional photo,generated
5459,13,Top 5000,Top 5000,top5000,v.,εμπνέω,inspire,inspire photo,generated
5460,13,Top 5000,Top 5000,top5000,n.,το άρωμα,perfume,perfume photo,generated
5461,13,Top 5000,Top 5000,top5000,n.,η συντεταγμένη,coordinate,coordinate photo,generated
5462,13,Top 5000,Top 5000,top5000,n.,η γραβάτα,neck tie,neck tie photo,generated
5463,13,Top 5000,Top 5000,top5000,n.,το κορμί,body,body photo,generated
5464,13,Top 5000,Top 5000,top5000,n.,η προσευχή,prayer,prayer photo,generated
5465,13,Top 5000,Top 5000,top5000,n.,η έκδοση,edition,edition photo,generated
5466,13,Top 5000,Top 5000,top5000,n.,η Ιαπωνία,Japan,Japan photo,generated
5467,13,Top 5000,Top 5000,top5000,n.,σπασμένος,broken,broken photo,generated
5468,13,Top 5000,Top 5000,top5000,n.,η Ρωσία,Russia,Russia photo,generated
5469,13,Top 5000,Top 5000,top5000,adv.,καθημερινά,daily,daily photo,generated
5470,13,Top 5000,Top 5000,top5000,adj.,βρώμικος,dirty,dirty photo,generated
5471,13,Top 5000,Top 5000,top5000,n.,η θρησκεία,religion,religion photo,generated
5472,13,Top 5000,Top 5000,top5000,v.,απομένω,be left,be left photo,generated
5473,13,Top 5000,Top 5000,top5000,n.,το καρφί,nail,nail photo,generated
5474,13,Top 5000,Top 5000,top5000,n.,ο δολοφόνος,murderer,murderer photo,generated
5475,13,Top 5000,Top 5000,top5000,n.,η πριγκίπισσα,princess,princess photo,generated
5476,13,Top 5000,Top 5000,top5000,v.,μεταφέρω,transfer,transfer photo,generated
5477,13,Top 5000,Top 5000,top5000,n.,το συνέδριο,conference,conference photo,generated
5478,13,Top 5000,Top 5000,top5000,n.,ο σεφ,chef,chef photo,generated
5479,13,Top 5000,Top 5000,top5000,adj.,ώριμος,ripe,ripe photo,generated
5480,13,Top 5000,Top 5000,top5000,n.,το χάσιμο,loss,loss photo,generated
5481,13,Top 5000,Top 5000,top5000,n.,η πινακίδα,road sign,road sign photo,generated
5482,13,Top 5000,Top 5000,top5000,v.,χωρίζω,separate,separate photo,generated
5483,13,Top 5000,Top 5000,top5000,n.,η διαρροή,leak,leak photo,generated
5484,13,Top 5000,Top 5000,top5000,n.,ο χυμός,juice,juice photo,generated
5485,13,Top 5000,Top 5000,top5000,v.,κερνάω,treat,treat photo,generated
5486,13,Top 5000,Top 5000,top5000,n.,το χαλί,carpet,carpet photo,generated
5487,13,Top 5000,Top 5000,top5000,n.,ο πιστός,believer,believer photo,generated
5488,13,Top 5000,Top 5000,top5000,v.,μαζεύω,collect,collect photo,generated
5489,13,Top 5000,Top 5000,top5000,v.,καταλήγω,end up,,needs_review
5490,13,Top 5000,Top 5000,top5000,n.,η παραγγελία,order (in restaurant,order (in restaurant photo,generated
5491,13,Top 5000,Top 5000,top5000,adj.,αρνητικός,disapproving,disapproving photo,generated
5492,13,Top 5000,Top 5000,top5000,adj.,σταθερός,constant,constant photo,generated
5493,13,Top 5000,Top 5000,top5000,n.,το πρωτάθλημα,championship,championship photo,generated
5494,13,Top 5000,Top 5000,top5000,n.,κοροϊδεύω,mock,mock photo,generated
5495,13,Top 5000,Top 5000,top5000,n.,η πρόοδος,progress,progress photo,generated
5496,13,Top 5000,Top 5000,top5000,adv.,φανταστικά,fantastically,fantastically photo,generated
5497,13,Top 5000,Top 5000,top5000,n.,το χρυσάφι,gold,gold photo,generated
5498,13,Top 5000,Top 5000,top5000,n.,ο συγχρονισμός,timing,timing photo,generated
5499,13,Top 5000,Top 5000,top5000,v.,αράζω,anchor,anchor photo,generated
5500,13,Top 5000,Top 5000,top5000,n.,η στρατηγική,strategy,strategy photo,generated
5501,13,Top 5000,Top 5000,top5000,n.,ο λύκος,wolf,wolf photo,generated
5502,13,Top 5000,Top 5000,top5000,n.,το κέρδος,profit,profit photo,generated
5503,13,Top 5000,Top 5000,top5000,adj.,παρόμοιος,similar,similar photo,generated
5504,13,Top 5000,Top 5000,top5000,adv.,γενικά,generally,generally photo,generated
5505,13,Top 5000,Top 5000,top5000,adj.,επαγγελματικός,professional,professional photo,generated
5506,13,Top 5000,Top 5000,top5000,adj.,αρχαίος,ancient,ancient photo,generated
5507,13,Top 5000,Top 5000,top5000,v.,εργάζομαι,work,work photo,generated
5508,13,Top 5000,Top 5000,top5000,n.,η αντίσταση,resistance,resistance photo,generated
5509,13,Top 5000,Top 5000,top5000,n.,η παραγωγή,production,production photo,generated
5510,13,Top 5000,Top 5000,top5000,n.,το μέλι,honey,honey photo,generated
5511,13,Top 5000,Top 5000,top5000,n.,ο λόφος,hill,hill photo,generated
5512,13,Top 5000,Top 5000,top5000,n.,ο πισινός,bottom,bottom photo,generated
5513,13,Top 5000,Top 5000,top5000,n.,η Ισπανία,Spain,Spain photo,generated
5514,13,Top 5000,Top 5000,top5000,v.,επηρεάζω,influence,influence photo,generated
5515,13,Top 5000,Top 5000,top5000,n.,η μούρη,face,face photo,generated
5516,13,Top 5000,Top 5000,top5000,n.,η γενιά,generation,generation photo,generated
5517,13,Top 5000,Top 5000,top5000,n.,η διαθήκη,will,will photo,generated
5518,13,Top 5000,Top 5000,top5000,n.,ο θυμός,the anger,,needs_review
5519,13,Top 5000,Top 5000,top5000,n.,η προφορά,accent,accent photo,generated
5520,13,Top 5000,Top 5000,top5000,v.,αρνούμαι,deny,deny photo,generated
5521,13,Top 5000,Top 5000,top5000,n.,η δοκιμασία,challenge,challenge photo,generated
5522,13,Top 5000,Top 5000,top5000,v.,αναγνωρίζω,identify,identify photo,generated
5523,13,Top 5000,Top 5000,top5000,n.,το μερίδιο,stake,stake photo,generated
5524,13,Top 5000,Top 5000,top5000,n.,ο τόνος,tone,tone photo,generated
5525,13,Top 5000,Top 5000,top5000,adj.,κίτρινος,yellow,yellow photo,generated
5526,13,Top 5000,Top 5000,top5000,n.,ο απατεώνας,swindler,swindler photo,generated
5527,13,Top 5000,Top 5000,top5000,n.,το φταίξιμο,fault,fault photo,generated
5528,13,Top 5000,Top 5000,top5000,n.,ο μηχανικός,engineer,engineer photo,generated
5529,13,Top 5000,Top 5000,top5000,n.,η περιέργεια,curiosity,curiosity photo,generated
5530,13,Top 5000,Top 5000,top5000,v.,αγνοώ,not to know,not to know photo,generated
5531,13,Top 5000,Top 5000,top5000,n.,η κοιλάδα,valley,valley photo,generated
5532,13,Top 5000,Top 5000,top5000,adv.,φοβερά,Nominative,Nominative photo,generated
5533,13,Top 5000,Top 5000,top5000,n.,το φύλλο,leaf,leaf photo,generated
5534,13,Top 5000,Top 5000,top5000,adj.,προσεκτικός,careful,careful photo,generated
5535,13,Top 5000,Top 5000,top5000,n.,η σύνταξη,pension,pension photo,generated
5536,13,Top 5000,Top 5000,top5000,v.,πατάω,tread,tread photo,generated
5537,13,Top 5000,Top 5000,top5000,n.,ο άνεμος,wind,wind photo,generated
5538,13,Top 5000,Top 5000,top5000,adv.,απευθείας,directly,directly photo,generated
5539,13,Top 5000,Top 5000,top5000,adj.,η ανακοίνωση,announcement,announcement photo,generated
5540,13,Top 5000,Top 5000,top5000,v.,βρέχω,offer treat for good luck for newly acquired goods,offer treat for good luck for newly acquired goods photo,generated
5541,13,Top 5000,Top 5000,top5000,v.,φιλάω,kiss,kiss photo,generated
5542,13,Top 5000,Top 5000,top5000,n.,η κατανόηση,understanding,understanding photo,generated
5543,13,Top 5000,Top 5000,top5000,n.,η σύγκρουση,crash,crash photo,generated
5544,13,Top 5000,Top 5000,top5000,n.,το Βερολίνο,Berlin,Berlin photo,generated
5545,13,Top 5000,Top 5000,top5000,n.,η καλύβα,shack,shack photo,generated
5546,13,Top 5000,Top 5000,top5000,n.,η καθυστέρηση,delay,delay photo,generated
5547,13,Top 5000,Top 5000,top5000,adj.,γυναικείος,feminine,feminine photo,generated
5548,13,Top 5000,Top 5000,top5000,n.,ο φούρνος,oven,oven photo,generated
5549,13,Top 5000,Top 5000,top5000,v.,υπογράφω,sign,sign photo,generated
5550,13,Top 5000,Top 5000,top5000,n.,η ένεση,injection,injection photo,generated
5551,13,Top 5000,Top 5000,top5000,adj.,δημόσιος,public,public photo,generated
5552,13,Top 5000,Top 5000,top5000,n.,η αγελάδα,the cow,,needs_review
5553,13,Top 5000,Top 5000,top5000,n.,η ζούγκλα,jungle,jungle photo,generated
5554,13,Top 5000,Top 5000,top5000,n.,η κληρονομιά,legacy,legacy photo,generated
5555,13,Top 5000,Top 5000,top5000,n.,η χήρα,widow,widow photo,generated
5556,13,Top 5000,Top 5000,top5000,v.,σέβομαι,to respect,to respect photo,generated
5557,13,Top 5000,Top 5000,top5000,n.,η δημιουργία,creation,creation photo,generated
5558,13,Top 5000,Top 5000,top5000,v.,κρυώνω,am cold,am cold photo,generated
5559,13,Top 5000,Top 5000,top5000,adj.,κοντός,short,short photo,generated
5560,13,Top 5000,Top 5000,top5000,n.,η φωλιά,nest,nest photo,generated
5561,13,Top 5000,Top 5000,top5000,adj.,τυφλός,blind,blind photo,generated
5562,13,Top 5000,Top 5000,top5000,n.,ο δεσμός,"the tie, bond",,needs_review
5563,13,Top 5000,Top 5000,top5000,n.,η θέληση,will power,will power photo,generated
5564,13,Top 5000,Top 5000,top5000,n.,η πείνα,hunger,hunger photo,generated
5565,13,Top 5000,Top 5000,top5000,n.,η εκδήλωση,event,event photo,generated
5566,13,Top 5000,Top 5000,top5000,n.,το κόμμα,political party,political party photo,generated
5567,13,Top 5000,Top 5000,top5000,v.,ζηλεύω,envy,envy photo,generated
5568,13,Top 5000,Top 5000,top5000,n.,το οξυγόνο,oxygen,oxygen photo,generated
5569,13,Top 5000,Top 5000,top5000,n.,η φάρσα,farse,farse photo,generated
5570,13,Top 5000,Top 5000,top5000,n.,η άνοιξη,spring,spring photo,generated
5571,13,Top 5000,Top 5000,top5000,n.,η μόδα,fashion,fashion photo,generated
5572,13,Top 5000,Top 5000,top5000,adj.,χοντρός,thick,thick photo,generated
5573,13,Top 5000,Top 5000,top5000,v.,πηδάω,jump,jump photo,generated
5574,13,Top 5000,Top 5000,top5000,adj.,σημερινός,present-day,present-day photo,generated
5575,13,Top 5000,Top 5000,top5000,n.,ο εμετός,vomit,vomit photo,generated
5576,13,Top 5000,Top 5000,top5000,n.,η κρεβατοκάμαρα,bedroom,bedroom photo,generated
5577,13,Top 5000,Top 5000,top5000,interj.,αμάν,gosh,gosh photo,generated
5578,13,Top 5000,Top 5000,top5000,n.,η κιθάρα,guitar,guitar photo,generated
5579,13,Top 5000,Top 5000,top5000,adv.,ζεστά,warm,warm photo,generated
5580,13,Top 5000,Top 5000,top5000,n.,η Ινδία,India,India photo,generated
5581,13,Top 5000,Top 5000,top5000,n.,ο πονοκέφαλος,headache,headache photo,generated
5582,13,Top 5000,Top 5000,top5000,n.,η πετσέτα,towel,towel photo,generated
5583,13,Top 5000,Top 5000,top5000,interj.,ώπα,hey!,hey! photo,generated
5584,13,Top 5000,Top 5000,top5000,n.,ο προπονητής,coach,coach photo,generated
5585,13,Top 5000,Top 5000,top5000,n.,η αλυσίδα,chain,chain photo,generated
5586,13,Top 5000,Top 5000,top5000,n.,η καμπίνα,cabin,cabin photo,generated
5587,13,Top 5000,Top 5000,top5000,adj.,υψηλός,tall,tall photo,generated
5588,13,Top 5000,Top 5000,top5000,n.,η ηθική,ethics,ethics photo,generated
5589,13,Top 5000,Top 5000,top5000,n.,η λάσπη,the mud,,needs_review
5590,13,Top 5000,Top 5000,top5000,n.,η κατάθλιψη,depression,depression photo,generated
5591,13,Top 5000,Top 5000,top5000,adj.,νόστιμος,tasty,tasty photo,generated
5592,13,Top 5000,Top 5000,top5000,v.,ξανακούω,rehear,rehear photo,generated
5593,13,Top 5000,Top 5000,top5000,adj.,σαφής,clear,clear photo,generated
5594,13,Top 5000,Top 5000,top5000,n.,η ανάμνηση,memory,memory photo,generated
5595,13,Top 5000,Top 5000,top5000,n.,το τσίρκο,circus,circus photo,generated
5596,13,Top 5000,Top 5000,top5000,n.,το καλάθι,basket,basket photo,generated
5597,13,Top 5000,Top 5000,top5000,adj.,λυπηρός,regrettable,regrettable photo,generated
5598,13,Top 5000,Top 5000,top5000,n.,η συνείδηση,conscience,conscience photo,generated
5599,13,Top 5000,Top 5000,top5000,n.,η βρύση,faucet,faucet photo,generated
5600,13,Top 5000,Top 5000,top5000,adv.,παγκόσμια,globally,globally photo,generated
5601,13,Top 5000,Top 5000,top5000,n.,η δραστηριότητα,activity,activity photo,generated
5602,13,Top 5000,Top 5000,top5000,n.,το παραμύθι,fairytale,fairytale photo,generated
5603,13,Top 5000,Top 5000,top5000,n.,η μπανιέρα,bath tub,bath tub photo,generated
5604,13,Top 5000,Top 5000,top5000,n.,το γούστο,taste,taste photo,generated
5605,13,Top 5000,Top 5000,top5000,n.,η κακία,malice,malice photo,generated
5606,13,Top 5000,Top 5000,top5000,v.,παραδίνω,give too much,give too much photo,generated
5607,13,Top 5000,Top 5000,top5000,adj.,άγριος,undomesticated,undomesticated photo,generated
5608,13,Top 5000,Top 5000,top5000,n./adj.,η μαϊμού,monkey,monkey photo,generated
5609,13,Top 5000,Top 5000,top5000,n.,η ποσότητα,quantity,quantity photo,generated
5610,13,Top 5000,Top 5000,top5000,adv.,σταθερά,constant,constant photo,generated
5611,13,Top 5000,Top 5000,top5000,adv.,διπλά,twice as much,twice as much photo,generated
5612,13,Top 5000,Top 5000,top5000,v.,ξεκαθαρίζω,clarify,clarify photo,generated
5613,13,Top 5000,Top 5000,top5000,v.,ξεκουράζομαι,rest and see ξεκουράζω,rest and see ξεκουράζω photo,generated
5614,13,Top 5000,Top 5000,top5000,n.,το κολιέ,necklace,necklace photo,generated
5615,13,Top 5000,Top 5000,top5000,n.,ο πυροβολισμός,shooting,shooting photo,generated
5616,13,Top 5000,Top 5000,top5000,adj.,ευτυχής,joyous,joyous photo,generated
5617,13,Top 5000,Top 5000,top5000,v.,κουράζομαι,be tired,be tired photo,generated
5618,13,Top 5000,Top 5000,top5000,adj.,ευχαριστημένος,pleased,pleased photo,generated
5619,13,Top 5000,Top 5000,top5000,adj.,στεγνός,"dry, dull",,needs_review
5620,13,Top 5000,Top 5000,top5000,adv.,σφιχτά,Nominative,Nominative photo,generated
5621,13,Top 5000,Top 5000,top5000,n.,η άμυνα,defence,defence photo,generated
5622,13,Top 5000,Top 5000,top5000,n.,η κατάληξη,ending,ending photo,generated
5623,13,Top 5000,Top 5000,top5000,n.,το σύνολο,total,total photo,generated
5624,13,Top 5000,Top 5000,top5000,n.,το μπουφάν,jacket,jacket photo,generated
5625,13,Top 5000,Top 5000,top5000,n.,η πλατεία,square,square photo,generated
5626,13,Top 5000,Top 5000,top5000,n.,ο πρωταθλητής,champion,champion photo,generated
5627,13,Top 5000,Top 5000,top5000,adj.,παγωμένος,iced,iced photo,generated
5628,13,Top 5000,Top 5000,top5000,n.,ο επιβάτης,passenger,passenger photo,generated
5629,13,Top 5000,Top 5000,top5000,v.,πολεμάω,engage in war,engage in war photo,generated
5630,13,Top 5000,Top 5000,top5000,adj.,οικονομικός,economic,economic photo,generated
5631,13,Top 5000,Top 5000,top5000,adj.,ενοχλητικός,annoying,annoying photo,generated
5632,13,Top 5000,Top 5000,top5000,adj.,σκέτος,plain,plain photo,generated
5633,13,Top 5000,Top 5000,top5000,v.,συλλαμβάνω,arrest,arrest photo,generated
5634,13,Top 5000,Top 5000,top5000,n.,ο όρκος,oath,oath photo,generated
5635,13,Top 5000,Top 5000,top5000,n.,η αυγή,dawn,dawn photo,generated
5636,13,Top 5000,Top 5000,top5000,n.,η άμμος,sand,sand photo,generated
5637,13,Top 5000,Top 5000,top5000,v.,τρομάζω,frighten,frighten photo,generated
5638,13,Top 5000,Top 5000,top5000,n.,το αλάτι,salt,salt photo,generated
5639,13,Top 5000,Top 5000,top5000,n.,ο κατάλογος,catalogue,catalogue photo,generated
5640,13,Top 5000,Top 5000,top5000,n.,η σαλάτα,salad,salad photo,generated
5641,13,Top 5000,Top 5000,top5000,n.,η διανομή,distribution,distribution photo,generated
5642,13,Top 5000,Top 5000,top5000,n.,το σχοινί,rope,rope photo,generated
5643,13,Top 5000,Top 5000,top5000,adj.,δυτικός,west,west photo,generated
5644,13,Top 5000,Top 5000,top5000,n.,το καύσιμο,fuel,fuel photo,generated
5645,13,Top 5000,Top 5000,top5000,n.,η κότα,wimp,wimp photo,generated
5646,13,Top 5000,Top 5000,top5000,n.,το συμπέρασμα,conclusion,conclusion photo,generated
5647,13,Top 5000,Top 5000,top5000,n.,ο προδότης,traitor,traitor photo,generated
5648,13,Top 5000,Top 5000,top5000,v.,θυμώνω,get angry,get angry photo,generated
5649,13,Top 5000,Top 5000,top5000,n.,ο υπουργός,minister,minister photo,generated
5650,13,Top 5000,Top 5000,top5000,adj.,ανατολικός,eastern,eastern photo,generated
5651,13,Top 5000,Top 5000,top5000,n.,το τετράγωνο,square,square photo,generated
5652,13,Top 5000,Top 5000,top5000,n.,η λεωφόρος,avenue,avenue photo,generated
5653,13,Top 5000,Top 5000,top5000,adj.,θλιβερός,dreary,dreary photo,generated
5654,13,Top 5000,Top 5000,top5000,n.,το φυτό,plant,plant photo,generated
5655,13,Top 5000,Top 5000,top5000,n.,ο πάγκος,counter,counter photo,generated
5656,13,Top 5000,Top 5000,top5000,adj.,σπάνιος,rare,rare photo,generated
5657,13,Top 5000,Top 5000,top5000,v.,εντοπίζω,locate,locate photo,generated
5658,13,Top 5000,Top 5000,top5000,n.,το φρούτο,fruit,fruit photo,generated
5659,13,Top 5000,Top 5000,top5000,v.,βελτιώνω,improve,improve photo,generated
5660,13,Top 5000,Top 5000,top5000,n.,το τιμόνι,steering wheel,steering wheel photo,generated
5661,13,Top 5000,Top 5000,top5000,v.,αναπνέω,breathe,breathe photo,generated
5662,13,Top 5000,Top 5000,top5000,adj.,ψητός,roast,roast photo,generated
5663,13,Top 5000,Top 5000,top5000,n.,το δάνειο,loan,loan photo,generated
5664,13,Top 5000,Top 5000,top5000,n.,το μετρό,metre,metre photo,generated
5665,13,Top 5000,Top 5000,top5000,n.,η ανησυχία,anxiety,anxiety photo,generated
5666,13,Top 5000,Top 5000,top5000,n.,ένα δισεκατομμύριο,one billion,one billion photo,generated
5667,13,Top 5000,Top 5000,top5000,n.,το άλμα,jump,jump photo,generated
5668,13,Top 5000,Top 5000,top5000,n.,η εξαφάνιση,disappearance,disappearance photo,generated
5669,13,Top 5000,Top 5000,top5000,n.,η εισβολή,invasion,invasion photo,generated
5670,13,Top 5000,Top 5000,top5000,n.,το προϊόν,product,product photo,generated
5671,13,Top 5000,Top 5000,top5000,n.,η οροφή,ceiling,ceiling photo,generated
5672,13,Top 5000,Top 5000,top5000,adv.,εξίσου,equally,equally photo,generated
5673,13,Top 5000,Top 5000,top5000,n.,το οστό,bone,bone photo,generated
5674,13,Top 5000,Top 5000,top5000,n.,ο γαλαξίας,galaxy,galaxy photo,generated
5675,13,Top 5000,Top 5000,top5000,n.,η δίωξη,persecution,persecution photo,generated
5676,13,Top 5000,Top 5000,top5000,n.,ο σωλήνας,pipe,pipe photo,generated
5677,13,Top 5000,Top 5000,top5000,v.,εγκαταλείπω,abandon,abandon photo,generated
5678,13,Top 5000,Top 5000,top5000,n.,η ιστοσελίδα,website,website photo,generated
5679,13,Top 5000,Top 5000,top5000,v.,προλαβαίνω,have time to do something,have time to do something photo,generated
5680,13,Top 5000,Top 5000,top5000,n.,το φέρετρο,coffin,coffin photo,generated
5681,13,Top 5000,Top 5000,top5000,v.,βρωμάω,smell,smell photo,generated
5682,13,Top 5000,Top 5000,top5000,n.,η παραμονή,stay,stay photo,generated
5683,13,Top 5000,Top 5000,top5000,n.,η μετοχή,share,share photo,generated
5684,13,Top 5000,Top 5000,top5000,n.,το κτήνος,beast,beast photo,generated
5685,13,Top 5000,Top 5000,top5000,n.,το δίπλωμα,diploma,diploma photo,generated
5686,13,Top 5000,Top 5000,top5000,v.,αναγκάζω,compel,compel photo,generated
5687,13,Top 5000,Top 5000,top5000,v.,διατάζω,order,order photo,generated
5688,13,Top 5000,Top 5000,top5000,n.,η αφοσίωση,dedication,dedication photo,generated
5689,13,Top 5000,Top 5000,top5000,v.,λύνω,untie,untie photo,generated
5690,13,Top 5000,Top 5000,top5000,v.,βασίζομαι,base,base photo,generated
5691,13,Top 5000,Top 5000,top5000,adv.,ευγενικά,Nominative,Nominative photo,generated
5692,13,Top 5000,Top 5000,top5000,n.,η κόλλα,glue,glue photo,generated
5693,13,Top 5000,Top 5000,top5000,n.,το καλώδιο,cable,cable photo,generated
5694,13,Top 5000,Top 5000,top5000,n.,το συρτάρι,drawer,drawer photo,generated
5695,13,Top 5000,Top 5000,top5000,n.,το ξίφος,sword,sword photo,generated
5696,13,Top 5000,Top 5000,top5000,adj.,τακτικός,usual,usual photo,generated
5697,13,Top 5000,Top 5000,top5000,v.,αληθεύω,come true,come true photo,generated
5698,13,Top 5000,Top 5000,top5000,n.,η εκτέλεση,execution,execution photo,generated
5699,13,Top 5000,Top 5000,top5000,n.,το σύννεφο,cloud,cloud photo,generated
5700,13,Top 5000,Top 5000,top5000,n.,η καφετέρια,cafe,cafe photo,generated
5701,13,Top 5000,Top 5000,top5000,n.,κρυφός,hidden,hidden photo,generated
5702,13,Top 5000,Top 5000,top5000,adv.,πρακτικά,practically,practically photo,generated
5703,13,Top 5000,Top 5000,top5000,adj.,άχρηστος,useless,useless photo,generated
5704,13,Top 5000,Top 5000,top5000,n.,το έπιπλο,piece of furniture,piece of furniture photo,generated
5705,13,Top 5000,Top 5000,top5000,adv.,δίχως,without,without photo,generated
5706,13,Top 5000,Top 5000,top5000,n.,η ομολογία,confession,confession photo,generated
5707,13,Top 5000,Top 5000,top5000,n.,η εκδοχή,version,version photo,generated
5708,13,Top 5000,Top 5000,top5000,adv.,προηγουμένως,previously,previously photo,generated
5709,13,Top 5000,Top 5000,top5000,v.,συνδέομαι,am connected → and see συνδέω,am connected → and see συνδέω photo,generated
5710,13,Top 5000,Top 5000,top5000,n.,η ισορροπία,balance,balance photo,generated
5711,13,Top 5000,Top 5000,top5000,n.,το ύφος,style,style photo,generated
5712,13,Top 5000,Top 5000,top5000,n.,η ταράτσα,rooftop,rooftop photo,generated
5713,13,Top 5000,Top 5000,top5000,n.,η ενοχή,guilt,guilt photo,generated
5714,13,Top 5000,Top 5000,top5000,adv.,μονάχα,Synonym of μόνο,Synonym of μόνο photo,generated
5715,13,Top 5000,Top 5000,top5000,n.,η αντίθεση,contrast,contrast photo,generated
5716,13,Top 5000,Top 5000,top5000,n.,ο ηγέτης,leader,leader photo,generated
5717,13,Top 5000,Top 5000,top5000,n.,ο καπνός,smoke,smoke photo,generated
5718,13,Top 5000,Top 5000,top5000,n.,το κουδούνι,bell,bell photo,generated
5719,13,Top 5000,Top 5000,top5000,n.,το χάρισμα,charisma,charisma photo,generated
5720,13,Top 5000,Top 5000,top5000,v.,καταθέτω,register,register photo,generated
5721,13,Top 5000,Top 5000,top5000,n.,η εγκατάσταση,installation,installation photo,generated
5722,13,Top 5000,Top 5000,top5000,adj.,ξένος,foreign,foreign photo,generated
5723,13,Top 5000,Top 5000,top5000,n.,το μαξιλάρι,cushion,cushion photo,generated
5724,13,Top 5000,Top 5000,top5000,n.,το χτύπημα,knock,knock photo,generated
5725,13,Top 5000,Top 5000,top5000,n.,η αυτοκρατορία,empire,empire photo,generated
5726,13,Top 5000,Top 5000,top5000,n.,η πρεσβεία,embassy,embassy photo,generated
5727,13,Top 5000,Top 5000,top5000,n.,η προτεραιότητα,priority,priority photo,generated
5728,13,Top 5000,Top 5000,top5000,n.,το αρχηγείο,headquarters,headquarters photo,generated
5729,13,Top 5000,Top 5000,top5000,adv.,γερά,soundly,soundly photo,generated
5730,13,Top 5000,Top 5000,top5000,n.,η ύπαρξη,existence,existence photo,generated
5731,13,Top 5000,Top 5000,top5000,n.,η πληρωμή,payment,payment photo,generated
5732,13,Top 5000,Top 5000,top5000,v.,ισχυρίζομαι,maintain,maintain photo,generated
5733,13,Top 5000,Top 5000,top5000,n.,η ακοή,hearing,hearing photo,generated
5734,13,Top 5000,Top 5000,top5000,n. pl.,τα τρόφιμα,food,food photo,generated
5735,13,Top 5000,Top 5000,top5000,v.,περιλαμβάνω,contain,contain photo,generated
5736,13,Top 5000,Top 5000,top5000,n.,το λάδι,the oil,,needs_review
5737,13,Top 5000,Top 5000,top5000,v.,σχεδιάζω,draw,draw photo,generated
5738,13,Top 5000,Top 5000,top5000,n.,η ηρεμία,peacefulness,peacefulness photo,generated
5739,13,Top 5000,Top 5000,top5000,adj.,αρχικός,initial,initial photo,generated
5740,13,Top 5000,Top 5000,top5000,n.,το ποντίκι,mouse,mouse photo,generated
5741,13,Top 5000,Top 5000,top5000,adj.,τοπικός,local,local photo,generated
5742,13,Top 5000,Top 5000,top5000,n.,η στενή,prison,prison photo,generated
5743,13,Top 5000,Top 5000,top5000,n.,το ένστικτο,instinct,instinct photo,generated
5744,13,Top 5000,Top 5000,top5000,n.,η ξεκούραση,rest,rest photo,generated
5745,13,Top 5000,Top 5000,top5000,n.,το διαβατήριο,passport,passport photo,generated
5746,13,Top 5000,Top 5000,top5000,n.,η δουλεία,work,work photo,generated
5747,13,Top 5000,Top 5000,top5000,n.,το μήλο,apple,apple photo,generated
5748,13,Top 5000,Top 5000,top5000,v.,γεμίζω,fill,fill photo,generated
5749,13,Top 5000,Top 5000,top5000,adj.,βαθύς,deep,deep photo,generated
5750,13,Top 5000,Top 5000,top5000,n.,ο θρόνος,throne,throne photo,generated
5751,13,Top 5000,Top 5000,top5000,n.,η συνήθεια,habit,habit photo,generated
5752,13,Top 5000,Top 5000,top5000,adj.,καημένος,poor,poor photo,generated
5753,13,Top 5000,Top 5000,top5000,n.,η γροθιά,fist,fist photo,generated
5754,13,Top 5000,Top 5000,top5000,n.,η αυτοπεποίθηση,confidence,confidence photo,generated
5755,13,Top 5000,Top 5000,top5000,n. pl.,τα ισπανικά,Spanish,Spanish photo,generated
5756,13,Top 5000,Top 5000,top5000,n.,η πάπια,duck,duck photo,generated
5757,13,Top 5000,Top 5000,top5000,n.,ο Εβραίος,the Jew,,needs_review
5758,13,Top 5000,Top 5000,top5000,adv.,άθλια,miserable,miserable photo,generated
5759,13,Top 5000,Top 5000,top5000,adj.,σύντομος,short,short photo,generated
5760,13,Top 5000,Top 5000,top5000,adj.,κινέζικος,Chinese,Chinese photo,generated
5761,13,Top 5000,Top 5000,top5000,n.,η ερωμένη,lover,lover photo,generated
5762,13,Top 5000,Top 5000,top5000,v.,θαυμάζω,admire,admire photo,generated
5763,13,Top 5000,Top 5000,top5000,n.,η ακαδημία,academy,academy photo,generated
5764,13,Top 5000,Top 5000,top5000,n.,το συνεργείο,garage,garage photo,generated
5765,13,Top 5000,Top 5000,top5000,n.,η Βίβλος,Bible,Bible photo,generated
5766,13,Top 5000,Top 5000,top5000,n.,η μπαταρία,battery,battery photo,generated
5767,13,Top 5000,Top 5000,top5000,v.,μοιράζομαι,share,share photo,generated
5768,13,Top 5000,Top 5000,top5000,n.,ο έμπορος,dealer,dealer photo,generated
5769,13,Top 5000,Top 5000,top5000,n.,το άγαλμα,statue,statue photo,generated
5770,13,Top 5000,Top 5000,top5000,adv.,σεξουαλικά,sexual,sexual photo,generated
5771,13,Top 5000,Top 5000,top5000,n.,η λάμψη,glimmer,glimmer photo,generated
5772,13,Top 5000,Top 5000,top5000,v.,μετακομίζω,move house,move house photo,generated
5773,13,Top 5000,Top 5000,top5000,v.,προδίδω,betray,betray photo,generated
5774,13,Top 5000,Top 5000,top5000,v.,επιλέγω,choose,choose photo,generated
5775,13,Top 5000,Top 5000,top5000,n.,το νοίκι,rent,rent photo,generated
5776,13,Top 5000,Top 5000,top5000,n.,η λεσβία,lesbian,lesbian photo,generated
5777,13,Top 5000,Top 5000,top5000,v.,ξαναπαίρνω,reclaim,reclaim photo,generated
5778,13,Top 5000,Top 5000,top5000,n.,η κλειδαριά,lock,lock photo,generated
5779,13,Top 5000,Top 5000,top5000,v.,σοκάρω,shock,shock photo,generated
5780,13,Top 5000,Top 5000,top5000,adj.,όρθιος,standing,standing photo,generated
5781,13,Top 5000,Top 5000,top5000,adj.,νόμιμος,legal,legal photo,generated
5782,13,Top 5000,Top 5000,top5000,n.,η μόλυνση,infection,infection photo,generated
5783,13,Top 5000,Top 5000,top5000,v.,αποτυγχάνω,fail,fail photo,generated
5784,13,Top 5000,Top 5000,top5000,n.,η Μόσχα,Moscow,Moscow photo,generated
5785,13,Top 5000,Top 5000,top5000,adv.,περαιτέρω,beyond that point,beyond that point photo,generated
5786,13,Top 5000,Top 5000,top5000,n.,ο Αμερικάνος,American person,American person photo,generated
5787,13,Top 5000,Top 5000,top5000,n.,το τρέξιμο,the run,,needs_review
5788,13,Top 5000,Top 5000,top5000,v.,απειλώ,threaten,threaten photo,generated
5789,13,Top 5000,Top 5000,top5000,adj.,θετικός,reliable,reliable photo,generated
5790,13,Top 5000,Top 5000,top5000,n.,το μπαστούνι,club,club photo,generated
5791,13,Top 5000,Top 5000,top5000,n.,η ανάπτυξη,development,development photo,generated
5792,13,Top 5000,Top 5000,top5000,n.,η κουβέρτα,blanket,blanket photo,generated
5793,13,Top 5000,Top 5000,top5000,n.,η διακοπή,interruption,interruption photo,generated
5794,13,Top 5000,Top 5000,top5000,n.,το κράτος,nation,nation photo,generated
5795,13,Top 5000,Top 5000,top5000,adj.,ερωτικός,erotic,erotic photo,generated
5796,13,Top 5000,Top 5000,top5000,n.,η εξαίρεση,exception,exception photo,generated
5797,13,Top 5000,Top 5000,top5000,v.,πληγώνω,wound,wound photo,generated
5798,13,Top 5000,Top 5000,top5000,n.,η κατάρα,curse,curse photo,generated
5799,13,Top 5000,Top 5000,top5000,v.,εφευρίσκω,invent,invent photo,generated
5800,13,Top 5000,Top 5000,top5000,n.,ο σταυρός,cross,cross photo,generated
5801,13,Top 5000,Top 5000,top5000,v.,κατευθύνομαι,head for,head for photo,generated
5802,13,Top 5000,Top 5000,top5000,v.,κινούμαι,fidget,fidget photo,generated
5803,13,Top 5000,Top 5000,top5000,adj.,ηθικός,moral,moral photo,generated
5804,13,Top 5000,Top 5000,top5000,n.,ο υπηρέτης,domestic servant,domestic servant photo,generated
5805,13,Top 5000,Top 5000,top5000,v.,ξαπλώνω,to lie down,to lie down photo,generated
5806,13,Top 5000,Top 5000,top5000,v.,ανακατεύομαι,interfere,interfere photo,generated
5807,13,Top 5000,Top 5000,top5000,n.,ο σερβιτόρος,waiter,waiter photo,generated
5808,13,Top 5000,Top 5000,top5000,adj.,βασικός,basic,basic photo,generated
5809,13,Top 5000,Top 5000,top5000,n.,η βιομηχανία,industry,industry photo,generated
5810,13,Top 5000,Top 5000,top5000,n.,ο πυρήνας,core,core photo,generated
5811,13,Top 5000,Top 5000,top5000,n.,το ιατρείο,doctor's office,doctor's office photo,generated
5812,13,Top 5000,Top 5000,top5000,adj.,ακουστός,known,known photo,generated
5813,13,Top 5000,Top 5000,top5000,adj.,τραγικός,tragic,tragic photo,generated
5814,13,Top 5000,Top 5000,top5000,n.,η παρουσίαση,presentation,presentation photo,generated
5815,13,Top 5000,Top 5000,top5000,v.,επανορθώνω,make up for,make up for photo,generated
5816,13,Top 5000,Top 5000,top5000,v.,κρύβομαι,hide,hide photo,generated
5817,13,Top 5000,Top 5000,top5000,n.,η ανακούφιση,relief,relief photo,generated
5818,13,Top 5000,Top 5000,top5000,adj.,παραμικρός,minute,minute photo,generated
5819,13,Top 5000,Top 5000,top5000,n.,το πλυντήριο,washing machine,washing machine photo,generated
5820,13,Top 5000,Top 5000,top5000,v.,αποκτάω,less formal variant of αποκτώ (apoktó),,needs_review
5821,13,Top 5000,Top 5000,top5000,v.,δαγκώνω,I bite,I bite photo,generated
5822,13,Top 5000,Top 5000,top5000,adj.,αναστατωμένος,disturb,disturb photo,generated
5823,13,Top 5000,Top 5000,top5000,v.,η προσωπικότητα,personality,personality photo,generated
5824,13,Top 5000,Top 5000,top5000,n.,η εκτίμηση,appreciation,appreciation photo,generated
5825,13,Top 5000,Top 5000,top5000,n.,η περιοδεία,tour,tour photo,generated
5826,13,Top 5000,Top 5000,top5000,n.,το σπέρμα,semen,semen photo,generated
5827,13,Top 5000,Top 5000,top5000,n.,η ιδιοφυΐα,genius,genius photo,generated
5828,13,Top 5000,Top 5000,top5000,n.,το σχόλιο,comment,comment photo,generated
5829,13,Top 5000,Top 5000,top5000,n.,το κερί,candle,candle photo,generated
5830,13,Top 5000,Top 5000,top5000,n.,το βούτυρο,butter,butter photo,generated
5831,13,Top 5000,Top 5000,top5000,n.,το σκι,skiiing,skiiing photo,generated
5832,13,Top 5000,Top 5000,top5000,n.,το ποσοστό,percentage,percentage photo,generated
5833,13,Top 5000,Top 5000,top5000,adj.,δημοφιλής,popular,popular photo,generated
5834,13,Top 5000,Top 5000,top5000,v.,σηκώνομαι,stand up,stand up photo,generated
5835,13,Top 5000,Top 5000,top5000,n.,ο πόντος,point,point photo,generated
5836,13,Top 5000,Top 5000,top5000,v.,επιβιώνω,survive,survive photo,generated
5837,13,Top 5000,Top 5000,top5000,n.,η ευλογία,blessing,blessing photo,generated
5838,13,Top 5000,Top 5000,top5000,n.,το ταχυδρομείο,post,post photo,generated
5839,13,Top 5000,Top 5000,top5000,adj.,γραμμένος,written,written photo,generated
5840,13,Top 5000,Top 5000,top5000,n.,η κατασκευή,construction,construction photo,generated
5841,13,Top 5000,Top 5000,top5000,n.,η απομόνωση,isolation,isolation photo,generated
5842,13,Top 5000,Top 5000,top5000,n.,το επάγγελμα,profession,profession photo,generated
5843,13,Top 5000,Top 5000,top5000,v.,κοστίζω,cost,cost photo,generated
5844,13,Top 5000,Top 5000,top5000,v.,συμπεριφέρομαι,behave,behave photo,generated
5845,13,Top 5000,Top 5000,top5000,n.,το σύνδρομο,syndrome,syndrome photo,generated
5846,13,Top 5000,Top 5000,top5000,n.,η ομίχλη,mist,mist photo,generated
5847,13,Top 5000,Top 5000,top5000,n.,το ορυχείο,mine,mine photo,generated
5848,13,Top 5000,Top 5000,top5000,n.,η αναβολή,postponement,postponement photo,generated
5849,13,Top 5000,Top 5000,top5000,n.,η θεά,view,view photo,generated
5850,13,Top 5000,Top 5000,top5000,n.,το άλμπουμ,album,album photo,generated
5851,13,Top 5000,Top 5000,top5000,n.,η αξιοπρέπεια,dignity,dignity photo,generated
5852,13,Top 5000,Top 5000,top5000,n.,η εκστρατεία,crusade,crusade photo,generated
5853,13,Top 5000,Top 5000,top5000,n.,το μενού,menu,menu photo,generated
5854,13,Top 5000,Top 5000,top5000,n.,η συχνότητα,frequency,frequency photo,generated
5855,13,Top 5000,Top 5000,top5000,n.,το εμπόριο,trade,trade photo,generated
5856,13,Top 5000,Top 5000,top5000,n.,η σύσκεψη,business meeting,business meeting photo,generated
5857,13,Top 5000,Top 5000,top5000,n.,η διάρρηξη,burglary,burglary photo,generated
5858,13,Top 5000,Top 5000,top5000,n.,το λάστιχο,rubber,rubber photo,generated
5859,13,Top 5000,Top 5000,top5000,v.,αναλύω,analyse,analyse photo,generated
5860,13,Top 5000,Top 5000,top5000,n.,το σφυρί,hammer,hammer photo,generated
5861,13,Top 5000,Top 5000,top5000,adv.,άνω,upper,upper photo,generated
5862,13,Top 5000,Top 5000,top5000,n.,η αντίρρηση,objection,objection photo,generated
5863,13,Top 5000,Top 5000,top5000,n.,ο τίγρης,tiger,tiger photo,generated
5864,13,Top 5000,Top 5000,top5000,adv.,ελάχιστα,Nominative,Nominative photo,generated
5865,13,Top 5000,Top 5000,top5000,n.,ο θησαυρός,treasure,treasure photo,generated
5866,13,Top 5000,Top 5000,top5000,adj.,άγιος,holy,holy photo,generated
5867,13,Top 5000,Top 5000,top5000,n.,ο παίκτης,player,player photo,generated
5868,13,Top 5000,Top 5000,top5000,n.,η παραίσθηση,hallucination,hallucination photo,generated
5869,13,Top 5000,Top 5000,top5000,adj.,κλειδωμένος,lock,lock photo,generated
5870,13,Top 5000,Top 5000,top5000,v.,σπρώχνω,push,push photo,generated
5871,13,Top 5000,Top 5000,top5000,n.,το διάβασμα,reading,reading photo,generated
5872,13,Top 5000,Top 5000,top5000,n.,το στρώμα,mattress,mattress photo,generated
5873,13,Top 5000,Top 5000,top5000,adj.,υγιής,healthy,healthy photo,generated
5874,13,Top 5000,Top 5000,top5000,n.,το φεστιβάλ,festival,festival photo,generated
5875,13,Top 5000,Top 5000,top5000,v.,σοβαρολογώ,be serious,be serious photo,generated
5876,13,Top 5000,Top 5000,top5000,n.,το ναυτικό,navy,navy photo,generated
5877,13,Top 5000,Top 5000,top5000,n. pl.,τα ρέστα,change,change photo,generated
5878,13,Top 5000,Top 5000,top5000,n.,η έγκριση,approval,approval photo,generated
5879,13,Top 5000,Top 5000,top5000,v.,απογίνομαι,become,become photo,generated
5880,13,Top 5000,Top 5000,top5000,n.,ο πολεμιστής,warrior,warrior photo,generated
5881,13,Top 5000,Top 5000,top5000,adj.,άθλιος,miserable,miserable photo,generated
5882,13,Top 5000,Top 5000,top5000,n.,το προσόν,qualification,qualification photo,generated
5883,13,Top 5000,Top 5000,top5000,n.,το δοχείο,container,container photo,generated
5884,13,Top 5000,Top 5000,top5000,v.,ομολογώ,confess,confess photo,generated
5885,13,Top 5000,Top 5000,top5000,adj.,βόρειος,north,north photo,generated
5886,13,Top 5000,Top 5000,top5000,n.,ο μπάρμαν,barman,barman photo,generated
5887,13,Top 5000,Top 5000,top5000,n.,η κυκλοφορία,circulation,circulation photo,generated
5888,13,Top 5000,Top 5000,top5000,adj.,κρυμμένος,hidden,hidden photo,generated
5889,13,Top 5000,Top 5000,top5000,n.,η καταδίκη,conviction,conviction photo,generated
5890,13,Top 5000,Top 5000,top5000,n.,ο βράχος,rock,rock photo,generated
5891,13,Top 5000,Top 5000,top5000,n.,ο αυτοκράτορας,emperor,emperor photo,generated
5892,13,Top 5000,Top 5000,top5000,adv.,αποκλειστικά,exclusively,exclusively photo,generated
5893,13,Top 5000,Top 5000,top5000,v.,μετανιώνω,change one's mind,change one's mind photo,generated
5894,13,Top 5000,Top 5000,top5000,n.,η φράση,phrase,phrase photo,generated
5895,13,Top 5000,Top 5000,top5000,n.,η γοητεία,charm,charm photo,generated
5896,13,Top 5000,Top 5000,top5000,n.,το συμβάν,incident,incident photo,generated
5897,13,Top 5000,Top 5000,top5000,n.,το αδιέξοδο,dead end,dead end photo,generated
5898,13,Top 5000,Top 5000,top5000,v.,κυκλοφορώ,publish,publish photo,generated
5899,13,Top 5000,Top 5000,top5000,n.,το άσυλο,asylum,asylum photo,generated
5900,13,Top 5000,Top 5000,top5000,v.,επικοινωνώ,talk,talk photo,generated
5901,13,Top 5000,Top 5000,top5000,n.,η λάμπα,lamp,lamp photo,generated
5902,13,Top 5000,Top 5000,top5000,n. / adj.,ο ενήλικος,adult,adult photo,generated
5903,13,Top 5000,Top 5000,top5000,n.,η γαλοπούλα,turkey,turkey photo,generated
5904,13,Top 5000,Top 5000,top5000,v.,καπνίζω,smoke,smoke photo,generated
5905,13,Top 5000,Top 5000,top5000,v.,καλωσορίζω,welcome,welcome photo,generated
5906,13,Top 5000,Top 5000,top5000,n.,η τύψη,remorse,remorse photo,generated
5907,13,Top 5000,Top 5000,top5000,n.,η ενόχληση,annoyance,annoyance photo,generated
5908,13,Top 5000,Top 5000,top5000,n.,ο μύθος,myth,myth photo,generated
5909,13,Top 5000,Top 5000,top5000,n.,το ταμείο,cash desk,cash desk photo,generated
5910,13,Top 5000,Top 5000,top5000,n.,η πίστα,dance floor,dance floor photo,generated
5911,13,Top 5000,Top 5000,top5000,n.,το κράνος,helmet,helmet photo,generated
5912,13,Top 5000,Top 5000,top5000,adv.,ίσια,straight ahead,straight ahead photo,generated
5913,13,Top 5000,Top 5000,top5000,n.,το λιοντάρι,lion,lion photo,generated
5914,13,Top 5000,Top 5000,top5000,adj.,ακριβής,accurate,accurate photo,generated
5915,13,Top 5000,Top 5000,top5000,adv.,ψεύτικα,falsely,falsely photo,generated
5916,13,Top 5000,Top 5000,top5000,n.,το ρύζι,rice,rice photo,generated
5917,13,Top 5000,Top 5000,top5000,n.,η αποκάλυψη,revelation,revelation photo,generated
5918,13,Top 5000,Top 5000,top5000,n.,η μπριζόλα,steak,steak photo,generated
5919,13,Top 5000,Top 5000,top5000,adj.,βρεγμένος,wet,,needs_review
5920,13,Top 5000,Top 5000,top5000,adv.,καταπληκτικά,fantastic!,fantastic! photo,generated
5921,13,Top 5000,Top 5000,top5000,n.,ο θρύλος,legend,legend photo,generated
5922,13,Top 5000,Top 5000,top5000,n.,το μουστάκι,moustache,moustache photo,generated
5923,13,Top 5000,Top 5000,top5000,num.,σαράντα,forty,forty photo,generated
5924,13,Top 5000,Top 5000,top5000,n.,ο φακός,lens,lens photo,generated
5925,13,Top 5000,Top 5000,top5000,v.,χαμογελάω,smile,smile photo,generated
5926,13,Top 5000,Top 5000,top5000,v.,αγοράζω,"buy, purchase",,needs_review
5927,13,Top 5000,Top 5000,top5000,v.,εγγυώμαι,feed myself with specific,feeding animals,override
5928,13,Top 5000,Top 5000,top5000,n.,η ασπίδα,shield,shield photo,generated
5929,13,Top 5000,Top 5000,top5000,n.,το πετρέλαιο,petroleum,petroleum photo,generated
5930,13,Top 5000,Top 5000,top5000,n.,η μάρκα,brand,brand photo,generated
5931,13,Top 5000,Top 5000,top5000,n. pl.,οι αποσκευές,luggage,luggage photo,generated
5932,13,Top 5000,Top 5000,top5000,v.,ξεφορτώνω,unload,unload photo,generated
5933,13,Top 5000,Top 5000,top5000,n.,ο εραστής,lover,lover photo,generated
5934,13,Top 5000,Top 5000,top5000,n.,το πτυχίο,university degree,university degree photo,generated
5935,13,Top 5000,Top 5000,top5000,n.,το βέλος,arrow,arrow photo,generated
5936,13,Top 5000,Top 5000,top5000,n.,το γυαλί,glass,glass photo,generated
5937,13,Top 5000,Top 5000,top5000,adv.,παρόμοια,similarly,similarly photo,generated
5938,13,Top 5000,Top 5000,top5000,n.,παρακάτω,further down,further down photo,generated
5939,13,Top 5000,Top 5000,top5000,n.,η Τουρκία,Turkey,Turkey photo,generated
5940,13,Top 5000,Top 5000,top5000,n.,το λαχανικό,vegetable,vegetable photo,generated
5941,13,Top 5000,Top 5000,top5000,n.,η ασπίδα,shield,shield photo,generated
5942,13,Top 5000,Top 5000,top5000,n.,το έγγραφο,document,document photo,generated
5943,13,Top 5000,Top 5000,top5000,n.,το πλάνο,plan,plan photo,generated
5944,13,Top 5000,Top 5000,top5000,adv.,απαλά,Nominative,Nominative photo,generated
5945,13,Top 5000,Top 5000,top5000,n.,το χόμπι,hobby,hobby photo,generated
5946,13,Top 5000,Top 5000,top5000,n./interj.,η ψυχραιμία,composure,composure photo,generated
5947,13,Top 5000,Top 5000,top5000,n.,το θράσος,audacity,audacity photo,generated
5948,13,Top 5000,Top 5000,top5000,adv.,παράνομα,surname,surname photo,generated
5949,13,Top 5000,Top 5000,top5000,n.,η λήψη,download,download photo,generated
5950,13,Top 5000,Top 5000,top5000,n.,η διάσωση,rescue,rescue photo,generated
5951,13,Top 5000,Top 5000,top5000,v.,διαβεβαιώνω,assure,assure photo,generated
5952,13,Top 5000,Top 5000,top5000,n.,ο αλήτης,scumbag,scumbag photo,generated
5953,13,Top 5000,Top 5000,top5000,adv.,διαρκώς,constantly,constantly photo,generated
5954,13,Top 5000,Top 5000,top5000,n.,η λεπίδα,blade,blade photo,generated
5955,13,Top 5000,Top 5000,top5000,n.,το κάπνισμα,smoking,smoking photo,generated
5956,13,Top 5000,Top 5000,top5000,n.,η πρακτική,internship,internship photo,generated
5957,13,Top 5000,Top 5000,top5000,n.,η βαρύτητα,gravity,gravity photo,generated
5958,13,Top 5000,Top 5000,top5000,n.,ο καλεσμένος,guest,guest photo,generated
5959,13,Top 5000,Top 5000,top5000,n.,ο άνθρακας,carbon,carbon photo,generated
5960,13,Top 5000,Top 5000,top5000,n.,η κριτική,criticism,criticism photo,generated
5961,13,Top 5000,Top 5000,top5000,v.,ακουμπάω,touch,touch photo,generated
5962,13,Top 5000,Top 5000,top5000,n.,ντυμένος,clad,clad photo,generated
5963,13,Top 5000,Top 5000,top5000,n.,το ποίημα,poem,poem photo,generated
5964,13,Top 5000,Top 5000,top5000,n.,η κούπα,the cup,,needs_review
5965,13,Top 5000,Top 5000,top5000,v.,στρίβω,twist,twist photo,generated
5966,13,Top 5000,Top 5000,top5000,n.,το φασόλι,bean,bean photo,generated
5967,13,Top 5000,Top 5000,top5000,n.,η δυσκολία,difficulty,difficulty photo,generated
5968,13,Top 5000,Top 5000,top5000,adj.,ποινικός,criminal,criminal photo,generated
5969,13,Top 5000,Top 5000,top5000,n.,το πρωτότυπο,original,original photo,generated
5970,13,Top 5000,Top 5000,top5000,n.,το στέμμα,crown,crown photo,generated
5971,13,Top 5000,Top 5000,top5000,n.,η αλληλογραφία,correspondence,correspondence photo,generated
5972,13,Top 5000,Top 5000,top5000,v.,ειδοποιώ,notify,notify photo,generated
5973,13,Top 5000,Top 5000,top5000,n.,το κύτταρο,cell,cell photo,generated
5974,13,Top 5000,Top 5000,top5000,v.,ταξιδεύω,travel,travel photo,generated
5975,13,Top 5000,Top 5000,top5000,n.,το μαλλί,wool,wool photo,generated
5976,13,Top 5000,Top 5000,top5000,n.,το συκώτι,liver,liver photo,generated
5977,13,Top 5000,Top 5000,top5000,adv.,συναισθηματικά,emotionally,emotionally photo,generated
5978,13,Top 5000,Top 5000,top5000,n.,η τάση,trend,trend photo,generated
5979,13,Top 5000,Top 5000,top5000,v.,τραγουδάω,sing,sing photo,generated
5980,13,Top 5000,Top 5000,top5000,adj.,μπερδεμένος,tangled,tangled photo,generated
5981,13,Top 5000,Top 5000,top5000,adj.,φοβισμένος,fear,fear photo,generated
5982,13,Top 5000,Top 5000,top5000,n.,το σκάνδαλο,scandal,scandal photo,generated
5983,13,Top 5000,Top 5000,top5000,n.,το γρασίδι,grass,grass photo,generated
5984,13,Top 5000,Top 5000,top5000,v.,εμποδίζω,block,block photo,generated
5985,13,Top 5000,Top 5000,top5000,n.,το οχυρό,fort,fort photo,generated
5986,13,Top 5000,Top 5000,top5000,n.,η συγχώρεση,forgiveness,forgiveness photo,generated
5987,13,Top 5000,Top 5000,top5000,n.,το σουτιέν,the bra,,needs_review
5988,13,Top 5000,Top 5000,top5000,n.,η κούρσα,race,race photo,generated
5989,13,Top 5000,Top 5000,top5000,v.,ξεφορτώνομαι,I get rid of,,needs_review
5990,13,Top 5000,Top 5000,top5000,n.,το φίλτρο,filter,filter photo,generated
5991,13,Top 5000,Top 5000,top5000,v.,επιθυμώ,desire,desire photo,generated
5992,13,Top 5000,Top 5000,top5000,n.,το επιδόρπιο,dessert,dessert photo,generated
5993,13,Top 5000,Top 5000,top5000,adv.,ανάλογα,proportionally,proportionally photo,generated
5994,13,Top 5000,Top 5000,top5000,v.,προσεύχομαι,to pray,to pray photo,generated
5995,13,Top 5000,Top 5000,top5000,n.,η ανακάλυψη,discovery,discovery photo,generated
5996,13,Top 5000,Top 5000,top5000,n.,η ατάκα,quip,quip photo,generated
5997,13,Top 5000,Top 5000,top5000,n.,η ροή,flow,flow photo,generated
5998,13,Top 5000,Top 5000,top5000,n.,ο επιχειρηματίας,businessman,businessman photo,generated
5999,13,Top 5000,Top 5000,top5000,adj.,εναλλακτικός,alternative,,needs_review
6000,13,Top 5000,Top 5000,top5000,adj.,εγκεφαλικός,cerebral,cerebral photo,generated
6001,13,Top 5000,Top 5000,top5000,n.,ο παραγωγός,producer,producer photo,generated
6002,13,Top 5000,Top 5000,top5000,n.,τα ψιλά,small change,small change photo,generated
6003,13,Top 5000,Top 5000,top5000,adj.,γαλλικός,French,French photo,generated
6004,13,Top 5000,Top 5000,top5000,n.,η επίδραση,impact,impact photo,generated
6005,13,Top 5000,Top 5000,top5000,n.,το σεντόνι,sheet,sheet photo,generated
6006,13,Top 5000,Top 5000,top5000,v.,καίω,burn,burn photo,generated
6007,13,Top 5000,Top 5000,top5000,n.,η υποψία,suspicion,suspicion photo,generated
6008,13,Top 5000,Top 5000,top5000,n.,η βελόνα,needle,needle photo,generated
6009,13,Top 5000,Top 5000,top5000,n.,η πάλη,struggle,struggle photo,generated
6010,13,Top 5000,Top 5000,top5000,n.,ο σάκος,sack,sack photo,generated
6011,13,Top 5000,Top 5000,top5000,v.,ονειρεύομαι,dream,dream photo,generated
6012,13,Top 5000,Top 5000,top5000,adj.,πλαστικός,plastic,plastic photo,generated
6013,13,Top 5000,Top 5000,top5000,adv.,έντονα,intensely,intensely photo,generated
6014,13,Top 5000,Top 5000,top5000,n.,η επιβεβαίωση,confirmation,confirmation photo,generated
6015,13,Top 5000,Top 5000,top5000,n.,ο σύντροφος,companion,companion photo,generated
6016,13,Top 5000,Top 5000,top5000,adj.,μπροστινός,front,front photo,generated
6017,13,Top 5000,Top 5000,top5000,n.,ο φοιτητής,student,student photo,generated
6018,13,Top 5000,Top 5000,top5000,n.,το μετάλλιο,medal,medal photo,generated
6019,13,Top 5000,Top 5000,top5000,v.,τσεκάρω,check,check photo,generated
6020,13,Top 5000,Top 5000,top5000,adj.,ηλεκτρικός,electrical,electrical photo,generated
6021,13,Top 5000,Top 5000,top5000,n.,το μπέρδεμα,muddle,muddle photo,generated
6022,13,Top 5000,Top 5000,top5000,v.,ξαναλέω,rehearse,rehearse photo,generated
6023,13,Top 5000,Top 5000,top5000,adv.,εγκαίρως,in time,,needs_review
6024,13,Top 5000,Top 5000,top5000,n.,το φαινόμενο,phenomenon,phenomenon photo,generated
6025,13,Top 5000,Top 5000,top5000,n.,ο ιππότης,knight,knight photo,generated
6026,13,Top 5000,Top 5000,top5000,n.,το κοπάδι,flock,flock photo,generated
6027,13,Top 5000,Top 5000,top5000,adv.,χαλαρά,Nominative,Nominative photo,generated
6028,13,Top 5000,Top 5000,top5000,n.,ο φόρος,the tax,,needs_review
6029,13,Top 5000,Top 5000,top5000,n.,η συμμαχία,alliance,alliance photo,generated
6030,13,Top 5000,Top 5000,top5000,n.,η υποχρέωση,duty,duty photo,generated
6031,13,Top 5000,Top 5000,top5000,n.,η προσέγγιση,approach,approach photo,generated
6032,13,Top 5000,Top 5000,top5000,n.,το αίτημα,request,request photo,generated
6033,13,Top 5000,Top 5000,top5000,interj.,ιδού,behold,behold photo,generated
6034,13,Top 5000,Top 5000,top5000,n.,το πουλόβερ,jumper,jumper photo,generated
6035,13,Top 5000,Top 5000,top5000,n.,η απόκτηση,acquisition,acquisition photo,generated
6036,13,Top 5000,Top 5000,top5000,adj.,χαμηλός,base,base photo,generated
6037,13,Top 5000,Top 5000,top5000,n.,το μπλέξιμο,mess,mess photo,generated
6038,13,Top 5000,Top 5000,top5000,adv.,χαρακτηριστικά,characteristic,characteristic photo,generated
6039,13,Top 5000,Top 5000,top5000,adj.,στρογγυλός,round,round photo,generated
6040,13,Top 5000,Top 5000,top5000,adv.,έξυπνα,clever,clever photo,generated
6041,13,Top 5000,Top 5000,top5000,n.,το βάζο,vase,vase photo,generated
6042,13,Top 5000,Top 5000,top5000,n.,το βραχιόλι,bracelet,bracelet photo,generated
6043,13,Top 5000,Top 5000,top5000,n.,το εκατοστό,centimetre,centimetre photo,generated
6044,13,Top 5000,Top 5000,top5000,n.,ο φράχτης,fence,fence photo,generated
6045,13,Top 5000,Top 5000,top5000,v.,παρουσιάζω,present,present photo,generated
6046,13,Top 5000,Top 5000,top5000,n.,η σφαγή,slaughter,slaughter photo,generated
6047,13,Top 5000,Top 5000,top5000,n.,η σοφίτα,attic,attic photo,generated
6048,13,Top 5000,Top 5000,top5000,n.,ο θαυμαστής,admirer,admirer photo,generated
6049,13,Top 5000,Top 5000,top5000,n.,το άνοιγμα,opening,opening photo,generated
6050,13,Top 5000,Top 5000,top5000,v.,αυτοκτονώ,commit suicide,commit suicide photo,generated
6051,13,Top 5000,Top 5000,top5000,n.,το σόι,family,family photo,generated
6052,13,Top 5000,Top 5000,top5000,n.,η συντροφιά,companionship,companionship photo,generated
6053,13,Top 5000,Top 5000,top5000,n.,η συμμορία,gang,gang photo,generated
6054,13,Top 5000,Top 5000,top5000,adj.,έντονος,strong,strong photo,generated
6055,13,Top 5000,Top 5000,top5000,v.,παραιτούμαι,resign,resign photo,generated
6056,13,Top 5000,Top 5000,top5000,v.,σβήνω,blow out,blow out photo,generated
6057,13,Top 5000,Top 5000,top5000,n.,το φαΐ,grub,grub photo,generated
6058,13,Top 5000,Top 5000,top5000,v.,κατουράω,disregard,disregard photo,generated
6059,13,Top 5000,Top 5000,top5000,v.,σκάβω,excavate,excavate photo,generated
6060,13,Top 5000,Top 5000,top5000,n.,το κέφι,cheerfulness,cheerfulness photo,generated
6061,13,Top 5000,Top 5000,top5000,n.,ο εξωγήινος,alien,alien photo,generated
6062,13,Top 5000,Top 5000,top5000,n.,το τόξο,crossbow,crossbow photo,generated
6063,13,Top 5000,Top 5000,top5000,adv.,παλιότερα,formerly,formerly photo,generated
6064,13,Top 5000,Top 5000,top5000,n.,το κολύμπι,swimming,swimming photo,generated
6065,13,Top 5000,Top 5000,top5000,n.,η ειλικρίνεια,truthfulness,truthfulness photo,generated
6066,13,Top 5000,Top 5000,top5000,adj.,αριστερός,left,left photo,generated
6067,13,Top 5000,Top 5000,top5000,n.,η ποιότητα,the quality,,needs_review
6068,13,Top 5000,Top 5000,top5000,adj.,αρσενικός,masculine,masculine photo,generated
6069,13,Top 5000,Top 5000,top5000,adj.,τυχαίος,random,random photo,generated
6070,13,Top 5000,Top 5000,top5000,n.,η εξοχή,countryside,countryside photo,generated
6071,13,Top 5000,Top 5000,top5000,n.,η συμμετοχή,participation,participation photo,generated
6072,13,Top 5000,Top 5000,top5000,adj.,συναισθηματικός,sentimental,sentimental photo,generated
6073,13,Top 5000,Top 5000,top5000,n.,ο οργανισμός,organism,organism photo,generated
6074,13,Top 5000,Top 5000,top5000,adv.,κόντρα,against,against photo,generated
6075,13,Top 5000,Top 5000,top5000,n.,το σκηνικό,film set,film set photo,generated
6076,13,Top 5000,Top 5000,top5000,n.,η ευγνωμοσύνη,gratitude,gratitude photo,generated
6077,13,Top 5000,Top 5000,top5000,n.,η περίμετρος,circumference,circumference photo,generated
6078,13,Top 5000,Top 5000,top5000,n.,η ελιά,olive,olive photo,generated
6079,13,Top 5000,Top 5000,top5000,v.,τυλίγω,roll,roll photo,generated
6080,13,Top 5000,Top 5000,top5000,adj.,γκρι,grey,grey photo,generated
6081,13,Top 5000,Top 5000,top5000,v.,επιμένω,insist,insist photo,generated
6082,13,Top 5000,Top 5000,top5000,adj.,έκτακτος,extraordinary,extraordinary photo,generated
6083,13,Top 5000,Top 5000,top5000,v.,αποδεικνύομαι,be proved to be,be proved to be photo,generated
6084,13,Top 5000,Top 5000,top5000,n.,η εκδρομή,excursion,excursion photo,generated
6085,13,Top 5000,Top 5000,top5000,adj.,γενικός,general,general photo,generated
6086,13,Top 5000,Top 5000,top5000,n.,ο χαμός,mayhem,mayhem photo,generated
6087,13,Top 5000,Top 5000,top5000,v.,αποφεύγω,avoid,avoid photo,generated
6088,13,Top 5000,Top 5000,top5000,n.,η σφραγίδα,seal,seal photo,generated
6089,13,Top 5000,Top 5000,top5000,n.,το οξύ,acid,acid photo,generated
6090,13,Top 5000,Top 5000,top5000,adv.,αναμφίβολα,undeniably,undeniably photo,generated
6091,13,Top 5000,Top 5000,top5000,n.,η μπογιά,paint,paint photo,generated
6092,13,Top 5000,Top 5000,top5000,v.,τραυματίζω,wound,wound photo,generated
6093,13,Top 5000,Top 5000,top5000,adj.,δημοτικός,municipal,municipal photo,generated
6094,13,Top 5000,Top 5000,top5000,n.,το δημοτικό,primary school,primary school photo,generated
6095,13,Top 5000,Top 5000,top5000,n.,ο δίδυμος,twin,twin photo,generated
6096,13,Top 5000,Top 5000,top5000,n.,το κραγιόν,lipstick,lipstick photo,generated
6097,13,Top 5000,Top 5000,top5000,n.,η αγωνία,suspense,suspense photo,generated
6098,13,Top 5000,Top 5000,top5000,n.,η ευγένεια,politeness,politeness photo,generated
6099,13,Top 5000,Top 5000,top5000,v.,γκρινιάζω,grumble,grumble photo,generated
6100,13,Top 5000,Top 5000,top5000,n.,η γαλήνη,serenity,serenity photo,generated
6101,13,Top 5000,Top 5000,top5000,adj.,νότιος,south,south photo,generated
6102,13,Top 5000,Top 5000,top5000,n.,ο τρόμος,horror,horror photo,generated
6103,13,Top 5000,Top 5000,top5000,adj.,στενός,narrow,narrow photo,generated
6104,13,Top 5000,Top 5000,top5000,n.,ο αρραβωνιαστικός,fiancé,fiancé photo,generated
6105,13,Top 5000,Top 5000,top5000,n.,το κάρο,cart,cart photo,generated
6106,13,Top 5000,Top 5000,top5000,n.,ο υποψήφιος,candidate,candidate photo,generated
6107,13,Top 5000,Top 5000,top5000,adj.,τηγανητός,fried,fried photo,generated
6108,13,Top 5000,Top 5000,top5000,v.,καθυστερώ,am late,am late photo,generated
6109,13,Top 5000,Top 5000,top5000,v.,αρρωσταίνω,become ill,become ill photo,generated
6110,13,Top 5000,Top 5000,top5000,n.,η σύγκριση,comparison,comparison photo,generated
6111,13,Top 5000,Top 5000,top5000,adj.,ορισμένος,defined,defined photo,generated
6112,13,Top 5000,Top 5000,top5000,v.,αιμορραγώ,bleed,bleed photo,generated
6113,13,Top 5000,Top 5000,top5000,n.,η αποβάθρα,dock,dock photo,generated
6114,13,Top 5000,Top 5000,top5000,n.,η σταγόνα,drop,drop photo,generated
6115,13,Top 5000,Top 5000,top5000,n.,η συνεδρίαση,session,session photo,generated
6116,13,Top 5000,Top 5000,top5000,n.,το πιστοποιητικό,certificate,certificate photo,generated
6117,13,Top 5000,Top 5000,top5000,n.,ο Ιούλιος,July,July photo,generated
6118,13,Top 5000,Top 5000,top5000,n.,το κόκαλο,bone,bone photo,generated
6119,13,Top 5000,Top 5000,top5000,n. pl.,τα γερμανικά,German,German photo,generated
6120,13,Top 5000,Top 5000,top5000,adj.,ενωμένος,united,united photo,generated
6121,13,Top 5000,Top 5000,top5000,n.,το φαρμακείο,pharmacy,pharmacy photo,generated
6122,13,Top 5000,Top 5000,top5000,n.,το δράμα,drama,drama photo,generated
6123,13,Top 5000,Top 5000,top5000,n.,το πρόστιμο,fine,fine photo,generated
6124,13,Top 5000,Top 5000,top5000,n.,η στάχτη,the ash,,needs_review
6125,13,Top 5000,Top 5000,top5000,adj.,επιστημονικός,scientific,scientific photo,generated
6126,13,Top 5000,Top 5000,top5000,n.,ο νότος,south,south photo,generated
6127,13,Top 5000,Top 5000,top5000,n.,ο Γάλλος,French person,French person photo,generated
6128,13,Top 5000,Top 5000,top5000,n.,το κήρυγμα,sermon,sermon photo,generated
6129,13,Top 5000,Top 5000,top5000,n.,η Αυστραλία,Australia,Australia photo,generated
6130,13,Top 5000,Top 5000,top5000,n.,το νόμισμα,currency,currency photo,generated
6131,13,Top 5000,Top 5000,top5000,n.,το μοναστήρι,monastery,monastery photo,generated
6132,13,Top 5000,Top 5000,top5000,adj.,υποχρεωμένος,oblige,oblige photo,generated
6133,13,Top 5000,Top 5000,top5000,n.,η φλόγα,flame,flame photo,generated
6134,13,Top 5000,Top 5000,top5000,n.,ο Σεπτέμβριος,September,September photo,generated
6135,13,Top 5000,Top 5000,top5000,adj.,φτιαγμένος,build oneself up,build oneself up photo,generated
6136,13,Top 5000,Top 5000,top5000,v.,διώχνω,send,send photo,generated
6137,13,Top 5000,Top 5000,top5000,n.,το τουρνουά,tournament,tournament photo,generated
6138,13,Top 5000,Top 5000,top5000,n.,η χλόη,grass,grass photo,generated
6139,13,Top 5000,Top 5000,top5000,n.,το μπαχαρικό,spice,spice photo,generated
6140,13,Top 5000,Top 5000,top5000,n.,το Ισραήλ,Israel,Israel photo,generated
6141,13,Top 5000,Top 5000,top5000,adj.,ευαίσθητος,sensitive,sensitive photo,generated
6142,13,Top 5000,Top 5000,top5000,adj.,αναίσθητος,unconscious,unconscious photo,generated
6143,13,Top 5000,Top 5000,top5000,n.,η έναρξη,start,start photo,generated
6144,13,Top 5000,Top 5000,top5000,n.,το λάπτοπ,laptop,laptop photo,generated
6145,13,Top 5000,Top 5000,top5000,adv.,σαφώς,definitively,definitively photo,generated
6146,13,Top 5000,Top 5000,top5000,v.,ολοκληρώνω,complete,complete photo,generated
6147,13,Top 5000,Top 5000,top5000,adv.,τεχνικά,technical,technical photo,generated
6148,13,Top 5000,Top 5000,top5000,n.,ο σκηνοθέτης,film director,film director photo,generated
6149,13,Top 5000,Top 5000,top5000,n.,ο Ρώσος,Russian person,Russian person photo,generated
6150,13,Top 5000,Top 5000,top5000,n.,η παρέλαση,parade,parade photo,generated
6151,13,Top 5000,Top 5000,top5000,n.,η ποίηση,poetry,poetry photo,generated
6152,13,Top 5000,Top 5000,top5000,num.,έντεκα,eleven,eleven photo,generated
6153,13,Top 5000,Top 5000,top5000,n.,η επένδυση,investment,investment photo,generated
6154,13,Top 5000,Top 5000,top5000,n.,ο υπότιτλος,subtitle,subtitle photo,generated
6155,13,Top 5000,Top 5000,top5000,adj.,πολιτικός,political,political photo,generated
6156,13,Top 5000,Top 5000,top5000,n.,ο πολιτικός,politician,politician photo,generated
6157,13,Top 5000,Top 5000,top5000,n.,η επιβίωση,survival,survival photo,generated
6158,13,Top 5000,Top 5000,top5000,n.,το έντομο,insect,insect photo,override
6159,13,Top 5000,Top 5000,top5000,n.,το Σαββατόβραδο,Saturday night,Saturday night photo,generated
6160,13,Top 5000,Top 5000,top5000,n.,η περίσταση,special occasion,special occasion photo,generated
6161,13,Top 5000,Top 5000,top5000,n.,η σιγουριά,certainty,certainty photo,generated
6162,13,Top 5000,Top 5000,top5000,n.,τα χαιρετίσματα,best wishes,best wishes photo,generated
6163,13,Top 5000,Top 5000,top5000,n.,ο πρέσβης,ambassador,ambassador photo,generated
6164,13,Top 5000,Top 5000,top5000,adv.,πολιτικά,Constantinopolitan,Constantinopolitan photo,generated
6165,13,Top 5000,Top 5000,top5000,v.,απολαμβάνω,enjoy,enjoy photo,generated
6166,13,Top 5000,Top 5000,top5000,n.,η ύλη,matter,matter photo,generated
6167,13,Top 5000,Top 5000,top5000,n.,η καμπάνια,campaign,campaign photo,generated
6168,13,Top 5000,Top 5000,top5000,adj.,έκπληκτος,surprised,surprised photo,generated
6169,13,Top 5000,Top 5000,top5000,n.,η ήττα,defeat,defeat photo,generated
6170,13,Top 5000,Top 5000,top5000,n.,η επαρχία,province,province photo,generated
6171,13,Top 5000,Top 5000,top5000,n.,η χορωδία,choir,choir photo,generated
6172,13,Top 5000,Top 5000,top5000,n.,η εφαρμογή,application,application photo,generated
6173,13,Top 5000,Top 5000,top5000,n.,το τροχόσπιτο,caravan,caravan photo,generated
6174,13,Top 5000,Top 5000,top5000,n.,η έμπνευση,inspiration,inspiration photo,generated
6175,13,Top 5000,Top 5000,top5000,n.,η παρτίδα,batch,batch photo,generated
6176,13,Top 5000,Top 5000,top5000,n.,το φλιτζάνι,the cup,,needs_review
6177,13,Top 5000,Top 5000,top5000,n.,ο Αθηναίος,Athenian,Athenian photo,generated
6178,13,Top 5000,Top 5000,top5000,n.,το καρπούζι,watermelon,watermelon photo,generated
6179,13,Top 5000,Top 5000,top5000,v.,ψωνίζω,shop,shop photo,generated
6180,13,Top 5000,Top 5000,top5000,adj.,προσωρινός,temporary,temporary photo,generated
6181,13,Top 5000,Top 5000,top5000,n.,η γκαλερί,art gallery,art gallery photo,generated
6182,13,Top 5000,Top 5000,top5000,adj.,βασιλικός,basil,basil photo,generated
6183,13,Top 5000,Top 5000,top5000,n.,η δημοσιότητα,publicity,publicity photo,generated
6184,13,Top 5000,Top 5000,top5000,adv.,προσωρινά,temporary,temporary photo,generated
6185,13,Top 5000,Top 5000,top5000,v.,σχετίζομαι,to correlate to,to correlate to photo,generated
6186,13,Top 5000,Top 5000,top5000,n.,η αιωνιότητα,eternity,eternity photo,generated
6187,13,Top 5000,Top 5000,top5000,n.,το καροτσάκι,wheelchair,wheelchair photo,generated
6188,13,Top 5000,Top 5000,top5000,n.,το τσεκούρι,the axe,,needs_review
6189,13,Top 5000,Top 5000,top5000,n.,πιέζω,press,press photo,generated
6190,13,Top 5000,Top 5000,top5000,v.,απογοητεύω,disappoint,disappoint photo,generated
6191,13,Top 5000,Top 5000,top5000,n.,η μπουνιά,punch,punch photo,generated
6192,13,Top 5000,Top 5000,top5000,n.,το μικρόφωνο,microphone,microphone photo,generated
6193,13,Top 5000,Top 5000,top5000,adj.,βολικός,handy,handy photo,generated
6194,13,Top 5000,Top 5000,top5000,n.,το πρόβατο,sheep,sheep photo,generated
6195,13,Top 5000,Top 5000,top5000,n.,το ραβδί,staff,staff photo,generated
6196,13,Top 5000,Top 5000,top5000,n.,το χημικό,chemical,chemical photo,generated
6197,13,Top 5000,Top 5000,top5000,n.,η βεράντα,veranda,veranda photo,generated
6198,13,Top 5000,Top 5000,top5000,n.,ο όγκος,volume,volume photo,generated
6199,13,Top 5000,Top 5000,top5000,adv.,μακροπρόθεσμα,long-term,long-term photo,generated
6200,13,Top 5000,Top 5000,top5000,n.,η κουβεντούλα,chat,chat photo,generated
6201,13,Top 5000,Top 5000,top5000,n.,ο βιασμός,rape,rape photo,generated
6202,13,Top 5000,Top 5000,top5000,adj.,ελκυστικός,sexually attractive,sexually attractive photo,generated
6203,13,Top 5000,Top 5000,top5000,adj.,φτωχός,poor,poor photo,generated
6204,13,Top 5000,Top 5000,top5000,n.,το χωράφι,field,field photo,generated
6205,13,Top 5000,Top 5000,top5000,n.,το σαπούνι,soap,soap photo,generated
6206,13,Top 5000,Top 5000,top5000,n.,η επιδρομή,raid,raid photo,generated
6207,13,Top 5000,Top 5000,top5000,v.,απάγω,kidnap,kidnap photo,generated
6208,13,Top 5000,Top 5000,top5000,n.,ο πειρατής,pirate,pirate photo,generated
6209,13,Top 5000,Top 5000,top5000,v.,διαφημίζω,advertise,advertise photo,generated
6210,13,Top 5000,Top 5000,top5000,n.,ο καβγάς,brawl,brawl photo,generated
6211,13,Top 5000,Top 5000,top5000,v.,φυλάω,guard,guard photo,generated
6212,13,Top 5000,Top 5000,top5000,adj.,κοντινός,nearby,nearby photo,generated
6213,13,Top 5000,Top 5000,top5000,n.,η κουρτίνα,curtain,curtain photo,generated
6214,13,Top 5000,Top 5000,top5000,v.,επιζώ,survive,survive photo,generated
6215,13,Top 5000,Top 5000,top5000,n.,η μετάδοση,broadcast,broadcast photo,generated
6216,13,Top 5000,Top 5000,top5000,v.,εξετάζω,examine,examine photo,generated
6217,13,Top 5000,Top 5000,top5000,n.,το παράπονο,complaint,complaint photo,generated
6218,13,Top 5000,Top 5000,top5000,n.,το σκάκι,chess,chess photo,generated
6219,13,Top 5000,Top 5000,top5000,n.,το ρεπορτάζ,news report,news report photo,generated
6220,13,Top 5000,Top 5000,top5000,n.,η ανιψιά,niece,niece photo,generated
6221,13,Top 5000,Top 5000,top5000,n.,το σκορ,score,score photo,generated
6222,13,Top 5000,Top 5000,top5000,v.,λάμπω,shine,shine photo,generated
6223,13,Top 5000,Top 5000,top5000,v.,ερωτεύομαι,to fall in love with,to fall in love with photo,generated
6224,13,Top 5000,Top 5000,top5000,n.,η δεξαμενή,tank,tank photo,generated
6225,13,Top 5000,Top 5000,top5000,adv.,ανεξάρτητα,independently,independently photo,generated
6226,13,Top 5000,Top 5000,top5000,v.,δραπετεύω,escape,escape photo,generated
6227,13,Top 5000,Top 5000,top5000,n.,η δομή,structure,structure photo,generated
6228,13,Top 5000,Top 5000,top5000,n.,το σπιτικό,home,home photo,generated
6229,13,Top 5000,Top 5000,top5000,adv.,ξεχωριστά,separate,separate photo,generated
6230,13,Top 5000,Top 5000,top5000,n.,ο συνδυασμός,combination,combination photo,generated
6231,13,Top 5000,Top 5000,top5000,n.,το βιογραφικό,resume,resume photo,generated
6232,13,Top 5000,Top 5000,top5000,n.,το μηχάνημα,machine,machine photo,generated
6233,13,Top 5000,Top 5000,top5000,n.,ο καρπός,wrist,wrist photo,generated
6234,13,Top 5000,Top 5000,top5000,v.,τρελαίνω,madden,madden photo,generated
6235,13,Top 5000,Top 5000,top5000,n.,ο γαμπρός,bridegroom,bridegroom photo,generated
6236,13,Top 5000,Top 5000,top5000,adv.,αυτοπροσώπως,in person,in person photo,generated
6237,13,Top 5000,Top 5000,top5000,n.,η δυστυχία,unhappiness,unhappiness photo,generated
6238,13,Top 5000,Top 5000,top5000,adj.,κρίσιμος,critical,critical photo,generated
6239,13,Top 5000,Top 5000,top5000,adj.,ενθουσιώδης,enthusiastic,enthusiastic photo,generated
6240,13,Top 5000,Top 5000,top5000,n.,η απουσία,absence,absence photo,generated
6241,13,Top 5000,Top 5000,top5000,v.,ξαναγίνομαι,happen again,happen again photo,generated
6242,13,Top 5000,Top 5000,top5000,adj.,πορτοκαλί,orange,orange photo,generated
6243,13,Top 5000,Top 5000,top5000,adv.,νομικά,pertaining to law,pertaining to law photo,generated
6244,13,Top 5000,Top 5000,top5000,n.,ο συνάδελφος,colleague,colleague photo,generated
6245,13,Top 5000,Top 5000,top5000,v.,διασκεδάζω,have fun,have fun photo,generated
6246,13,Top 5000,Top 5000,top5000,v.,εκπλήσσω,surprise,surprise photo,generated
6247,13,Top 5000,Top 5000,top5000,n.,η θήκη,case,case photo,generated
6248,13,Top 5000,Top 5000,top5000,v.,δυσκολεύομαι,made difficult,made difficult photo,generated
6249,13,Top 5000,Top 5000,top5000,n.,το κορόιδο,fool,fool photo,generated
6250,13,Top 5000,Top 5000,top5000,v.,υποστηρίζω,support,support photo,generated
6251,13,Top 5000,Top 5000,top5000,n.,ο πόρος,resource,resource photo,generated
6252,13,Top 5000,Top 5000,top5000,n.,η σύγχυση,confusion,confusion photo,generated
6253,13,Top 5000,Top 5000,top5000,adv.,βιαστικά,hurried,hurried photo,generated
6254,13,Top 5000,Top 5000,top5000,n.,η απογοήτευση,disappointment,disappointment photo,generated
6255,13,Top 5000,Top 5000,top5000,n.,το απόσπασμα,extract,extract photo,generated
6256,13,Top 5000,Top 5000,top5000,n.,το φράγμα,barrier,barrier photo,generated
6257,13,Top 5000,Top 5000,top5000,n.,το γύρισμα,turn,turn photo,generated
6258,13,Top 5000,Top 5000,top5000,n.,η επέτειος,anniversary,anniversary photo,generated
6259,13,Top 5000,Top 5000,top5000,adv.,κατάλληλα,appropriate,appropriate photo,generated
6260,13,Top 5000,Top 5000,top5000,adj.,αθλητικός,athletic,athletic photo,generated
6261,13,Top 5000,Top 5000,top5000,n.,η περηφάνια,pride,pride photo,generated
6262,13,Top 5000,Top 5000,top5000,n.,ο κάτοικος,resident,resident photo,generated
6263,13,Top 5000,Top 5000,top5000,v.,διαφωνώ,disagree,disagree photo,generated
6264,13,Top 5000,Top 5000,top5000,n.,η φούστα,skirt,skirt photo,generated
6265,13,Top 5000,Top 5000,top5000,adj.,ιδανικός,ideal,ideal photo,generated
6266,13,Top 5000,Top 5000,top5000,n.,το σκουλήκι,worm,worm photo,generated
6267,13,Top 5000,Top 5000,top5000,n.,ο αντιπρόεδρος,vice-president,vice-president photo,generated
6268,13,Top 5000,Top 5000,top5000,v.,απομονώνομαι,withdraw,withdraw photo,generated
6269,13,Top 5000,Top 5000,top5000,n.,η διατροφή,diet,diet photo,generated
6270,13,Top 5000,Top 5000,top5000,n.,το στρες,stress,stress photo,generated
6271,13,Top 5000,Top 5000,top5000,n.,η μέλισσα,the bee,,needs_review
6272,13,Top 5000,Top 5000,top5000,n.,το εξώφυλλο,book cover,book cover photo,generated
6273,13,Top 5000,Top 5000,top5000,v.,παρέχω,give,give photo,generated
6274,13,Top 5000,Top 5000,top5000,n.,το τριαντάφυλλο,rose,rose photo,generated
6275,13,Top 5000,Top 5000,top5000,n.,η φλέβα,vein,vein photo,generated
6276,13,Top 5000,Top 5000,top5000,v.,παλεύω,fight,fight photo,generated
6277,13,Top 5000,Top 5000,top5000,n.,η εισαγωγή,introduction,introduction photo,generated
6278,13,Top 5000,Top 5000,top5000,v.,φιλοξενώ,accommodate,accommodate photo,generated
6279,13,Top 5000,Top 5000,top5000,n.,το μπάχαλο,shambles,shambles photo,generated
6280,13,Top 5000,Top 5000,top5000,adj.,αφελής,naive,naive photo,generated
6281,13,Top 5000,Top 5000,top5000,v.,διδάσκω,teach,teach photo,generated
6282,13,Top 5000,Top 5000,top5000,adj.,μουσικός,musical,musical photo,generated
6283,13,Top 5000,Top 5000,top5000,n.,ο μουσικός,musician,musician photo,generated
6284,13,Top 5000,Top 5000,top5000,n.,ο χειριστής,operator,operator photo,generated
6285,13,Top 5000,Top 5000,top5000,v.,γαμάω,fuck,fuck photo,generated
6286,13,Top 5000,Top 5000,top5000,n.,ο αχυρώνας,barn,barn photo,generated
6287,13,Top 5000,Top 5000,top5000,n.,η πρωτεύουσα,capital,capital photo,generated
6288,13,Top 5000,Top 5000,top5000,n.,το ματς,match,match photo,generated
6289,13,Top 5000,Top 5000,top5000,n.,το ελάφι,deer,deer photo,generated
6290,13,Top 5000,Top 5000,top5000,n.,η δημοπρασία,auction,auction photo,generated
6291,13,Top 5000,Top 5000,top5000,n.,το ον,being,being photo,generated
6292,13,Top 5000,Top 5000,top5000,v.,απορώ,be puzzled,be puzzled photo,generated
6293,13,Top 5000,Top 5000,top5000,n.,το ράφι,shelf,shelf photo,generated
6294,13,Top 5000,Top 5000,top5000,adj.,γοητευτικός,handsome,handsome photo,generated
6295,13,Top 5000,Top 5000,top5000,v.,ξεπληρώνω,pay back,pay back photo,generated
6296,13,Top 5000,Top 5000,top5000,n.,η γυμναστική,gymnastics,gymnastics photo,generated
6297,13,Top 5000,Top 5000,top5000,interj.,καλωσήρθες,welcome ^†,welcome ^† photo,generated
6298,13,Top 5000,Top 5000,top5000,n.,η διάσταση,dimension,dimension photo,generated
6299,13,Top 5000,Top 5000,top5000,n.,ο στόλος,fleet,fleet photo,generated
6300,13,Top 5000,Top 5000,top5000,n.,θηλυκός,female,female photo,generated
6301,13,Top 5000,Top 5000,top5000,n.,ο πόλος,pole,pole photo,generated
6302,13,Top 5000,Top 5000,top5000,n.,η επίπτωση,repercussion,repercussion photo,generated
6303,13,Top 5000,Top 5000,top5000,n.,ο δράκος,dragon,dragon photo,generated
6304,13,Top 5000,Top 5000,top5000,n.,η συνωμοσία,conspiracy,conspiracy photo,generated
6305,13,Top 5000,Top 5000,top5000,n.,ο ψυχίατρος,psychiatrist,psychiatrist photo,generated
6306,13,Top 5000,Top 5000,top5000,n.,το λίπος,the fat,,needs_review
6307,13,Top 5000,Top 5000,top5000,adj.,εξοχικός,rural,rural photo,generated
6308,13,Top 5000,Top 5000,top5000,adj.,ανατριχιαστικός,terrifying,terrifying photo,generated
6309,13,Top 5000,Top 5000,top5000,adj.,αυτόματος,automatic,automatic photo,generated
6310,13,Top 5000,Top 5000,top5000,adj.,ικανοποιημένος,satisfied,satisfied photo,generated
6311,13,Top 5000,Top 5000,top5000,n.,η διάγνωση,diagnosis,diagnosis photo,generated
6312,13,Top 5000,Top 5000,top5000,n.,το μολύβι,pencil,pencil photo,generated
6313,13,Top 5000,Top 5000,top5000,n.,το πεζοδρόμιο,pavement,pavement photo,generated
6314,13,Top 5000,Top 5000,top5000,adj.,ελάχιστος,least,least photo,generated
6315,13,Top 5000,Top 5000,top5000,n.,η μέθοδος,method,method photo,generated
6316,13,Top 5000,Top 5000,top5000,n.,η έκπτωση,discount,discount photo,generated
6317,13,Top 5000,Top 5000,top5000,n.,το σφάλμα,error,error photo,generated
6318,13,Top 5000,Top 5000,top5000,adj.,διαθέσιμος,available,available photo,generated
6319,13,Top 5000,Top 5000,top5000,v.,οργανώνω,organise,organise photo,generated
6320,13,Top 5000,Top 5000,top5000,n.,η μάζα,mass,mass photo,generated
6321,13,Top 5000,Top 5000,top5000,adj.,πνευματικός,mental,mental photo,generated
6322,13,Top 5000,Top 5000,top5000,n.,η λύπη,sadness,sadness photo,generated
6323,13,Top 5000,Top 5000,top5000,adj.,πυρηνικός,nuclear,nuclear photo,generated
6324,13,Top 5000,Top 5000,top5000,n.,ο πολιτισμός,civilisation,civilisation photo,generated
6325,13,Top 5000,Top 5000,top5000,v.,καταρρέω,collapse,collapse photo,generated
6326,13,Top 5000,Top 5000,top5000,n.,το φθινόπωρο,autumn,autumn photo,generated
6327,13,Top 5000,Top 5000,top5000,n.,ο χορευτής,dancer,dancer photo,generated
6328,13,Top 5000,Top 5000,top5000,v.,συνέρχομαι,recover,recover photo,generated
6329,13,Top 5000,Top 5000,top5000,adj.,αναγκαίος,necessary,necessary photo,generated
6330,13,Top 5000,Top 5000,top5000,adj.,φιλικός,friendly,friendly photo,generated
6331,13,Top 5000,Top 5000,top5000,adv.,νόμιμα,legal,legal photo,generated
6332,13,Top 5000,Top 5000,top5000,n.,η ακτινοβολία,radiance,radiance photo,generated
6333,13,Top 5000,Top 5000,top5000,v.,απέχω,be distant from,be distant from photo,generated
6334,13,Top 5000,Top 5000,top5000,n.,η δίαιτα,diet,diet photo,generated
6335,13,Top 5000,Top 5000,top5000,adj.,φανερός,overt,overt photo,generated
6336,13,Top 5000,Top 5000,top5000,adv.,άσχετα,Nominative,Nominative photo,generated
6337,13,Top 5000,Top 5000,top5000,v.,ξερνάω,vomit,vomit photo,generated
6338,13,Top 5000,Top 5000,top5000,n.,το προνόμιο,privilege,privilege photo,generated
6339,13,Top 5000,Top 5000,top5000,n.,η υποδοχή,reception,reception photo,generated
6340,13,Top 5000,Top 5000,top5000,adv.,εσωτερικά,Nominative,Nominative photo,generated
6341,13,Top 5000,Top 5000,top5000,n.,η παρατήρηση,observation,observation photo,generated
6342,13,Top 5000,Top 5000,top5000,n.,το συμφέρον,best interest,best interest photo,generated
6343,13,Top 5000,Top 5000,top5000,n.,το ταβάνι,ceiling,ceiling photo,generated
6344,13,Top 5000,Top 5000,top5000,n.,η όψη,aspect,aspect photo,generated
6345,13,Top 5000,Top 5000,top5000,n.,το καράβι,ship,ship photo,generated
6346,13,Top 5000,Top 5000,top5000,adj.,σωματικός,physical,physical photo,generated
6347,13,Top 5000,Top 5000,top5000,adv.,ελαφρά,lightly,lightly photo,generated
6348,13,Top 5000,Top 5000,top5000,v.,γλιτώνω,get away from,get away from photo,generated
6349,13,Top 5000,Top 5000,top5000,n.,ο Γερμανός,German person,German person photo,generated
6350,13,Top 5000,Top 5000,top5000,adj.,αμερικάνικος,American,American photo,generated
6351,13,Top 5000,Top 5000,top5000,n.,ο Πάπας,Pope,Pope photo,generated
6352,13,Top 5000,Top 5000,top5000,n.,ζωολογικός,zoological,zoological photo,generated
6353,13,Top 5000,Top 5000,top5000,conj.,προκειμένου,in order to,in order to photo,generated
6354,13,Top 5000,Top 5000,top5000,n.,τα στρατεύματα,troops,troops photo,generated
6355,13,Top 5000,Top 5000,top5000,n.,ο προορισμός,destination,destination photo,generated
6356,13,Top 5000,Top 5000,top5000,n.,το παλικάρι,young man,young man photo,generated
6357,13,Top 5000,Top 5000,top5000,adj.,λεπτός,thin,thin photo,generated
6358,13,Top 5000,Top 5000,top5000,adj.,μπλεγμένος,tangled,tangled photo,generated
6359,13,Top 5000,Top 5000,top5000,n.,η πόρνη,prostitute,prostitute photo,generated
6360,13,Top 5000,Top 5000,top5000,n.,το κόψιμο,cutting,cutting photo,generated
6361,13,Top 5000,Top 5000,top5000,n.,η ναυτία,nausea,nausea photo,generated
6362,13,Top 5000,Top 5000,top5000,n.,το κελάρι,cellar,cellar photo,generated
6363,13,Top 5000,Top 5000,top5000,n.,η απεργία,strike,strike photo,generated
6364,13,Top 5000,Top 5000,top5000,n.,το φρούριο,fort,fort photo,generated
6365,13,Top 5000,Top 5000,top5000,n.,το καλαμπόκι,corn,corn photo,generated
6366,13,Top 5000,Top 5000,top5000,n.,η ουλή,scar,scar photo,generated
6367,13,Top 5000,Top 5000,top5000,n.,το μοτίβο,pattern,pattern photo,generated
6368,13,Top 5000,Top 5000,top5000,adv.,σωματικά,physical,physical photo,generated
6369,13,Top 5000,Top 5000,top5000,v.,ξοδεύω,spend,spend photo,generated
6370,13,Top 5000,Top 5000,top5000,n.,η ειρωνεία,irony,irony photo,generated
6371,13,Top 5000,Top 5000,top5000,n.,το ενοίκιο,rent,rent photo,generated
6372,13,Top 5000,Top 5000,top5000,n.,ο πρωθυπουργός,prime minister,prime minister photo,generated
6373,13,Top 5000,Top 5000,top5000,adv.,αυτόματα,automatic,automatic photo,generated
6374,13,Top 5000,Top 5000,top5000,n.,η κλίμακα,scale,scale photo,generated
6375,13,Top 5000,Top 5000,top5000,n.,το βενζινάδικο,petrol station,petrol station photo,generated
6376,13,Top 5000,Top 5000,top5000,n.,ο πωλητής,seller,seller photo,generated
6377,13,Top 5000,Top 5000,top5000,n.,η διάνοια,genius,genius photo,generated
6378,13,Top 5000,Top 5000,top5000,v.,βολεύω,arrange,arrange photo,generated
6379,13,Top 5000,Top 5000,top5000,n.,ο κυνηγός,hunter,hunter photo,generated
6380,13,Top 5000,Top 5000,top5000,n.,η εγκατάσταση,installation,installation photo,generated
6381,13,Top 5000,Top 5000,top5000,adj.,μόνιμος,regular,regular photo,generated
6382,13,Top 5000,Top 5000,top5000,n.,το όφελος,sake,sake photo,generated
6383,13,Top 5000,Top 5000,top5000,n.,το περιθώριο,margin,margin photo,generated
6384,13,Top 5000,Top 5000,top5000,adj.,αυθεντικός,genuine,genuine photo,generated
6385,13,Top 5000,Top 5000,top5000,n.,το μπαλκόνι,balcony,balcony photo,generated
6386,13,Top 5000,Top 5000,top5000,n.,η σωτηρία,salvation,salvation photo,generated
6387,13,Top 5000,Top 5000,top5000,n.,το εξάμηνο,semester,semester photo,generated
6388,13,Top 5000,Top 5000,top5000,n.,ο ιστός,the web,,needs_review
6389,13,Top 5000,Top 5000,top5000,n.,η συνομιλία,discourse,discourse photo,generated
6390,13,Top 5000,Top 5000,top5000,n. pl.,οι μπούρδες,nonsense,nonsense photo,generated
6391,13,Top 5000,Top 5000,top5000,n.,το κούρεμα,haircut,haircut photo,generated
6392,13,Top 5000,Top 5000,top5000,v.,εμπλέκομαι,get involved in,get involved in photo,generated
6393,13,Top 5000,Top 5000,top5000,adj.,νυκτερινός,night,night photo,generated
6394,13,Top 5000,Top 5000,top5000,n.,η αλεπού,the fox,,needs_review
6395,13,Top 5000,Top 5000,top5000,n.,το πηγάδι,well,well photo,generated
6396,13,Top 5000,Top 5000,top5000,n.,ο καρχαρίας,shark,shark photo,generated
6397,13,Top 5000,Top 5000,top5000,v.,συνοδεύω,accompany,accompany photo,generated
6398,13,Top 5000,Top 5000,top5000,n.,το τζαμί,mosque,mosque photo,generated
6399,13,Top 5000,Top 5000,top5000,n.,ο Θεσσαλονικιός,Thessalonikian,Thessalonikian photo,generated
6400,13,Top 5000,Top 5000,top5000,adj.,χαλασμένος,rancid,rancid photo,generated
6401,13,Top 5000,Top 5000,top5000,n.,η βιτρίνα,showcase,showcase photo,generated
6402,13,Top 5000,Top 5000,top5000,n.,η στεριά,dry land,dry land photo,generated
6403,13,Top 5000,Top 5000,top5000,n.,το αεροσκάφος,aircraft,aircraft photo,generated
6404,13,Top 5000,Top 5000,top5000,v.,κρέμομαι,dangle,dangle photo,generated
6405,13,Top 5000,Top 5000,top5000,n.,το ρόπαλο,club,club photo,generated
6406,13,Top 5000,Top 5000,top5000,n.,η σελήνη,moon,moon photo,generated
6407,13,Top 5000,Top 5000,top5000,n.,η προοπτική,prospect,prospect photo,generated
6408,13,Top 5000,Top 5000,top5000,n.,το μέταλλο,metal,metal photo,generated
6409,13,Top 5000,Top 5000,top5000,n. pl.,τα δημητριακά,grain,grain photo,generated
6410,13,Top 5000,Top 5000,top5000,adv.,φτηνά,cheap,cheap photo,generated
6411,13,Top 5000,Top 5000,top5000,n.,το γκάζι,accelerator,accelerator photo,generated
6412,13,Top 5000,Top 5000,top5000,adj.,πρωινός,morning,morning photo,generated
6413,13,Top 5000,Top 5000,top5000,n.,η Βρετανία,Britain,Britain photo,generated
6414,13,Top 5000,Top 5000,top5000,n.,η διαπραγμάτευση,negotiation,negotiation photo,generated
6415,13,Top 5000,Top 5000,top5000,v.,φοβίζω,browbeat,browbeat photo,generated
6416,13,Top 5000,Top 5000,top5000,n.,το αρνί,lamb,lamb photo,generated
6417,13,Top 5000,Top 5000,top5000,n.,ο χριστιανός,Christian,Christian photo,generated
6418,13,Top 5000,Top 5000,top5000,v.,κατοικώ,inhabit,inhabit photo,generated
6419,13,Top 5000,Top 5000,top5000,n.,ο νησιώτης,islander,islander photo,generated
6420,13,Top 5000,Top 5000,top5000,prep.,συμπεριλαμβανομένου,including,including photo,generated
6421,13,Top 5000,Top 5000,top5000,n.,η χημεία,chemistry,chemistry photo,generated
6422,13,Top 5000,Top 5000,top5000,adj.,ανήσυχος,worried,worried photo,generated
6423,13,Top 5000,Top 5000,top5000,n.,ο Άγγλος,English person,English person photo,generated
6424,13,Top 5000,Top 5000,top5000,n.,η δέσμευση,commitment,commitment photo,generated
6425,13,Top 5000,Top 5000,top5000,n.,το ηλιοβασίλεμα,sunset,sunset photo,generated
6426,13,Top 5000,Top 5000,top5000,n.,το θέλημα,chore,chore photo,generated
6427,13,Top 5000,Top 5000,top5000,n.,το καρύδι,walnut,walnut photo,generated
6428,13,Top 5000,Top 5000,top5000,n.,το τζάμι,mosque,mosque photo,generated
6429,13,Top 5000,Top 5000,top5000,n.,η μήτρα,womb,womb photo,generated
6430,13,Top 5000,Top 5000,top5000,n.,η ψηφοφορία,voting,voting photo,generated
6431,13,Top 5000,Top 5000,top5000,n.,η τραπεζαρία,dining room,dining room photo,generated
6432,13,Top 5000,Top 5000,top5000,adj.,κλεμμένος,stolen,stolen photo,generated
6433,13,Top 5000,Top 5000,top5000,n.,η αποζημίωση,compensation,compensation photo,generated
6434,13,Top 5000,Top 5000,top5000,n.,το κλίμα,climate,climate photo,generated
6435,13,Top 5000,Top 5000,top5000,v.,κατανοώ,understand,understand photo,generated
6436,13,Top 5000,Top 5000,top5000,n.,η ρόμπα,robe,robe photo,generated
6437,13,Top 5000,Top 5000,top5000,adj.,δυναμικός,dynamic,dynamic photo,generated
6438,13,Top 5000,Top 5000,top5000,v.,ο ποταμός,river,river photo,generated
6439,13,Top 5000,Top 5000,top5000,v.,ευθύνομαι,am responsible for,am responsible for photo,generated
6440,13,Top 5000,Top 5000,top5000,v.,ανάβω,light,light photo,generated
6441,13,Top 5000,Top 5000,top5000,adj.,αγχωμένος,stressed,stressed photo,generated
6442,13,Top 5000,Top 5000,top5000,n.,το καθάρισμα,cleaning,cleaning photo,generated
6443,13,Top 5000,Top 5000,top5000,n.,η γρίπη,influenza,influenza photo,generated
6444,13,Top 5000,Top 5000,top5000,n.,το βαρέλι,barrel,barrel photo,generated
6445,13,Top 5000,Top 5000,top5000,n.,η εξέγερση,riot,riot photo,generated
6446,13,Top 5000,Top 5000,top5000,adj.,λαμπρός,bright,bright photo,generated
6447,13,Top 5000,Top 5000,top5000,adj.,απελπισμένος,in despair,in despair photo,generated
6448,13,Top 5000,Top 5000,top5000,n.,το πυροτέχνημα,firework,firework photo,generated
6449,13,Top 5000,Top 5000,top5000,n.,το κύπελλο,goblet,goblet photo,generated
6450,13,Top 5000,Top 5000,top5000,n.,η προσγείωση,landing,landing photo,generated
6451,13,Top 5000,Top 5000,top5000,n. pl.,οι σπουδές,studies,studies photo,generated
6452,13,Top 5000,Top 5000,top5000,v.,προσποιούμαι,pretend,pretend photo,generated
6453,13,Top 5000,Top 5000,top5000,v.,στήνω,I set up,,needs_review
6454,13,Top 5000,Top 5000,top5000,adj.,ελαφρύς,light,light photo,generated
6455,13,Top 5000,Top 5000,top5000,n.,η φιλοσοφία,philosophy,philosophy photo,generated
6456,13,Top 5000,Top 5000,top5000,n.,το κουνέλι,rabbit,rabbit photo,generated
6457,13,Top 5000,Top 5000,top5000,v.,πνίγομαι,drown,drown photo,generated
6458,13,Top 5000,Top 5000,top5000,n.,η κατοικία,residence,residence photo,generated
6459,13,Top 5000,Top 5000,top5000,v.,γιατρεύω,cure,cure photo,generated
6460,13,Top 5000,Top 5000,top5000,adj.,ανώτερος,higher,higher photo,generated
6461,13,Top 5000,Top 5000,top5000,n.,το εγγόνι,grandchild,grandchild photo,generated
6462,13,Top 5000,Top 5000,top5000,n.,το κτήμα,estate,estate photo,generated
6463,13,Top 5000,Top 5000,top5000,n.,ο πειρασμός,temptation,temptation photo,generated
6464,13,Top 5000,Top 5000,top5000,adj.,εγωιστής,selfish,selfish photo,generated
6465,13,Top 5000,Top 5000,top5000,n.,ο υπνάκος,snooze,snooze photo,generated
6466,13,Top 5000,Top 5000,top5000,n.,η λαβή,handle,handle photo,generated
6467,13,Top 5000,Top 5000,top5000,n.,η αυτοάμυνα,self-defense,self-defense photo,generated
6468,13,Top 5000,Top 5000,top5000,n.,η πανοπλία,armour,armour photo,generated
6469,13,Top 5000,Top 5000,top5000,n.,το μακιγιάζ,make-up,make-up photo,generated
6470,13,Top 5000,Top 5000,top5000,adj.,κλασικός,classical,classical photo,generated
6471,13,Top 5000,Top 5000,top5000,adv.,απεγνωσμένα,desperately,desperately photo,generated
6472,13,Top 5000,Top 5000,top5000,v.,διευθύνω,manage,manage photo,generated
6473,13,Top 5000,Top 5000,top5000,n.,η πρωτοβουλία,initiative,initiative photo,generated
6474,13,Top 5000,Top 5000,top5000,n.,η προσδοκία,expectation,expectation photo,generated
6475,13,Top 5000,Top 5000,top5000,n.,η βρώμα,dirtiness,dirtiness photo,generated
6476,13,Top 5000,Top 5000,top5000,n.,η ανωμαλία,anomaly,anomaly photo,generated
6477,13,Top 5000,Top 5000,top5000,v.,απολογούμαι,defend oneself,defend oneself photo,generated
6478,13,Top 5000,Top 5000,top5000,adj.,πικρός,bitter,bitter photo,generated
6479,13,Top 5000,Top 5000,top5000,n.,ο ζήλος,zeal,zeal photo,generated
6480,13,Top 5000,Top 5000,top5000,n.,η καραμέλα,sweet,sweet photo,generated
6481,13,Top 5000,Top 5000,top5000,adj.,ευγενής,polite,polite photo,generated
6482,13,Top 5000,Top 5000,top5000,n.,η διαμάχη,dispute,dispute photo,generated
6483,13,Top 5000,Top 5000,top5000,n.,η ορχήστρα,orchestra,orchestra photo,generated
6484,13,Top 5000,Top 5000,top5000,n.,το περπάτημα,walking,walking photo,generated
6485,13,Top 5000,Top 5000,top5000,adv.,ειρηνικά,peacefully,peacefully photo,generated
6486,13,Top 5000,Top 5000,top5000,adj.,ασήμαντος,trivial,trivial photo,generated
6487,13,Top 5000,Top 5000,top5000,n.,η Ελβετία,Switzerland,Switzerland photo,generated
6488,13,Top 5000,Top 5000,top5000,adv.,θεωρητικά,theoretical,theoretical photo,generated
6489,13,Top 5000,Top 5000,top5000,adv.,θετικά,reliable,reliable photo,generated
6490,13,Top 5000,Top 5000,top5000,v.,παρατηρώ,observe,observe photo,generated
6491,13,Top 5000,Top 5000,top5000,n.,δηλώνω,profess,profess photo,generated
6492,13,Top 5000,Top 5000,top5000,v.,υφίσταμαι,suffer,suffer photo,generated
6493,13,Top 5000,Top 5000,top5000,n.,το δημαρχείο,town hall,town hall photo,generated
6494,13,Top 5000,Top 5000,top5000,adv.,άκρως,extremely,extremely photo,generated
6495,13,Top 5000,Top 5000,top5000,adj.,μοναχικός,lonely,lonely photo,generated
6496,13,Top 5000,Top 5000,top5000,adj.,δυστυχισμένος,unhappy,unhappy photo,generated
6497,13,Top 5000,Top 5000,top5000,n.,η φαντασίωση,fantasy,fantasy photo,generated
6498,13,Top 5000,Top 5000,top5000,v.,αντικαθιστώ,replace,replace photo,generated
6499,13,Top 5000,Top 5000,top5000,adj.,λυπημένος,sorrowful,sorrowful photo,generated
6500,13,Top 5000,Top 5000,top5000,n.,το μαγιό,swimsuit,swimsuit photo,generated
6501,13,Top 5000,Top 5000,top5000,n.,το ψαλίδι,scissors,scissors photo,generated
6502,13,Top 5000,Top 5000,top5000,v.,ουρλιάζω,yell,yell photo,generated
6503,13,Top 5000,Top 5000,top5000,n.,ο ενθουσιασμός,excitement,excitement photo,generated
6504,13,Top 5000,Top 5000,top5000,n.,το μελάνι,the ink,,needs_review
6505,13,Top 5000,Top 5000,top5000,n. / int.,η ατυχία,setback,setback photo,generated
6506,13,Top 5000,Top 5000,top5000,n.,η ανάπαυση,rest,rest photo,generated
6507,13,Top 5000,Top 5000,top5000,n.,ο Ιούνιος,June,June photo,generated
6508,13,Top 5000,Top 5000,top5000,v.,διαρκώ,endure,endure photo,generated
6509,13,Top 5000,Top 5000,top5000,adj.,μυστήριος,mysterious,mysterious photo,generated
6510,13,Top 5000,Top 5000,top5000,adj.,πολύπλοκος,complex,complex photo,generated
6511,13,Top 5000,Top 5000,top5000,n.,ο ανιψιός,nephew,nephew photo,generated
6512,13,Top 5000,Top 5000,top5000,n.,ο σκλάβος,slave,slave photo,generated
6513,13,Top 5000,Top 5000,top5000,v.,αντιπροσωπεύω,represent,represent photo,generated
6514,13,Top 5000,Top 5000,top5000,n.,η αποικία,colony,colony photo,generated
6515,13,Top 5000,Top 5000,top5000,adj.,διπλανός,next,next photo,generated
6516,13,Top 5000,Top 5000,top5000,n.,η διαφωνία,argument,argument photo,generated
6517,13,Top 5000,Top 5000,top5000,n.,το φιλοδώρημα,gratuity,gratuity photo,generated
6518,13,Top 5000,Top 5000,top5000,n.,ο οπαδός,follower,follower photo,generated
6519,13,Top 5000,Top 5000,top5000,adj.,αντίστοιχος,corresponding,corresponding photo,generated
6520,13,Top 5000,Top 5000,top5000,n.,ο άγιος,saint,saint photo,generated
6521,13,Top 5000,Top 5000,top5000,n.,η ετυμηγορία,verdict,verdict photo,generated
6522,13,Top 5000,Top 5000,top5000,n.,η πειθαρχία,discipline,discipline photo,generated
6523,13,Top 5000,Top 5000,top5000,v.,διαφέρω,differ,differ photo,generated
6524,13,Top 5000,Top 5000,top5000,n.,το εμπόρευμα,goods,goods photo,generated
6525,13,Top 5000,Top 5000,top5000,n.,ο Ιάπωνας,Japanese person,Japanese person photo,generated
6526,13,Top 5000,Top 5000,top5000,adj.,χαρακτηριστικός,characteristic,characteristic photo,generated
6527,13,Top 5000,Top 5000,top5000,n.,το πήδημα,jump,jump photo,generated
6528,13,Top 5000,Top 5000,top5000,n.,ο πύργος,tower,tower photo,generated
6529,13,Top 5000,Top 5000,top5000,adv.,αυστηρά,strict,strict photo,generated
6530,13,Top 5000,Top 5000,top5000,n.,η εγκυμοσύνη,pregnancy,pregnancy photo,generated
6531,13,Top 5000,Top 5000,top5000,adj.,διεθνής,international,international photo,generated
6532,13,Top 5000,Top 5000,top5000,v.,προσθέτω,"add, append, extend",,needs_review
6533,13,Top 5000,Top 5000,top5000,n.,το χοιρινό,pork,pork photo,generated
6534,13,Top 5000,Top 5000,top5000,n.,το θηρίο,hulk,hulk photo,generated
6535,13,Top 5000,Top 5000,top5000,v.,χειροτερεύω,get worse,get worse photo,generated
6536,13,Top 5000,Top 5000,top5000,v.,επιβεβαιώνω,confirm,confirm photo,generated
6537,13,Top 5000,Top 5000,top5000,adj.,άνετος,comfortable,comfortable photo,generated
6538,13,Top 5000,Top 5000,top5000,n.,το κλάμα,crying,crying photo,generated
6539,13,Top 5000,Top 5000,top5000,adj.,μεσογειακός,Mediterranean,Mediterranean photo,generated
6540,13,Top 5000,Top 5000,top5000,n.,η παρηγοριά,consolation,consolation photo,generated
6541,13,Top 5000,Top 5000,top5000,n.,το ενδεχόμενο,possibility,possibility photo,generated
6542,13,Top 5000,Top 5000,top5000,n.,η μύγα,the fly,,needs_review
6543,13,Top 5000,Top 5000,top5000,n.,το αδίκημα,misdeed,misdeed photo,generated
6544,13,Top 5000,Top 5000,top5000,adv.,συνεπώς,thus,thus photo,generated
6545,13,Top 5000,Top 5000,top5000,n.,η γέννηση,the birth,,needs_review
6546,13,Top 5000,Top 5000,top5000,n.,η περούκα,the wig,,needs_review
6547,13,Top 5000,Top 5000,top5000,n.,η αράχνη,spider,spider photo,generated
6548,13,Top 5000,Top 5000,top5000,n.,η κραυγή,scream,scream photo,generated
6549,13,Top 5000,Top 5000,top5000,n.,ο πνεύμονας,lung,lung photo,generated
6550,13,Top 5000,Top 5000,top5000,n.,η ψευδαίσθηση,illusion,illusion photo,generated
6551,13,Top 5000,Top 5000,top5000,n.,η πυρκαγιά,blaze,blaze photo,generated
6552,13,Top 5000,Top 5000,top5000,adj.,δεμένος,tied,tied photo,generated
6553,13,Top 5000,Top 5000,top5000,n.,το ινστιτούτο,institute,institute photo,generated
6554,13,Top 5000,Top 5000,top5000,n.,το ατσάλι,steel,steel photo,generated
6555,13,Top 5000,Top 5000,top5000,v.,μαγειρεύω,cook,cook photo,generated
6556,13,Top 5000,Top 5000,top5000,n.,το λεμόνι,lemon,lemon photo,generated
6557,13,Top 5000,Top 5000,top5000,n.,φωτογραφικός,photographic,photographic photo,generated
6558,13,Top 5000,Top 5000,top5000,n.,η μπανάνα,banana,banana photo,generated
6559,13,Top 5000,Top 5000,top5000,n.,ο αγρότης,farmer,farmer photo,generated
6560,13,Top 5000,Top 5000,top5000,n.,ο Κινέζος,Chinese person,Chinese person photo,generated
6561,13,Top 5000,Top 5000,top5000,v.,παράγω,produce,produce photo,generated
6562,13,Top 5000,Top 5000,top5000,n.,η προφητεία,prophecy,prophecy photo,generated
6563,13,Top 5000,Top 5000,top5000,n.,η απόλαυση,enjoyment,enjoyment photo,generated
6564,13,Top 5000,Top 5000,top5000,n.,η αναστάτωση,uproar,uproar photo,generated
6565,13,Top 5000,Top 5000,top5000,v.,επισκέπτομαι,visit,visit photo,generated
6566,13,Top 5000,Top 5000,top5000,n.,η ψήφος,vote,vote photo,generated
6567,13,Top 5000,Top 5000,top5000,v.,σπαταλάω,waste,waste photo,generated
6568,13,Top 5000,Top 5000,top5000,adj.,αποκλειστικός,exclusive,exclusive photo,generated
6569,13,Top 5000,Top 5000,top5000,v.,συμμετέχω,participate,participate photo,generated
6570,13,Top 5000,Top 5000,top5000,n.,ο κουβάς,bucket,bucket photo,generated
6571,13,Top 5000,Top 5000,top5000,adj.,μυστηριώδης,mysterious,mysterious photo,generated
6572,13,Top 5000,Top 5000,top5000,n.,η προετοιμασία,preparation,preparation photo,generated
6573,13,Top 5000,Top 5000,top5000,n.,η ικανοποίηση,satisfaction,satisfaction photo,generated
6574,13,Top 5000,Top 5000,top5000,n.,η γέννα,childbirth,childbirth photo,generated
6575,13,Top 5000,Top 5000,top5000,adj.,υπόγειος,underground,underground photo,generated
6576,13,Top 5000,Top 5000,top5000,adj.,ανίκανος,incompetent,incompetent photo,generated
6577,13,Top 5000,Top 5000,top5000,adv.,επαγγελματικά,professional,professional photo,generated
6578,13,Top 5000,Top 5000,top5000,adj.,χαλαρωτικός,relaxing,relaxing photo,generated
6579,13,Top 5000,Top 5000,top5000,adj.,φιλόξενος,hospitable,hospitable photo,generated
6580,13,Top 5000,Top 5000,top5000,n.,ο κρατούμενος,prisoner,prisoner photo,generated
6581,13,Top 5000,Top 5000,top5000,n.,το κιβώτιο,crate,crate photo,generated
6582,13,Top 5000,Top 5000,top5000,n.,το γιλέκο,waistcoat,waistcoat photo,generated
6583,13,Top 5000,Top 5000,top5000,v.,υπενθυμίζω,remind,remind photo,generated
6584,13,Top 5000,Top 5000,top5000,n.,ο επιστάτης,janitor,janitor photo,generated
6585,13,Top 5000,Top 5000,top5000,adj.,άσχετος,irrelevant,irrelevant photo,generated
6586,13,Top 5000,Top 5000,top5000,n.,το ύφασμα,fabric,fabric photo,generated
6587,13,Top 5000,Top 5000,top5000,n.,η χειρονομία,gesture,gesture photo,generated
6588,13,Top 5000,Top 5000,top5000,n.,ο οικτός,compassion,compassion photo,generated
6589,13,Top 5000,Top 5000,top5000,n.,το μανιτάρι,mushroom,mushroom photo,generated
6590,13,Top 5000,Top 5000,top5000,adv.,καθοδόν,en route,en route photo,generated
6591,13,Top 5000,Top 5000,top5000,n.,η κωμωδία,comedy,comedy photo,generated
6592,13,Top 5000,Top 5000,top5000,n.,ο διακόπτης,switch,switch photo,generated
6593,13,Top 5000,Top 5000,top5000,n.,η χελώνα,turtle,turtle photo,generated
6594,13,Top 5000,Top 5000,top5000,n.,το μυθιστόρημα,novel,novel photo,generated
6595,13,Top 5000,Top 5000,top5000,n.,ο επαναστάτης,rebel,rebel photo,generated
6596,13,Top 5000,Top 5000,top5000,n.,η εγγονή,granddaughter,granddaughter photo,generated
6597,13,Top 5000,Top 5000,top5000,n.,η κουλτούρα,culture,culture photo,generated
6598,13,Top 5000,Top 5000,top5000,n.,ο περίπατος,stroll,stroll photo,generated
6599,13,Top 5000,Top 5000,top5000,n.,η αντίληψη,perception,perception photo,generated
6600,13,Top 5000,Top 5000,top5000,n.,η σκούπα,broom,broom photo,generated
6601,13,Top 5000,Top 5000,top5000,adj.,κουφός,frivolous,frivolous photo,generated
6602,13,Top 5000,Top 5000,top5000,n.,η συμπόνια,sympathy,sympathy photo,generated
6603,13,Top 5000,Top 5000,top5000,adv.,μεθαύριο,day after tomorrow,day after tomorrow photo,generated
6604,13,Top 5000,Top 5000,top5000,n.,ο κινητήρας,motor,motor photo,generated
6605,13,Top 5000,Top 5000,top5000,adv.,χαρούμενα,Nominative,Nominative photo,generated
6606,13,Top 5000,Top 5000,top5000,n.,ο φωτογράφος,photographer,photographer photo,generated
6607,13,Top 5000,Top 5000,top5000,n.,η όραση,eyesight,eyesight photo,generated
6608,13,Top 5000,Top 5000,top5000,v.,αναφέρομαι,come up,come up photo,generated
6609,13,Top 5000,Top 5000,top5000,adj.,απογοητευμένος,disappointed,disappointed photo,generated
6610,13,Top 5000,Top 5000,top5000,n.,η έδρα,head office,head office photo,generated
6611,13,Top 5000,Top 5000,top5000,n.,η αγένεια,rudeness,rudeness photo,generated
6612,13,Top 5000,Top 5000,top5000,adj.,δυσάρεστος,unpleasant,unpleasant photo,generated
6613,13,Top 5000,Top 5000,top5000,n.,το σινιάλο,signal,signal photo,generated
6614,13,Top 5000,Top 5000,top5000,n.,ο εθελοντής,volunteer,volunteer photo,generated
6615,13,Top 5000,Top 5000,top5000,n.,η διασταύρωση,junction,junction photo,generated
6616,13,Top 5000,Top 5000,top5000,adv.,άδικα,unfairly,unfairly photo,generated
6617,13,Top 5000,Top 5000,top5000,n.,η γουλιά,mouthful,mouthful photo,generated
6618,13,Top 5000,Top 5000,top5000,n.,η πολυτέλεια,luxury,luxury photo,generated
6619,13,Top 5000,Top 5000,top5000,n.,το κουτάβι,puppy,puppy photo,generated
6620,13,Top 5000,Top 5000,top5000,adv.,ευχάριστα,pleasantly,pleasantly photo,generated
6621,13,Top 5000,Top 5000,top5000,n.,η Βραζιλία,Brazil,Brazil photo,generated
6622,13,Top 5000,Top 5000,top5000,n.,η μανία,fury,fury photo,generated
6623,13,Top 5000,Top 5000,top5000,n.,το φανάρι,traffic light,traffic light photo,generated
6624,13,Top 5000,Top 5000,top5000,v.,διώκω,persecute,persecute photo,generated
6625,13,Top 5000,Top 5000,top5000,n.,το αναψυκτικό,soft drink,soft drink photo,generated
6626,13,Top 5000,Top 5000,top5000,n.,η έπαυλη,mansion,mansion photo,generated
6627,13,Top 5000,Top 5000,top5000,n.,η ρουτίνα,routine,routine photo,generated
6628,13,Top 5000,Top 5000,top5000,adj.,βίαιος,violent,violent photo,generated
6629,13,Top 5000,Top 5000,top5000,n.,το κλείσιμο,closure,closure photo,generated
6630,13,Top 5000,Top 5000,top5000,n.,το βασανιστήριο,torture,torture photo,generated
6631,13,Top 5000,Top 5000,top5000,n.,το λογισμικό,software,software photo,generated
6632,13,Top 5000,Top 5000,top5000,n.,η μέτρηση,measurement,measurement photo,generated
6633,13,Top 5000,Top 5000,top5000,v.,ωφελώ,benefit,benefit photo,generated
6634,13,Top 5000,Top 5000,top5000,n.,το κείμενο,text,text photo,generated
6635,13,Top 5000,Top 5000,top5000,n.,η διάλεξη,lecture,lecture photo,generated
6636,13,Top 5000,Top 5000,top5000,v.,αυξάνομαι,increase,increase photo,generated
6637,13,Top 5000,Top 5000,top5000,n.,η πρόνοια,welfare,welfare photo,generated
6638,13,Top 5000,Top 5000,top5000,n.,το νεφρό,kidney,kidney photo,generated
6639,13,Top 5000,Top 5000,top5000,n.,η Μεσόγειος,Mediterranean,Mediterranean photo,generated
6640,13,Top 5000,Top 5000,top5000,n.,το σαγόνι,the jaw,,needs_review
6641,13,Top 5000,Top 5000,top5000,n.,το καπάκι,the lid,,needs_review
6642,13,Top 5000,Top 5000,top5000,adj.,μούσκεμα,soaking,soaking photo,generated
6643,13,Top 5000,Top 5000,top5000,n.,παρανοϊκός,paranoid,paranoid photo,generated
6644,13,Top 5000,Top 5000,top5000,adv.,απότομα,suddenly,suddenly photo,generated
6645,13,Top 5000,Top 5000,top5000,adj.,αγνός,pure,pure photo,generated
6646,13,Top 5000,Top 5000,top5000,n.,η παράκαμψη,detour,detour photo,generated
6647,13,Top 5000,Top 5000,top5000,n.,το ανέκδοτο,anecdote,anecdote photo,generated
6648,13,Top 5000,Top 5000,top5000,n.,ο Οκτώβριος,October,October photo,generated
6649,13,Top 5000,Top 5000,top5000,n.,ο συνοδός,companion,companion photo,generated
6650,13,Top 5000,Top 5000,top5000,adj.,απαράδεκτος,unacceptable,unacceptable photo,generated
6651,13,Top 5000,Top 5000,top5000,n.,το λουκάνικο,sausage,sausage photo,generated
6652,13,Top 5000,Top 5000,top5000,n.,η απελευθέρωση,liberation,liberation photo,generated
6653,13,Top 5000,Top 5000,top5000,n.,η κούνια,crib,crib photo,generated
6654,13,Top 5000,Top 5000,top5000,v.,διαφεύγω,escape,escape photo,generated
6655,13,Top 5000,Top 5000,top5000,n.,ο δορυφόρος,satellite,satellite photo,generated
6656,13,Top 5000,Top 5000,top5000,n.,η σήμανση,signage,signage photo,generated
6657,13,Top 5000,Top 5000,top5000,n.,η γραφή,writing,writing photo,generated
6658,13,Top 5000,Top 5000,top5000,adv.,χώρια,separately,separately photo,generated
6659,13,Top 5000,Top 5000,top5000,n.,η φάλαινα,whale,whale photo,generated
6660,13,Top 5000,Top 5000,top5000,n.,η ξενάγηση,guided tour,guided tour photo,generated
6661,13,Top 5000,Top 5000,top5000,n.,η σύσταση,recommendation,recommendation photo,generated
6662,13,Top 5000,Top 5000,top5000,n.,ο ελέφαντας,elephant,elephant photo,generated
6663,13,Top 5000,Top 5000,top5000,n.,η έλξη,attraction,attraction photo,generated
6664,13,Top 5000,Top 5000,top5000,n.,το παρατσούκλι,nickname,nickname photo,generated
6665,13,Top 5000,Top 5000,top5000,n.,η γαρίδα,prawn,prawn photo,generated
6666,13,Top 5000,Top 5000,top5000,n.,το πανηγύρι,village fair,village fair photo,generated
6667,13,Top 5000,Top 5000,top5000,n.,το σκουλαρίκι,earring,earring photo,generated
6668,13,Top 5000,Top 5000,top5000,adj.,ηλεκτρονικός,electronic,electronic photo,generated
6669,13,Top 5000,Top 5000,top5000,n.,ο τραγουδιστής,singer,singer photo,generated
6670,13,Top 5000,Top 5000,top5000,n.,η προθεσμία,deadline,deadline photo,generated
6671,13,Top 5000,Top 5000,top5000,n.,το προφυλακτικό,condom,condom photo,generated
6672,13,Top 5000,Top 5000,top5000,n.,η πάνα,nappy,nappy photo,generated
6673,13,Top 5000,Top 5000,top5000,adj.,θανατηφόρος,deadly,deadly photo,generated
6674,13,Top 5000,Top 5000,top5000,v.,λήγω,terminate,terminate photo,generated
6675,13,Top 5000,Top 5000,top5000,adj.,γενναιόδωρος,generous.,generous. photo,generated
6676,13,Top 5000,Top 5000,top5000,n.,η άρνηση,denial,denial photo,generated
6677,13,Top 5000,Top 5000,top5000,adj.,ντροπιαστικός,shameful,shameful photo,generated
6678,13,Top 5000,Top 5000,top5000,n.,το κομπλιμέντο,compliment,compliment photo,generated
6679,13,Top 5000,Top 5000,top5000,n.,η αστραπή,lightning,lightning photo,generated
6680,13,Top 5000,Top 5000,top5000,n.,η παρενόχληση,harassment,harassment photo,generated
6681,13,Top 5000,Top 5000,top5000,n.,η νοημοσύνη,intelligence,intelligence photo,generated
6682,13,Top 5000,Top 5000,top5000,v.,αντιλαμβάνομαι,realise,realise photo,generated
6683,13,Top 5000,Top 5000,top5000,v.,διαλύω,dismantle,dismantle photo,generated
6684,13,Top 5000,Top 5000,top5000,n.,η δωρεά,donation,donation photo,generated
6685,13,Top 5000,Top 5000,top5000,n. pl.,τα υπολείμματα,remains of,remains of photo,generated
6686,13,Top 5000,Top 5000,top5000,adv.,μόνιμα,permanently,permanently photo,generated
6687,13,Top 5000,Top 5000,top5000,v.,προλαμβάνω,forestall,forestall photo,generated
6688,13,Top 5000,Top 5000,top5000,adj.,μέγιστος,tall,tall photo,generated
6689,13,Top 5000,Top 5000,top5000,adj.,εντατικός,intensive,intensive photo,generated
6690,13,Top 5000,Top 5000,top5000,n.,το άγγιγμα,touch,touch photo,generated
6691,13,Top 5000,Top 5000,top5000,n.,η άφιξη,arrival,arrival photo,generated
6692,13,Top 5000,Top 5000,top5000,n.,το πλαίσιο,framework,framework photo,generated
6693,13,Top 5000,Top 5000,top5000,adj.,κολλημένος,glued,glued photo,generated
6694,13,Top 5000,Top 5000,top5000,n.,το βαγόνι,railway carriage,railway carriage photo,generated
6695,13,Top 5000,Top 5000,top5000,n.,σοφός,wise,wise photo,generated
6696,13,Top 5000,Top 5000,top5000,n.,ο κολλητός,best friend,best friend photo,generated
6697,13,Top 5000,Top 5000,top5000,n.,το άθλημα,sport,sport photo,generated
6698,13,Top 5000,Top 5000,top5000,n.,ο κανονισμός,regulation,regulation photo,generated
6699,13,Top 5000,Top 5000,top5000,n.,το ασήμι,silver,silver photo,generated
6700,13,Top 5000,Top 5000,top5000,n.,συνεργάζομαι,collaborate,collaborate photo,generated
6701,13,Top 5000,Top 5000,top5000,n.,το αγρόκτημα,farm,farm photo,generated
6702,13,Top 5000,Top 5000,top5000,adj.,μακρινός,distant,distant photo,generated
6703,13,Top 5000,Top 5000,top5000,n.,ο ομοφυλόφιλος,homosexual,homosexual photo,generated
6704,13,Top 5000,Top 5000,top5000,adj.,αποτελεσματικός,effective,effective photo,generated
6705,13,Top 5000,Top 5000,top5000,adv.,σκόπιμα,intentionally,intentionally photo,generated
6706,13,Top 5000,Top 5000,top5000,adv.,αρνητικά,disapproving,disapproving photo,generated
6707,13,Top 5000,Top 5000,top5000,n.,η επέμβαση,interference,interference photo,generated
6708,13,Top 5000,Top 5000,top5000,adv.,μαλακά,gently,gently photo,generated
6709,13,Top 5000,Top 5000,top5000,v.,παγώνω,freeze,freeze photo,generated
6710,13,Top 5000,Top 5000,top5000,n.,μολύνω,infect,infect photo,generated
6711,13,Top 5000,Top 5000,top5000,n.,ο Αύγουστος,August,August photo,generated
6712,13,Top 5000,Top 5000,top5000,n.,ο σύνδεσμος,association,association photo,generated
6713,13,Top 5000,Top 5000,top5000,v.,απολύω,release,release photo,generated
6714,13,Top 5000,Top 5000,top5000,n.,η αγέλη,pack of animals,pack of animals photo,generated
6715,13,Top 5000,Top 5000,top5000,n.,ο αυτοκινητόδρομος,motorway,motorway photo,generated
6716,13,Top 5000,Top 5000,top5000,adj.,προετοιμασμένος,am prepared,am prepared photo,generated
6717,13,Top 5000,Top 5000,top5000,v.,υποτιμώ,decrease,decrease photo,generated
6718,13,Top 5000,Top 5000,top5000,n.,η ψυχιατρική,psychiatry,psychiatry photo,generated
6719,13,Top 5000,Top 5000,top5000,n.,το βιολί,violin,violin photo,generated
6720,13,Top 5000,Top 5000,top5000,n.,η προβολή,screening,screening photo,generated
6721,13,Top 5000,Top 5000,top5000,n.,ο αντίπαλος,opponent,opponent photo,generated
6722,13,Top 5000,Top 5000,top5000,n.,ο ληστής,robber,robber photo,generated
6723,13,Top 5000,Top 5000,top5000,n.,ο μάγειρας,cook,cook photo,generated
6724,13,Top 5000,Top 5000,top5000,adj.,ευπρόσδεκτος,appreciated,appreciated photo,generated
6725,13,Top 5000,Top 5000,top5000,n.,η αγγελία,listing,listing photo,generated
6726,13,Top 5000,Top 5000,top5000,n.,η ενεργοποίηση,activation,activation photo,generated
6727,13,Top 5000,Top 5000,top5000,n.,το περιεχόμενο,content,content photo,generated
6728,13,Top 5000,Top 5000,top5000,adv.,τρομακτικά,frighteningly,frighteningly photo,generated
6729,13,Top 5000,Top 5000,top5000,n.,η εκκένωση,evacuation,evacuation photo,generated
6730,13,Top 5000,Top 5000,top5000,adj.,μαγνητικός,magnetic,magnetic photo,generated
6731,13,Top 5000,Top 5000,top5000,n.,ο πύραυλος,rocket,rocket photo,generated
6732,13,Top 5000,Top 5000,top5000,n.,η ειδοποίηση,notification,notification photo,generated
6733,13,Top 5000,Top 5000,top5000,n.,η γούνα,the fur,,needs_review
6734,13,Top 5000,Top 5000,top5000,adj.,ανώμαλος,abnormal,abnormal photo,generated
6735,13,Top 5000,Top 5000,top5000,n. pl.,τα πλούτη,riches,riches photo,generated
6736,13,Top 5000,Top 5000,top5000,n. pl.,τα νιάτα,youth,youth photo,generated
6737,13,Top 5000,Top 5000,top5000,n.,το κίνημα,movement (politics,movement (politics photo,generated
6738,13,Top 5000,Top 5000,top5000,n.,η Κωνσταντινούπολη,Istanbul,Istanbul photo,generated
6739,13,Top 5000,Top 5000,top5000,adj.,αδιάκριτος,indiscreet,indiscreet photo,generated
6740,13,Top 5000,Top 5000,top5000,n.,η εξυπνάδα,brightness,brightness photo,generated
6741,13,Top 5000,Top 5000,top5000,n.,το πρακτορείο,agency,agency photo,generated
6742,13,Top 5000,Top 5000,top5000,adj.,μωβ,mauve,mauve photo,generated
6743,13,Top 5000,Top 5000,top5000,n.,η συναλλαγή,transaction,transaction photo,generated
6744,13,Top 5000,Top 5000,top5000,adj.,θείος,uncle,uncle photo,generated
6745,13,Top 5000,Top 5000,top5000,n.,η πλατφόρμα,platform,platform photo,generated
6746,13,Top 5000,Top 5000,top5000,n.,η κεφαλή,head,head photo,generated
6747,13,Top 5000,Top 5000,top5000,adj.,γερός,strong,strong photo,generated
6748,13,Top 5000,Top 5000,top5000,n.,ο ποιητής,poet,poet photo,generated
6749,13,Top 5000,Top 5000,top5000,n.,το εύσημο,credit,credit photo,generated
6750,13,Top 5000,Top 5000,top5000,n.,ο Απρίλιος,April,April photo,generated
6751,13,Top 5000,Top 5000,top5000,n.,η θερμότητα,heat,heat photo,generated
6752,13,Top 5000,Top 5000,top5000,n.,η βελτίωση,improvement,improvement photo,generated
6753,13,Top 5000,Top 5000,top5000,adj.,πληγωμένος,wounded,wounded photo,generated
6754,13,Top 5000,Top 5000,top5000,adj.,απαλός,smooth,smooth photo,generated
6755,13,Top 5000,Top 5000,top5000,n.,η σανίδα,board,board photo,generated
6756,13,Top 5000,Top 5000,top5000,n. pl.,τα συντρίμμια,debris,debris photo,generated
6757,13,Top 5000,Top 5000,top5000,adj.,τίμιος,honest,honest photo,generated
6758,13,Top 5000,Top 5000,top5000,n.,ο ιδρώτας,sweat,sweat photo,generated
6759,13,Top 5000,Top 5000,top5000,adj.,μορφωμένος,educated,educated photo,generated
6760,13,Top 5000,Top 5000,top5000,n.,η πεταλούδα,butterfly,butterfly photo,generated
6761,13,Top 5000,Top 5000,top5000,v.,απορρίπτω,reject,reject photo,generated
6762,13,Top 5000,Top 5000,top5000,adj.,μεταφορικός,metaphorical,metaphorical photo,generated
6763,13,Top 5000,Top 5000,top5000,adj.,εξωφρενικός,outrageous,outrageous photo,generated
6764,13,Top 5000,Top 5000,top5000,n.,ο λάκκος,hole in ground,hole in ground photo,generated
6765,13,Top 5000,Top 5000,top5000,n.,η βίλα,villa,villa photo,generated
6766,13,Top 5000,Top 5000,top5000,v.,παριστάνω,to describe or represent something as it is,to describe or represent something as it is photo,generated
6767,13,Top 5000,Top 5000,top5000,n.,η Ιρλανδία,Ireland,Ireland photo,generated
6768,13,Top 5000,Top 5000,top5000,adv.,ολομόναχος,completely alone,completely alone photo,generated
6769,13,Top 5000,Top 5000,top5000,n.,το δέσιμο,rapport,rapport photo,generated
6770,13,Top 5000,Top 5000,top5000,adj.,μεταλλικός,metal,metal photo,generated
6771,13,Top 5000,Top 5000,top5000,n.,ο Δεκέμβριος,December,December photo,generated
6772,13,Top 5000,Top 5000,top5000,n.,η έκταση,extent,extent photo,generated
6773,13,Top 5000,Top 5000,top5000,adj.,φυλακισμένος,imprisoned,imprisoned photo,generated
6774,13,Top 5000,Top 5000,top5000,adv.,ολοκληρωτικά,wholly,wholly photo,generated
6775,13,Top 5000,Top 5000,top5000,n.,η ψυχολογία,psychology,psychology photo,generated
6776,13,Top 5000,Top 5000,top5000,n.,το φρένο,brake,brake photo,generated
6777,13,Top 5000,Top 5000,top5000,adv.,εκπληκτικά,fantastically,fantastically photo,generated
6778,13,Top 5000,Top 5000,top5000,n.,η κάπα,cape,cape photo,generated
6779,13,Top 5000,Top 5000,top5000,v.,επιτυγχάνω,succeed,succeed photo,generated
6780,13,Top 5000,Top 5000,top5000,n.,το μαντήλι,handkerchief,handkerchief photo,generated
6781,13,Top 5000,Top 5000,top5000,n.,ο πανικός,panic,panic photo,generated
6782,13,Top 5000,Top 5000,top5000,n.,ο μανιακός,maniac,maniac photo,generated
6783,13,Top 5000,Top 5000,top5000,n.,ο Μάρτιος,March,March photo,generated
6784,13,Top 5000,Top 5000,top5000,n.,το εμβόλιο,vaccine,vaccine photo,generated
6785,13,Top 5000,Top 5000,top5000,n.,ο φρουρός,guard,guard photo,generated
6786,13,Top 5000,Top 5000,top5000,n.,η διαθεσιμότητα,availability,availability photo,generated
6787,13,Top 5000,Top 5000,top5000,n.,ο ψυχολόγος,psychologist,psychologist photo,generated
6788,13,Top 5000,Top 5000,top5000,v.,μπλοκάρω,block,block photo,generated
6789,13,Top 5000,Top 5000,top5000,adj.,ηλιακός,solar,solar photo,generated
6790,13,Top 5000,Top 5000,top5000,n.,η κηδεμονία,guardianship,guardianship photo,generated
6791,13,Top 5000,Top 5000,top5000,n.,ο χαρτοφύλακας,briefcase,briefcase photo,generated
6792,13,Top 5000,Top 5000,top5000,n.,η ίνα,fibre,fibre photo,generated
6793,13,Top 5000,Top 5000,top5000,n.,η σήραγγα,tunnel,tunnel photo,generated
6794,13,Top 5000,Top 5000,top5000,v.,εξελίσσομαι,evolve,evolve photo,generated
6795,13,Top 5000,Top 5000,top5000,n.,η ρόδα,wheel,wheel photo,generated
6796,13,Top 5000,Top 5000,top5000,adv.,εθελοντικά,voluntarily,voluntarily photo,generated
6797,13,Top 5000,Top 5000,top5000,adv.,εξαρχής,originally,originally photo,generated
6798,13,Top 5000,Top 5000,top5000,n.,ο χειρουργός,surgeon,surgeon photo,generated
6799,13,Top 5000,Top 5000,top5000,v.,ιδρύω,found,found photo,generated
6800,13,Top 5000,Top 5000,top5000,n.,ο κινηματογράφος,cinema,cinema photo,generated
6801,13,Top 5000,Top 5000,top5000,n.,η υγρασία,humidity,humidity photo,generated
6802,13,Top 5000,Top 5000,top5000,n.,ο ξενώνας,hostel,hostel photo,generated
6803,13,Top 5000,Top 5000,top5000,n.,ο Νοέμβριος,November,November photo,generated
6804,13,Top 5000,Top 5000,top5000,n.,η αξιολόγηση,assessment,assessment photo,generated
6805,13,Top 5000,Top 5000,top5000,adv.,έξοχα,superb,superb photo,generated
6806,13,Top 5000,Top 5000,top5000,n.,η φιλοξενία,hospitality,hospitality photo,generated
6807,13,Top 5000,Top 5000,top5000,n.,η ομοσπονδία,federation,federation photo,generated
6808,13,Top 5000,Top 5000,top5000,n. pl.,τα κινέζικα,Chinese,Chinese photo,generated
6809,13,Top 5000,Top 5000,top5000,n.,ο κάδος,"the bin, skip",,needs_review
6810,13,Top 5000,Top 5000,top5000,n.,η φρίκη,horror,horror photo,generated
6811,13,Top 5000,Top 5000,top5000,n.,η διέξοδος,outlet,outlet photo,generated
6812,13,Top 5000,Top 5000,top5000,n.,αντίστροφος,reverse,reverse photo,generated
6813,13,Top 5000,Top 5000,top5000,v.,βουλώνω,caulk,caulk photo,generated
6814,13,Top 5000,Top 5000,top5000,v.,λιποθυμώ,a more formal variant of λιποθυμάω (lipothymáo),,needs_review
6815,13,Top 5000,Top 5000,top5000,v.,υπονοώ,imply,imply photo,generated
6816,13,Top 5000,Top 5000,top5000,adv.,προχθές,two days ago,two days ago photo,generated
6817,13,Top 5000,Top 5000,top5000,adv.,ενδεχομένως,possibly,possibly photo,generated
6818,13,Top 5000,Top 5000,top5000,n.,η ώθηση,impetus,impetus photo,generated
6819,13,Top 5000,Top 5000,top5000,,ο Βρετανός,British person,British person photo,generated
6820,13,Top 5000,Top 5000,top5000,n.,το συστατικό,ingredient,ingredient photo,generated
6821,13,Top 5000,Top 5000,top5000,n.,τα πατατάκια,crisps,crisps photo,generated
6822,13,Top 5000,Top 5000,top5000,n.,το φρικιό,freak,freak photo,generated
6823,13,Top 5000,Top 5000,top5000,n.,το στέλεχος,executive,executive photo,generated
6824,13,Top 5000,Top 5000,top5000,n.,η διαμονή,residency,residency photo,generated
6825,13,Top 5000,Top 5000,top5000,adj.,καθημερινός,daily,daily photo,generated
6826,13,Top 5000,Top 5000,top5000,prep. / adj.,μείον,minus,minus photo,generated
6827,13,Top 5000,Top 5000,top5000,v.,καταπίνω,swallow,swallow photo,generated
6828,13,Top 5000,Top 5000,top5000,n.,η απογείωση,takeoff,takeoff photo,generated
6829,13,Top 5000,Top 5000,top5000,adj.,πεινασμένος,hungry,hungry photo,generated
6830,13,Top 5000,Top 5000,top5000,adj.,αποτυχημένος,failed,failed photo,generated
6831,13,Top 5000,Top 5000,top5000,adv.,φρικτά,dreadfully,dreadfully photo,generated
6832,13,Top 5000,Top 5000,top5000,n.,ο εκπρόσωπος,representative,representative photo,generated
6833,13,Top 5000,Top 5000,top5000,adj.,άξιος,deserving,deserving photo,generated
6834,13,Top 5000,Top 5000,top5000,v.,τινάζω,shake,shake photo,generated
6835,13,Top 5000,Top 5000,top5000,v.,σκύβω,lean,lean photo,generated
6836,13,Top 5000,Top 5000,top5000,n.,η κακοποίηση,maltreatment,maltreatment photo,generated
6837,13,Top 5000,Top 5000,top5000,adj.,αόρατος,invisible,invisible photo,generated
6838,13,Top 5000,Top 5000,top5000,n.,η κόρα,crust,crust photo,generated
6839,13,Top 5000,Top 5000,top5000,n.,το τέχνασμα,ruse,ruse photo,generated
6840,13,Top 5000,Top 5000,top5000,n.,το δρομάκι,alleyway,alleyway photo,generated
6841,13,Top 5000,Top 5000,top5000,n.,το γεράκι,hawk,hawk photo,generated
6842,13,Top 5000,Top 5000,top5000,v.,διψάω,be thirsty,be thirsty photo,generated
6843,13,Top 5000,Top 5000,top5000,adj.,ντροπαλός,"shy, bashful, diffident, sheepish",,needs_review
6844,13,Top 5000,Top 5000,top5000,adv.,ιδίως,particularly,particularly photo,generated
6845,13,Top 5000,Top 5000,top5000,v.,εγκρίνω,approve,approve photo,generated
6846,13,Top 5000,Top 5000,top5000,n.,ο λογιστής,accountant,accountant photo,generated
6847,13,Top 5000,Top 5000,top5000,v.,ενεργοποιώ,activate,activate photo,generated
6848,13,Top 5000,Top 5000,top5000,n.,η απαγόρευση,prohibition,prohibition photo,generated
6849,13,Top 5000,Top 5000,top5000,n.,νηφάλιος,calm,calm photo,generated
6850,13,Top 5000,Top 5000,top5000,n.,η Αίγυπτος,Egypt,Egypt photo,generated
6851,13,Top 5000,Top 5000,top5000,n.,το φύλο,gender,gender photo,generated
6852,13,Top 5000,Top 5000,top5000,adj.,σιωπηλός,silent,silent photo,generated
6853,13,Top 5000,Top 5000,top5000,n.,η κατσίκα,goat,goat photo,generated
6854,13,Top 5000,Top 5000,top5000,n.,τα μπάζα,rubble,rubble photo,generated
6855,13,Top 5000,Top 5000,top5000,adj.,ιταλικός,Italian,Italian photo,generated
6856,13,Top 5000,Top 5000,top5000,n.,το φτυάρι,spade,spade photo,generated
6857,13,Top 5000,Top 5000,top5000,n.,η λεμονάδα,lemonade,lemonade photo,generated
6858,13,Top 5000,Top 5000,top5000,v.,υποδεικνύω,show,show photo,generated
6859,13,Top 5000,Top 5000,top5000,v.,προηγούμαι,precede,precede photo,generated
6860,13,Top 5000,Top 5000,top5000,adj.,δροσερός,cool,cool photo,generated
6861,13,Top 5000,Top 5000,top5000,n.,το φαράγγι,canyon,canyon photo,generated
6862,13,Top 5000,Top 5000,top5000,n.,το εγχειρίδιο,manual,manual photo,generated
6863,13,Top 5000,Top 5000,top5000,n.,το σύνθημα,slogan,slogan photo,generated
6864,13,Top 5000,Top 5000,top5000,n.,το ψάξιμο,search,search photo,generated
6865,13,Top 5000,Top 5000,top5000,adj.,αναπόφευκτος,unavoidable,unavoidable photo,generated
6866,13,Top 5000,Top 5000,top5000,n.,η ταμπέλα,signboard,signboard photo,generated
6867,13,Top 5000,Top 5000,top5000,v.,καρφώνω,nail,nail photo,generated
6868,13,Top 5000,Top 5000,top5000,n.,ο μυς,muscle,muscle photo,generated
6869,13,Top 5000,Top 5000,top5000,v.,ελευθερώνω,free,free photo,generated
6870,13,Top 5000,Top 5000,top5000,n.,ο τζόγος,gambling,gambling photo,generated
6871,13,Top 5000,Top 5000,top5000,n.,ο στάβλος,stable,stable photo,generated
6872,13,Top 5000,Top 5000,top5000,n.,το δίχτυ,the net,,needs_review
6873,13,Top 5000,Top 5000,top5000,n.,η διαφθορά,corruption,corruption photo,generated
6874,13,Top 5000,Top 5000,top5000,n.,η ρίζα,root,root photo,generated
6875,13,Top 5000,Top 5000,top5000,n.,το επίθετο,adjective,adjective photo,generated
6876,13,Top 5000,Top 5000,top5000,n.,ο ατζέντης,agent,agent photo,generated
6877,13,Top 5000,Top 5000,top5000,v.,αρπάζω,snatch,snatch photo,generated
6878,13,Top 5000,Top 5000,top5000,n.,το υπνοδωμάτιο,bedroom,bedroom photo,generated
6879,13,Top 5000,Top 5000,top5000,v.,απομακρύνω,remove,remove photo,generated
6880,13,Top 5000,Top 5000,top5000,n.,η μαρμελάδα,marmalade,marmalade photo,generated
6881,13,Top 5000,Top 5000,top5000,n.,το τσίλι,chilli,chilli photo,generated
6882,13,Top 5000,Top 5000,top5000,v.,αντιστέκομαι,resist,resist photo,generated
6883,13,Top 5000,Top 5000,top5000,n.,η θύελλα,gale,gale photo,generated
6884,13,Top 5000,Top 5000,top5000,adj.,αφοσιωμένος,devoted,devoted photo,generated
6885,13,Top 5000,Top 5000,top5000,n.,ο σπόρος,seed,seed photo,generated
6886,13,Top 5000,Top 5000,top5000,n.,η ποικιλία,variety,variety photo,generated
6887,13,Top 5000,Top 5000,top5000,adj.,αξιαγάπητος,lovable,lovable photo,generated
6888,13,Top 5000,Top 5000,top5000,adj.,οδυνηρός,hurtful,hurtful photo,generated
6889,13,Top 5000,Top 5000,top5000,n.,η σάρωση,scan,scan photo,generated
6890,13,Top 5000,Top 5000,top5000,n.,το καθαριστήριο,dry cleaner,dry cleaner photo,generated
6891,13,Top 5000,Top 5000,top5000,adj.,πέμπτος,fifth,fifth photo,generated
6892,13,Top 5000,Top 5000,top5000,n.,η ατζέντα,diary,diary photo,generated
6893,13,Top 5000,Top 5000,top5000,n.,ο μαχητής,fighter,fighter photo,generated
6894,13,Top 5000,Top 5000,top5000,n.,η δίψα,thirst,thirst photo,generated
6895,13,Top 5000,Top 5000,top5000,adj.,ψυχικός,mental,mental photo,generated
6896,13,Top 5000,Top 5000,top5000,n.,η διαίσθηση,intuition,intuition photo,generated
6897,13,Top 5000,Top 5000,top5000,n.,η απληστία,avarice,avarice photo,generated
6898,13,Top 5000,Top 5000,top5000,n.,η έκτρωση,abortion,abortion photo,generated
6899,13,Top 5000,Top 5000,top5000,n.,ο μώλωπας,bruise,bruise photo,generated
6900,13,Top 5000,Top 5000,top5000,adv.,ανέκαθεν,always,always photo,generated
6901,13,Top 5000,Top 5000,top5000,n.,η ερμηνεία,interpretation,interpretation photo,generated
6902,13,Top 5000,Top 5000,top5000,n.,τα εγκαίνια,inauguration,inauguration photo,generated
6903,13,Top 5000,Top 5000,top5000,v.,κουνάω,get move on,get move on photo,generated
6904,13,Top 5000,Top 5000,top5000,n.,η κατάρρευση,collapse,collapse photo,generated
6905,13,Top 5000,Top 5000,top5000,n.,το σακίδιο,backpack,backpack photo,generated
6906,13,Top 5000,Top 5000,top5000,adj.,συνεχής,constant,constant photo,generated
6907,13,Top 5000,Top 5000,top5000,v.,ανέχομαι,tolerate,tolerate photo,generated
6908,13,Top 5000,Top 5000,top5000,n.,το σκότος,darkness,darkness photo,generated
6909,13,Top 5000,Top 5000,top5000,v.,ανταποκρίνομαι,agree,agree photo,generated
6910,13,Top 5000,Top 5000,top5000,n.,η φιλοδοξία,ambition,ambition photo,generated
6911,13,Top 5000,Top 5000,top5000,adj.,φαρμακευτικός,pharmaceutical,pharmaceutical photo,generated
6912,13,Top 5000,Top 5000,top5000,n.,η λεκάνη,toilet,toilet photo,generated
6913,13,Top 5000,Top 5000,top5000,adj.,μεσαίος,intermediate,intermediate photo,generated
6914,13,Top 5000,Top 5000,top5000,n.,η αποτοξίνωση,detox,detox photo,generated
6915,13,Top 5000,Top 5000,top5000,v.,απεχθάνομαι,abominate,abominate photo,generated
6916,13,Top 5000,Top 5000,top5000,adv.,παρομοίως,likewise,likewise photo,generated
6917,13,Top 5000,Top 5000,top5000,adj.,αξιολύπητος,pitiful,pitiful photo,generated
6918,13,Top 5000,Top 5000,top5000,n.,το επιχείρημα,reasoning,reasoning photo,generated
6919,13,Top 5000,Top 5000,top5000,n.,η φινέτσα,sophistication,sophistication photo,generated
6920,13,Top 5000,Top 5000,top5000,n.,η βούληση,will,will photo,generated
6921,13,Top 5000,Top 5000,top5000,v.,υπολογίζω,calculate,calculate photo,generated
6922,13,Top 5000,Top 5000,top5000,n.,ο αετός,eagle,eagle photo,generated
6923,13,Top 5000,Top 5000,top5000,n.,η ζήλια,jealousy,jealousy photo,generated
6924,13,Top 5000,Top 5000,top5000,adj.,ανεξάρτητος,independent,independent photo,generated
6925,13,Top 5000,Top 5000,top5000,n.,η υποψηφιότητα,candidacy,candidacy photo,generated
6926,13,Top 5000,Top 5000,top5000,adj.,έκτος,except,except photo,generated
6927,13,Top 5000,Top 5000,top5000,n.,το μπαλέτο,ballet,ballet photo,generated
6928,13,Top 5000,Top 5000,top5000,n.,ο θάμνος,bush,bush photo,generated
6929,13,Top 5000,Top 5000,top5000,n.,το προβάδισμα,head start,head start photo,generated
6930,13,Top 5000,Top 5000,top5000,n.,το κατοικίδιο,the pet,,needs_review
6931,13,Top 5000,Top 5000,top5000,n.,η ακολουθία,entourage,entourage photo,generated
6932,13,Top 5000,Top 5000,top5000,n.,η περιφέρεια,periphery,periphery photo,generated
6933,13,Top 5000,Top 5000,top5000,n.,η ομελέτα,omlet,omlet photo,generated
6934,13,Top 5000,Top 5000,top5000,n.,η απογοήτευση,disappointment,disappointment photo,generated
6935,13,Top 5000,Top 5000,top5000,n.,ο ανταγωνισμός,competition,competition photo,generated
6936,13,Top 5000,Top 5000,top5000,n.,η ανακωχή,truce,truce photo,generated
6937,13,Top 5000,Top 5000,top5000,n.,τα λατινικά,Latin,Latin photo,generated
6938,13,Top 5000,Top 5000,top5000,v.,καθιστώ,make,make photo,generated
6939,13,Top 5000,Top 5000,top5000,,ο έφηβος,teenager,teenager photo,generated
6940,13,Top 5000,Top 5000,top5000,n.,η προβλήτα,jetty,jetty photo,generated
6941,13,Top 5000,Top 5000,top5000,n.,η επιδημία,epidemic,epidemic photo,generated
6942,13,Top 5000,Top 5000,top5000,n.,η διακόσμηση,decor,decor photo,generated
6943,13,Top 5000,Top 5000,top5000,n.,η κλίση,aptitude,aptitude photo,generated
6944,13,Top 5000,Top 5000,top5000,n.,το κεκάκι,cupcake,cupcake photo,generated
6945,13,Top 5000,Top 5000,top5000,n.,η φιλανθρωπία,charity,charity photo,generated
6946,13,Top 5000,Top 5000,top5000,adj.,παγιδευμένος,trap,trap photo,generated
6947,13,Top 5000,Top 5000,top5000,v.,χαμηλώνω,lower,lower photo,generated
6948,13,Top 5000,Top 5000,top5000,n.,το ρητό,saying,saying photo,generated
6949,13,Top 5000,Top 5000,top5000,n.,το κολάρο,collar,collar photo,generated
6950,13,Top 5000,Top 5000,top5000,n.,ο ζωγράφος,painter,painter photo,generated
6951,13,Top 5000,Top 5000,top5000,n.,η πείρα,experience,experience photo,generated
6952,13,Top 5000,Top 5000,top5000,adj.,μαζικός,mass,mass photo,generated
6953,13,Top 5000,Top 5000,top5000,adj.,αλλόκοτος,freakish,freakish photo,generated
6954,13,Top 5000,Top 5000,top5000,v.,αμφισβητώ,doubt,doubt photo,generated
6955,13,Top 5000,Top 5000,top5000,n.,το κατώφλι,doorstep,doorstep photo,generated
6956,13,Top 5000,Top 5000,top5000,n.,η κλωτσιά,kick,kick photo,generated
6957,13,Top 5000,Top 5000,top5000,n.,η επιθεώρηση,inspection,inspection photo,generated
6958,13,Top 5000,Top 5000,top5000,v.,κοντεύω,be almost over,be almost over photo,generated
6959,13,Top 5000,Top 5000,top5000,n.,ο μηχανισμός,mechanism,mechanism photo,generated
6960,13,Top 5000,Top 5000,top5000,n.,η μελωδία,tune,tune photo,generated
6961,13,Top 5000,Top 5000,top5000,adj.,αυστηρός,strict,strict photo,generated
6962,13,Top 5000,Top 5000,top5000,n.,το έγκαυμα,burn,burn photo,generated
6963,13,Top 5000,Top 5000,top5000,v.,μαχαιρώνω,stab,stab photo,generated
6964,13,Top 5000,Top 5000,top5000,adv.,εξωτερικά,overseas,overseas photo,generated
6965,13,Top 5000,Top 5000,top5000,v.,γυρεύω,look for,look for photo,generated
6966,13,Top 5000,Top 5000,top5000,n.,ο ορίζοντας,horizon,horizon photo,generated
6967,13,Top 5000,Top 5000,top5000,n.,το μανίκι,sleeve,sleeve photo,generated
6968,13,Top 5000,Top 5000,top5000,adj.,ταραγμένος,agitate,agitate photo,generated
6969,13,Top 5000,Top 5000,top5000,adj.,πεισματάρης,tenacious,tenacious photo,generated
6970,13,Top 5000,Top 5000,top5000,n.,το κρησφύγετο,lair,lair photo,generated
6971,13,Top 5000,Top 5000,top5000,n.,ο πληθυσμός,population,population photo,generated
6972,13,Top 5000,Top 5000,top5000,v.,συμβουλεύω,advise,advise photo,generated
6973,13,Top 5000,Top 5000,top5000,n.,η ομπρέλα,umbrella,umbrella photo,generated
6974,13,Top 5000,Top 5000,top5000,n. pl.,τα λαθραία,contraband,contraband photo,generated
6975,13,Top 5000,Top 5000,top5000,n.,το κάμπινγκ,camping,camping photo,generated
6976,13,Top 5000,Top 5000,top5000,adj.,ειρωνικός,ironic,ironic photo,generated
6977,13,Top 5000,Top 5000,top5000,v.,κατεβάζω,take down,take down photo,generated
6978,13,Top 5000,Top 5000,top5000,n.,η ηγεσία,leadership,leadership photo,generated
6979,13,Top 5000,Top 5000,top5000,n.,η παύση,pause,pause photo,generated
6980,13,Top 5000,Top 5000,top5000,n.,ο γκρεμός,cliff,cliff photo,generated
6981,13,Top 5000,Top 5000,top5000,n.,η έφεση,aptitude,aptitude photo,generated
6982,13,Top 5000,Top 5000,top5000,adj.,ξαφνικός,sudden,sudden photo,generated
6983,13,Top 5000,Top 5000,top5000,n.,η ετικέτα,label,label photo,generated
6984,13,Top 5000,Top 5000,top5000,n.,το Πάσχα,Easter,Easter photo,generated
6985,13,Top 5000,Top 5000,top5000,n.,η καμπάνα,bell,bell photo,generated
6986,13,Top 5000,Top 5000,top5000,n.,το πορτοκάλι,orange,orange photo,generated
6987,13,Top 5000,Top 5000,top5000,adj.,ειρηνικός,peaceful,peaceful photo,generated
6988,13,Top 5000,Top 5000,top5000,n.,η σκοπιά,angle,angle photo,generated
6989,13,Top 5000,Top 5000,top5000,v.,κατέχω,possess,possess photo,generated
6990,13,Top 5000,Top 5000,top5000,n.,το τοπίο,landscape,landscape photo,generated
6991,13,Top 5000,Top 5000,top5000,n. pl.,τα ερείπια,ruins,ruins photo,generated
6992,13,Top 5000,Top 5000,top5000,n.,η γενετική,genetics,genetics photo,generated
6993,13,Top 5000,Top 5000,top5000,n.,η μάντρα,yard,yard photo,generated
6994,13,Top 5000,Top 5000,top5000,n.,πέραν,beyond,beyond photo,generated
6995,13,Top 5000,Top 5000,top5000,v.,βλάπτω,damage,damage photo,generated
6996,13,Top 5000,Top 5000,top5000,adj.,ασημένιος,Made of silver.,Made of silver. photo,generated
6997,13,Top 5000,Top 5000,top5000,n.,το τελετουργικό,ritual,ritual photo,generated
6998,13,Top 5000,Top 5000,top5000,n.,το υπόστεγο,shed,shed photo,generated
6999,13,Top 5000,Top 5000,top5000,n.,το σφηνάκι,shot,shot photo,generated
7000,13,Top 5000,Top 5000,top5000,n.,ο εγγονός,grandson,grandson photo,generated
7001,13,Top 5000,Top 5000,top5000,v.,εξυπηρετώ,provide service,provide service photo,generated
7002,13,Top 5000,Top 5000,top5000,v.,ερευνώ,search,search photo,generated
7003,13,Top 5000,Top 5000,top5000,adj.,άβολος,awkward,awkward photo,generated
7004,13,Top 5000,Top 5000,top5000,n.,η καμαριέρα,maid,maid photo,generated
7005,13,Top 5000,Top 5000,top5000,n.,η εξουσιοδότηση,authorization,authorization photo,generated
7006,13,Top 5000,Top 5000,top5000,v.,βασανίζω,torture,torture photo,generated
7007,13,Top 5000,Top 5000,top5000,adv.,ψυχολογικά,Nominative,Nominative photo,generated
7008,13,Top 5000,Top 5000,top5000,n.,το σύρμα,wire,wire photo,generated
7009,13,Top 5000,Top 5000,top5000,n.,η μείωση,decrease,decrease photo,generated
7010,13,Top 5000,Top 5000,top5000,n.,η κουκούλα,hood,hood photo,generated
7011,13,Top 5000,Top 5000,top5000,n.,η επανάληψη,repetition,repetition photo,generated
7012,13,Top 5000,Top 5000,top5000,n.,η Ασία,Asia,Asia photo,generated
7013,13,Top 5000,Top 5000,top5000,conj.,παρότι,although,although photo,generated
7014,13,Top 5000,Top 5000,top5000,adj.,ξαπλωμένος,lying down,lying down photo,generated
7015,13,Top 5000,Top 5000,top5000,n.,η καθοδήγηση,guidance,guidance photo,generated
7016,13,Top 5000,Top 5000,top5000,v.,τρέμω,tremble,tremble photo,generated
7017,13,Top 5000,Top 5000,top5000,adj.,πανεύκολος,very easy,very easy photo,generated
7018,13,Top 5000,Top 5000,top5000,n.,το μούσι,beard,beard photo,generated
7019,13,Top 5000,Top 5000,top5000,adj.,ενεργός,operative,operative photo,generated
7020,13,Top 5000,Top 5000,top5000,"v,",αποσύρω,withdraw,withdraw photo,generated
7021,13,Top 5000,Top 5000,top5000,adv.,κοινωνικά,social,social photo,generated
7022,13,Top 5000,Top 5000,top5000,n.,ντόπιος,native,native photo,generated
7023,13,Top 5000,Top 5000,top5000,n.,η κρουαζιέρα,cruise,cruise photo,generated
7024,13,Top 5000,Top 5000,top5000,n.,η απαγωγή,abduction,abduction photo,generated
7025,13,Top 5000,Top 5000,top5000,n.,η χρηματοδότηση,financing,financing photo,generated
7026,13,Top 5000,Top 5000,top5000,n.,το κέρατο,horn,horn photo,generated
7027,13,Top 5000,Top 5000,top5000,adj.,επιθετικός,offensive,offensive photo,generated
7028,13,Top 5000,Top 5000,top5000,n.,ο Μάιος,May,,needs_review
7029,13,Top 5000,Top 5000,top5000,n.,η υπερωρία,overtime,overtime photo,generated
7030,13,Top 5000,Top 5000,top5000,adj.,ασταθής,unstable,unstable photo,generated
7031,13,Top 5000,Top 5000,top5000,n.,ο επενδυτής,investor,investor photo,generated
7032,13,Top 5000,Top 5000,top5000,n.,η Σκωτία,Scotland,Scotland photo,generated
7033,13,Top 5000,Top 5000,top5000,n.,το σπάσιμο,break,break photo,generated
7034,13,Top 5000,Top 5000,top5000,n.,τυπικός,typical,typical photo,generated
7035,13,Top 5000,Top 5000,top5000,adj.,εφικτός,feasible,feasible photo,generated
7036,13,Top 5000,Top 5000,top5000,v.,θάβω,bury,bury photo,generated
7037,13,Top 5000,Top 5000,top5000,n.,το σίδερο,clothes iron,clothes iron photo,generated
7038,13,Top 5000,Top 5000,top5000,n.,το στιλέτο,dagger,dagger photo,generated
7039,13,Top 5000,Top 5000,top5000,n.,το χαρτονόμισμα,banknote,banknote photo,generated
7040,13,Top 5000,Top 5000,top5000,n.,ο σεισμός,earthquake,earthquake photo,generated
7041,13,Top 5000,Top 5000,top5000,adj.,ανησυχητικός,alarming,alarming photo,generated
7042,13,Top 5000,Top 5000,top5000,adj.,συγκινητικός,moving,moving photo,generated
7043,13,Top 5000,Top 5000,top5000,adj.,έντιμος,honourable,honourable photo,generated
7044,13,Top 5000,Top 5000,top5000,n.,η παροχή,provision,provision photo,generated
7045,13,Top 5000,Top 5000,top5000,adv.,ειδάλλως,alternatively,alternatively photo,generated
7046,13,Top 5000,Top 5000,top5000,adj.,παλαβός,crazy,crazy photo,generated
7047,13,Top 5000,Top 5000,top5000,adj.,αποφασισμένος,resolved,resolved photo,generated
7048,13,Top 5000,Top 5000,top5000,v.,προκύπτω,emerge,emerge photo,generated
7049,13,Top 5000,Top 5000,top5000,n.,το ταίρι,mate,mate photo,generated
7050,13,Top 5000,Top 5000,top5000,n.,η αντλία,pump,pump photo,generated
7051,13,Top 5000,Top 5000,top5000,n.,η πλειοψηφία,majority,majority photo,generated
7052,13,Top 5000,Top 5000,top5000,n.,η αναχώρηση,farewell,farewell photo,generated
7053,13,Top 5000,Top 5000,top5000,adv.,έγκαιρα,Nominative,Nominative photo,generated
7054,13,Top 5000,Top 5000,top5000,n.,η άνεση,comfort,comfort photo,generated
7055,13,Top 5000,Top 5000,top5000,n.,ο συνέταιρος,business partner,business partner photo,generated
7056,13,Top 5000,Top 5000,top5000,v.,ντύνομαι,dress yourself,dress yourself photo,generated
7057,13,Top 5000,Top 5000,top5000,n.,η φόρμουλα,formula,formula photo,generated
7058,13,Top 5000,Top 5000,top5000,adv.,ευτυχισμένα,Nominative,Nominative photo,generated
7059,13,Top 5000,Top 5000,top5000,n.,η βασιλεία,reign,reign photo,generated
7060,13,Top 5000,Top 5000,top5000,n.,το ντοκιμαντέρ,documentary,documentary photo,generated
7061,13,Top 5000,Top 5000,top5000,adj.,χθεσινός,yesterday's,yesterday's photo,generated
7062,13,Top 5000,Top 5000,top5000,n.,το κουτάλι,spoon,spoon photo,generated
7063,13,Top 5000,Top 5000,top5000,n.,η επεξεργασία,processing,processing photo,generated
7064,13,Top 5000,Top 5000,top5000,n.,η αποφοίτηση,graduation,graduation photo,generated
7065,13,Top 5000,Top 5000,top5000,n.,ο τυφώνας,hurricane,hurricane photo,generated
7066,13,Top 5000,Top 5000,top5000,n.,ο αρραβώνας,engagement,engagement photo,generated
7067,13,Top 5000,Top 5000,top5000,n.,η παράνοια,paranoia,paranoia photo,generated
7068,13,Top 5000,Top 5000,top5000,n.,το ηφαίστειο,volcano,volcano photo,generated
7069,13,Top 5000,Top 5000,top5000,n.,ο περιορισμός,limitation,limitation photo,generated
7070,13,Top 5000,Top 5000,top5000,n.,το σεμινάριο,seminar,seminar photo,generated
7071,13,Top 5000,Top 5000,top5000,v.,ξεγελώ,trick,trick photo,generated
7072,13,Top 5000,Top 5000,top5000,n.,το τακούνι,heel,heel photo,generated
7073,13,Top 5000,Top 5000,top5000,n.,ο υπολογισμός,calculation,calculation photo,generated
7074,13,Top 5000,Top 5000,top5000,n.,το ορφανό,orphan,orphan photo,generated
7075,13,Top 5000,Top 5000,top5000,n.,το γράψιμο,writing,writing photo,generated
7076,13,Top 5000,Top 5000,top5000,n.,η σπίθα,spark,spark photo,generated
7077,13,Top 5000,Top 5000,top5000,n.,η υιοθεσία,adoption,adoption photo,generated
7078,13,Top 5000,Top 5000,top5000,n.,ο συγκάτοικος,flatmate,flatmate photo,generated
7079,13,Top 5000,Top 5000,top5000,v.,ψιθυρίζω,whisper,whisper photo,generated
7080,13,Top 5000,Top 5000,top5000,n.,η απόγνωση,despair,despair photo,generated
7081,13,Top 5000,Top 5000,top5000,v.,προβλέπω,foresee,foresee photo,generated
7082,13,Top 5000,Top 5000,top5000,n.,η ανάγνωση,reading,reading photo,generated
7083,13,Top 5000,Top 5000,top5000,n.,η ανάμειξη,blending,blending photo,generated
7084,13,Top 5000,Top 5000,top5000,v.,δένω,moor,moor photo,generated
7085,13,Top 5000,Top 5000,top5000,adv.,περιστασιακά,now and then,now and then photo,generated
7086,13,Top 5000,Top 5000,top5000,adv.,ανόητα,foolish,foolish photo,generated
7087,13,Top 5000,Top 5000,top5000,v.,στεναχωριέμαι,"(colloquial) Alternative form of στεναχωρώ (stenachoró, “upset, worry”)",,needs_review
7088,13,Top 5000,Top 5000,top5000,v.,μετακινούμαι,budge,budge photo,generated
7089,13,Top 5000,Top 5000,top5000,n.,το θραύσμα,fragment,fragment photo,generated
7090,13,Top 5000,Top 5000,top5000,n.,το νομοσχέδιο,legislative bill,legislative bill photo,generated
7091,13,Top 5000,Top 5000,top5000,n.,η ομοιότητα,similarity,similarity photo,generated
7092,13,Top 5000,Top 5000,top5000,n.,η τρομοκρατία,terrorism,terrorism photo,generated
7093,13,Top 5000,Top 5000,top5000,n.,το περιστέρι,pigeon,pigeon photo,generated
7094,13,Top 5000,Top 5000,top5000,n.,η ακεραιότητα,integrity,integrity photo,generated
7095,13,Top 5000,Top 5000,top5000,v.,τριγυρνώ,wander,wander photo,generated
7096,13,Top 5000,Top 5000,top5000,v.,ονομάζω,give name to,give name to photo,generated
7097,13,Top 5000,Top 5000,top5000,v.,μετατρέπω,convert,convert photo,generated
7098,13,Top 5000,Top 5000,top5000,n.,το φυλλάδιο,leaflet,leaflet photo,generated
7099,13,Top 5000,Top 5000,top5000,n.,τα προάστια,suburbs,suburbs photo,generated
7100,13,Top 5000,Top 5000,top5000,v.,αγκαλιάζω,embrace,embrace photo,generated
7101,13,Top 5000,Top 5000,top5000,v.,σερβίρω,wait tables,wait tables photo,generated
7102,13,Top 5000,Top 5000,top5000,adj.,πεπεισμένος,convinced,convinced photo,generated
7103,13,Top 5000,Top 5000,top5000,v.,τιμωρούμαι,punish,punish photo,generated
7104,13,Top 5000,Top 5000,top5000,n.,η παρέμβαση,interference,interference photo,generated
7105,13,Top 5000,Top 5000,top5000,adj.,παρθένος,virgin,virgin photo,generated
7106,13,Top 5000,Top 5000,top5000,n.,η Πολωνία,Poland,Poland photo,generated
7107,13,Top 5000,Top 5000,top5000,n.,η ορμονή,hormone,hormone photo,generated
7108,13,Top 5000,Top 5000,top5000,n.,το αλεξίπτωτο,parachute,parachute photo,generated
7109,13,Top 5000,Top 5000,top5000,n.,η Βενετία,Venice,Venice photo,generated
7110,13,Top 5000,Top 5000,top5000,n.,το μαρτύριο,ordeal,ordeal photo,generated
7111,13,Top 5000,Top 5000,top5000,n.,η καλόγρια,the nun,,needs_review
7112,13,Top 5000,Top 5000,top5000,n.,το μπαλόνι,balloon,balloon photo,generated
7113,13,Top 5000,Top 5000,top5000,n.,το μεγαλείο,grandeur,grandeur photo,generated
7114,13,Top 5000,Top 5000,top5000,adj.,μηχανικός,mechanical,mechanical photo,generated
7115,13,Top 5000,Top 5000,top5000,n.,η προσαρμογή,adjustment,adjustment photo,generated
7116,13,Top 5000,Top 5000,top5000,adj.,ψυχρός,cold,cold photo,generated
7117,13,Top 5000,Top 5000,top5000,num.,μιάμιση,one and half,one and half photo,generated
7118,13,Top 5000,Top 5000,top5000,n.,το πρωτοσέλιδο,front-page,front-page photo,generated
7119,13,Top 5000,Top 5000,top5000,coll.,φρικάρω,freak out,freak out photo,generated
7120,13,Top 5000,Top 5000,top5000,v.,δανείζομαι,borrow,borrow photo,generated
7121,13,Top 5000,Top 5000,top5000,v.,συνιστώ,recommend,recommend photo,generated
7122,13,Top 5000,Top 5000,top5000,n.,η αφίσα,poster,poster photo,generated
7123,13,Top 5000,Top 5000,top5000,v.,προσγειώνομαι,land,land photo,generated
7124,13,Top 5000,Top 5000,top5000,n.,τεχνητός,artificial,artificial photo,generated
7125,13,Top 5000,Top 5000,top5000,n.,η χειραψία,handshake,handshake photo,generated
7126,13,Top 5000,Top 5000,top5000,n.,ο κεραυνός,thunderbolt,thunderbolt photo,generated
7127,13,Top 5000,Top 5000,top5000,adv.,άψογα,impeccably,impeccably photo,generated
7128,13,Top 5000,Top 5000,top5000,v.,μελετάω,study,study photo,generated
7129,13,Top 5000,Top 5000,top5000,n.,ο χωρισμός,break-up,break-up photo,generated
7130,13,Top 5000,Top 5000,top5000,n.,το κάλεσμα,animal call,animal call photo,generated
7131,13,Top 5000,Top 5000,top5000,v.,αναμένω,expect,expect photo,generated
7132,13,Top 5000,Top 5000,top5000,v.,ξεσπάω,vent,vent photo,generated
7133,13,Top 5000,Top 5000,top5000,adj.,πεθαμένος,dead,dead photo,generated
7134,13,Top 5000,Top 5000,top5000,n.,ο πλούτος,richness,richness photo,generated
7135,13,Top 5000,Top 5000,top5000,n.,ο ξάδελφος,cousin,cousin photo,generated
7136,13,Top 5000,Top 5000,top5000,n.,η ζωγραφιά,picture,picture photo,generated
7137,13,Top 5000,Top 5000,top5000,n.,ο οδοντίατρος,dentist,dentist photo,generated
7138,13,Top 5000,Top 5000,top5000,n.,ο ερευνητής,researcher,researcher photo,generated
7139,13,Top 5000,Top 5000,top5000,n. pl.,τα ψίχουλα,crumbs,crumbs photo,generated
7140,13,Top 5000,Top 5000,top5000,n.,το τσιμέντο,cement,cement photo,generated
7141,13,Top 5000,Top 5000,top5000,v.,αποτελούμαι,constitute,constitute photo,generated
7142,13,Top 5000,Top 5000,top5000,n.,ο παλμός,heartbeat,heartbeat photo,generated
7143,13,Top 5000,Top 5000,top5000,n. pl.,τα ζάρια,dice,dice photo,generated
7144,13,Top 5000,Top 5000,top5000,adj.,αρρωστημένος,beyond normal,beyond normal photo,generated
7145,13,Top 5000,Top 5000,top5000,n.,η υποθήκη,mortgage,mortgage photo,generated
7146,13,Top 5000,Top 5000,top5000,n.,ο προϋπολογισμός,budget,budget photo,generated
7147,13,Top 5000,Top 5000,top5000,adv.,παράλληλα,Nominative,Nominative photo,generated
7148,13,Top 5000,Top 5000,top5000,n.,το παράσιτο,parasite,parasite photo,generated
7149,13,Top 5000,Top 5000,top5000,n.,ο θεατής,spectator,spectator photo,generated
7150,13,Top 5000,Top 5000,top5000,n.,το μπλουζάκι,T-shirt,T-shirt photo,generated
7151,13,Top 5000,Top 5000,top5000,v.,επανέρχομαι,come back to do,come back to do photo,generated
7152,13,Top 5000,Top 5000,top5000,n.,η εγγραφή,registration,registration photo,generated
7153,13,Top 5000,Top 5000,top5000,n.,το αχούρι,pigsty,pigsty photo,generated
7154,13,Top 5000,Top 5000,top5000,n.,η διαχείριση,management,management photo,generated
7155,13,Top 5000,Top 5000,top5000,n.,η καταγωγή,ancestry,ancestry photo,generated
7156,13,Top 5000,Top 5000,top5000,adj.,ακουστικός,acoustic,acoustic photo,generated
7157,13,Top 5000,Top 5000,top5000,n.,η απορία,question,question photo,generated
7158,13,Top 5000,Top 5000,top5000,n.,η βουτιά,dive,dive photo,generated
7159,13,Top 5000,Top 5000,top5000,n.,η πορνεία,prostitution,prostitution photo,generated
7160,13,Top 5000,Top 5000,top5000,n.,η συντριβή,devastation,devastation photo,generated
7161,13,Top 5000,Top 5000,top5000,n.,ο κουμπάρος,best man,best man photo,generated
7162,13,Top 5000,Top 5000,top5000,v.,εκφράζω,express,express photo,generated
7163,13,Top 5000,Top 5000,top5000,v.,ζωγραφίζω,draw,draw photo,generated
7164,13,Top 5000,Top 5000,top5000,v.,ξεκουμπώνω,unbutton,unbutton photo,generated
7165,13,Top 5000,Top 5000,top5000,n.,η αρένα,arena,arena photo,generated
7166,13,Top 5000,Top 5000,top5000,adj.,τεχνικός,technical,technical photo,generated
7167,13,Top 5000,Top 5000,top5000,n.,η μαγειρική,cooking,cooking photo,generated
7168,13,Top 5000,Top 5000,top5000,n.,το σκίτσο,sketch,sketch photo,generated
7169,13,Top 5000,Top 5000,top5000,n.,ο προστάτης,protector,protector photo,generated
7170,13,Top 5000,Top 5000,top5000,v.,υποψιάζομαι,suspect,suspect photo,generated
7171,13,Top 5000,Top 5000,top5000,n.,η ανεπάρκεια,insufficiency,insufficiency photo,generated
7172,13,Top 5000,Top 5000,top5000,adj.,μαστουρωμένος,stoned,stoned photo,generated
7173,13,Top 5000,Top 5000,top5000,adj.,αλλεργικός,allergic,allergic photo,generated
7174,13,Top 5000,Top 5000,top5000,n. pl.,τα κάγκελα,railing,railing photo,generated
7175,13,Top 5000,Top 5000,top5000,n.,το κουτσομπολιό,gossip,gossip photo,generated
7176,13,Top 5000,Top 5000,top5000,n.,η επιμέλεια,diligence,diligence photo,generated
7177,13,Top 5000,Top 5000,top5000,adj.,οπλισμένος,reinforced,reinforced photo,generated
7178,13,Top 5000,Top 5000,top5000,adj.,αρραβωνιασμένος,engaged,engaged photo,generated
7179,13,Top 5000,Top 5000,top5000,n.,η μπάντα,band,band photo,generated
7180,13,Top 5000,Top 5000,top5000,n.,η μάθηση,learning,learning photo,generated
7181,13,Top 5000,Top 5000,top5000,n.,το στέκι,hangout,hangout photo,generated
7182,13,Top 5000,Top 5000,top5000,n.,ο σβέρκος,nape,nape photo,generated
7183,13,Top 5000,Top 5000,top5000,adj.,γεννημένος,born,born photo,generated
7184,13,Top 5000,Top 5000,top5000,n.,ο νεροχύτης,kitchen sink,kitchen sink photo,generated
7185,13,Top 5000,Top 5000,top5000,n.,η φαγούρα,itch,itch photo,generated
7186,13,Top 5000,Top 5000,top5000,n.,ο στίχος,lyric,lyric photo,generated
7187,13,Top 5000,Top 5000,top5000,n. pl.,τα συλλυπητήρια,condolences,condolences photo,generated
7188,13,Top 5000,Top 5000,top5000,adj.,μοντέρνος,modern,modern photo,generated
7189,13,Top 5000,Top 5000,top5000,n.,το παζάρι,haggling,haggling photo,generated
7190,13,Top 5000,Top 5000,top5000,v.,διαπράττω,commit,commit photo,generated
7191,13,Top 5000,Top 5000,top5000,adj.,προσβλητικός,insulting,insulting photo,generated
7192,13,Top 5000,Top 5000,top5000,n.,η γκρίνια,whining,whining photo,generated
7193,13,Top 5000,Top 5000,top5000,adv.,επίμονα,persistently,persistently photo,generated
7194,13,Top 5000,Top 5000,top5000,n.,η αδικία,injustice,injustice photo,generated
7195,13,Top 5000,Top 5000,top5000,n.,η πρίζα,socket,socket photo,generated
7196,13,Top 5000,Top 5000,top5000,n.,το μπικίνι,bikini,bikini photo,generated
7197,13,Top 5000,Top 5000,top5000,n.,το μνημείο,monument,monument photo,generated
7198,13,Top 5000,Top 5000,top5000,adj.,τραυματισμένος,wound,wound photo,generated
7199,13,Top 5000,Top 5000,top5000,adj.,κακόμοιρος,luckless,luckless photo,generated
7200,13,Top 5000,Top 5000,top5000,n.,το κρεμμύδι,onion,onion photo,generated
7201,13,Top 5000,Top 5000,top5000,n. pl.,τα αγαθά,goods,goods photo,generated
7202,13,Top 5000,Top 5000,top5000,adj.,έξαλλος,frantic,frantic photo,generated
7203,13,Top 5000,Top 5000,top5000,adj.,αγγλικός,English,English photo,generated
7204,13,Top 5000,Top 5000,top5000,n.,η ρεσεψιόν,reception,reception photo,generated
7205,13,Top 5000,Top 5000,top5000,adj.,αλκοολικός,Of or pertaining to alcohol,Of or pertaining to alcohol photo,generated
7206,13,Top 5000,Top 5000,top5000,n.,η θητεία,stint,stint photo,generated
7207,13,Top 5000,Top 5000,top5000,adj.,εγκληματικός,criminal,criminal photo,generated
7208,13,Top 5000,Top 5000,top5000,v.,λιώνω,melt,melt photo,generated
7209,13,Top 5000,Top 5000,top5000,v.,ξεμένω,being left over,being left over photo,generated
7210,13,Top 5000,Top 5000,top5000,n.,η ηχογράφηση,sound recording,sound recording photo,generated
7211,13,Top 5000,Top 5000,top5000,n.,το απόθεμα,stock,stock photo,generated
7212,13,Top 5000,Top 5000,top5000,n.,η λογοτεχνία,literature,literature photo,generated
7213,13,Top 5000,Top 5000,top5000,v.,διαθέτω,have,have photo,generated
7214,13,Top 5000,Top 5000,top5000,n.,η αμηχανία,embarassment,embarassment photo,generated
7215,13,Top 5000,Top 5000,top5000,n.,το γκαζόν,lawn,lawn photo,generated
7216,13,Top 5000,Top 5000,top5000,n.,η επισκευή,repair,repair photo,generated
7217,13,Top 5000,Top 5000,top5000,adj.,κομμένος,sliced,sliced photo,generated
7218,13,Top 5000,Top 5000,top5000,adj.,ξύλινος,wooden,wooden photo,generated
7219,13,Top 5000,Top 5000,top5000,v.,παύω,stop,stop photo,generated
7220,13,Top 5000,Top 5000,top5000,n.,το ξέσπασμα,outburst,outburst photo,generated
7221,13,Top 5000,Top 5000,top5000,n.,η μπουκιά,morsel,morsel photo,generated
7222,13,Top 5000,Top 5000,top5000,adj.,πατρικός,fatherly,fatherly photo,generated
7223,13,Top 5000,Top 5000,top5000,n.,το κάλυμμα,cover,cover photo,generated
7224,13,Top 5000,Top 5000,top5000,adj.,ενήμερος,aware of,aware of photo,generated
7225,13,Top 5000,Top 5000,top5000,n.,η ιεραρχία,hierarchy,hierarchy photo,generated
7226,13,Top 5000,Top 5000,top5000,v.,εντυπωσιάζω,impress,impress photo,generated
7227,13,Top 5000,Top 5000,top5000,n.,το φερμουάρ,zipper,zipper photo,generated
7228,13,Top 5000,Top 5000,top5000,n.,το βάσανο,torment,torment photo,generated
7229,13,Top 5000,Top 5000,top5000,n.,η κυριαρχία,domination,domination photo,generated
7230,13,Top 5000,Top 5000,top5000,n.,ο ταχυδρόμος,postman,postman photo,generated
7231,13,Top 5000,Top 5000,top5000,n.,το παυσίπονο,painkiller,painkiller photo,generated
7232,13,Top 5000,Top 5000,top5000,n.,η φτώχεια,poverty,poverty photo,generated
7233,13,Top 5000,Top 5000,top5000,v.,αφαιρώ,subtract,subtract photo,generated
7234,13,Top 5000,Top 5000,top5000,num.,εξήντα,sixty,sixty photo,generated
7235,13,Top 5000,Top 5000,top5000,adj.,πολλαπλός,multiple,multiple photo,generated
7236,13,Top 5000,Top 5000,top5000,v.,εκδικούμαι,take revenge,take revenge photo,generated
7237,13,Top 5000,Top 5000,top5000,n. pl.,οι παππούδες,grandparents,grandparents photo,generated
7238,13,Top 5000,Top 5000,top5000,n.,το μεθύσι,drunkenness,drunkenness photo,generated
7239,13,Top 5000,Top 5000,top5000,v.,μπερδεύω,tangle,tangle photo,generated
7240,13,Top 5000,Top 5000,top5000,v.,ρέω,flow,flow photo,generated
7241,13,Top 5000,Top 5000,top5000,n.,το γατάκι,kitten,kitten photo,generated
7242,13,Top 5000,Top 5000,top5000,"adv,",πνευματικά,mental,mental photo,generated
7243,13,Top 5000,Top 5000,top5000,n.,το γλέντι,revelry,revelry photo,generated
7244,13,Top 5000,Top 5000,top5000,n.,η ειδικότητα,specialty,specialty photo,generated
7245,13,Top 5000,Top 5000,top5000,n.,το μικρόβιο,germ,germ photo,generated
7246,13,Top 5000,Top 5000,top5000,n.,το επίκεντρο,epicentre,epicentre photo,generated
7247,13,Top 5000,Top 5000,top5000,n.,ο εκδότης,publisher,publisher photo,generated
7248,13,Top 5000,Top 5000,top5000,v.,ζυγίζω,weigh,weigh photo,generated
7249,13,Top 5000,Top 5000,top5000,n.,ο Ιανουάριος,January,January photo,generated
7250,13,Top 5000,Top 5000,top5000,v.,εκθέτω,exhibit,exhibit photo,generated
7251,13,Top 5000,Top 5000,top5000,n.,η καρφίτσα,the pin,,needs_review
7252,13,Top 5000,Top 5000,top5000,adj.,μητρικός,maternal,maternal photo,generated
7253,13,Top 5000,Top 5000,top5000,n.,ο άστεγος,homeless person,homeless person photo,generated
7254,13,Top 5000,Top 5000,top5000,adj.,αναμενόμενος,expected,expected photo,generated
7255,13,Top 5000,Top 5000,top5000,n.,η παρθενιά,virginity,virginity photo,generated
7256,13,Top 5000,Top 5000,top5000,n.,η ζωγραφική,painting,painting photo,generated
7257,13,Top 5000,Top 5000,top5000,n.,ο αγοραστής,buyer,buyer photo,generated
7258,13,Top 5000,Top 5000,top5000,adj.,κομψός,chic,chic photo,generated
7259,13,Top 5000,Top 5000,top5000,,ο αναπτήρας,lighter,lighter photo,generated
7260,13,Top 5000,Top 5000,top5000,n.,η προτίμηση,preference,preference photo,generated
7261,13,Top 5000,Top 5000,top5000,adj.,επιτυχημένος,succeed,succeed photo,generated
7262,13,Top 5000,Top 5000,top5000,n.,η σύμβαση,contract,contract photo,generated
7263,13,Top 5000,Top 5000,top5000,adj.,εκατοστός,hundredth,hundredth photo,generated
7264,13,Top 5000,Top 5000,top5000,adj.,καστανός,brown,brown photo,generated
7265,13,Top 5000,Top 5000,top5000,n.,η συντήρηση,maintenance,maintenance photo,generated
7266,13,Top 5000,Top 5000,top5000,n.,η Μαδρίτη,Madrid,Madrid photo,generated
7267,13,Top 5000,Top 5000,top5000,adj.,κοκκινομάλλης,redhead,redhead photo,generated
7268,13,Top 5000,Top 5000,top5000,n.,το τσούρμο,bunch of people,bunch of people photo,generated
7269,13,Top 5000,Top 5000,top5000,n.,το εισόδημα,income,income photo,generated
7270,13,Top 5000,Top 5000,top5000,n.,το μάγουλο,cheek,cheek photo,generated
7271,13,Top 5000,Top 5000,top5000,n.,η αρμονία,harmony,harmony photo,generated
7272,13,Top 5000,Top 5000,top5000,n.,ο ταύρος,bull,bull photo,generated
7273,13,Top 5000,Top 5000,top5000,n.,ο εργένης,bachelor,bachelor photo,generated
7274,13,Top 5000,Top 5000,top5000,adj.,γλυκούλης,cute,cute photo,generated
7275,13,Top 5000,Top 5000,top5000,n. pl.,οι χαζομάρες,antics,antics photo,generated
7276,13,Top 5000,Top 5000,top5000,n.,το πανί,sail,sail photo,generated
7277,13,Top 5000,Top 5000,top5000,adj.,ανώφελος,wasted,wasted photo,generated
7278,13,Top 5000,Top 5000,top5000,v.,καταδικάζω,convict,convict photo,generated
7279,13,Top 5000,Top 5000,top5000,n.,το δέμα,parcel,parcel photo,generated
7280,13,Top 5000,Top 5000,top5000,v.,ρουφάω,swallow,swallow photo,generated
7281,13,Top 5000,Top 5000,top5000,n.,το φιστίκι,peanut,peanut photo,generated
7282,13,Top 5000,Top 5000,top5000,adj.,φιλανθρωπικός,philanthropic,philanthropic photo,generated
7283,13,Top 5000,Top 5000,top5000,n.,η χούφτα,handful,handful photo,generated
7284,13,Top 5000,Top 5000,top5000,n.,το σοκάκι,back alley,back alley photo,generated
7285,13,Top 5000,Top 5000,top5000,n.,το μυρμήγκι,the ant,,needs_review
7286,13,Top 5000,Top 5000,top5000,n.,η σκεπή,roof,roof photo,generated
7287,13,Top 5000,Top 5000,top5000,adv.,υποθετικά,hypothetical,hypothetical photo,generated
7288,13,Top 5000,Top 5000,top5000,n.,η ακτινογραφία,x-ray,x-ray photo,generated
7289,13,Top 5000,Top 5000,top5000,v.,χτίζω,build,build photo,generated
7290,13,Top 5000,Top 5000,top5000,n.,ο τροχός,wheel,wheel photo,generated
7291,13,Top 5000,Top 5000,top5000,n.,ο αρουραίος,the rat,,needs_review
7292,13,Top 5000,Top 5000,top5000,n.,η συνέλευση,assembly,assembly photo,generated
7293,13,Top 5000,Top 5000,top5000,v.,υπερασπίζομαι,defend,defend photo,generated
7294,13,Top 5000,Top 5000,top5000,n.,η Βιέννη,Vienna,Vienna photo,generated
7295,13,Top 5000,Top 5000,top5000,n.,στοιχειωμένος,haunted,haunted photo,generated
7296,13,Top 5000,Top 5000,top5000,adj.,εγωιστικός,egotistical,egotistical photo,generated
7297,13,Top 5000,Top 5000,top5000,adv. / adj.,δήθεν,so-called,so-called photo,generated
7298,13,Top 5000,Top 5000,top5000,n.,ο αγωγός,pipeline,pipeline photo,generated
7299,13,Top 5000,Top 5000,top5000,n.,το χειρουργείο,operating room,operating room photo,generated
7300,13,Top 5000,Top 5000,top5000,n.,καθολικός,universal,universal photo,generated
7301,13,Top 5000,Top 5000,top5000,v.,μπερδεύομαι,get caught,get caught photo,generated
7302,13,Top 5000,Top 5000,top5000,adj.,θεατρικός,theatrical,theatrical photo,generated
7303,13,Top 5000,Top 5000,top5000,adj.,χημικός,chemical,chemical photo,generated
7304,13,Top 5000,Top 5000,top5000,n.,το μοσχάρι,beef,beef photo,generated
7305,13,Top 5000,Top 5000,top5000,n.,γλιστράω,slip,slip photo,generated
7306,13,Top 5000,Top 5000,top5000,adj.,διατεθειμένος,willing,willing photo,generated
7307,13,Top 5000,Top 5000,top5000,n.,η εξυπηρέτηση,service,service photo,generated
7308,13,Top 5000,Top 5000,top5000,n.,το τρίγωνο,triangle,triangle photo,generated
7309,13,Top 5000,Top 5000,top5000,n.,το μπράτσο,upper arm,upper arm photo,generated
7310,13,Top 5000,Top 5000,top5000,v.,φυσάω,blow,blow photo,generated
7311,13,Top 5000,Top 5000,top5000,n.,το βότανο,herb,herb photo,generated
7312,13,Top 5000,Top 5000,top5000,n.,ο πυροσβέστης,firefighter,firefighter photo,generated
7313,13,Top 5000,Top 5000,top5000,adv.,ανεπίσημα,informally,informally photo,generated
7314,13,Top 5000,Top 5000,top5000,adj.,καθυστερημένος,delayed,delayed photo,generated
7315,13,Top 5000,Top 5000,top5000,n.,το κέρμα,coin,coin photo,generated
7316,13,Top 5000,Top 5000,top5000,n.,η απόρριψη,rejection,rejection photo,generated
7317,13,Top 5000,Top 5000,top5000,n. pl.,τα απομεινάρια,leftovers,leftovers photo,generated
7318,13,Top 5000,Top 5000,top5000,n. pl.,τα γένια,stubble,stubble photo,generated
7319,13,Top 5000,Top 5000,top5000,v.,ενώνω,join,join photo,generated
7320,13,Top 5000,Top 5000,top5000,adv.,μάταια,in vain,in vain photo,generated
7321,13,Top 5000,Top 5000,top5000,adv.,παραπέρα,further on,further on photo,generated
7322,13,Top 5000,Top 5000,top5000,v.,γονατίζω,kneel,kneel photo,generated
7323,13,Top 5000,Top 5000,top5000,n.,το ρήγμα,rift,rift photo,generated
7324,13,Top 5000,Top 5000,top5000,n.,ο Φεβρουάριος,February,February photo,generated
7325,13,Top 5000,Top 5000,top5000,adj.,περιορισμένος,limited,limited photo,generated
7326,13,Top 5000,Top 5000,top5000,n.,το λουρί,strap,strap photo,generated
7327,13,Top 5000,Top 5000,top5000,n. pl.,τα ακουστικά,headphones,headphones photo,generated
7328,13,Top 5000,Top 5000,top5000,n.,το καρότσι,trolley,trolley photo,generated
7329,13,Top 5000,Top 5000,top5000,n.,η Πρωτοχρονιά,New Year's Day,New Year's Day photo,generated
7330,13,Top 5000,Top 5000,top5000,v.,αντιδρώ,react,react photo,generated
7331,13,Top 5000,Top 5000,top5000,adj.,δραματικός,dramatic,dramatic photo,generated
7332,13,Top 5000,Top 5000,top5000,adj.,σύγχρονος,contemporary,contemporary photo,generated
7333,13,Top 5000,Top 5000,top5000,adj.,χιλιοστός,thousandth,thousandth photo,generated
7334,13,Top 5000,Top 5000,top5000,n.,ο κληρονόμος,heir η κληρονόμος,heir η κληρονόμος photo,generated
7335,13,Top 5000,Top 5000,top5000,n.,το γιαούρτι,yoghurt,yoghurt photo,generated
7336,13,Top 5000,Top 5000,top5000,n.,το πρότυπο,role model,role model photo,generated
7337,13,Top 5000,Top 5000,top5000,n.,η συμπάθεια,fondness,fondness photo,generated
7338,13,Top 5000,Top 5000,top5000,v.,παραπονιέμαι,complain,complain photo,generated
7339,13,Top 5000,Top 5000,top5000,n.,η ευημερία,well-being,well-being photo,generated
7340,13,Top 5000,Top 5000,top5000,n.,το αεράκι,breeze,breeze photo,generated
7341,13,Top 5000,Top 5000,top5000,v.,διατηρώ,have,have photo,generated
7342,13,Top 5000,Top 5000,top5000,adj.,χαλαρός,loose,loose photo,generated
7343,13,Top 5000,Top 5000,top5000,v.,θεραπεύομαι,heal,heal photo,generated
7344,13,Top 5000,Top 5000,top5000,n.,η βαλβίδα,valve,valve photo,generated
7345,13,Top 5000,Top 5000,top5000,n.,ο Ρωμαίος,Roman person,Roman person photo,generated
7346,13,Top 5000,Top 5000,top5000,adv.,φιλικά,in friendly manner,in friendly manner photo,generated
7347,13,Top 5000,Top 5000,top5000,n.,το πλέγμα,grid,grid photo,generated
7348,13,Top 5000,Top 5000,top5000,n.,το άκρο,end point,end point photo,generated
7349,13,Top 5000,Top 5000,top5000,n.,η όχθη,bank,bank photo,generated
7350,13,Top 5000,Top 5000,top5000,n.,η φυγή,flight,flight photo,generated
7351,13,Top 5000,Top 5000,top5000,v.,χαιρετάω,say hello,say hello photo,generated
7352,13,Top 5000,Top 5000,top5000,v.,αγχώνομαι,worry,worry photo,generated
7353,13,Top 5000,Top 5000,top5000,adj.,φωτεινός,bright,bright photo,generated
7354,13,Top 5000,Top 5000,top5000,adj.,διοικητικός,administrative,administrative photo,generated
7355,13,Top 5000,Top 5000,top5000,v.,επικρατώ,predominate,predominate photo,generated
7356,13,Top 5000,Top 5000,top5000,v.,συγχαίρω,congratulate,congratulate photo,generated
7357,13,Top 5000,Top 5000,top5000,n.,η μαριονέτα,puppet,puppet photo,generated
7358,13,Top 5000,Top 5000,top5000,v.,δικαιούμαι,be entitled to,be entitled to photo,generated
7359,13,Top 5000,Top 5000,top5000,adj.,ψυχολογικός,psychological,psychological photo,generated
7360,13,Top 5000,Top 5000,top5000,v.,αποχαιρετάω,say goodbye,say goodbye photo,generated
7361,13,Top 5000,Top 5000,top5000,adj.,τσαντισμένος,pissed off,pissed off photo,generated
7362,13,Top 5000,Top 5000,top5000,n.,η δυναμική,dynamic,dynamic photo,generated
7363,13,Top 5000,Top 5000,top5000,n.,το πλύσιμο,bathing,bathing photo,generated
7364,13,Top 5000,Top 5000,top5000,n.,το συνδικάτο,union,union photo,generated
7365,13,Top 5000,Top 5000,top5000,adj.,ακατάλληλος,unsuitable,unsuitable photo,generated
7366,13,Top 5000,Top 5000,top5000,n.,η ιππασία,horse riding,horse riding photo,generated
7367,13,Top 5000,Top 5000,top5000,n.,η αντίκα,antique,antique photo,generated
7368,13,Top 5000,Top 5000,top5000,n.,η έκσταση,ecstasy,ecstasy photo,generated
7369,13,Top 5000,Top 5000,top5000,adj.,τελειωμένος,finish,finish photo,generated
7370,13,Top 5000,Top 5000,top5000,v.,τσιμπάω,sting,sting photo,generated
7371,13,Top 5000,Top 5000,top5000,n.,η ζεστασιά,warmth,warmth photo,generated
7372,13,Top 5000,Top 5000,top5000,adj.,οικείος,familiar,familiar photo,generated
7373,13,Top 5000,Top 5000,top5000,n.,το κάψιμο,burning,burning photo,generated
7374,13,Top 5000,Top 5000,top5000,n.,η αποκατάσταση,restoration,restoration photo,generated
7375,13,Top 5000,Top 5000,top5000,n.,ο καθαριστής,cleaner,cleaner photo,generated
7376,13,Top 5000,Top 5000,top5000,n.,η εφορία,tax office,tax office photo,generated
7377,13,Top 5000,Top 5000,top5000,n.,η παράβαση,violation,violation photo,generated
7378,13,Top 5000,Top 5000,top5000,n.,η ρήξη,rupture,rupture photo,generated
7379,13,Top 5000,Top 5000,top5000,n.,ο διαχειριστής,administrator,administrator photo,generated
7380,13,Top 5000,Top 5000,top5000,n.,η τελειότητα,perfection,perfection photo,generated
7381,13,Top 5000,Top 5000,top5000,n.,η πανσέληνος,full moon,full moon photo,generated
7382,13,Top 5000,Top 5000,top5000,n.,ο επίδεσμος,bandage,bandage photo,generated
7383,13,Top 5000,Top 5000,top5000,n.,η ισοπαλία,draw,draw photo,generated
7384,13,Top 5000,Top 5000,top5000,adv.,πλάγια,mountainslope,mountainslope photo,generated
7385,13,Top 5000,Top 5000,top5000,n.,το κλαδί,branch,branch photo,generated
7386,13,Top 5000,Top 5000,top5000,n.,το λεξικό,dictionary,dictionary photo,generated
7387,13,Top 5000,Top 5000,top5000,n.,ο σωτήρας,rescuer,rescuer photo,generated
7388,13,Top 5000,Top 5000,top5000,n.,η μιζέρια,misery,misery photo,generated
7389,13,Top 5000,Top 5000,top5000,n.,η μυστικότητα,secrecy,secrecy photo,generated
7390,13,Top 5000,Top 5000,top5000,v.,ανακοινώνω,announce,announce photo,generated
7391,13,Top 5000,Top 5000,top5000,n.,το πριόνι,handsaw,handsaw photo,generated
7392,13,Top 5000,Top 5000,top5000,v.,σκίζω,slit,slit photo,generated
7393,13,Top 5000,Top 5000,top5000,n.,το χρηματιστήριο,stock market,stock market photo,generated
7394,13,Top 5000,Top 5000,top5000,adv.,ασταμάτητα,ceaselessly,ceaselessly photo,generated
7395,13,Top 5000,Top 5000,top5000,n.,η παλίρροια,tide,tide photo,generated
7396,13,Top 5000,Top 5000,top5000,n.,ο οργασμός,orgasm,orgasm photo,generated
7397,13,Top 5000,Top 5000,top5000,adj.,μάταιος,futile,futile photo,generated
7398,13,Top 5000,Top 5000,top5000,n.,το σκόρδο,garlic,garlic photo,generated
7399,13,Top 5000,Top 5000,top5000,n.,η υπενθύμιση,reminder,reminder photo,generated
7400,13,Top 5000,Top 5000,top5000,n.,η κλωστή,thread,thread photo,generated
7401,13,Top 5000,Top 5000,top5000,n.,η ευαισθησία,sensitivity,sensitivity photo,generated
7402,13,Top 5000,Top 5000,top5000,n.,το μείγμα,mixture,mixture photo,generated
7403,13,Top 5000,Top 5000,top5000,adv.,επιστημονικά,scientific,scientific photo,generated
7404,13,Top 5000,Top 5000,top5000,v.,πραγματοποιώ,carry out,carry out photo,generated
7405,13,Top 5000,Top 5000,top5000,n.,το σημειωματάριο,notebook,notebook photo,generated
7406,13,Top 5000,Top 5000,top5000,n.,το λαχείο,lottery,lottery photo,generated
7407,13,Top 5000,Top 5000,top5000,n.,η άγνοια,ignorance,ignorance photo,generated
7408,13,Top 5000,Top 5000,top5000,n.,η γενναιοδωρία,generosity,generosity photo,generated
7409,13,Top 5000,Top 5000,top5000,n.,η βίζα,visa,visa photo,generated
7410,13,Top 5000,Top 5000,top5000,adj.,άνεργος,unemployed,unemployed photo,generated
7411,13,Top 5000,Top 5000,top5000,n.,η μετάθεση,work transfer,work transfer photo,generated
7412,13,Top 5000,Top 5000,top5000,n.,το τρόπαιο,trophy,trophy photo,generated
7413,13,Top 5000,Top 5000,top5000,adj.,ταλαντούχος,talented,talented photo,generated
7414,13,Top 5000,Top 5000,top5000,adv.,αμοιβαία,mutually,mutually photo,generated
7415,13,Top 5000,Top 5000,top5000,adj.,σκούρος,dark,dark photo,generated
7416,13,Top 5000,Top 5000,top5000,n.,το μπαούλο,trunk,trunk photo,generated
7417,13,Top 5000,Top 5000,top5000,n.,το νήμα,yarn,yarn photo,generated
7418,13,Top 5000,Top 5000,top5000,adj.,εχθρικός,hostile,hostile photo,generated
7419,13,Top 5000,Top 5000,top5000,v.,θέτω,place,place photo,generated
7420,13,Top 5000,Top 5000,top5000,n.,το καθιστικό,living room,living room photo,generated
7421,13,Top 5000,Top 5000,top5000,n.,ο συμβιβασμός,compromise,compromise photo,generated
7422,13,Top 5000,Top 5000,top5000,n.,το χρονοδιάγραμμα,timetable,timetable photo,generated
7423,13,Top 5000,Top 5000,top5000,v.,ανεβάζω,take up,take up photo,generated
7424,13,Top 5000,Top 5000,top5000,adj.,αθάνατος,immortal,immortal photo,generated
7425,13,Top 5000,Top 5000,top5000,n.,η χρέωση,charge,charge photo,generated
7426,13,Top 5000,Top 5000,top5000,adj.,αξιόπιστος,trustworthy,trustworthy photo,generated
7427,13,Top 5000,Top 5000,top5000,n.,η φυλάκιση,imprisonment,imprisonment photo,generated
7428,13,Top 5000,Top 5000,top5000,n.,ο τεχνικός,technician,technician photo,generated
7429,13,Top 5000,Top 5000,top5000,n.,ο όμηρος,hostage,hostage photo,generated
7430,13,Top 5000,Top 5000,top5000,v.,αποτρέπω,avert,avert photo,generated
7431,13,Top 5000,Top 5000,top5000,v.,η αλλεργία,allergy,allergy photo,generated
7432,13,Top 5000,Top 5000,top5000,n.,η ανατροφή,upbringing,upbringing photo,generated
7433,13,Top 5000,Top 5000,top5000,n.,το μπιλιάρδο,pool,pool photo,generated
7434,13,Top 5000,Top 5000,top5000,,μικροσκοπικός,microscopic,microscopic photo,generated
7435,13,Top 5000,Top 5000,top5000,adj.,περιττός,unnecessary,unnecessary photo,generated
7436,13,Top 5000,Top 5000,top5000,n.,το λίτρο,litre,litre photo,generated
7437,13,Top 5000,Top 5000,top5000,v.,κοπανάω,bash,bash photo,generated
7438,13,Top 5000,Top 5000,top5000,v.,κλειδώνω,lock,lock photo,generated
7439,13,Top 5000,Top 5000,top5000,v.,αναζητάω,look for,look for photo,generated
7440,13,Top 5000,Top 5000,top5000,v.,ξεκολλάω,unstick,unstick photo,generated
7441,13,Top 5000,Top 5000,top5000,n.,η θέρμανση,heating,heating photo,generated
7442,13,Top 5000,Top 5000,top5000,n.,η απελπισία,desperation,desperation photo,generated
7443,13,Top 5000,Top 5000,top5000,adj.,ανώνυμος,anonymous,anonymous photo,generated
7444,13,Top 5000,Top 5000,top5000,adj.,φανταχτερός,garish,garish photo,generated
7445,13,Top 5000,Top 5000,top5000,n.,ο σχεδιασμός,design,design photo,generated
7446,13,Top 5000,Top 5000,top5000,n.,το αριστούργημα,masterpiece,masterpiece photo,generated
7447,13,Top 5000,Top 5000,top5000,v.,παρκάρω,park,park photo,generated
7448,13,Top 5000,Top 5000,top5000,n.,το μαγείρεμα,cooking,cooking photo,generated
7449,13,Top 5000,Top 5000,top5000,adj.,πρόσφατος,recent,recent photo,generated
7450,13,Top 5000,Top 5000,top5000,v.,παρεξηγώ,misunderstand,misunderstand photo,generated
7451,13,Top 5000,Top 5000,top5000,n.,το διάγραμμα,diagram,diagram photo,generated
7452,13,Top 5000,Top 5000,top5000,n.,η προφύλαξη,precaution,precaution photo,generated
7453,13,Top 5000,Top 5000,top5000,n.,η αντοχή,endurance,endurance photo,generated
7454,13,Top 5000,Top 5000,top5000,v.,ξεριζώνω,uproot,uproot photo,generated
7455,13,Top 5000,Top 5000,top5000,n.,το έθιμο,tradition,tradition photo,generated
7456,13,Top 5000,Top 5000,top5000,n.,το γονίδιο,gene,gene photo,generated
7457,13,Top 5000,Top 5000,top5000,v.,πληρώνομαι,pay for past action,pay for past action photo,generated
7458,13,Top 5000,Top 5000,top5000,n.,ο αθλητής,athlete,athlete photo,generated
7459,13,Top 5000,Top 5000,top5000,v.,ενθαρρύνω,encourage,encourage photo,generated
7460,13,Top 5000,Top 5000,top5000,n.,ο αρχιτέκτονας,architect,architect photo,generated
7461,13,Top 5000,Top 5000,top5000,n. pl.,τα στατιστικά,statistics,statistics photo,generated
7462,13,Top 5000,Top 5000,top5000,n.,το αλεύρι,flour,flour photo,generated
7463,13,Top 5000,Top 5000,top5000,v.,ξεχωρίζω,divide,divide photo,generated
7464,13,Top 5000,Top 5000,top5000,n.,η Σουηδία,Sweden,Sweden photo,generated
7465,13,Top 5000,Top 5000,top5000,n.,το τούβλο,brick,brick photo,generated
7466,13,Top 5000,Top 5000,top5000,v.,ρυθμίζω,tune,tune photo,generated
7467,13,Top 5000,Top 5000,top5000,adv.,ιδιωτικά,private,private photo,generated
7468,13,Top 5000,Top 5000,top5000,n.,το χαντάκι,ditch,ditch photo,generated
7469,13,Top 5000,Top 5000,top5000,n.,ο ερασιτέχνης,amateur,amateur photo,generated
7470,13,Top 5000,Top 5000,top5000,v.,ανατινάζω,explode,explode photo,generated
7471,13,Top 5000,Top 5000,top5000,n.,το βρακί,pants,pants photo,generated
7472,13,Top 5000,Top 5000,top5000,adj.,εθισμένος,addicted,addicted photo,generated
7473,13,Top 5000,Top 5000,top5000,n.,τα αντίποινα,retaliation,retaliation photo,generated
7474,13,Top 5000,Top 5000,top5000,v.,εκπαιδεύω,educate,educate photo,generated
7475,13,Top 5000,Top 5000,top5000,n.,το πηγούνι,chin,chin photo,generated
7476,13,Top 5000,Top 5000,top5000,n.,ο χασάπης,butcher,butcher photo,generated
7477,13,Top 5000,Top 5000,top5000,adv.,τακτικά,regularly,regularly photo,generated
7478,13,Top 5000,Top 5000,top5000,adj.,ετήσιος,annual,annual photo,generated
7479,13,Top 5000,Top 5000,top5000,v.,καλυτερεύω,improve,improve photo,generated
7480,13,Top 5000,Top 5000,top5000,v.,επικεντρώνομαι,focus on,focus on photo,generated
7481,13,Top 5000,Top 5000,top5000,v.,δρω,take effect,take effect photo,generated
7482,13,Top 5000,Top 5000,top5000,n.,το ξημέρωμα,dawn,dawn photo,generated
7483,13,Top 5000,Top 5000,top5000,v.,ενώνω,join,join photo,generated
7484,13,Top 5000,Top 5000,top5000,adj.,πανέξυπνος,brilliant,brilliant photo,generated
7485,13,Top 5000,Top 5000,top5000,adj.,βρωμερός,filthy,filthy photo,generated
7486,13,Top 5000,Top 5000,top5000,adv.,φρόνιμα,Nominative,Nominative photo,generated
7487,13,Top 5000,Top 5000,top5000,n.,ο αντικαταστάτης,replacement,replacement photo,generated
7488,13,Top 5000,Top 5000,top5000,n.,η δωροδοκία,bribery,bribery photo,generated
7489,13,Top 5000,Top 5000,top5000,n.,η εφεύρεση,invention,invention photo,generated
7490,13,Top 5000,Top 5000,top5000,n.,ο κομμουνιστής,communist,communist photo,generated
7491,13,Top 5000,Top 5000,top5000,n.,η μητριά,stepmother,stepmother photo,generated
7492,13,Top 5000,Top 5000,top5000,v.,επαναφέρω,reset,reset photo,generated
7493,13,Top 5000,Top 5000,top5000,n.,το εφόδιο,supply,supply photo,generated
7494,13,Top 5000,Top 5000,top5000,n.,καταδικασμένος,doomed,doomed photo,generated
7495,13,Top 5000,Top 5000,top5000,n.,η διαμαρτυρία,protest,protest photo,generated
7496,13,Top 5000,Top 5000,top5000,n.,η επιπλοκή,complication,complication photo,generated
7497,13,Top 5000,Top 5000,top5000,v.,ποντάρω,"bet, wager",,needs_review
7498,13,Top 5000,Top 5000,top5000,adv.,ιδανικά,ideally,ideally photo,generated
7499,13,Top 5000,Top 5000,top5000,interj.,ζήτω,a more formal variant of ζητάω (zitáo),,needs_review
7500,13,Top 5000,Top 5000,top5000,adj.,βιολογικός,biological,biological photo,generated
7501,13,Top 5000,Top 5000,top5000,n.,η επίβλεψη,supervision,supervision photo,generated
7502,13,Top 5000,Top 5000,top5000,v.,εκπέμπω,transmit,transmit photo,generated
7503,13,Top 5000,Top 5000,top5000,n.,η κορδέλα,ribbon,ribbon photo,generated
7504,13,Top 5000,Top 5000,top5000,n.,η επιγραφή,inscription,inscription photo,generated
7505,13,Top 5000,Top 5000,top5000,n.,η ασέβεια,disrespect,disrespect photo,generated
7506,13,Top 5000,Top 5000,top5000,adj.,σφιχτός,tight,tight photo,generated
7507,13,Top 5000,Top 5000,top5000,n.,ο βάτραχος,frog,frog photo,generated
7508,13,Top 5000,Top 5000,top5000,n.,το επώνυμο,surname,surname photo,generated
7509,13,Top 5000,Top 5000,top5000,n.,το φρύδι,eyebrow,eyebrow photo,generated
7510,13,Top 5000,Top 5000,top5000,n.,η απόδοση,efficiency,efficiency photo,generated
7511,13,Top 5000,Top 5000,top5000,n.,το δάγκωμα,bite,animal biting,override
7512,13,Top 5000,Top 5000,top5000,n.,η ταβέρνα,restaurant,restaurant photo,generated
7513,13,Top 5000,Top 5000,top5000,n.,ο εκβιασμός,blackmail,blackmail photo,generated
7514,13,Top 5000,Top 5000,top5000,v.,κυλάω,roll,roll photo,generated
7515,13,Top 5000,Top 5000,top5000,n.,η εφηβεία,adolescence,adolescence photo,generated
7516,13,Top 5000,Top 5000,top5000,n.,η αθωότητα,innocence,innocence photo,generated
7517,13,Top 5000,Top 5000,top5000,n.,ο προφήτης,prophet,prophet photo,generated
7518,13,Top 5000,Top 5000,top5000,adj.,λιωμένος,melt,melt photo,generated
7519,13,Top 5000,Top 5000,top5000,v.,διευκολύνω,facilitate,facilitate photo,generated
7520,13,Top 5000,Top 5000,top5000,n.,η σύνθεση,composition,composition photo,generated
7521,13,Top 5000,Top 5000,top5000,v.,πάσχω,suffer from,suffer from photo,generated
7522,13,Top 5000,Top 5000,top5000,n.,η εστία,focal point,focal point photo,generated
7523,13,Top 5000,Top 5000,top5000,n.,η αξιοπιστία,reliability,reliability photo,generated
7524,13,Top 5000,Top 5000,top5000,adv.,μεταφορικά,figuratively,figuratively photo,generated
7525,13,Top 5000,Top 5000,top5000,n.,το βιβλιοπωλείο,bookshop,bookshop photo,generated
7526,13,Top 5000,Top 5000,top5000,adj.,ατομικός,atomic,atomic photo,generated
7527,13,Top 5000,Top 5000,top5000,adj.,βρετανικός,British,British photo,generated
7528,13,Top 5000,Top 5000,top5000,v.,διακρίνω,discern,discern photo,generated
7529,13,Top 5000,Top 5000,top5000,adj.,ευλογημένος,blessed,blessed photo,generated
7530,13,Top 5000,Top 5000,top5000,n.,το πέπλο,veil,veil photo,generated
7531,13,Top 5000,Top 5000,top5000,adv.,τοπικά,locally,locally photo,generated
7532,13,Top 5000,Top 5000,top5000,v.,προσβάλλω,offend,offend photo,generated
7533,13,Top 5000,Top 5000,top5000,n.,ο δημιουργός,creator,creator photo,generated
7534,13,Top 5000,Top 5000,top5000,n.,η οδοντόβουρτσα,toothbrush,toothbrush photo,generated
7535,13,Top 5000,Top 5000,top5000,n.,η μόρφωση,learning,learning photo,generated
7536,13,Top 5000,Top 5000,top5000,n.,η βαφή,dyeing,dyeing photo,generated
7537,13,Top 5000,Top 5000,top5000,n.,ο διαλογισμός,meditation,meditation photo,generated
7538,13,Top 5000,Top 5000,top5000,adj.,αλμυρός,salty,salty photo,generated
7539,13,Top 5000,Top 5000,top5000,adv.,τρυφερά,affectionately,affectionately photo,generated
7540,13,Top 5000,Top 5000,top5000,n.,η εικασία,guess,guess photo,generated
7541,13,Top 5000,Top 5000,top5000,n.,ο χορτοφάγος,vegetarian,vegetarian photo,generated
7542,13,Top 5000,Top 5000,top5000,n.,το σαμπουάν,shampoo,shampoo photo,generated
7543,13,Top 5000,Top 5000,top5000,adj.,κουραστικός,tiring,tiring photo,generated
7544,13,Top 5000,Top 5000,top5000,n.,ο μετανάστης,migrant,migrant photo,generated
7545,13,Top 5000,Top 5000,top5000,n.,η μεταχείριση,handling,handling photo,generated
7546,13,Top 5000,Top 5000,top5000,adj.,αιχμαλώτος,captured,captured photo,generated
7547,13,Top 5000,Top 5000,top5000,adj.,απογοητευτικός,disappointing,disappointing photo,generated
7548,13,Top 5000,Top 5000,top5000,adj.,άτυχος,unlucky,unlucky photo,generated
7549,13,Top 5000,Top 5000,top5000,n.,η ανεξαρτησία,independence,independence photo,generated
7550,13,Top 5000,Top 5000,top5000,n. pl.,τα θεμέλια,foundations,foundations photo,generated
7551,13,Top 5000,Top 5000,top5000,n.,η αρετή,virtue,virtue photo,generated
7552,13,Top 5000,Top 5000,top5000,n.,η αύρα,aura,aura photo,generated
7553,13,Top 5000,Top 5000,top5000,n.,η αποδοχή,acceptance,acceptance photo,generated
7554,13,Top 5000,Top 5000,top5000,n.,ο συμμαθητής,schoolfriend,schoolfriend photo,generated
7555,13,Top 5000,Top 5000,top5000,n.,η απαίτηση,demand,demand photo,generated
7556,13,Top 5000,Top 5000,top5000,n.,η βεβαιότητα,certitude,certitude photo,generated
7557,13,Top 5000,Top 5000,top5000,v.,φλερτάρω,flirt,flirt photo,generated
7558,13,Top 5000,Top 5000,top5000,n.,το νηπιαγωγείο,nursery school,nursery school photo,generated
7559,13,Top 5000,Top 5000,top5000,adv.,οριστικά,Nominative,Nominative photo,generated
7560,13,Top 5000,Top 5000,top5000,adj.,μελλοντικός,future,future photo,generated
7561,13,Top 5000,Top 5000,top5000,n.,το λιβάδι,meadow,meadow photo,generated
7562,13,Top 5000,Top 5000,top5000,n.,η μετάβαση,transition,transition photo,generated
7563,13,Top 5000,Top 5000,top5000,n.,ο Ιταλός,Italian person,Italian person photo,generated
7564,13,Top 5000,Top 5000,top5000,v.,προβληματίζω,preoccupy,preoccupy photo,generated
7565,13,Top 5000,Top 5000,top5000,n.,το γραμμάριο,gram,gram photo,generated
7566,13,Top 5000,Top 5000,top5000,v.,ραγίζω,crack,crack photo,generated
7567,13,Top 5000,Top 5000,top5000,adv.,ασυνήθιστα,unaccustomed,unaccustomed photo,generated
7568,13,Top 5000,Top 5000,top5000,v.,παραβιάζω,violate,violate photo,generated
7569,13,Top 5000,Top 5000,top5000,v.,εξαπλώνομαι,spread,spread photo,generated
7570,13,Top 5000,Top 5000,top5000,n.,η γρατζουνιά,scratch,scratch photo,generated
7571,13,Top 5000,Top 5000,top5000,n.,το μαραφέτι,gadget,gadget photo,generated
7572,13,Top 5000,Top 5000,top5000,n.,το καθεστώς,regime,regime photo,generated
7573,13,Top 5000,Top 5000,top5000,adv.,ενίοτε,sometimes,sometimes photo,generated
7574,13,Top 5000,Top 5000,top5000,adj.,ξανθός,blonde,blonde photo,generated
7575,13,Top 5000,Top 5000,top5000,n.,η παλάμη,palm of hand,palm of hand photo,generated
7576,13,Top 5000,Top 5000,top5000,adj.,μοναχός,monk,monk photo,generated
7577,13,Top 5000,Top 5000,top5000,v.,κατατρομάζω,scare to death,scare to death photo,generated
7578,13,Top 5000,Top 5000,top5000,n.,η σοδειά,crop,crop photo,generated
7579,13,Top 5000,Top 5000,top5000,n.,ο εγωισμός,selfishness,selfishness photo,generated
7580,13,Top 5000,Top 5000,top5000,n.,το ανταλλακτικό,spare part,spare part photo,generated
7581,13,Top 5000,Top 5000,top5000,n.,η βανίλια,vanilla,vanilla photo,generated
7582,13,Top 5000,Top 5000,top5000,n.,η αναταραχή,unrest,unrest photo,generated
7583,13,Top 5000,Top 5000,top5000,n.,το κομματάκι,little piece,little piece photo,generated
7584,13,Top 5000,Top 5000,top5000,n.,το σάλιο,spit,spit photo,generated
7585,13,Top 5000,Top 5000,top5000,v.,ξημερώνω,dawn,dawn photo,generated
7586,13,Top 5000,Top 5000,top5000,n.,η πλοήγηση,navigation,navigation photo,generated
7587,13,Top 5000,Top 5000,top5000,n.,η εξέδρα,stand,stand photo,generated
7588,13,Top 5000,Top 5000,top5000,adj.,γαλάζιος,sky blue,sky blue photo,generated
7589,13,Top 5000,Top 5000,top5000,n.,το πιρούνι,fork,fork photo,generated
7590,13,Top 5000,Top 5000,top5000,n.,η επέκταση,expansion,expansion photo,generated
7591,13,Top 5000,Top 5000,top5000,n.,η φλυαρία,gossip,gossip photo,generated
7592,13,Top 5000,Top 5000,top5000,adj.,ζηλιάρης,envious,envious photo,generated
7593,13,Top 5000,Top 5000,top5000,n.,το ξυράφι,razor,razor photo,generated
7594,13,Top 5000,Top 5000,top5000,v.,τσακώνομαι,fight,fight photo,generated
7595,13,Top 5000,Top 5000,top5000,adj.,ανάρμοστος,improper,improper photo,generated
7596,13,Top 5000,Top 5000,top5000,adv.,ηλεκτρικά,electrical wiring,electrical wiring photo,generated
7597,13,Top 5000,Top 5000,top5000,adj.,καθαρτήριος,cathartic,cathartic photo,generated
7598,13,Top 5000,Top 5000,top5000,n.,το κόλπο,trick,trick photo,generated
7599,13,Top 5000,Top 5000,top5000,n.,ο ακόλουθος,follower,follower photo,generated
7600,13,Top 5000,Top 5000,top5000,adj.,εγκαταλελειμμένος,abandoned,abandoned photo,generated
7601,13,Top 5000,Top 5000,top5000,n.,η μπουγάδα,laundry,laundry photo,generated
7602,13,Top 5000,Top 5000,top5000,n.,η διάταξη,layout,layout photo,generated
7603,13,Top 5000,Top 5000,top5000,n.,ο παράγοντας,factor,factor photo,generated
7604,13,Top 5000,Top 5000,top5000,n.,το ελάττωμα,defect,defect photo,generated
7605,13,Top 5000,Top 5000,top5000,adj.,γενετικός,genetic,genetic photo,generated
7606,13,Top 5000,Top 5000,top5000,adj.,ρώσικος,Russian,Russian photo,generated
7607,13,Top 5000,Top 5000,top5000,adv.,ρομαντικά,romantic,romantic photo,generated
7608,13,Top 5000,Top 5000,top5000,n.,το μαργαριτάρι,pearl,pearl photo,generated
7609,13,Top 5000,Top 5000,top5000,adj.,αυριανός,tomorrow's,tomorrow's photo,generated
7610,13,Top 5000,Top 5000,top5000,adj.,αισιόδοξος,optimistic,optimistic photo,generated
7611,13,Top 5000,Top 5000,top5000,v.,υπερβάλλω,exaggerate,exaggerate photo,generated
7612,13,Top 5000,Top 5000,top5000,n.,το έπαθλο,award,award photo,generated
7613,13,Top 5000,Top 5000,top5000,n.,η μέντα,mint,mint photo,generated
7614,13,Top 5000,Top 5000,top5000,v.,ενεργώ,"act, carry out an action",,needs_review
7615,13,Top 5000,Top 5000,top5000,n.,η πεθερά,mother-in-law,mother-in-law photo,generated
7616,13,Top 5000,Top 5000,top5000,n.,η προέλευση,origin,origin photo,generated
7617,13,Top 5000,Top 5000,top5000,n.,η λωρίδα,strip,strip photo,generated
7618,13,Top 5000,Top 5000,top5000,n.,ο επίσκοπος,bishop,bishop photo,generated
7619,13,Top 5000,Top 5000,top5000,n.,ο εκτυπωτής,printer,printer photo,generated
7620,13,Top 5000,Top 5000,top5000,v.,καταγράφω,register,register photo,generated
7621,13,Top 5000,Top 5000,top5000,n.,η αντιπαράθεση,confrontation,confrontation photo,generated
7622,13,Top 5000,Top 5000,top5000,adj.,κορυφαίος,leading,leading photo,generated
7623,13,Top 5000,Top 5000,top5000,n.,το καρότο,carrot,carrot photo,generated
7624,13,Top 5000,Top 5000,top5000,adj.,αποδεκτός,acceptable,acceptable photo,generated
7625,13,Top 5000,Top 5000,top5000,n.,η ακύρωση,cancellation,cancellation photo,generated
7626,13,Top 5000,Top 5000,top5000,n.,το σπίρτο,matchstick,matchstick photo,generated
7627,13,Top 5000,Top 5000,top5000,n.,το πρωτόκολλο,protocol,protocol photo,generated
7628,13,Top 5000,Top 5000,top5000,n.,η αίρεση,cult,cult photo,generated
7629,13,Top 5000,Top 5000,top5000,n.,ο θόλος,dome,dome photo,generated
7630,13,Top 5000,Top 5000,top5000,n.,η ανθρωπιά,humanity,humanity photo,generated
7631,13,Top 5000,Top 5000,top5000,n.,το επίδομα,income support,income support photo,generated
7632,13,Top 5000,Top 5000,top5000,v.,απομακρύνομαι,go away,go away photo,generated
7633,13,Top 5000,Top 5000,top5000,n.,η ανάρρωση,recuperation,recuperation photo,generated
7634,13,Top 5000,Top 5000,top5000,adj.,εφεδρικός,spare,spare photo,generated
7635,13,Top 5000,Top 5000,top5000,adv.,σταδιακά,gradually,gradually photo,generated
7636,13,Top 5000,Top 5000,top5000,n.,το τελωνείο,customs,customs photo,generated
7637,13,Top 5000,Top 5000,top5000,n.,η δυσλειτουργία,malfunction,malfunction photo,generated
7638,13,Top 5000,Top 5000,top5000,n.,η ακρόαση,audition,audition photo,generated
7639,13,Top 5000,Top 5000,top5000,v.,ανταλλάζω,(rare) Alternative form of ανταλλάσσω (antallásso),,needs_review
7640,13,Top 5000,Top 5000,top5000,n.,το κοράκι,crow,crow photo,generated
7641,13,Top 5000,Top 5000,top5000,n.,το τρυπάνι,drill,drill photo,generated
7642,13,Top 5000,Top 5000,top5000,v.,αποδέχομαι,admit,admit photo,generated
7643,13,Top 5000,Top 5000,top5000,v.,ανακρίνω,interrogate,interrogate photo,generated
7644,13,Top 5000,Top 5000,top5000,n.,η νυχτερίδα,the bat,,needs_review
7645,13,Top 5000,Top 5000,top5000,n.,το κύρος,status,status photo,generated
7646,13,Top 5000,Top 5000,top5000,n.,το κάρβουνο,coal,coal photo,generated
7647,13,Top 5000,Top 5000,top5000,n. pl.,τα απόβλητα,waste,waste photo,generated
7648,13,Top 5000,Top 5000,top5000,adj.,απαγορευμένος,prohibited,prohibited photo,generated
7649,13,Top 5000,Top 5000,top5000,v.,παραδίνομαι,sense,sense photo,generated
7650,13,Top 5000,Top 5000,top5000,v.,ανακατεύω,stir up,stir up photo,generated
7651,13,Top 5000,Top 5000,top5000,adj.,ηλικιωμένος,elderly man,elderly man photo,generated
7652,13,Top 5000,Top 5000,top5000,n.,το άχυρο,straw,straw photo,generated
7653,13,Top 5000,Top 5000,top5000,n.,η χήνα,goose,goose photo,generated
7654,13,Top 5000,Top 5000,top5000,v.,αναρρώνω,recover,recover photo,generated
7655,13,Top 5000,Top 5000,top5000,n.,η σπατάλη,waste,waste photo,generated
7656,13,Top 5000,Top 5000,top5000,n.,το διδακτορικό,doctorare,doctorare photo,generated
7657,13,Top 5000,Top 5000,top5000,num.,διακόσια,two hundred,two hundred photo,generated
7658,13,Top 5000,Top 5000,top5000,n.,το κομμωτήριο,hairdresser's,hairdresser's photo,generated
7659,13,Top 5000,Top 5000,top5000,n.,η πεδιάδα,plain,plain photo,generated
7660,13,Top 5000,Top 5000,top5000,n.,η ζήτηση,demand,demand photo,generated
7661,13,Top 5000,Top 5000,top5000,n.,η ρώγα,nipple,nipple photo,generated
7662,13,Top 5000,Top 5000,top5000,n.,ο γίγαντας,giant,giant photo,generated
7663,13,Top 5000,Top 5000,top5000,n.,το κρύωμα,cold,cold photo,generated
7664,13,Top 5000,Top 5000,top5000,n.,η επίγνωση,awareness,awareness photo,generated
7665,13,Top 5000,Top 5000,top5000,n.,η επανένωση,reunion,reunion photo,generated
7666,13,Top 5000,Top 5000,top5000,n.,η διδασκαλία,teaching,teaching photo,generated
7667,13,Top 5000,Top 5000,top5000,n.,το στίγμα,stigma,stigma photo,generated
7668,13,Top 5000,Top 5000,top5000,n.,το σμήνος,swarm,swarm photo,generated
7669,13,Top 5000,Top 5000,top5000,n.,η βιολογία,biology,biology photo,generated
7670,13,Top 5000,Top 5000,top5000,n.,η πολυθρόνα,armchair,armchair photo,generated
7671,13,Top 5000,Top 5000,top5000,n.,η εμβέλεια,range,range photo,generated
7672,13,Top 5000,Top 5000,top5000,n.,η αντιμετώπιση,handling,handling photo,generated
7673,13,Top 5000,Top 5000,top5000,n.,η διατήρηση,preservation,preservation photo,generated
7674,13,Top 5000,Top 5000,top5000,n. pl.,τα έσοδα,revenue,revenue photo,generated
7675,13,Top 5000,Top 5000,top5000,n.,το ξυπνητήρι,alarm clock,alarm clock photo,generated
7676,13,Top 5000,Top 5000,top5000,n.,ο πρόγονος,ancestor,ancestor photo,generated
7677,13,Top 5000,Top 5000,top5000,adj.,θαμμένος,am buried,am buried photo,generated
7678,13,Top 5000,Top 5000,top5000,v.,σκαρώνω,I get up to,,needs_review
7679,13,Top 5000,Top 5000,top5000,n.,ο πατριός,stepfather,stepfather photo,generated
7680,13,Top 5000,Top 5000,top5000,n.,ο σπασίκλας,nerd,nerd photo,generated
7681,13,Top 5000,Top 5000,top5000,n.,η φράουλα,strawberry,strawberry photo,generated
7682,13,Top 5000,Top 5000,top5000,n.,ο εκπαιδευτής,trainer,trainer photo,generated
7683,13,Top 5000,Top 5000,top5000,n.,η νοικοκυρά,housewife,housewife photo,generated
7684,13,Top 5000,Top 5000,top5000,adv.,απελπισμένα,desperately,desperately photo,generated
7685,13,Top 5000,Top 5000,top5000,n.,ο κωμικός,comedian,comedian photo,generated
7686,13,Top 5000,Top 5000,top5000,"adj,",στραβός,crooked,crooked photo,generated
7687,13,Top 5000,Top 5000,top5000,"adj,.",καταστροφικός,damaging,damaging photo,generated
7688,13,Top 5000,Top 5000,top5000,n.,η σέλα,saddle,saddle photo,generated
7689,13,Top 5000,Top 5000,top5000,adj.,εκλεκτός,fine,fine photo,generated
7690,13,Top 5000,Top 5000,top5000,n.,η παντόφλα,slipper,slipper photo,generated
7691,13,Top 5000,Top 5000,top5000,n.,ο δείκτης,rate,rate photo,generated
7692,13,Top 5000,Top 5000,top5000,adj.,ταπεινός,humble,humble photo,generated
7693,13,Top 5000,Top 5000,top5000,n.,ο ναύτης,sailor,sailor photo,generated
7694,13,Top 5000,Top 5000,top5000,adv.,αθόρυβα,silently,silently photo,generated
7695,13,Top 5000,Top 5000,top5000,n.,η παγωνιά,freezing cold,freezing cold photo,generated
7696,13,Top 5000,Top 5000,top5000,v.,ταΐζω,feed,feeding animals,override
7697,13,Top 5000,Top 5000,top5000,v.,μειώνω,reduce,reduce photo,generated
7698,13,Top 5000,Top 5000,top5000,adj.,αξιοπρεπής,dignified,dignified photo,generated
7699,13,Top 5000,Top 5000,top5000,n.,η ντομάτα,tomato,tomato photo,generated
7700,13,Top 5000,Top 5000,top5000,n.,το σταφύλι,grape,grape photo,generated
7701,13,Top 5000,Top 5000,top5000,n.,το βοδινό,beef,beef photo,generated
7702,13,Top 5000,Top 5000,top5000,adj.,ανύπαντρος,unmarried,unmarried photo,generated
7703,13,Top 5000,Top 5000,top5000,n.,η Ολλανδία,Netherlands,Netherlands photo,generated
7704,13,Top 5000,Top 5000,top5000,adj.,η ταλαιπωρία,inconvenience,inconvenience photo,generated
7705,13,Top 5000,Top 5000,top5000,n.,η κατάδυση,diving,diving photo,generated
7706,13,Top 5000,Top 5000,top5000,n.,η άγκυρα,anchor,anchor photo,generated
7707,13,Top 5000,Top 5000,top5000,n.,η κάβα,wine shop,wine shop photo,generated
7708,13,Top 5000,Top 5000,top5000,n.,το μετάξι,silk,silk photo,generated
7709,13,Top 5000,Top 5000,top5000,n.,η ακαταστασία,messiness,messiness photo,generated
7710,13,Top 5000,Top 5000,top5000,n.,η ανακαίνιση,restoration,restoration photo,generated
7711,13,Top 5000,Top 5000,top5000,n.,η αναισθησία,insensitivity,insensitivity photo,generated
7712,13,Top 5000,Top 5000,top5000,n.,ο βυθός,seabed,seabed photo,generated
7713,13,Top 5000,Top 5000,top5000,adj.,τρομοκρατημένος,terrorised,terrorised photo,generated
7714,13,Top 5000,Top 5000,top5000,v.,παγιδεύω,trap,trap photo,generated
7715,13,Top 5000,Top 5000,top5000,n.,η πεποίθηση,conviction,conviction photo,generated
7716,13,Top 5000,Top 5000,top5000,v.,ιπτάμενος,flying,flying photo,generated
7717,13,Top 5000,Top 5000,top5000,n.,το κόλλημα,fixation,fixation photo,generated
7718,13,Top 5000,Top 5000,top5000,v.,ασφαλίζω,,,no_english
7719,13,Top 5000,Top 5000,top5000,adj.,ξεκαρδιστικός,hilarious,hilarious photo,generated
7720,13,Top 5000,Top 5000,top5000,adj.,ανήθικος,immoral,immoral photo,generated
7721,13,Top 5000,Top 5000,top5000,n.,η προώθηση,promotion,promotion photo,generated
7722,13,Top 5000,Top 5000,top5000,n.,το τύμπανο,drum,drum photo,generated
7723,13,Top 5000,Top 5000,top5000,n.,η γραφειοκρατία,bureaucracy,bureaucracy photo,generated
7724,13,Top 5000,Top 5000,top5000,v.,σημαδεύω,scar,scar photo,generated
7725,13,Top 5000,Top 5000,top5000,v.,επενδύω,invest,invest photo,generated
7726,13,Top 5000,Top 5000,top5000,n.,η προϋπόθεση,premise,premise photo,generated
7727,13,Top 5000,Top 5000,top5000,adj.,σάπιος,rotten,rotten photo,generated
7728,13,Top 5000,Top 5000,top5000,n.,η αναλογία,ratio,ratio photo,generated
7729,13,Top 5000,Top 5000,top5000,adj.,διαβολικός,diabolical,diabolical photo,generated
7730,13,Top 5000,Top 5000,top5000,n.,η κατσαρόλα,saucepan,saucepan photo,generated
7731,13,Top 5000,Top 5000,top5000,n.,το μαστίγιο,whip,whip photo,generated
7732,13,Top 5000,Top 5000,top5000,v.,ξανασκέφτομαι,reconsider,reconsider photo,generated
7733,13,Top 5000,Top 5000,top5000,n.,η αφαίρεση,removal,removal photo,generated
7734,13,Top 5000,Top 5000,top5000,n.,η λατρεία,worship,worship photo,generated
7735,13,Top 5000,Top 5000,top5000,n.,η έξαψη,thrill,thrill photo,generated
7736,13,Top 5000,Top 5000,top5000,n.,το χειρόγραφο,manuscript,manuscript photo,generated
7737,13,Top 5000,Top 5000,top5000,adj.,καταραμένος,damned,damned photo,generated
7738,13,Top 5000,Top 5000,top5000,v.,θρηνώ,mourn,mourn photo,generated
7739,13,Top 5000,Top 5000,top5000,adj.,άκυρος,invalid,invalid photo,generated
7740,13,Top 5000,Top 5000,top5000,adj.,διακριτικός,discreet,discreet photo,generated
7741,13,Top 5000,Top 5000,top5000,v.,αναστενάζω,sigh,sigh photo,generated
7742,13,Top 5000,Top 5000,top5000,n.,ο πρόσφυγας,refugee,refugee photo,generated
7743,13,Top 5000,Top 5000,top5000,v.,ανταποδίδω,give back in return,give back in return photo,generated
7744,13,Top 5000,Top 5000,top5000,adj.,σχεδιασμένος,draw,draw photo,generated
7745,13,Top 5000,Top 5000,top5000,adj.,καμένος,burn,burn photo,generated
7746,13,Top 5000,Top 5000,top5000,adj.,ο εκατομμυριούχος,millionaire,millionaire photo,generated
7747,13,Top 5000,Top 5000,top5000,n.,το κορδόνι,cord,cord photo,generated
7748,13,Top 5000,Top 5000,top5000,v.,επαναφέρω,reset,reset photo,generated
7749,13,Top 5000,Top 5000,top5000,n.,η κατσαρίδα,cockroach,cockroach photo,generated
7750,13,Top 5000,Top 5000,top5000,n.,το πορτμπαγκάζ,car boot,car boot photo,generated
7751,13,Top 5000,Top 5000,top5000,n.,ο αστράγαλος,ankle,ankle photo,generated
7752,13,Top 5000,Top 5000,top5000,n.,η στοργή,the affection,,needs_review
7753,13,Top 5000,Top 5000,top5000,adj.,ευθύς,direct,direct photo,generated
7754,13,Top 5000,Top 5000,top5000,n.,το παρεκκλήσι,chapel,chapel photo,generated
7755,13,Top 5000,Top 5000,top5000,n.,το παγκάκι,bench,bench photo,generated
7756,13,Top 5000,Top 5000,top5000,n.,ο πίθηκος,the ape,,needs_review
7757,13,Top 5000,Top 5000,top5000,n.,ο γερανός,crane,crane photo,generated
7758,13,Top 5000,Top 5000,top5000,n.,το πλάτος,width,width photo,generated
7759,13,Top 5000,Top 5000,top5000,adj.,ανασφαλής,insecure,insecure photo,generated
7760,13,Top 5000,Top 5000,top5000,adv.,ολοταχώς,at full speed,at full speed photo,generated
7761,13,Top 5000,Top 5000,top5000,n.,ο βήχας,cough,cough photo,generated
7762,13,Top 5000,Top 5000,top5000,adv.,άσκοπα,aimlessly,aimlessly photo,generated
7763,13,Top 5000,Top 5000,top5000,v.,απολύομαι,am released,am released photo,generated
7764,13,Top 5000,Top 5000,top5000,n.,το πιπέρι,pepper,pepper photo,generated
7765,13,Top 5000,Top 5000,top5000,n.,το ξύρισμα,shave,shave photo,generated
7766,13,Top 5000,Top 5000,top5000,adj.,εξαντλημένος,exhausted,exhausted photo,generated
7767,13,Top 5000,Top 5000,top5000,adj.,κλεισμένος,closed,closed photo,generated
7768,13,Top 5000,Top 5000,top5000,n.,η κουκουβάγια,the owl,,needs_review
7769,13,Top 5000,Top 5000,top5000,adj.,μεγαλόσωμος,burly,burly photo,generated
7770,13,Top 5000,Top 5000,top5000,adj.,αντρικός,masculine,masculine photo,generated
7771,13,Top 5000,Top 5000,top5000,adj.,άοπλος,unarmed,unarmed photo,generated
7772,13,Top 5000,Top 5000,top5000,adj.,πρακτικός,practical,practical photo,generated
7773,13,Top 5000,Top 5000,top5000,n.,ο χωρικός,villager,villager photo,generated
7774,13,Top 5000,Top 5000,top5000,n.,ο παρατηρητής,observer,observer photo,generated
7775,13,Top 5000,Top 5000,top5000,n.,εξασφαλίζω,ensure,ensure photo,generated
7776,13,Top 5000,Top 5000,top5000,n.,η απασχόληση,employment,employment photo,generated
7777,13,Top 5000,Top 5000,top5000,n.,η διασημότητα,celebrity,celebrity photo,generated
7778,13,Top 5000,Top 5000,top5000,n.,το αντίκτυπο,fallout,fallout photo,generated
7779,13,Top 5000,Top 5000,top5000,adj.,απότομος,steep,steep photo,generated
7780,13,Top 5000,Top 5000,top5000,adj.,ολοφάνερος,patently obvious,patently obvious photo,generated
7781,13,Top 5000,Top 5000,top5000,n.,η λιακάδα,sunshine,sunshine photo,generated
7782,13,Top 5000,Top 5000,top5000,v.,στεγνώνω,I dry,,needs_review
7783,13,Top 5000,Top 5000,top5000,n.,η κηλίδα,speck,speck photo,generated
7784,13,Top 5000,Top 5000,top5000,n.,η κονσέρβα,the tin can,,needs_review
7785,13,Top 5000,Top 5000,top5000,n.,η πρόβλεψη,prediction,prediction photo,generated
7786,13,Top 5000,Top 5000,top5000,n.,η στοίβα,stack,stack photo,generated
7787,13,Top 5000,Top 5000,top5000,adj.,ανάπηρος,handicapped,handicapped photo,generated
7788,13,Top 5000,Top 5000,top5000,n.,ο ηλεκτρισμός,electricity,electricity photo,generated
7789,13,Top 5000,Top 5000,top5000,adj.,οικονόμος,housekeeper,housekeeper photo,generated
7790,13,Top 5000,Top 5000,top5000,adv.,αδέξια,awkwardly,awkwardly photo,generated
7791,13,Top 5000,Top 5000,top5000,v.,θεραπεύω,heal,heal photo,generated
7792,13,Top 5000,Top 5000,top5000,adj.,πειστικός,persuasive,persuasive photo,generated
7793,13,Top 5000,Top 5000,top5000,n.,η διατριβή,thesis,thesis photo,generated
7794,13,Top 5000,Top 5000,top5000,adj.,καταθλιπτικός,depressing,depressing photo,generated
7795,13,Top 5000,Top 5000,top5000,n.,το ρυάκι,stream,stream photo,generated
7796,13,Top 5000,Top 5000,top5000,n.,η αντανάκλαση,reflection,reflection photo,generated
7797,13,Top 5000,Top 5000,top5000,adj.,πεντανόστιμος,very tasty,very tasty photo,generated
7798,13,Top 5000,Top 5000,top5000,n.,θρησκευτικός,religious,religious photo,generated
7799,13,Top 5000,Top 5000,top5000,n.,ο νονός,godfather,godfather photo,generated
7800,13,Top 5000,Top 5000,top5000,n.,η δόνηση,vibration,vibration photo,generated
7801,13,Top 5000,Top 5000,top5000,n.,η επιβίβαση,boarding,boarding photo,generated
7802,13,Top 5000,Top 5000,top5000,v.,προγραμματίζω,plan,plan photo,generated
7803,13,Top 5000,Top 5000,top5000,n.,το εξάρτημα,component,component photo,generated
7804,13,Top 5000,Top 5000,top5000,adj.,παρκαρισμένος,park,park photo,generated
7805,13,Top 5000,Top 5000,top5000,adj.,τεμπέλης,lazy,lazy photo,generated
7806,13,Top 5000,Top 5000,top5000,n.,η γενειάδα,full beard,full beard photo,generated
7807,13,Top 5000,Top 5000,top5000,adj.,θαλάσσιος,relating to,relating to photo,generated
7808,13,Top 5000,Top 5000,top5000,adv.,εξαίσια,brilliantly,brilliantly photo,generated
7809,13,Top 5000,Top 5000,top5000,v.,αποσπώ,extort,extort photo,generated
7810,13,Top 5000,Top 5000,top5000,n.,η διάκριση,distinction,distinction photo,generated
7811,13,Top 5000,Top 5000,top5000,n.,ο φάρος,lighthouse,lighthouse photo,generated
7812,13,Top 5000,Top 5000,top5000,adv.,ιστορικά,historically,historically photo,generated
7813,13,Top 5000,Top 5000,top5000,n.,η ηχώ,echo,echo photo,generated
7814,13,Top 5000,Top 5000,top5000,n.,το αρπακτικό,predator,predator photo,generated
7815,13,Top 5000,Top 5000,top5000,adj.,άφθονος,plentiful,plentiful photo,generated
7816,13,Top 5000,Top 5000,top5000,n.,ο κηπουρός,gardener,gardener photo,generated
7817,13,Top 5000,Top 5000,top5000,v.,βράζω,boil,boil photo,generated
7818,13,Top 5000,Top 5000,top5000,n.,το δελφίνι,dolphin,dolphin photo,generated
7819,13,Top 5000,Top 5000,top5000,n.,η μάσα,grub,grub photo,generated
7820,13,Top 5000,Top 5000,top5000,v.,νοικιάζω,rent,rent photo,generated
7821,13,Top 5000,Top 5000,top5000,adj.,μπόλικος,plenty,plenty photo,generated
7822,13,Top 5000,Top 5000,top5000,adj.,επώδυνος,painful,painful photo,generated
7823,13,Top 5000,Top 5000,top5000,n.,η ψυχαγωγία,entertainment,entertainment photo,generated
7824,13,Top 5000,Top 5000,top5000,adj.,μολυσμένος,infected,infected photo,generated
7825,13,Top 5000,Top 5000,top5000,v.,σκοράρω,score,score photo,generated
7826,13,Top 5000,Top 5000,top5000,v.,κατασκοπεύω,spy,,needs_review
7827,13,Top 5000,Top 5000,top5000,n.,η πρέζα,sprinkle,sprinkle photo,generated
7828,13,Top 5000,Top 5000,top5000,n.,η σαύρα,lizard,lizard photo,generated
7829,13,Top 5000,Top 5000,top5000,v.,δανείζω,lend,lend photo,generated
7830,13,Top 5000,Top 5000,top5000,adj.,φορητός,portable,portable photo,generated
7831,13,Top 5000,Top 5000,top5000,n.,το τσίμπημα,sting,sting photo,generated
7832,13,Top 5000,Top 5000,top5000,v.,βάφω,paint,paint photo,generated
7833,13,Top 5000,Top 5000,top5000,adv.,ηθικά,morally,morally photo,generated
7834,13,Top 5000,Top 5000,top5000,v.,ανακτώ,regain,regain photo,generated
7835,13,Top 5000,Top 5000,top5000,adj.,δερμάτινος,leather,leather photo,generated
7836,13,Top 5000,Top 5000,top5000,n.,η πυραμίδα,pyramid,pyramid photo,generated
7837,13,Top 5000,Top 5000,top5000,n.,η κολοκύθα,pumpkin,pumpkin photo,generated
7838,13,Top 5000,Top 5000,top5000,n.,το καλάμι,reed,reed photo,generated
7839,13,Top 5000,Top 5000,top5000,n.,η ρύθμιση,regulation,regulation photo,generated
7840,13,Top 5000,Top 5000,top5000,n.,η σταθερότητα,solidity,solidity photo,generated
7841,13,Top 5000,Top 5000,top5000,n.,ο κόμπος,knot,knot photo,generated
7842,13,Top 5000,Top 5000,top5000,adj.,εκπαιδευμένος,educate,educate photo,generated
7843,13,Top 5000,Top 5000,top5000,n.,ο Ιρλανδός,Irish person,Irish person photo,generated
7844,13,Top 5000,Top 5000,top5000,n.,ο λαβύρινθος,maze,maze photo,generated
7845,13,Top 5000,Top 5000,top5000,v.,στηρίζω,uphold,uphold photo,generated
7846,13,Top 5000,Top 5000,top5000,adj.,αυριανός,tomorrow's,tomorrow's photo,generated
7847,13,Top 5000,Top 5000,top5000,n.,ο σκελετός,skeleton,skeleton photo,generated
7848,13,Top 5000,Top 5000,top5000,n.,η τριάδα,trio,trio photo,generated
7849,13,Top 5000,Top 5000,top5000,n. pl.,τα άπλυτα,dirty laundry,dirty laundry photo,generated
7850,13,Top 5000,Top 5000,top5000,n.,το κασκόλ,scarf,scarf photo,generated
7851,13,Top 5000,Top 5000,top5000,v.,νευριάζω,get angry,get angry photo,generated
7852,13,Top 5000,Top 5000,top5000,adv.,προκαταβολικά,beforehand,beforehand photo,generated
7853,13,Top 5000,Top 5000,top5000,adj.,ευφυής,intelligent,intelligent photo,generated
7854,13,Top 5000,Top 5000,top5000,adj.,νευριασμένος,angry,angry photo,generated
7855,13,Top 5000,Top 5000,top5000,v.,κολακεύω,flatter,flatter photo,generated
7856,13,Top 5000,Top 5000,top5000,adj.,γνήσιος,authentic,authentic photo,generated
7857,13,Top 5000,Top 5000,top5000,adj.,συνετός,prudent,prudent photo,generated
7858,13,Top 5000,Top 5000,top5000,adj.,πρωτόγονος,primitive,primitive photo,generated
7859,13,Top 5000,Top 5000,top5000,v.,συχνάζω,frequent,frequent photo,generated
7860,13,Top 5000,Top 5000,top5000,n.,ο σιδηρόδρομος,railway,railway photo,generated
7861,13,Top 5000,Top 5000,top5000,n.,η ενίσχυση,reinforcement,reinforcement photo,generated
7862,13,Top 5000,Top 5000,top5000,adj.,άσκοπος,aimless,aimless photo,generated
7863,13,Top 5000,Top 5000,top5000,v.,εκτελώ,carry out,carry out photo,generated
7864,13,Top 5000,Top 5000,top5000,n.,η παραίτηση,resignation,resignation photo,generated
7865,13,Top 5000,Top 5000,top5000,v.,συγκρίνω,compare,compare photo,generated
7866,13,Top 5000,Top 5000,top5000,adj.,αλλοδαπός,alien,alien photo,generated
7867,13,Top 5000,Top 5000,top5000,n.,η νότα,musical note,musical note photo,generated
7868,13,Top 5000,Top 5000,top5000,n.,η μεταμόρφωση,transformation,transformation photo,generated
7869,13,Top 5000,Top 5000,top5000,adj.,κοφτερός,sharp,sharp photo,generated
7870,13,Top 5000,Top 5000,top5000,adj.,θλιμμένος,showing saddness,showing saddness photo,generated
7871,13,Top 5000,Top 5000,top5000,n.,το έντερο,intestine,intestine photo,generated
7872,13,Top 5000,Top 5000,top5000,n.,η ερημιά,wilderness,wilderness photo,generated
7873,13,Top 5000,Top 5000,top5000,v.,πανικοβάλλομαι,be panic stricken,be panic stricken photo,generated
7874,13,Top 5000,Top 5000,top5000,n.,η κατανάλωση,consumption,consumption photo,generated
7875,13,Top 5000,Top 5000,top5000,n.,συμβολίζω,symbolise,symbolise photo,generated
7876,13,Top 5000,Top 5000,top5000,adv.,ευθέως,immediately,immediately photo,generated
7877,13,Top 5000,Top 5000,top5000,n.,ο εργαζόμενος,worker,worker photo,generated
7878,13,Top 5000,Top 5000,top5000,n.,η ταπείνωση,humiliation,humiliation photo,generated
7879,13,Top 5000,Top 5000,top5000,n.,η ύφεση,recession,recession photo,generated
7880,13,Top 5000,Top 5000,top5000,n.,ο ψαράς,fisherman,fisherman photo,generated
7881,13,Top 5000,Top 5000,top5000,v.,δικαιολογώ,justify,justify photo,generated
7882,13,Top 5000,Top 5000,top5000,v.,ορίζω,define,define photo,generated
7883,13,Top 5000,Top 5000,top5000,n.,ο λεκές,stain,stain photo,generated
7884,13,Top 5000,Top 5000,top5000,v.,αδειάζω,clear out,clear out photo,generated
7885,13,Top 5000,Top 5000,top5000,n.,η υστερία,hysteria,hysteria photo,generated
7886,13,Top 5000,Top 5000,top5000,adj.,χτυπημένος,beaten,beaten photo,generated
7887,13,Top 5000,Top 5000,top5000,v.,εκκενώνω,empty,empty photo,generated
7888,13,Top 5000,Top 5000,top5000,n.,η πλημμύρα,flood,flood photo,generated
7889,13,Top 5000,Top 5000,top5000,adv.,παραδόξως,paradoxically,paradoxically photo,generated
7890,13,Top 5000,Top 5000,top5000,v.,χειροκροτάω,clap,clap photo,generated
7891,13,Top 5000,Top 5000,top5000,n.,ο οικοδεσπότης,host,host photo,generated
7892,13,Top 5000,Top 5000,top5000,n.,η μετακόμιση,house move,house move photo,generated
7893,13,Top 5000,Top 5000,top5000,v.,στάζω,drip,drip photo,generated
7894,13,Top 5000,Top 5000,top5000,n.,ο αντίχειρας,thumb,thumb photo,generated
7895,13,Top 5000,Top 5000,top5000,n.,η λύτρωση,redemption,redemption photo,generated
7896,13,Top 5000,Top 5000,top5000,n.,το πετράδι,jewel,jewel photo,generated
7897,13,Top 5000,Top 5000,top5000,n.,η περιφρόνηση,contempt,contempt photo,generated
7898,13,Top 5000,Top 5000,top5000,n.,το ορεκτικό,starter,starter photo,generated
7899,13,Top 5000,Top 5000,top5000,v.,εκπληρώνω,fulfill,fulfill photo,generated
7900,13,Top 5000,Top 5000,top5000,adj.,ριψοκίνδυνος,risky,risky photo,generated
7901,13,Top 5000,Top 5000,top5000,v.,συμφέρω,to be bargain,to be bargain photo,generated
7902,13,Top 5000,Top 5000,top5000,adj.,τωρινός,current,current photo,generated
7903,13,Top 5000,Top 5000,top5000,adj.,γραφικός,written,written photo,generated
7904,13,Top 5000,Top 5000,top5000,adj.,ανυπόμονος,impatient,impatient photo,generated
7905,13,Top 5000,Top 5000,top5000,n.,η διακριτικότητα,discretion,discretion photo,generated
7906,13,Top 5000,Top 5000,top5000,adj.,ξεροκέφαλος,headstrong,headstrong photo,generated
7907,13,Top 5000,Top 5000,top5000,n.,η φούσκα,bubble,bubble photo,generated
7908,13,Top 5000,Top 5000,top5000,adj.,λειτουργικός,operational,operational photo,generated
7909,13,Top 5000,Top 5000,top5000,n.,η πεζοπορία,hike,hike photo,generated
7910,13,Top 5000,Top 5000,top5000,n.,η οικειότητα,intimacy,intimacy photo,generated
7911,13,Top 5000,Top 5000,top5000,v.,ζαλίζομαι,feel dizzy,feel dizzy photo,generated
7912,13,Top 5000,Top 5000,top5000,adj.,αιχμάλωτος,captured,captured photo,generated
7913,13,Top 5000,Top 5000,top5000,adj.,εργαζόμενος,employed,employed photo,generated
7914,13,Top 5000,Top 5000,top5000,n.,η χωματερή,rubbish dump,rubbish dump photo,generated
7915,13,Top 5000,Top 5000,top5000,n.,η ενότητα,unity,unity photo,generated
7916,13,Top 5000,Top 5000,top5000,adj.,άπληστος,greedy,greedy photo,generated
7917,13,Top 5000,Top 5000,top5000,n.,το αίσχος,outrage,outrage photo,generated
7918,13,Top 5000,Top 5000,top5000,v.,καθορίζω,determine,determine photo,generated
7919,13,Top 5000,Top 5000,top5000,adj.,ασυγχώρητος,unforgivable,unforgivable photo,generated
7920,13,Top 5000,Top 5000,top5000,adv.,καταρχήν,first of all,first of all photo,generated
7921,13,Top 5000,Top 5000,top5000,n.,ο ιθαγενής,indigenous person,indigenous person photo,generated
7922,13,Top 5000,Top 5000,top5000,n.,η εξορία,exile,exile photo,generated
7923,13,Top 5000,Top 5000,top5000,adv.,ταπεινά,humbly,humbly photo,generated
7924,13,Top 5000,Top 5000,top5000,v.,βυθίζομαι,sink,sink photo,generated
7925,13,Top 5000,Top 5000,top5000,v.,απατάω,cheat,cheat photo,generated
7926,13,Top 5000,Top 5000,top5000,adj.,ψύχραιμος,cool-headed,cool-headed photo,generated
7927,13,Top 5000,Top 5000,top5000,adj.,θεϊκός,divine,divine photo,generated
7928,13,Top 5000,Top 5000,top5000,adj.,πλαστός,invented,invented photo,generated
7929,13,Top 5000,Top 5000,top5000,n.,ο αστακός,lobster,lobster photo,generated
7930,13,Top 5000,Top 5000,top5000,adj.,αναμμένος,burning,burning photo,generated
7931,13,Top 5000,Top 5000,top5000,adj.,διπλωματικός,diplomatic,diplomatic photo,generated
7932,13,Top 5000,Top 5000,top5000,n.,η ενσωμάτωση,incorporation,incorporation photo,generated
7933,13,Top 5000,Top 5000,top5000,adv.,αποτελεσματικά,effectively,effectively photo,generated
7934,13,Top 5000,Top 5000,top5000,n.,η υπερβολή,exaggeration,exaggeration photo,generated
7935,13,Top 5000,Top 5000,top5000,adj.,αμυντικός,defensive,defensive photo,generated
7936,13,Top 5000,Top 5000,top5000,n.,ο κτηνίατρος,veterinarian,veterinarian photo,generated
7937,13,Top 5000,Top 5000,top5000,adj.,αμβλύς,blunt,blunt photo,generated
7938,13,Top 5000,Top 5000,top5000,"adj,",άψογος,impeccable,impeccable photo,generated
7939,13,Top 5000,Top 5000,top5000,n.,η κακοτυχία,bad luck,bad luck photo,generated
7940,13,Top 5000,Top 5000,top5000,n.,το επιχείρημα,reasoning,reasoning photo,generated
7941,13,Top 5000,Top 5000,top5000,n.,το είδωλο,idol,idol photo,generated
7942,13,Top 5000,Top 5000,top5000,adv.,ανώνυμα,anonymously,anonymously photo,generated
7943,13,Top 5000,Top 5000,top5000,v.,διαπερνώ,more formal variant of διαπερνάω (diapernáo),,needs_review
7944,13,Top 5000,Top 5000,top5000,v.,σαπίζω,(intransitive) rot,,needs_review
7945,13,Top 5000,Top 5000,top5000,n.,το αξιοθέατο,tourist attraction,tourist attraction photo,generated
7946,13,Top 5000,Top 5000,top5000,n.,το θήραμα,prey,prey photo,generated
7947,13,Top 5000,Top 5000,top5000,n.,η ύπαιθρος,countryside,countryside photo,generated
7948,13,Top 5000,Top 5000,top5000,n.,η σειρήνα,siren,siren photo,generated
7949,13,Top 5000,Top 5000,top5000,n.,ο αγκώνας,elbow,elbow photo,generated
7950,13,Top 5000,Top 5000,top5000,n.,πονηρός,tricky,tricky photo,generated
7951,13,Top 5000,Top 5000,top5000,adv.,συναρπαστικά,excitingly,excitingly photo,generated
7952,13,Top 5000,Top 5000,top5000,n.,ο αντιπρόσωπος,representative,representative photo,generated
7953,13,Top 5000,Top 5000,top5000,adj.,βασισμένος,base,base photo,generated
7954,13,Top 5000,Top 5000,top5000,adj.,ανήλικος,underage,underage photo,generated
7955,13,Top 5000,Top 5000,top5000,v.,υποκρίνομαι,pretend,pretend photo,generated
7956,13,Top 5000,Top 5000,top5000,adj.,λανθασμένος,incorrect,incorrect photo,generated
7957,13,Top 5000,Top 5000,top5000,adj.,παχύς,incrassate,incrassate photo,generated
7958,13,Top 5000,Top 5000,top5000,adj.,επιφανειακός,superficial,superficial photo,generated
7959,13,Top 5000,Top 5000,top5000,n.,η εκτύπωση,printing,printing photo,generated
7960,13,Top 5000,Top 5000,top5000,n.,η προεδρία,presidency,presidency photo,generated
7961,13,Top 5000,Top 5000,top5000,v.,ευλογώ,bless,bless photo,generated
7962,13,Top 5000,Top 5000,top5000,n.,ο κώδικας,code,code photo,generated
7963,13,Top 5000,Top 5000,top5000,n.,η αλαζονεία,arrogance,arrogance photo,generated
7964,13,Top 5000,Top 5000,top5000,adj.,λαμπερός,shining,shining photo,generated
7965,13,Top 5000,Top 5000,top5000,n.,η εγκατάλειψη,abandonment,abandonment photo,generated
7966,13,Top 5000,Top 5000,top5000,n.,το κατσαβίδι,screwdriver,screwdriver photo,generated
7967,13,Top 5000,Top 5000,top5000,adj.,ύπουλος,devious,devious photo,generated
7968,13,Top 5000,Top 5000,top5000,n.,ο μοχλός,lever,lever photo,generated
7969,13,Top 5000,Top 5000,top5000,v.,χρησιμεύω,am useful,am useful photo,generated
7970,13,Top 5000,Top 5000,top5000,n.,η επιμονή,persistence,persistence photo,generated
7971,13,Top 5000,Top 5000,top5000,n.,το πλήγμα,shock,shock photo,generated
7972,13,Top 5000,Top 5000,top5000,n.,το κέλυφος,shell,shell photo,generated
7973,13,Top 5000,Top 5000,top5000,adj.,εκπαιδευτικός,educational,educational photo,generated
7974,13,Top 5000,Top 5000,top5000,n.,το οικοτροφείο,boarding school,boarding school photo,generated
7975,13,Top 5000,Top 5000,top5000,n.,το ενθύμιο,souvenir,souvenir photo,generated
7976,13,Top 5000,Top 5000,top5000,adj.,αναγκασμένος,be compelled,be compelled photo,generated
7977,13,Top 5000,Top 5000,top5000,n.,ο εργοδότης,employer,employer photo,generated
7978,13,Top 5000,Top 5000,top5000,n.,ο συλλέκτης,collector,collector photo,generated
7979,13,Top 5000,Top 5000,top5000,n.,η πυκνότητα,density,density photo,generated
7980,13,Top 5000,Top 5000,top5000,adj.,τολμηρός,bold,bold photo,generated
7981,13,Top 5000,Top 5000,top5000,n.,το μούρο,berry,berry photo,generated
7982,13,Top 5000,Top 5000,top5000,adj.,άπειρος,inexperienced,inexperienced photo,generated
7983,13,Top 5000,Top 5000,top5000,v.,αποφοιτώ,graduate,graduate photo,generated
7984,13,Top 5000,Top 5000,top5000,v.,μεθάω,get drunk,get drunk photo,generated
7985,13,Top 5000,Top 5000,top5000,adj.,η ταφή,burial,burial photo,generated
7986,13,Top 5000,Top 5000,top5000,adj.,οργανωμένος,organised,organised photo,generated
7987,13,Top 5000,Top 5000,top5000,n.,η έμφαση,emphasis,emphasis photo,generated
7988,13,Top 5000,Top 5000,top5000,n.,το στρείδι,oyster,oyster photo,generated
7989,13,Top 5000,Top 5000,top5000,n.,η μονή,monastery,monastery photo,generated
7990,13,Top 5000,Top 5000,top5000,n.,η ανικανότητα,incompetence,incompetence photo,generated
7991,13,Top 5000,Top 5000,top5000,n.,η περιστροφή,rotation,rotation photo,generated
7992,13,Top 5000,Top 5000,top5000,n.,ο ορισμός,definition,definition photo,generated
7993,13,Top 5000,Top 5000,top5000,adj.,ωμός,shoulder,shoulder photo,generated
7994,13,Top 5000,Top 5000,top5000,n.,η τόλμη,boldness,boldness photo,generated
7995,13,Top 5000,Top 5000,top5000,v.,σκοτεινιάζω,darken,darken photo,generated
7996,13,Top 5000,Top 5000,top5000,adv.,πιστά,piste,piste photo,generated
7997,13,Top 5000,Top 5000,top5000,n.,το οικόπεδο,plot of land,plot of land photo,generated
7998,13,Top 5000,Top 5000,top5000,n.,το έντυπο,the form,,needs_review
7999,13,Top 5000,Top 5000,top5000,v.,διαρρέω,+accusative,+accusative photo,generated
8000,13,Top 5000,Top 5000,top5000,adj.,ψηφιακός,digital,digital photo,generated
8001,13,Top 5000,Top 5000,top5000,v.,παρακάνω,overdo it,overdo it photo,generated
8002,13,Top 5000,Top 5000,top5000,v.,βρίζω,insult,insult photo,generated
8003,13,Top 5000,Top 5000,top5000,adj.,ευάλωτος,vulnerable,vulnerable photo,generated
8004,13,Top 5000,Top 5000,top5000,adj.,αμέτρητος,innumerable,innumerable photo,generated
8005,13,Top 5000,Top 5000,top5000,adj.,βραστός,boiled,boiled photo,generated
8006,13,Top 5000,Top 5000,top5000,adj.,καλυμμένος,am covered,am covered photo,generated
8007,13,Top 5000,Top 5000,top5000,n.,ο μαραθώνιος,marathon,marathon photo,generated
8008,13,Top 5000,Top 5000,top5000,n.,το τρίμηνο,three-month period,three-month period photo,generated
8009,13,Top 5000,Top 5000,top5000,adv.,ομαλά,regular,regular photo,generated
8010,13,Top 5000,Top 5000,top5000,n.,η ταπετσαρία,wallpaper,wallpaper photo,generated
8011,13,Top 5000,Top 5000,top5000,n.,το κανό,canoe,canoe photo,generated
8012,13,Top 5000,Top 5000,top5000,n.,αγωνίζομαι,fight,fight photo,generated
8013,13,Top 5000,Top 5000,top5000,n.,το δίλημμα,dilemma,dilemma photo,generated
8014,13,Top 5000,Top 5000,top5000,n.,η απιστία,infidelity,infidelity photo,generated
8015,13,Top 5000,Top 5000,top5000,adj.,ισπανικός,Spanish,Spanish photo,generated
8016,13,Top 5000,Top 5000,top5000,adv.,εντυπωσιακά,impressive,impressive photo,generated
8017,13,Top 5000,Top 5000,top5000,n.,το τηγάνι,frying pan,frying pan photo,generated
8018,13,Top 5000,Top 5000,top5000,n.,η διάκριση,distinction,distinction photo,generated
8019,13,Top 5000,Top 5000,top5000,adj.,τυλιγμένος,wrapped,wrapped photo,generated
8020,13,Top 5000,Top 5000,top5000,adj.,πιωμένος,drink,drink photo,generated
8021,13,Top 5000,Top 5000,top5000,adj.,εύθραυστος,fragile,fragile photo,generated
8022,13,Top 5000,Top 5000,top5000,n.,το πορτμπαγκάζ,car boot,car boot photo,generated
8023,13,Top 5000,Top 5000,top5000,n.,η ρωγμή,crack,crack photo,generated
8024,13,Top 5000,Top 5000,top5000,adj.,διεφθαρμένος,corrupt,corrupt photo,generated
8025,13,Top 5000,Top 5000,top5000,adj.,καλλιτεχνικός,artistic,artistic photo,generated
8026,13,Top 5000,Top 5000,top5000,adj.,προγραμματισμένος,plan,plan photo,generated
8027,13,Top 5000,Top 5000,top5000,v.,περιφέρομαι,wander around,wander around photo,generated
8028,13,Top 5000,Top 5000,top5000,adj.,διεστραμμένος,perverted,perverted photo,generated
8029,13,Top 5000,Top 5000,top5000,n.,το σιτάρι,wheat,wheat photo,generated
8030,13,Top 5000,Top 5000,top5000,n.,ο κορμός,trunk,trunk photo,generated
8031,13,Top 5000,Top 5000,top5000,imp. v.,χιονίζει,it is snowing,it is snowing photo,generated
8032,13,Top 5000,Top 5000,top5000,n. pl.,οι ασυναρτησίες,ravings,ravings photo,generated
8033,13,Top 5000,Top 5000,top5000,adj.,έξοχος,superb,superb photo,generated
8034,13,Top 5000,Top 5000,top5000,adj.,παθιασμένος,passionate,passionate photo,generated
8035,13,Top 5000,Top 5000,top5000,adv.,εμπιστευτικά,confidentially,confidentially photo,generated
8036,13,Top 5000,Top 5000,top5000,n.,το ταμπλό,dashboard,dashboard photo,generated
8037,13,Top 5000,Top 5000,top5000,n.,η ζωντάνια,liveliness,liveliness photo,generated
8038,13,Top 5000,Top 5000,top5000,adv.,θερμά,warmly,warmly photo,generated
8039,13,Top 5000,Top 5000,top5000,n.,ο ρατσισμός,racism,racism photo,generated
8040,13,Top 5000,Top 5000,top5000,adj.,ρευστός,liquid,liquid photo,generated
8041,13,Top 5000,Top 5000,top5000,adj.,έμπειρος,experienced,experienced photo,generated
8042,13,Top 5000,Top 5000,top5000,n.,το καμάρι,pride,pride photo,generated
8043,13,Top 5000,Top 5000,top5000,n.,η αρχιτεκτονική,architecture,architecture photo,generated
8044,13,Top 5000,Top 5000,top5000,adj.,αξιολάτρευτος,adorable,adorable photo,generated
8045,13,Top 5000,Top 5000,top5000,n.,η βρωμιά,dirtiness,dirtiness photo,generated
8046,13,Top 5000,Top 5000,top5000,v.,επιταχύνω,accelerate,accelerate photo,generated
8047,13,Top 5000,Top 5000,top5000,n.,η αθανασία,immortality,immortality photo,generated
8048,13,Top 5000,Top 5000,top5000,n.,ο υποστηρικτής,supporter,supporter photo,generated
8049,13,Top 5000,Top 5000,top5000,adj.,εμπιστευτικός,confidential,confidential photo,generated
8050,13,Top 5000,Top 5000,top5000,n.,η παράταση,extra time,extra time photo,generated
8051,13,Top 5000,Top 5000,top5000,n.,το περίπτερο,kiosk,kiosk photo,generated
8052,13,Top 5000,Top 5000,top5000,n.,η νευρικότητα,nervousness,nervousness photo,generated
8053,13,Top 5000,Top 5000,top5000,adj.,ακραίος,extreme,extreme photo,generated
8054,13,Top 5000,Top 5000,top5000,adj.,εμφανής,evident,evident photo,generated
8055,13,Top 5000,Top 5000,top5000,n.,η προκατάληψη,prejudice,prejudice photo,generated
8056,13,Top 5000,Top 5000,top5000,n.,το φιλέτο,steak,steak photo,generated
8057,13,Top 5000,Top 5000,top5000,adj.,δημιουργικός,creative,creative photo,generated
8058,13,Top 5000,Top 5000,top5000,n.,το βαμβάκι,cotton,cotton photo,generated
8059,13,Top 5000,Top 5000,top5000,v.,ξεναγώ,show around,show around photo,generated
8060,13,Top 5000,Top 5000,top5000,adj.,τριπλός,triple,triple photo,generated
8061,13,Top 5000,Top 5000,top5000,num.,εβδομήντα,seventy,seventy photo,generated
8062,13,Top 5000,Top 5000,top5000,adj.,συγκλονιστικός,shocking,shocking photo,generated
8063,13,Top 5000,Top 5000,top5000,adj.,τρυφερός,tender,tender photo,generated
8064,13,Top 5000,Top 5000,top5000,n.,το άπειρο,infinity,infinity photo,generated
8065,13,Top 5000,Top 5000,top5000,adj.,διακριτικός,discreet,discreet photo,generated
8066,13,Top 5000,Top 5000,top5000,n.,η συντομία,brevity,brevity photo,generated
8067,13,Top 5000,Top 5000,top5000,n.,το επίτευγμα,achievement,achievement photo,generated
8068,13,Top 5000,Top 5000,top5000,v.,προορίζομαι,am intented for,am intented for photo,generated
8069,13,Top 5000,Top 5000,top5000,v.,μηνύω,(transitive) sue; file a lawsuit against somebody,,needs_review
8070,13,Top 5000,Top 5000,top5000,n.,το μοναχοπαίδι,only child,only child photo,generated
8071,13,Top 5000,Top 5000,top5000,n.,το ανέκδοτο,anecdote,anecdote photo,generated
8072,13,Top 5000,Top 5000,top5000,v.,παρασύρω,lead astray,lead astray photo,generated
8073,13,Top 5000,Top 5000,top5000,num.,ογδόντα,eighty,eighty photo,generated
8074,13,Top 5000,Top 5000,top5000,v.,σκουπίζω,sweep,sweep photo,generated
8075,13,Top 5000,Top 5000,top5000,v.,υποχωρώ,retreat,retreat photo,generated
8076,13,Top 5000,Top 5000,top5000,n.,το ναυάγιο,shipwreck,shipwreck photo,generated
8077,13,Top 5000,Top 5000,top5000,n.,η αναγέννηση,rebirth,rebirth photo,generated
8078,13,Top 5000,Top 5000,top5000,n.,ο ψυχάκιας,psycho,psycho photo,generated
8079,13,Top 5000,Top 5000,top5000,adj.,άτακτος,cheeky,cheeky photo,generated
8080,13,Top 5000,Top 5000,top5000,adj.,κατεστραμμένος,destroyed,destroyed photo,generated
8081,13,Top 5000,Top 5000,top5000,n.,ο καταρράκτης,waterfall,waterfall photo,generated
8082,13,Top 5000,Top 5000,top5000,n.,η προπαγάνδα,propaganda,propaganda photo,generated
8083,13,Top 5000,Top 5000,top5000,n.,η φέτα,slice,slice photo,generated
8084,13,Top 5000,Top 5000,top5000,n.,ο γάντζος,hook,hook photo,generated
8085,13,Top 5000,Top 5000,top5000,adj.,αλαζόνας,arrogant or haughty person,arrogant or haughty person photo,generated
8086,13,Top 5000,Top 5000,top5000,n.,η κουνιάδα,sister-in-law,sister-in-law photo,generated
8087,13,Top 5000,Top 5000,top5000,n.,το εγχείρημα,undertaking,undertaking photo,generated
8088,13,Top 5000,Top 5000,top5000,n.,η ευφυΐα,intelligence,intelligence photo,generated
8089,13,Top 5000,Top 5000,top5000,n.,ο τραπεζίτης,banker,banker photo,generated
8090,13,Top 5000,Top 5000,top5000,n.,το ισόγειο,ground floor,ground floor photo,generated
8091,13,Top 5000,Top 5000,top5000,adv.,αμήχανα,bewildered,bewildered photo,generated
8092,13,Top 5000,Top 5000,top5000,n.,το μειονέκτημα,disadvantage,disadvantage photo,generated
8093,13,Top 5000,Top 5000,top5000,n.,ο διάδοχος,successor,successor photo,generated
8094,13,Top 5000,Top 5000,top5000,adj.,εβραϊκός,Jewish,Jewish photo,generated
8095,13,Top 5000,Top 5000,top5000,n.,το πατίνι,skate,skate photo,generated
8096,13,Top 5000,Top 5000,top5000,n.,η κατάψυξη,freezer,freezer photo,generated
8097,13,Top 5000,Top 5000,top5000,adv.,έκτοτε,since then,since then photo,generated
8098,13,Top 5000,Top 5000,top5000,n.,η συγκομιδή,gathering,gathering photo,generated
8099,13,Top 5000,Top 5000,top5000,n.,η κοκαΐνη,cocaine,cocaine photo,generated
8100,13,Top 5000,Top 5000,top5000,n.,το χαστούκι,slap,slap photo,generated
8101,13,Top 5000,Top 5000,top5000,n.,το πούλημα,sale,sale photo,generated
8102,13,Top 5000,Top 5000,top5000,adj.,εξευτελιστικός,humiliating,humiliating photo,generated
8103,13,Top 5000,Top 5000,top5000,n.,η κούραση,tiredness,tiredness photo,generated
8104,13,Top 5000,Top 5000,top5000,v.,εκνευρίζω,irritate,irritate photo,generated
8105,13,Top 5000,Top 5000,top5000,n.,το υψόμετρο,altitude,altitude photo,generated
8106,13,Top 5000,Top 5000,top5000,n.,τα ζυμαρικά,pasta,pasta photo,generated
8107,13,Top 5000,Top 5000,top5000,adj.,υδραυλικός,hydraulic,hydraulic photo,generated
8108,13,Top 5000,Top 5000,top5000,n.,τα λάφυρα,plunder,plunder photo,generated
8109,13,Top 5000,Top 5000,top5000,adj.,γυάλινος,glass,glass photo,generated
8110,13,Top 5000,Top 5000,top5000,n.,το Βέλγιο,Belgium,Belgium photo,generated
8111,13,Top 5000,Top 5000,top5000,adv.,εσκεμμένα,intentionally,intentionally photo,generated
8112,13,Top 5000,Top 5000,top5000,adj.,δηλητηριώδης,poisonous,poisonous photo,generated
8113,13,Top 5000,Top 5000,top5000,n.,η τοποθέτηση,placement,placement photo,generated
8114,13,Top 5000,Top 5000,top5000,n.,ο υδραυλικός,plumber,plumber photo,generated
8115,13,Top 5000,Top 5000,top5000,v.,συγκεντρώνω,gather,gather photo,generated
8116,13,Top 5000,Top 5000,top5000,n.,ο εισβολέας,intruder,intruder photo,generated
8117,13,Top 5000,Top 5000,top5000,adv.,αντίστροφα,in reverse direction,in reverse direction photo,generated
8118,13,Top 5000,Top 5000,top5000,n.,το πένθος,mourning,mourning photo,generated
8119,13,Top 5000,Top 5000,top5000,n.,το σούρουπο,dusk,dusk photo,generated
8120,13,Top 5000,Top 5000,top5000,n.,ο εργολάβος,developer,developer photo,generated
8121,13,Top 5000,Top 5000,top5000,v.,σπουδάζω,study,study photo,generated
8122,13,Top 5000,Top 5000,top5000,n.,η μεταμφίεση,disguise,disguise photo,generated
8123,13,Top 5000,Top 5000,top5000,n.,η κανάτα,the jug,,needs_review
8124,13,Top 5000,Top 5000,top5000,n.,ο βουλευτής,member of parliament,member of parliament photo,generated
8125,13,Top 5000,Top 5000,top5000,adj.,συνδεδεμένος,am connected → and see συνδέω,am connected → and see συνδέω photo,generated
8126,13,Top 5000,Top 5000,top5000,adj.,εντυπωσιασμένος,impressed,impressed photo,generated
8127,13,Top 5000,Top 5000,top5000,adj.,ενδιάμεσος,intermediate,intermediate photo,generated
8128,13,Top 5000,Top 5000,top5000,adj.,υγιεινός,healthy,healthy photo,generated
8129,13,Top 5000,Top 5000,top5000,n.,το σαράβαλο,old banger,old banger photo,generated
8130,13,Top 5000,Top 5000,top5000,adj.,ζαλισμένος,feel dizzy,feel dizzy photo,generated
8131,13,Top 5000,Top 5000,top5000,adj.,λαϊκός,popular,popular photo,generated
8132,13,Top 5000,Top 5000,top5000,n.,η επιθετικότητα,aggression,aggression photo,generated
8133,13,Top 5000,Top 5000,top5000,n.,ο φανατικός,fanatic,fanatic photo,generated
8134,13,Top 5000,Top 5000,top5000,n.,η καμινάδα,chimney,chimney photo,generated
8135,13,Top 5000,Top 5000,top5000,n.,η αυταπάτη,delusion,delusion photo,generated
8136,13,Top 5000,Top 5000,top5000,v.,εκμεταλλεύομαι,exploit,exploit photo,generated
8137,13,Top 5000,Top 5000,top5000,n.,ο πόθος,lust,lust photo,generated
8138,13,Top 5000,Top 5000,top5000,n.,ο αναγνώστης,reader,reader photo,generated
8139,13,Top 5000,Top 5000,top5000,n.,ο ναρκομανής,drug addict,drug addict photo,generated
8140,13,Top 5000,Top 5000,top5000,n.,το τρελοκομείο,madhouse,madhouse photo,generated
8141,13,Top 5000,Top 5000,top5000,v.,προσαρμόζομαι,get used to,get used to photo,generated
8142,13,Top 5000,Top 5000,top5000,n.,ο ταμίας,cashier,cashier photo,generated
8143,13,Top 5000,Top 5000,top5000,adj.,φιλόδοξος,ambitious,ambitious photo,generated
8144,13,Top 5000,Top 5000,top5000,n.,ο εθισμός,addiction,addiction photo,generated
8145,13,Top 5000,Top 5000,top5000,n.,το ωράριο,work shift,work shift photo,generated
8146,13,Top 5000,Top 5000,top5000,n.,η μητρόπολη,metropolis,metropolis photo,generated
8147,13,Top 5000,Top 5000,top5000,adj.,αδιανόητος,unthinkable,unthinkable photo,generated
8148,13,Top 5000,Top 5000,top5000,n.,η απόλυση,redundancy,redundancy photo,generated
8149,13,Top 5000,Top 5000,top5000,n.,ο γάιδαρος,donkey,donkey photo,generated
8150,13,Top 5000,Top 5000,top5000,adj.,πρόωρος,premature,premature photo,generated
8151,13,Top 5000,Top 5000,top5000,n.,η υποκρισία,hypocrisy,hypocrisy photo,generated
8152,13,Top 5000,Top 5000,top5000,n.,η παροιμία,proverb,proverb photo,generated
8153,13,Top 5000,Top 5000,top5000,n. pl.,τα φύκια,seaweed,seaweed photo,generated
8154,13,Top 5000,Top 5000,top5000,n.,ο τζογαδόρος,gambler,gambler photo,generated
8155,13,Top 5000,Top 5000,top5000,n.,η υγιεινή,hygiene,hygiene photo,generated
8156,13,Top 5000,Top 5000,top5000,n.,ο προϊστάμενος,supervisor,supervisor photo,generated
8157,13,Top 5000,Top 5000,top5000,n.,η σοβαρότητα,seriousness,seriousness photo,generated
8158,13,Top 5000,Top 5000,top5000,n.,η ήπειρος,continent,continent photo,generated
8159,13,Top 5000,Top 5000,top5000,n.,η μάγισσα,witch,witch photo,generated
8160,13,Top 5000,Top 5000,top5000,n.,η συσκευασία,packaging,packaging photo,generated
8161,13,Top 5000,Top 5000,top5000,v.,διασχίζω,traverse,traverse photo,generated
8162,13,Top 5000,Top 5000,top5000,adv.,παραδοσιακά,traditional,traditional photo,generated
8163,13,Top 5000,Top 5000,top5000,n.,η αφθονία,abundance,abundance photo,generated
8164,13,Top 5000,Top 5000,top5000,adj.,κινούμενος,moving,moving photo,generated
8165,13,Top 5000,Top 5000,top5000,adj.,πεσμένος,fall,fall photo,generated
8166,13,Top 5000,Top 5000,top5000,n.,ο γρίφος,puzzle,puzzle photo,generated
8167,13,Top 5000,Top 5000,top5000,n.,το κοινοβούλιο,parliament,parliament photo,generated
8168,13,Top 5000,Top 5000,top5000,v.,χώνω,thrust into,thrust into photo,generated
8169,13,Top 5000,Top 5000,top5000,n.,η συνδρομή,subscription,subscription photo,generated
8170,13,Top 5000,Top 5000,top5000,adj.,φρόνιμος,sensible,sensible photo,generated
8171,13,Top 5000,Top 5000,top5000,n. pl.,οι ταραχές,rioting,rioting photo,generated
8172,13,Top 5000,Top 5000,top5000,n.,το ουρλιαχτό,howl,howl photo,generated
8173,13,Top 5000,Top 5000,top5000,n.,η κυψέλη,hive,hive photo,generated
8174,13,Top 5000,Top 5000,top5000,n.,το ζεύγος,pair,pair photo,generated
8175,13,Top 5000,Top 5000,top5000,adj.,υπάκουος,obedient,obedient photo,generated
8176,13,Top 5000,Top 5000,top5000,n.,η οντότητα,entity,entity photo,generated
8177,13,Top 5000,Top 5000,top5000,v.,περιστρέφομαι,revolve,revolve photo,generated
8178,13,Top 5000,Top 5000,top5000,n.,η προσθήκη,addition,addition photo,generated
8179,13,Top 5000,Top 5000,top5000,adj.,αξιοθαύμαστος,admirable,admirable photo,generated
8180,13,Top 5000,Top 5000,top5000,adj.,σοκαριστικός,shocking,shocking photo,generated
8181,13,Top 5000,Top 5000,top5000,v.,επιβραδύνω,slow down,slow down photo,generated
8182,13,Top 5000,Top 5000,top5000,v.,επινοώ,have idea,have idea photo,generated
8183,13,Top 5000,Top 5000,top5000,n.,ο αφρός,foam,foam photo,generated
8184,13,Top 5000,Top 5000,top5000,n.,ο γοφός,the hip,,needs_review
8185,13,Top 5000,Top 5000,top5000,n.,το θέρετρο,resort,resort photo,generated
8186,13,Top 5000,Top 5000,top5000,n.,η καθαριότητα,cleanliness,cleanliness photo,generated
8187,13,Top 5000,Top 5000,top5000,n.,η πίκλα,pickle,pickle photo,generated
8188,13,Top 5000,Top 5000,top5000,v.,κλωτσάω,kick,kick photo,generated
8189,13,Top 5000,Top 5000,top5000,n.,το φάσμα,spectrum,spectrum photo,generated
8190,13,Top 5000,Top 5000,top5000,adj.,προκαταρκτικός,preliminary,preliminary photo,generated
8191,13,Top 5000,Top 5000,top5000,n.,ο κτηνίατρος,veterinarian,veterinarian photo,generated
8192,13,Top 5000,Top 5000,top5000,n.,το κουνούπι,mosquito,mosquito photo,generated
8193,13,Top 5000,Top 5000,top5000,v.,ανακουφίζω,alleviate,alleviate photo,generated
8194,13,Top 5000,Top 5000,top5000,n.,ο πρωταγωνιστής,main character,main character photo,generated
8195,13,Top 5000,Top 5000,top5000,n.,η ηλιαχτίδα,sunray,sunray photo,generated
8196,13,Top 5000,Top 5000,top5000,n.,ο απόφοιτος,graduate,graduate photo,generated
8197,13,Top 5000,Top 5000,top5000,adj.,κακομαθημένος,spoiled,spoiled photo,generated
8198,13,Top 5000,Top 5000,top5000,n.,ο διαιτητής,referee,referee photo,generated
8199,13,Top 5000,Top 5000,top5000,v.,εξαπατάω,swindle,swindle photo,generated
8200,13,Top 5000,Top 5000,top5000,n.,ο κιμάς,mince meat,mince meat photo,generated
8201,13,Top 5000,Top 5000,top5000,adv.,σιωπηλά,silent,silent photo,generated
8202,13,Top 5000,Top 5000,top5000,v.,τριγυρίζω,wander around,wander around photo,generated
8203,13,Top 5000,Top 5000,top5000,n.,το καβούρι,crab,crab photo,generated
8204,13,Top 5000,Top 5000,top5000,v.,αποκοιμιέμαι,"nod off, fall asleep, drop off",,needs_review
8205,13,Top 5000,Top 5000,top5000,n.,η παρόρμηση,impulse,impulse photo,generated
8206,13,Top 5000,Top 5000,top5000,adj.,αιώνιος,eternal,eternal photo,generated
8207,13,Top 5000,Top 5000,top5000,v.,φυτεύω,plant,plant photo,generated
8208,13,Top 5000,Top 5000,top5000,v.,καθοδηγώ,guide,guide photo,generated
8209,13,Top 5000,Top 5000,top5000,n.,η βούρτσα,brush,brush photo,generated
8210,13,Top 5000,Top 5000,top5000,adj.,τρομαγμένος,frighten,frighten photo,generated
8211,13,Top 5000,Top 5000,top5000,n.,η ανυπομονησία,impatience,impatience photo,generated
8212,13,Top 5000,Top 5000,top5000,n.,η βίδα,screw,screw photo,generated
8213,13,Top 5000,Top 5000,top5000,n.,η εξώπορτα,front door,front door photo,generated
8214,13,Top 5000,Top 5000,top5000,n.,η συνοικία,district,district photo,generated
8215,13,Top 5000,Top 5000,top5000,adj.,αφάνταστος,unimaginable,unimaginable photo,generated
8216,13,Top 5000,Top 5000,top5000,v.,γερνώ,more formal variant of γερνάω (gernáo),,needs_review
8217,13,Top 5000,Top 5000,top5000,n.,η αποφασιστικότητα,determination,determination photo,generated
8218,13,Top 5000,Top 5000,top5000,v.,επιπλέω,float,float photo,generated
8219,13,Top 5000,Top 5000,top5000,adj.,αδέξιος,clumsy,clumsy photo,generated
8220,13,Top 5000,Top 5000,top5000,adj.,μελαχρινός,one who has black hair and/or eyes,one who has black hair and/or eyes photo,generated
8221,13,Top 5000,Top 5000,top5000,adj.,υπερφυσικός,supernatural,supernatural photo,generated
8222,13,Top 5000,Top 5000,top5000,n.,ο ρατσιστής,racist,racist photo,generated
8223,13,Top 5000,Top 5000,top5000,n.,η εξερεύνηση,exploration,exploration photo,generated
8224,13,Top 5000,Top 5000,top5000,n.,το γραμματόσημο,postage stamp,postage stamp photo,generated
8225,13,Top 5000,Top 5000,top5000,n.,το προσκήνιο,forefront,forefront photo,generated
8226,13,Top 5000,Top 5000,top5000,n.,πρόωρα,prematurely,prematurely photo,generated
8227,13,Top 5000,Top 5000,top5000,n.,ο φωτισμός,lighting,lighting photo,generated
8228,13,Top 5000,Top 5000,top5000,adj.,χλωμός,"(of a person): pale, wan, sallow",,needs_review
8229,13,Top 5000,Top 5000,top5000,n.,ο ταξιδιώτης,traveller,traveller photo,generated
8230,13,Top 5000,Top 5000,top5000,n.,η απομίμηση,imitation,imitation photo,generated
8231,13,Top 5000,Top 5000,top5000,adv.,οποτεδήποτε,whenever,whenever photo,generated
8232,13,Top 5000,Top 5000,top5000,n.,ο ταξιτζής,taxi driver,taxi driver photo,generated
8233,13,Top 5000,Top 5000,top5000,n.,η παρωδία,parody,parody photo,generated
8234,13,Top 5000,Top 5000,top5000,adj.,εκνευρισμένος,irritated,irritated photo,generated
8235,13,Top 5000,Top 5000,top5000,adv.,στιγμιαία,brief,brief photo,generated
8236,13,Top 5000,Top 5000,top5000,v.,τρέφομαι,feed,feeding animals,override
8237,13,Top 5000,Top 5000,top5000,adj.,φαλακρός,bald,bald photo,generated
8238,13,Top 5000,Top 5000,top5000,adv.,φανερά,overtly,overtly photo,generated
8239,13,Top 5000,Top 5000,top5000,adv.,φαινομενικά,ostensible,ostensible photo,generated
8240,13,Top 5000,Top 5000,top5000,v.,βουτάω,sink,sink photo,generated
8241,13,Top 5000,Top 5000,top5000,n.,το σφουγγάρι,spunge,spunge photo,generated
8242,13,Top 5000,Top 5000,top5000,n.,τα αραβικά,Arabic,Arabic photo,generated
8243,13,Top 5000,Top 5000,top5000,adj.,ρατσιστικός,racist,racist photo,generated
8244,13,Top 5000,Top 5000,top5000,n.,το σφύριγμα,whistle,whistle photo,generated
8245,13,Top 5000,Top 5000,top5000,adv.,επανειλημμένα,repeatedly,repeatedly photo,generated
8246,13,Top 5000,Top 5000,top5000,n.,η συνεισφορά,contribution,contribution photo,generated
8247,13,Top 5000,Top 5000,top5000,n.,η ματαιοδοξία,vanity,vanity photo,generated
8248,13,Top 5000,Top 5000,top5000,adj.,λεπτομερής,detailed,detailed photo,generated
8249,13,Top 5000,Top 5000,top5000,adj.,απομονωμένος,isolated,isolated photo,generated
8250,13,Top 5000,Top 5000,top5000,n.,η κόρνα,car horn,car horn photo,generated
8251,13,Top 5000,Top 5000,top5000,n.,η γενναιότητα,bravery,bravery photo,generated
8252,13,Top 5000,Top 5000,top5000,n.,η Δανία,Denmark,Denmark photo,generated
8253,13,Top 5000,Top 5000,top5000,n.,το σκαλοπάτι,rung,rung photo,generated
8254,13,Top 5000,Top 5000,top5000,adv.,αναγκαστικά,compulsory,compulsory photo,generated
8255,13,Top 5000,Top 5000,top5000,v.,στριμώχνω,cram in,cram in photo,generated
8256,13,Top 5000,Top 5000,top5000,n.,η ανατροπή,overthrow,overthrow photo,generated
8257,13,Top 5000,Top 5000,top5000,adj.,δελεαστικός,enticing,enticing photo,generated
8258,13,Top 5000,Top 5000,top5000,adj.,ταπεινωτικός,humiliating,humiliating photo,generated
8259,13,Top 5000,Top 5000,top5000,n.,ο χρήστης,user,user photo,generated
8260,13,Top 5000,Top 5000,top5000,n.,η έχθρα,animosity,animosity photo,generated
8261,13,Top 5000,Top 5000,top5000,adj.,συγκρατημένος,inhibited,inhibited photo,generated
8262,13,Top 5000,Top 5000,top5000,n.,το κατόρθωμα,achievement,achievement photo,generated
8263,13,Top 5000,Top 5000,top5000,n.,η φυσαλίδα,bubble,bubble photo,generated
8264,13,Top 5000,Top 5000,top5000,v.,υποβάλλω,submit,submit photo,generated
8265,13,Top 5000,Top 5000,top5000,adj.,πρόχειρος,handy,handy photo,generated
8266,13,Top 5000,Top 5000,top5000,n.,η κατάληψη,squat,squat photo,generated
8267,13,Top 5000,Top 5000,top5000,n.,η αναβάθμιση,upgrade,upgrade photo,generated
8268,13,Top 5000,Top 5000,top5000,adj.,τοξικός,toxic,toxic photo,generated
8269,13,Top 5000,Top 5000,top5000,n.,το σιντριβάνι,fountain,fountain photo,generated
8270,13,Top 5000,Top 5000,top5000,n.,ο φλοιός,bark,barking dog,override
8271,13,Top 5000,Top 5000,top5000,adj.,έβδομος,seventh,seventh photo,generated
8272,13,Top 5000,Top 5000,top5000,n.,η τρυφερότητα,tenderness,tenderness photo,generated
8273,13,Top 5000,Top 5000,top5000,adj.,περιοριστικός,restrictive,restrictive photo,generated
8274,13,Top 5000,Top 5000,top5000,v.,πακετάρω,Ι packet,Ι packet photo,generated
8275,13,Top 5000,Top 5000,top5000,n.,το χερούλι,door handle,door handle photo,generated
8276,13,Top 5000,Top 5000,top5000,v.,αποκαθιστώ,repair,repair photo,generated
8277,13,Top 5000,Top 5000,top5000,adj.,αφύσικος,unnatural,unnatural photo,generated
8278,13,Top 5000,Top 5000,top5000,adj.,στεναχωρημένος,worried,worried photo,generated
8279,13,Top 5000,Top 5000,top5000,n.,το φόντο,background,background photo,generated
8280,13,Top 5000,Top 5000,top5000,adj.,κυριλέ,posh,posh photo,generated
8281,13,Top 5000,Top 5000,top5000,n.,ο κλιματισμός,air-conditioning,air-conditioning photo,generated
8282,13,Top 5000,Top 5000,top5000,v.,τιμωρώ,punish,punish photo,generated
8283,13,Top 5000,Top 5000,top5000,n.,η διαδήλωση,rally,rally photo,generated
8284,13,Top 5000,Top 5000,top5000,n.,η ανάσταση,resurrection,resurrection photo,generated
8285,13,Top 5000,Top 5000,top5000,v.,παρασύρομαι,drift away,drift away photo,generated
8286,13,Top 5000,Top 5000,top5000,n.,ο γυρισμός,return,return photo,generated
8287,13,Top 5000,Top 5000,top5000,n.,το έμβλημα,emblem,emblem photo,generated
8288,13,Top 5000,Top 5000,top5000,v.,απελευθερώνω,set free,set free photo,generated
8289,13,Top 5000,Top 5000,top5000,adj.,δειλός,timid,timid photo,generated
8290,13,Top 5000,Top 5000,top5000,n.,το μπακάλικο,small food store,small food store photo,generated
8291,13,Top 5000,Top 5000,top5000,v.,στοιχίζω,cost,cost photo,generated
8292,13,Top 5000,Top 5000,top5000,n.,το αποκορύφωμα,highlight,highlight photo,generated
8293,13,Top 5000,Top 5000,top5000,adj.,επίμονος,persistent,persistent photo,generated
8294,13,Top 5000,Top 5000,top5000,n.,η εκμετάλλευση,exploitation,exploitation photo,generated
8295,13,Top 5000,Top 5000,top5000,adj.,υπέρτατος,utmost,utmost photo,generated
8296,13,Top 5000,Top 5000,top5000,n.,το κουπόνι,coupon,coupon photo,generated
8297,13,Top 5000,Top 5000,top5000,n.,ο φιλόσοφος,philosopher,philosopher photo,generated
8298,13,Top 5000,Top 5000,top5000,n.,το εργοτάξιο,construction site,construction site photo,generated
8299,13,Top 5000,Top 5000,top5000,n.,ο ιδρυτής,founder,founder photo,generated
8300,13,Top 5000,Top 5000,top5000,adj.,πικάντικος,spicy,spicy photo,generated
8301,13,Top 5000,Top 5000,top5000,adj.,φλεγόμενος,burning,burning photo,generated
8302,13,Top 5000,Top 5000,top5000,n.,η βλασφημία,blasphemy,blasphemy photo,generated
8303,13,Top 5000,Top 5000,top5000,adj.,αξιόλογος,remarkable,remarkable photo,generated
8304,13,Top 5000,Top 5000,top5000,v.,ντροπιάζω,shame,shame photo,generated
8305,13,Top 5000,Top 5000,top5000,adj.,θολός,dome,dome photo,generated
8306,13,Top 5000,Top 5000,top5000,n.,η διάλυση,disintegration,disintegration photo,generated
8307,13,Top 5000,Top 5000,top5000,v.,τιμώ,honour,honour photo,generated
8308,13,Top 5000,Top 5000,top5000,n.,το κατάλυμα,accomodation,accomodation photo,generated
8309,13,Top 5000,Top 5000,top5000,adj.,απρόσεκτος,heedless,heedless photo,generated
8310,13,Top 5000,Top 5000,top5000,n.,ο μοναχός,monk,monk photo,generated
8311,13,Top 5000,Top 5000,top5000,n.,η μούσα,muse,muse photo,generated
8312,13,Top 5000,Top 5000,top5000,adj.,πεταχτός,protruding,protruding photo,generated
8313,13,Top 5000,Top 5000,top5000,n.,η Βαρκελώνη,Barcelona,Barcelona photo,generated
8314,13,Top 5000,Top 5000,top5000,v.,σημειώνω,put mark as recognizing sign or reminder,put mark as recognizing sign or reminder photo,generated
8315,13,Top 5000,Top 5000,top5000,n.,ο δισταγμός,hesitation,hesitation photo,generated
8316,13,Top 5000,Top 5000,top5000,v.,περισσεύω,am left over,am left over photo,generated
8317,13,Top 5000,Top 5000,top5000,adj.,κοσμικός,secular,secular photo,generated
8318,13,Top 5000,Top 5000,top5000,n.,ο Μεσαίωνας,Middle Ages,Middle Ages photo,generated
8319,13,Top 5000,Top 5000,top5000,n.,η μούχλα,mould,mould photo,generated
8320,13,Top 5000,Top 5000,top5000,n.,η φωτογράφιση,photo shoot,photo shoot photo,generated
8321,13,Top 5000,Top 5000,top5000,adv.,ακαριαία,immediately,immediately photo,generated
8322,13,Top 5000,Top 5000,top5000,n.,τα λογιστικά,accounting,accounting photo,generated
8323,13,Top 5000,Top 5000,top5000,adj.,νοικιασμένος,rent,rent photo,generated
8324,13,Top 5000,Top 5000,top5000,adj.,χριστιανικός,Christian,Christian photo,generated
8325,13,Top 5000,Top 5000,top5000,n.,η υπόληψη,good reputation,good reputation photo,generated
8326,13,Top 5000,Top 5000,top5000,n.,η Κρήτη,Crete,Crete photo,generated
8327,13,Top 5000,Top 5000,top5000,n.,η σταυροφορία,crusade,crusade photo,generated
8328,13,Top 5000,Top 5000,top5000,adj.,ικανοποιητικός,fulfilling,fulfilling photo,generated
8329,13,Top 5000,Top 5000,top5000,adv.,επιτόπου,on spot,on spot photo,generated
8330,13,Top 5000,Top 5000,top5000,n.,η δεξιότητα,skill,skill photo,generated
8331,13,Top 5000,Top 5000,top5000,adj.,εκνευριστικός,irritating,irritating photo,generated
8332,13,Top 5000,Top 5000,top5000,n.,ο ατμός,steam,steam photo,generated
8333,13,Top 5000,Top 5000,top5000,v.,αποκλείω,block,block photo,generated
8334,13,Top 5000,Top 5000,top5000,n.,η φατρία,faction,faction photo,generated
8335,13,Top 5000,Top 5000,top5000,n.,η φυτεία,plantation,plantation photo,generated
8336,13,Top 5000,Top 5000,top5000,n.,ο προμηθευτής,supplier,supplier photo,generated
8337,13,Top 5000,Top 5000,top5000,n.,το κριτήριο,criteria,criteria photo,generated
8338,13,Top 5000,Top 5000,top5000,n.,το αναμνηστικό,souvenir,souvenir photo,generated
8339,13,Top 5000,Top 5000,top5000,n.,ο σκίουρος,squirrel,squirrel photo,generated
8340,13,Top 5000,Top 5000,top5000,n.,η πολυκατοικία,apartment building,apartment building photo,generated
8341,13,Top 5000,Top 5000,top5000,n.,το χρονόμετρο,timer,timer photo,generated
8342,13,Top 5000,Top 5000,top5000,n.,το τράβηγμα,pull,pull photo,generated
8343,13,Top 5000,Top 5000,top5000,adj.,ανεκτίμητος,priceless,priceless photo,generated
8344,13,Top 5000,Top 5000,top5000,n.,η ράμπα,ramp,ramp photo,generated
8345,13,Top 5000,Top 5000,top5000,v.,ικανοποιώ,satisfy,satisfy photo,generated
8346,13,Top 5000,Top 5000,top5000,n.,το ντουέτο,duet,duet photo,generated
8347,13,Top 5000,Top 5000,top5000,n.,ο συνταξιούχος,retiree,retiree photo,generated
8348,13,Top 5000,Top 5000,top5000,n.,το διάταγμα,decree,decree photo,generated
8349,13,Top 5000,Top 5000,top5000,n.,ο μύλος,mill,mill photo,generated
8350,13,Top 5000,Top 5000,top5000,adj.,άφραγκος,broke,broke photo,generated
8351,13,Top 5000,Top 5000,top5000,v.,αηδιάζω,disgust,disgust photo,generated
8352,13,Top 5000,Top 5000,top5000,n.,η Ανταρκτική,Antarctic,Antarctic photo,generated
8353,13,Top 5000,Top 5000,top5000,adj.,ζόρικος,tricky,tricky photo,generated
8354,13,Top 5000,Top 5000,top5000,n.,το φουστάνι,dress,dress photo,generated
8355,13,Top 5000,Top 5000,top5000,n. pl.,τα λουτρά,hot springs,hot springs photo,generated
8356,13,Top 5000,Top 5000,top5000,n. as adj.,αριστερόχειρας,left-handed person,left-handed person photo,generated
8357,13,Top 5000,Top 5000,top5000,v.,τονίζω,stress,stress photo,generated
8358,13,Top 5000,Top 5000,top5000,adj.,υπνωτικός,hypnotic,hypnotic photo,generated
8359,13,Top 5000,Top 5000,top5000,n.,η πολιορκία,siege,siege photo,generated
8360,13,Top 5000,Top 5000,top5000,n.,το κεράσι,cherry,cherry photo,generated
8361,13,Top 5000,Top 5000,top5000,n.,η Κέρκυρα,Corfu,Corfu photo,generated
8362,13,Top 5000,Top 5000,top5000,n.,ο διαδηλωτής,demonstrator,demonstrator photo,generated
8363,13,Top 5000,Top 5000,top5000,n.,το τσουνάμι,tsunami,tsunami photo,generated
8364,13,Top 5000,Top 5000,top5000,n.,η Νορβηγία,Norway,Norway photo,generated
8365,13,Top 5000,Top 5000,top5000,adv.,αμυντικά,defensively,defensively photo,generated
8366,13,Top 5000,Top 5000,top5000,v.,θυσιάζω,sacrifice,sacrifice photo,generated
8367,13,Top 5000,Top 5000,top5000,n.,η βαρεμάρα,boredom,boredom photo,generated
8368,13,Top 5000,Top 5000,top5000,n.,το παγάκι,ice cube,ice cube photo,generated
8369,13,Top 5000,Top 5000,top5000,n.,το πετσί,hide,hide photo,generated
8370,13,Top 5000,Top 5000,top5000,n.,ο νάνος,dwarf,dwarf photo,generated
8371,13,Top 5000,Top 5000,top5000,n.,η νοοτροπία,mentality,mentality photo,generated
8372,13,Top 5000,Top 5000,top5000,n.,το υποκατάστατο,substitute,substitute photo,generated
8373,13,Top 5000,Top 5000,top5000,n.,ο κατασκευαστής,maker,maker photo,generated
8374,13,Top 5000,Top 5000,top5000,n.,η λιμνούλα,pond,pond photo,generated
8375,13,Top 5000,Top 5000,top5000,n.,η πλαγιά,slope,slope photo,generated
8376,13,Top 5000,Top 5000,top5000,n.,η αντικατάσταση,replacement,replacement photo,generated
8377,13,Top 5000,Top 5000,top5000,adv.,θαρραλέα,courageous,courageous photo,generated
8378,13,Top 5000,Top 5000,top5000,n.,το παράδοξο,paradox,paradox photo,generated
8379,13,Top 5000,Top 5000,top5000,adj.,μετριόφρων,modest,modest photo,generated
8380,13,Top 5000,Top 5000,top5000,n.,το κειμήλιο,relic,relic photo,generated
8381,13,Top 5000,Top 5000,top5000,n.,η οσμή,scent,scent photo,generated
8382,13,Top 5000,Top 5000,top5000,n.,η τροποποίηση,modification,modification photo,generated
8383,13,Top 5000,Top 5000,top5000,v.,πλακώνω,fall down on,fall down on photo,generated
8384,13,Top 5000,Top 5000,top5000,n.,ο ισχυρισμός,claim,claim photo,generated
8385,13,Top 5000,Top 5000,top5000,n.,η φανέλα,sports shirt,sports shirt photo,generated
8386,13,Top 5000,Top 5000,top5000,n.,η Ρόδος,Rhodes,Rhodes photo,generated
8387,13,Top 5000,Top 5000,top5000,n.,ο σχεδιαστής,designer,designer photo,generated
8388,13,Top 5000,Top 5000,top5000,n.,το ανάστημα,height,height photo,generated
8389,13,Top 5000,Top 5000,top5000,adj.,σύμφωνος,agreed,agreed photo,generated
8390,13,Top 5000,Top 5000,top5000,n.,η μοτοσυκλέτα,motorbike,motorbike photo,generated
8391,13,Top 5000,Top 5000,top5000,adv.,διανοητικά,intellectually,intellectually photo,generated
8392,13,Top 5000,Top 5000,top5000,v.,κυβερνώ,rule,rule photo,generated
8393,13,Top 5000,Top 5000,top5000,n.,η νομοθεσία,legislation,legislation photo,generated
8394,13,Top 5000,Top 5000,top5000,adv.,επιθετικά,offensive,offensive photo,generated
8395,13,Top 5000,Top 5000,top5000,adj.,θαρραλέος,courageous,courageous photo,generated
8396,13,Top 5000,Top 5000,top5000,adj.,χωρισμένος,divided,divided photo,generated
8397,13,Top 5000,Top 5000,top5000,v.,διοικώ,administer,administer photo,generated
8398,13,Top 5000,Top 5000,top5000,v.,στοχεύω,target,target photo,generated
8399,13,Top 5000,Top 5000,top5000,n.,η συμφορά,calamity,calamity photo,generated
8400,13,Top 5000,Top 5000,top5000,n.,η λήξη,expiration,expiration photo,generated
8401,13,Top 5000,Top 5000,top5000,adv.,λεπτομερώς,in detail,in detail photo,generated
8402,13,Top 5000,Top 5000,top5000,n.,το μαρούλι,lettuce,lettuce photo,generated
8403,13,Top 5000,Top 5000,top5000,n.,η ζαλάδα,dizziness,dizziness photo,generated
8404,13,Top 5000,Top 5000,top5000,n.,ο πατριώτης,patriot,patriot photo,generated
8405,13,Top 5000,Top 5000,top5000,n.,το πλακάκι,tile,tile photo,generated
8406,13,Top 5000,Top 5000,top5000,n.,η σχάρα,grill,grill photo,generated
8407,13,Top 5000,Top 5000,top5000,adj.,δεξιός,right,right photo,generated
8408,13,Top 5000,Top 5000,top5000,n.,ο πουρές,pureé,pureé photo,generated
8409,13,Top 5000,Top 5000,top5000,n.,το χαλάκι,doormat,doormat photo,generated
8410,13,Top 5000,Top 5000,top5000,adj.,βάρβαρος,barbarian,barbarian photo,generated
8411,13,Top 5000,Top 5000,top5000,n.,το περιτύλιγμα,wrapper,wrapper photo,generated
8412,13,Top 5000,Top 5000,top5000,n.,η φιλοφρόνηση,compliment,compliment photo,generated
8413,13,Top 5000,Top 5000,top5000,adj.,σφραγισμένος,seal,seal photo,generated
8414,13,Top 5000,Top 5000,top5000,adj.,απάνθρωπος,inhuman,inhuman photo,generated
8415,13,Top 5000,Top 5000,top5000,n.,η καλλιέργεια,cultivation,cultivation photo,generated
8416,13,Top 5000,Top 5000,top5000,adj.,υποχρεωτικός,obligatory,obligatory photo,generated
8417,13,Top 5000,Top 5000,top5000,n.,η ισότητα,equality,equality photo,generated
8418,13,Top 5000,Top 5000,top5000,adj.,πολυτελής,luxurious,luxurious photo,generated
8419,13,Top 5000,Top 5000,top5000,adj.,ξεχασμένος,forgotten,forgotten photo,generated
8420,13,Top 5000,Top 5000,top5000,n.,η ορμή,urge,urge photo,generated
8421,13,Top 5000,Top 5000,top5000,v.,φτύνω,spit,spit photo,generated
8422,13,Top 5000,Top 5000,top5000,v.,χρεώνω,charge,charge photo,generated
8423,13,Top 5000,Top 5000,top5000,adj.,ζωηρός,lively,lively photo,generated
8424,13,Top 5000,Top 5000,top5000,n.,η γέμιση,filling,filling photo,generated
8425,13,Top 5000,Top 5000,top5000,adj.,αυξημένος,increase,increase photo,generated
8426,13,Top 5000,Top 5000,top5000,v.,ωριμάζω,mature,mature photo,generated
8427,13,Top 5000,Top 5000,top5000,adj.,ατέλειωτος,endless,endless photo,generated
8428,13,Top 5000,Top 5000,top5000,adj.,πιασμένος,to be caught,to be caught photo,generated
8429,13,Top 5000,Top 5000,top5000,n.,το σπρώξιμο,shove,shove photo,generated
8430,13,Top 5000,Top 5000,top5000,n.,το ροδάκινο,peach,peach photo,generated
8431,13,Top 5000,Top 5000,top5000,v.,αναβάλλω,postpone,postpone photo,generated
8432,13,Top 5000,Top 5000,top5000,n.,το μηχανάκι,motorbike,motorbike photo,generated
8433,13,Top 5000,Top 5000,top5000,v.,περιορίζω,confine,confine photo,generated
8434,13,Top 5000,Top 5000,top5000,v.,συμπληρώνω,fill,fill photo,generated
8435,13,Top 5000,Top 5000,top5000,v.,μεταδίδω,transmit,transmit photo,generated
8436,13,Top 5000,Top 5000,top5000,v.,κρεμάω,hang,hang photo,generated
8437,13,Top 5000,Top 5000,top5000,n.,το αγκάθι,thorn,thorn photo,generated
8438,13,Top 5000,Top 5000,top5000,n.,το τασάκι,ashtray,ashtray photo,generated
8439,13,Top 5000,Top 5000,top5000,adj.,αναζωογονητικός,revitalising,revitalising photo,generated
8440,13,Top 5000,Top 5000,top5000,n.,η σχισμή,slit,slit photo,generated
8441,13,Top 5000,Top 5000,top5000,n.,η αδιαφορία,indifference,indifference photo,generated
8442,13,Top 5000,Top 5000,top5000,adj.,αξιοσημείωτος,noteworthy,noteworthy photo,generated
8443,13,Top 5000,Top 5000,top5000,n.,η σκληρότητα,cruelty,cruelty photo,generated
8444,13,Top 5000,Top 5000,top5000,n.,ο συμπατριώτης,compatriot,compatriot photo,generated
8445,13,Top 5000,Top 5000,top5000,n.,τα θαλασσινά,seafood,seafood photo,override
8446,13,Top 5000,Top 5000,top5000,v.,εκδίδω,publish,publish photo,generated
8447,13,Top 5000,Top 5000,top5000,adj.,προστατευτικός,protectionist,protectionist photo,generated
8448,13,Top 5000,Top 5000,top5000,n.,μίζερος,miserable,miserable photo,generated
8449,13,Top 5000,Top 5000,top5000,n.,το γλυπτό,sculpture,sculpture photo,generated
8450,13,Top 5000,Top 5000,top5000,adj.,συμπαθητικός,sympathetic,sympathetic photo,generated
8451,13,Top 5000,Top 5000,top5000,adj.,υστερικός,hysterical,hysterical photo,generated
8452,13,Top 5000,Top 5000,top5000,n.,ο κρίκος,ring,ring photo,generated
8453,13,Top 5000,Top 5000,top5000,n.,η ευκολία,convenience,convenience photo,generated
8454,13,Top 5000,Top 5000,top5000,v.,φωτίζω,light,light photo,generated
8455,13,Top 5000,Top 5000,top5000,n.,η ηλιθιότητα,stupidity,stupidity photo,generated
8456,13,Top 5000,Top 5000,top5000,n.,το βάψιμο,painting,painting photo,generated
8457,13,Top 5000,Top 5000,top5000,n.,η νοσταλγία,nostalgia,nostalgia photo,generated
8458,13,Top 5000,Top 5000,top5000,n.,ο θαυμασμός,admiration,admiration photo,generated
8459,13,Top 5000,Top 5000,top5000,v.,απογειώνομαι,take off,take off photo,generated
8460,13,Top 5000,Top 5000,top5000,v.,περικυκλώνω,surround,surround photo,generated
8461,13,Top 5000,Top 5000,top5000,v.,εστιάζω,focus,focus photo,generated
8462,13,Top 5000,Top 5000,top5000,v.,μπλοφάρω,bluff,bluff photo,generated
8463,13,Top 5000,Top 5000,top5000,v.,τρίβω,grate,grate photo,generated
8464,13,Top 5000,Top 5000,top5000,adj.,κολακευτικός,flattering,flattering photo,generated
8465,13,Top 5000,Top 5000,top5000,adj.,άθικτος,untouched,untouched photo,generated
8466,13,Top 5000,Top 5000,top5000,adj.,οριστικός,final,final photo,generated
8467,13,Top 5000,Top 5000,top5000,v.,επιβλέπω,supervise,supervise photo,generated
8468,13,Top 5000,Top 5000,top5000,n.,ο οιωνός,omen,omen photo,generated
8469,13,Top 5000,Top 5000,top5000,adj.,προτιμότερος,preferable,preferable photo,generated
8470,13,Top 5000,Top 5000,top5000,v.,ιδρώνω,sweat,sweat photo,generated
8471,13,Top 5000,Top 5000,top5000,v.,περιπλανώμαι,wander,wander photo,generated
8472,13,Top 5000,Top 5000,top5000,n.,ο μουσουλμάνος,Muslim,Muslim photo,generated
8473,13,Top 5000,Top 5000,top5000,n.,ο θρίαμβος,triumph,triumph photo,generated
8474,13,Top 5000,Top 5000,top5000,adj.,ξεκλείδωτος,unlocked,unlocked photo,generated
8475,13,Top 5000,Top 5000,top5000,n.,η αισιοδοξία,optimism,optimism photo,generated
8476,13,Top 5000,Top 5000,top5000,n.,η ψησταριά,barbecue,barbecue photo,generated
8477,13,Top 5000,Top 5000,top5000,adv.,αναπόφευκτα,inevitably,inevitably photo,generated
8478,13,Top 5000,Top 5000,top5000,adj.,ολοκαίνουργιος,brand new,brand new photo,generated
8479,13,Top 5000,Top 5000,top5000,n.,το Αιγαίο,Aegean,Aegean photo,generated
8480,13,Top 5000,Top 5000,top5000,n.,η αντιγραφή,copying,copying photo,generated
8481,13,Top 5000,Top 5000,top5000,n.,το στήριγμα,support,support photo,generated
8482,13,Top 5000,Top 5000,top5000,n.,το αερόστατο,hot-air balloon,hot-air balloon photo,generated
8483,13,Top 5000,Top 5000,top5000,n.,η κατάκτηση,conquest,conquest photo,generated
8484,13,Top 5000,Top 5000,top5000,adj.,ηλιόλουστος,sun-drenched,sun-drenched photo,generated
8485,13,Top 5000,Top 5000,top5000,v.,τρυπάω,pierce,pierce photo,generated
8486,13,Top 5000,Top 5000,top5000,n.,ο υπόνομος,sewer,sewer photo,generated
8487,13,Top 5000,Top 5000,top5000,adj.,διπλάσιος,proportional number two-fold,proportional number two-fold photo,generated
8488,13,Top 5000,Top 5000,top5000,adj.,κερασμένος,treat,treat photo,generated
8489,13,Top 5000,Top 5000,top5000,adj.,σιχαμερός,vile,vile photo,generated
8490,13,Top 5000,Top 5000,top5000,v.,δέρνω,beat,beat photo,generated
8491,13,Top 5000,Top 5000,top5000,n.,η εξάρτηση,dependency,dependency photo,generated
8492,13,Top 5000,Top 5000,top5000,adv.,αεροπορικώς,"by air, aerially",,needs_review
8493,13,Top 5000,Top 5000,top5000,v.,βαραίνω,increase in weight,increase in weight photo,generated
8494,13,Top 5000,Top 5000,top5000,v.,διαπραγματεύομαι,negotiate,negotiate photo,generated
8495,13,Top 5000,Top 5000,top5000,n.,η ρυτίδα,wrinkle,wrinkle photo,generated
8496,13,Top 5000,Top 5000,top5000,adj.,εκτεταμένος,widespread,widespread photo,generated
8497,13,Top 5000,Top 5000,top5000,n.,η μάστιγα,scourge,scourge photo,generated
8498,13,Top 5000,Top 5000,top5000,n.,ο απόγονος,descendent,descendent photo,generated
8499,13,Top 5000,Top 5000,top5000,adj.,δυσαρεστημένος,dissatisfied,dissatisfied photo,generated
8500,13,Top 5000,Top 5000,top5000,v.,διακινδυνεύω,imperil,imperil photo,generated
8501,13,Top 5000,Top 5000,top5000,n.,ευχαριστιέμαι,am pleased,am pleased photo,generated
8502,13,Top 5000,Top 5000,top5000,n.,το μαύρισμα,suntan,suntan photo,generated
8503,13,Top 5000,Top 5000,top5000,num.,ενενήντα,ninety,ninety photo,generated
8504,13,Top 5000,Top 5000,top5000,n.,το μοντάζ,film editing,film editing photo,generated
8505,13,Top 5000,Top 5000,top5000,n.,το στιφάδο,stew,stew photo,generated
8506,13,Top 5000,Top 5000,top5000,n.,ο μεσίτης,real estate agent,real estate agent photo,generated
8507,13,Top 5000,Top 5000,top5000,n.,το καλαμάκι,drinking straw,drinking straw photo,generated
8508,13,Top 5000,Top 5000,top5000,adv.,τραγικά,tragic,tragic photo,generated
8509,13,Top 5000,Top 5000,top5000,n.,ο συμβιβασμός,compromise,compromise photo,generated
8510,13,Top 5000,Top 5000,top5000,n.,ο φασίστας,fascist,fascist photo,generated
8511,13,Top 5000,Top 5000,top5000,n.,επικείμενος,imminent,imminent photo,generated
8512,13,Top 5000,Top 5000,top5000,n.,το ερπετό,reptile,reptile photo,override
8513,13,Top 5000,Top 5000,top5000,n.,η παράγραφος,paragraph,paragraph photo,generated
8514,13,Top 5000,Top 5000,top5000,adv.,βολικά,comfortably,comfortably photo,generated
8515,13,Top 5000,Top 5000,top5000,adj.,τριχωτός,hairy,hairy photo,generated
8516,13,Top 5000,Top 5000,top5000,v.,αφιερώνω,devote,devote photo,generated
8517,13,Top 5000,Top 5000,top5000,n.,η διαύγεια,clarity,clarity photo,generated
8518,13,Top 5000,Top 5000,top5000,adj.,προχωρημένος,move,move photo,generated
8519,13,Top 5000,Top 5000,top5000,n.,ο δήμος,municipality,municipality photo,generated
8520,13,Top 5000,Top 5000,top5000,n.,η αναπηρία,disability,disability photo,generated
8521,13,Top 5000,Top 5000,top5000,n.,ο ύμνος,hymn,hymn photo,generated
8522,13,Top 5000,Top 5000,top5000,adj.,τροπικός,tropic,tropic photo,generated
8523,13,Top 5000,Top 5000,top5000,adv.,πρόθυμα,readily,readily photo,generated
8524,13,Top 5000,Top 5000,top5000,n.,το μπούτι,thigh,thigh photo,generated
8525,13,Top 5000,Top 5000,top5000,n.,η μυθολογία,mythology,mythology photo,generated
8526,13,Top 5000,Top 5000,top5000,v.,επιβάλλω,impose,impose photo,generated
8527,13,Top 5000,Top 5000,top5000,n.,υποσυνείδητος,subconscious,subconscious photo,generated
8528,13,Top 5000,Top 5000,top5000,adj.,εξωτικός,exotic,exotic photo,generated
8529,13,Top 5000,Top 5000,top5000,n.,η απεικόνιση,animation,animation photo,generated
8530,13,Top 5000,Top 5000,top5000,n.,το προσχέδιο,draft,draft photo,generated
8531,13,Top 5000,Top 5000,top5000,n.,η μέδουσα,jellyfish,jellyfish photo,generated
8532,13,Top 5000,Top 5000,top5000,adj.,συνεργάσιμος,cooperative,cooperative photo,generated
8533,13,Top 5000,Top 5000,top5000,n.,η δειλία,cowardice,cowardice photo,generated
8534,13,Top 5000,Top 5000,top5000,adj.,οργισμένος,to be enraged,to be enraged photo,generated
8535,13,Top 5000,Top 5000,top5000,adj.,αισχρός,dirty,dirty photo,generated
8536,13,Top 5000,Top 5000,top5000,v.,τσαντίζω,piss off,piss off photo,generated
8537,13,Top 5000,Top 5000,top5000,n. pl.,τα ιαπωνικά,Japanese,Japanese photo,generated
8538,13,Top 5000,Top 5000,top5000,adv.,νοτιοδυτικά,southwest,southwest photo,generated
8539,13,Top 5000,Top 5000,top5000,n.,η πανούκλα,plague,plague photo,generated
8540,13,Top 5000,Top 5000,top5000,n.,η ανοχή,tolerance,tolerance photo,generated
8541,13,Top 5000,Top 5000,top5000,v.,κατάγομαι,come from,come from photo,generated
8542,13,Top 5000,Top 5000,top5000,v.,υπακούω,obey,obey photo,generated
8543,13,Top 5000,Top 5000,top5000,n.,η πλοκή,plot,plot photo,generated
8544,13,Top 5000,Top 5000,top5000,n.,ο σκορπιός,scorpion,scorpion photo,generated
8545,13,Top 5000,Top 5000,top5000,adj.,γκρινιάρης,grumpy,grumpy photo,generated
8546,13,Top 5000,Top 5000,top5000,n.,η γεωργία,farming,farming photo,generated
8547,13,Top 5000,Top 5000,top5000,n.,το σταυροδρόμι,crossroad,crossroad photo,generated
8548,13,Top 5000,Top 5000,top5000,n.,ο νιπτήρας,bathroom sink,bathroom sink photo,generated
8549,13,Top 5000,Top 5000,top5000,adj.,σοκαρισμένος,shocked,shocked photo,generated
8550,13,Top 5000,Top 5000,top5000,adj.,κυνικός,cynical,cynical photo,generated
8551,13,Top 5000,Top 5000,top5000,v.,απαλλάσσω,release,release photo,generated
8552,13,Top 5000,Top 5000,top5000,adj.,συνεχόμενος,contiguous,contiguous photo,generated
8553,13,Top 5000,Top 5000,top5000,adj.,δέκατος,tenth,tenth photo,generated
8554,13,Top 5000,Top 5000,top5000,v.,χαραμίζω,waste,waste photo,generated
8555,13,Top 5000,Top 5000,top5000,n.,το ξύδι,vinegar,vinegar photo,generated
8556,13,Top 5000,Top 5000,top5000,v.,κυριαρχώ,conquer,conquer photo,generated
8557,13,Top 5000,Top 5000,top5000,adj.,ξηρός,"(literary) dry, dried, arid",,needs_review
8558,13,Top 5000,Top 5000,top5000,v.,πηγάζω,spring from,spring from photo,generated
8559,13,Top 5000,Top 5000,top5000,v.,τερματίζω,"end, terminate, conclude, wind up",,needs_review
8560,13,Top 5000,Top 5000,top5000,n.,το πτερύγιο,flap,flap photo,generated
8561,13,Top 5000,Top 5000,top5000,adj.,αποκρουστικός,repellant,repellant photo,generated
8562,13,Top 5000,Top 5000,top5000,adj.,απεριόριστος,unlimited,unlimited photo,generated
8563,13,Top 5000,Top 5000,top5000,n.,ο μαγνήτης,magnet,magnet photo,generated
8564,13,Top 5000,Top 5000,top5000,v.,κληρονομώ,inherit,inherit photo,generated
8565,13,Top 5000,Top 5000,top5000,n.,η περίληψη,summary,summary photo,generated
8566,13,Top 5000,Top 5000,top5000,adj.,εκθαμβωτικός,stunning,stunning photo,generated
8567,13,Top 5000,Top 5000,top5000,adj.,ανυπόφορος,unbearable,unbearable photo,generated
8568,13,Top 5000,Top 5000,top5000,v.,κατασκευάζω,make,make photo,generated
8569,13,Top 5000,Top 5000,top5000,v.,χαρίζω,give or offer as gift,give or offer as gift photo,generated
8570,13,Top 5000,Top 5000,top5000,adj.,νεογέννητος,newborn,newborn photo,generated
8571,13,Top 5000,Top 5000,top5000,adj.,κακόγουστος,tacky,tacky photo,generated
8572,13,Top 5000,Top 5000,top5000,n.,η θολούρα,haziness,haziness photo,generated
8573,13,Top 5000,Top 5000,top5000,n.,η Ουγγαρία,Hungary,Hungary photo,generated
8574,13,Top 5000,Top 5000,top5000,n.,το δέος,wonderment,wonderment photo,generated
8575,13,Top 5000,Top 5000,top5000,v.,ειδικεύομαι,specialise,specialise photo,generated
8576,13,Top 5000,Top 5000,top5000,adj.,συνήθης,usual,usual photo,generated
8577,13,Top 5000,Top 5000,top5000,n.,η σεξουαλικότητα,sexuality,sexuality photo,generated
8578,13,Top 5000,Top 5000,top5000,v.,φυτρώνω,grow roots,grow roots photo,generated
8579,13,Top 5000,Top 5000,top5000,n.,το χταπόδι,octopus,octopus photo,generated
