entry_id,theme_id,theme,category,type,subsection,lemma,primary_sense,query,query_status
3580,13,Top 5000,Top 5000,top5000,art.,ο,(definite) the,,needs_review
3581,13,Top 5000,Top 5000,top5000,part.,να,added before dependent or present verb forms to form different subjunctive moods,added before dependent or present verb forms to form different subjunctive moods photo,generated
3582,13,Top 5000,Top 5000,top5000,v.,είμαι,there is,there is photo,generated
3583,13,Top 5000,Top 5000,top5000,part.,δεν,not,,needs_review
3584,13,Top 5000,Top 5000,top5000,part.,θα,added before present verb forms to form continuous or imperfective future tense,added before present verb forms to form continuous or imperfective future tense photo,generated
3585,13,Top 5000,Top 5000,top5000,conj.,και,also,also photo,generated
3586,13,Top 5000,Top 5000,top5000,pron.,μου,"(personal, indirect object) me",,needs_review
3587,13,Top 5000,Top 5000,top5000,prep./pron.,με,with,with photo,generated
3588,13,Top 5000,Top 5000,top5000,prep.,για,"(time, duration, takes accusative): for",,needs_review
3589,13,Top 5000,Top 5000,top5000,pron.,σου,your,your photo,generated
3590,13,Top 5000,Top 5000,top5000,pron.,που,where,where photo,generated
3591,13,Top 5000,Top 5000,top5000,prep./pron.,σε,"you (2nd person singular, accusative)",,needs_review
3592,13,Top 5000,Top 5000,top5000,det./pron.,αυτός,this,this photo,generated
3593,13,Top 5000,Top 5000,top5000,pron.,τι,what?,what? photo,generated
3594,13,Top 5000,Top 5000,top5000,pron.,του,"(personal, indirect object, masculine and neuter) him, it",,needs_review
3595,13,Top 5000,Top 5000,top5000,conj.,ότι,that,that photo,generated
3596,13,Top 5000,Top 5000,top5000,prep.,από,(position): from,,needs_review
3597,13,Top 5000,Top 5000,top5000,pron.,της,"(personal, indirect object, feminine) her",,needs_review
3598,13,Top 5000,Top 5000,top5000,adv.,όχι,no (negative reply),,needs_review
3599,13,Top 5000,Top 5000,top5000,adv.,ναι,yes,,needs_review
3600,13,Top 5000,Top 5000,top5000,art./num.,ένας,"(indefinite) a, an",,needs_review
3601,13,Top 5000,Top 5000,top5000,conj.,αν,whether,whether photo,generated
3602,13,Top 5000,Top 5000,top5000,conj.,αλλά,but,,needs_review
3603,13,Top 5000,Top 5000,top5000,adv.,εδώ,here,here photo,generated
3604,13,Top 5000,Top 5000,top5000,pron.,τους,"(personal): their (3rd person masculine plural, genitive)",,needs_review
3605,13,Top 5000,Top 5000,top5000,pron.,σας,"(personal): your (2nd person plural, genitive)",,needs_review
3606,13,Top 5000,Top 5000,top5000,pron.,μας,"(personal): our (1st person plural, genitive)",,needs_review
3607,13,Top 5000,Top 5000,top5000,v.,πρέπει,must,must photo,generated
3608,13,Top 5000,Top 5000,top5000,adv.,πολύ,very,very photo,generated
3609,13,Top 5000,Top 5000,top5000,inter./conj.,γιατί,because,because photo,generated
3610,13,Top 5000,Top 5000,top5000,conj.,πως,(interrogative) how (in what way or manner; in what state; to what extent),,needs_review
3611,13,Top 5000,Top 5000,top5000,adv.,τώρα,now,,needs_review
3612,13,Top 5000,Top 5000,top5000,pron.,εγώ,selfishness,selfishness photo,generated
3613,13,Top 5000,Top 5000,top5000,interj.,εντάξει,all right,all right photo,generated
3614,13,Top 5000,Top 5000,top5000,pron.,κάτι,something,something photo,generated
3615,13,Top 5000,Top 5000,top5000,v.,ξέρω,know of,know of photo,generated
3616,13,Top 5000,Top 5000,top5000,v.,έχω,have,have photo,generated
3617,13,Top 5000,Top 5000,top5000,part.,μην,not,,needs_review
3618,13,Top 5000,Top 5000,top5000,adv.,έτσι,thus,thus photo,generated
3619,13,Top 5000,Top 5000,top5000,pron.,εσύ,you,,needs_review
3620,13,Top 5000,Top 5000,top5000,adv.,καλά,Nominative,Nominative photo,generated
3621,13,Top 5000,Top 5000,top5000,v.,θέλω,want,want photo,generated
3622,13,Top 5000,Top 5000,top5000,conj.,όταν,when,when photo,generated
3623,13,Top 5000,Top 5000,top5000,v.,μπορώ,) it is possible,) it is possible photo,generated
3624,13,Top 5000,Top 5000,top5000,v.,κάνω,make,make photo,generated
3625,13,Top 5000,Top 5000,top5000,adv.,μόνο,only,only photo,generated
3626,13,Top 5000,Top 5000,top5000,adv.,μαζί,together,together photo,generated
3627,13,Top 5000,Top 5000,top5000,adv.,εκεί,there,there photo,generated
3628,13,Top 5000,Top 5000,top5000,prep.,σαν,like,like photo,generated
3629,13,Top 5000,Top 5000,top5000,n.,όλα,everything,everything photo,generated
3630,13,Top 5000,Top 5000,top5000,pron.,τίποτα,nothing,nothing photo,generated
3631,13,Top 5000,Top 5000,top5000,interj.,ευχαριστώ,thank you!,thank you! photo,generated
3632,13,Top 5000,Top 5000,top5000,inter.,πώς,(interrogative) how (in what way or manner; in what state; to what extent),,needs_review
3633,13,Top 5000,Top 5000,top5000,conj.,ή,Lower-case eta,Lower-case eta photo,generated
3634,13,Top 5000,Top 5000,top5000,adv.,τόσο,Nominative and accusative singular neuter,Nominative and accusative singular neuter photo,generated
3635,13,Top 5000,Top 5000,top5000,adv.,ποτέ,when,when photo,generated
3636,13,Top 5000,Top 5000,top5000,det./pron.,αυτοί,this,this photo,generated
3637,13,Top 5000,Top 5000,top5000,adv.,απλά,simply,simply photo,generated
3638,13,Top 5000,Top 5000,top5000,interj.,έλα,you don't say,you don't say photo,generated
3639,13,Top 5000,Top 5000,top5000,conj./interj.,λοιπόν,"so, therefore, right, well, then (introduces a logical conclusion)",,needs_review
3640,13,Top 5000,Top 5000,top5000,v.,υπάρχω,exist,exist photo,generated
3641,13,Top 5000,Top 5000,top5000,adv.,ακόμα,more,more photo,generated
3642,13,Top 5000,Top 5000,top5000,adv.,μέσα,as affirmative response,as affirmative response photo,generated
3643,13,Top 5000,Top 5000,top5000,n.,το σπίτι,house,house photo,generated
3644,13,Top 5000,Top 5000,top5000,adv.,τότε,then,then photo,generated
3645,13,Top 5000,Top 5000,top5000,adv.,πιο,more,more photo,generated
3646,13,Top 5000,Top 5000,top5000,adv.,ίσως,might,might photo,generated
3647,13,Top 5000,Top 5000,top5000,adv.,πού,where,where photo,generated
3648,13,Top 5000,Top 5000,top5000,interj.,παρακαλώ,please,please photo,generated
3649,13,Top 5000,Top 5000,top5000,n.,ο κύριος,gentleman,gentleman photo,generated
3650,13,Top 5000,Top 5000,top5000,v.,νομίζω,think,think photo,generated
3651,13,Top 5000,Top 5000,top5000,prep./adv./conj.,μετά,afterwards,afterwards photo,generated
3652,13,Top 5000,Top 5000,top5000,adv.,πριν,before,before photo,generated
3653,13,Top 5000,Top 5000,top5000,interj.,γεια,cheers,cheers photo,generated
3654,13,Top 5000,Top 5000,top5000,adv.,πάντα,always,always photo,generated
3655,13,Top 5000,Top 5000,top5000,adv.,λίγο,Nominative,Nominative photo,generated
3656,13,Top 5000,Top 5000,top5000,adv.,πίσω,behind,behind photo,generated
3657,13,Top 5000,Top 5000,top5000,adv./conj.,όπως,"as, like",,needs_review
3658,13,Top 5000,Top 5000,top5000,n.,η δουλειά,work,work photo,generated
3659,13,Top 5000,Top 5000,top5000,n./adv.,η αλήθεια,truth,truth photo,generated
3660,13,Top 5000,Top 5000,top5000,pron.,ποιος,which,which photo,generated
3661,13,Top 5000,Top 5000,top5000,v.,λέω,discuss,discuss photo,generated
3662,13,Top 5000,Top 5000,top5000,num.,δύο,two,,needs_review
3663,13,Top 5000,Top 5000,top5000,pron.,όλοι,Nominative and vocative plural masculine,Nominative and vocative plural masculine photo,generated
3664,13,Top 5000,Top 5000,top5000,n.,το παιδί,child,child photo,generated
3665,13,Top 5000,Top 5000,top5000,part.,ας,added before dependent or present verb forms to form hortative and jussive moods,added before dependent or present verb forms to form hortative and jussive moods photo,generated
3666,13,Top 5000,Top 5000,top5000,pron.,άλλος,other,other photo,generated
3667,13,Top 5000,Top 5000,top5000,n.,η ζωή,life,life photo,generated
3668,13,Top 5000,Top 5000,top5000,v.,βλέπω,consider,consider photo,generated
3669,13,Top 5000,Top 5000,top5000,v.,πάω,go with,go with photo,generated
3670,13,Top 5000,Top 5000,top5000,adv.,έξω,"out, outside",,needs_review
3671,13,Top 5000,Top 5000,top5000,adj.,καλός,good,good photo,generated
3672,13,Top 5000,Top 5000,top5000,conj.,επειδή,"for, because",,needs_review
3673,13,Top 5000,Top 5000,top5000,v.,κοιτάζω,look at,look at photo,generated
3674,13,Top 5000,Top 5000,top5000,prep.,μέχρι,until,until photo,generated
3675,13,Top 5000,Top 5000,top5000,adv.,πάνω,above,above photo,generated
3676,13,Top 5000,Top 5000,top5000,n.,η ώρα,hour,hour photo,generated
3677,13,Top 5000,Top 5000,top5000,n.,η χρονιά,year,year photo,generated
3678,13,Top 5000,Top 5000,top5000,n.,η φορά,the time (instance),,needs_review
3679,13,Top 5000,Top 5000,top5000,adv./adj.,ωραία,Nominative,Nominative photo,generated
3680,13,Top 5000,Top 5000,top5000,conj.,ούτε,neither,neither photo,generated
3681,13,Top 5000,Top 5000,top5000,pron./det.,κάποιος,someone,someone photo,generated
3682,13,Top 5000,Top 5000,top5000,adv./interj.,σωστά,correct,correct photo,generated
3683,13,Top 5000,Top 5000,top5000,n.,το πράγμα,thing,thing photo,generated
3684,13,Top 5000,Top 5000,top5000,det.,κάθε,"(individual): every, each",,needs_review
3685,13,Top 5000,Top 5000,top5000,conj.,όμως,however,however photo,generated
3686,13,Top 5000,Top 5000,top5000,conj.,μα,but,,needs_review
3687,13,Top 5000,Top 5000,top5000,adv.,κάτω,down,down photo,generated
3688,13,Top 5000,Top 5000,top5000,n.,η μέρα,the day,,needs_review
3689,13,Top 5000,Top 5000,top5000,n.,η γυναίκα,woman,woman photo,generated
3690,13,Top 5000,Top 5000,top5000,prep.,χωρίς,without,without photo,generated
3691,13,Top 5000,Top 5000,top5000,adv./conj.,μόλις,barely,barely photo,generated
3692,13,Top 5000,Top 5000,top5000,n.,η μαμά,the mum,,needs_review
3693,13,Top 5000,Top 5000,top5000,adv.,ακριβώς,exactly,exactly photo,generated
3694,13,Top 5000,Top 5000,top5000,v.,αρέσω,be liked by somebody,be liked by somebody photo,generated
3695,13,Top 5000,Top 5000,top5000,adv.,σήμερα,today,today photo,generated
3696,13,Top 5000,Top 5000,top5000,adv.,πόσο,how much,how much photo,generated
3697,13,Top 5000,Top 5000,top5000,interj.,συγγνώμη,sorry,sorry photo,generated
3698,13,Top 5000,Top 5000,top5000,n.,ο θεός,the god,,needs_review
3699,13,Top 5000,Top 5000,top5000,v.,φαίνομαι,seem,seem photo,generated
3700,13,Top 5000,Top 5000,top5000,v.,λυπάμαι,to be sorry,to be sorry photo,generated
3701,13,Top 5000,Top 5000,top5000,v.,γίνομαι,become,become photo,generated
3702,13,Top 5000,Top 5000,top5000,v.,συμβαίνω,happen,happen photo,generated
3703,13,Top 5000,Top 5000,top5000,n.,το μέρος,place,place photo,generated
3704,13,Top 5000,Top 5000,top5000,adv.,φυσικά,naturally,naturally photo,generated
3705,13,Top 5000,Top 5000,top5000,adj.,πολύς,much,much photo,generated
3706,13,Top 5000,Top 5000,top5000,conj.,όσο,Nominative and accusative singular neuter,Nominative and accusative singular neuter photo,generated
3707,13,Top 5000,Top 5000,top5000,n.,η στιγμή,moment,moment photo,generated
3708,13,Top 5000,Top 5000,top5000,n.,το λάθος,mistake,mistake photo,generated
3709,13,Top 5000,Top 5000,top5000,n.,ο χρόνος,year,year photo,generated
3710,13,Top 5000,Top 5000,top5000,conj.,οπότε,whenever,whenever photo,generated
3711,13,Top 5000,Top 5000,top5000,v.,περιμένω,wait,wait photo,generated
3712,13,Top 5000,Top 5000,top5000,n.,το πρόβλημα,problem,problem photo,generated
3713,13,Top 5000,Top 5000,top5000,prep./adv.,ως,as,,needs_review
3714,13,Top 5000,Top 5000,top5000,adv.,πάλι,again,again photo,generated
3715,13,Top 5000,Top 5000,top5000,adv.,πραγματικά,really,really photo,generated
3716,13,Top 5000,Top 5000,top5000,adj.,όλος,whole,whole photo,generated
3717,13,Top 5000,Top 5000,top5000,v.,χρειάζομαι,need,need photo,generated
3718,13,Top 5000,Top 5000,top5000,n.,ο φίλος,friend,friend photo,generated
3719,13,Top 5000,Top 5000,top5000,v.,πιστεύω,believe,believe photo,generated
3720,13,Top 5000,Top 5000,top5000,adj.,δικός,mine,mine photo,generated
3721,13,Top 5000,Top 5000,top5000,n.,η μητέρα,mother,mother photo,generated
3722,13,Top 5000,Top 5000,top5000,adj.,ίδιος,(for emphasis): own,,needs_review
3723,13,Top 5000,Top 5000,top5000,v.,παίρνω,take,take photo,generated
3724,13,Top 5000,Top 5000,top5000,adv.,γρήγορα,quickly,quickly photo,generated
3725,13,Top 5000,Top 5000,top5000,n.,η ιδέα,the idea,,needs_review
3726,13,Top 5000,Top 5000,top5000,n.,ο μπαμπάς,the dad,,needs_review
3727,13,Top 5000,Top 5000,top5000,adv.,αρκετά,enough,enough photo,generated
3728,13,Top 5000,Top 5000,top5000,n.,η κυρία,lady,lady photo,generated
3729,13,Top 5000,Top 5000,top5000,adv./interj.,σίγουρα,certainly,certainly photo,generated
3730,13,Top 5000,Top 5000,top5000,n. pl.,τα λεφτά,money,money photo,generated
3731,13,Top 5000,Top 5000,top5000,n.,η Ελλάδα,Greece,Greece photo,generated
3732,13,Top 5000,Top 5000,top5000,adj.,νέος,young,young photo,generated
3733,13,Top 5000,Top 5000,top5000,pron.,εσείς,"you (2nd person plural, nominative)",,needs_review
3734,13,Top 5000,Top 5000,top5000,adv.,μάλλον,rather,rather photo,generated
3735,13,Top 5000,Top 5000,top5000,v.,σημαίνω,mean,mean photo,generated
3736,13,Top 5000,Top 5000,top5000,adv.,ήδη,already,already photo,generated
3737,13,Top 5000,Top 5000,top5000,pron.,εμείς,"we (1st person plural, nominative)",,needs_review
3738,13,Top 5000,Top 5000,top5000,n.,ο πατέρας,father,father photo,generated
3739,13,Top 5000,Top 5000,top5000,n.,ο καιρός,weather,weather photo,generated
3740,13,Top 5000,Top 5000,top5000,prep.,προς,towards,towards photo,generated
3741,13,Top 5000,Top 5000,top5000,adv.,εκτός,except,except photo,generated
3742,13,Top 5000,Top 5000,top5000,n.,το μωρό,baby,baby photo,generated
3743,13,Top 5000,Top 5000,top5000,n.,ο κόσμος,world,world photo,generated
3744,13,Top 5000,Top 5000,top5000,n.,η χαρά,pleasure,pleasure photo,generated
3745,13,Top 5000,Top 5000,top5000,n.,το όνομα,name,name photo,generated
3746,13,Top 5000,Top 5000,top5000,adv.,αύριο,tomorrow,tomorrow photo,generated
3747,13,Top 5000,Top 5000,top5000,adj.,μόνος,solitary,solitary photo,generated
3748,13,Top 5000,Top 5000,top5000,v.,σταματάω,halt,halt photo,generated
3749,13,Top 5000,Top 5000,top5000,v.,πρόκειται,/περί ) it's about,/περί ) it's about photo,generated
3750,13,Top 5000,Top 5000,top5000,n.,η αγάπη,the love,,needs_review
3751,13,Top 5000,Top 5000,top5000,adj.,μεγάλος,tall,tall photo,generated
3752,13,Top 5000,Top 5000,top5000,pron.,κανένας,nobody,nobody photo,generated
3753,13,Top 5000,Top 5000,top5000,n.,ο άνθρωπος,person,person photo,generated
3754,13,Top 5000,Top 5000,top5000,v.,καταλαβαίνω,understand,understand photo,generated
3755,13,Top 5000,Top 5000,top5000,adj.,πρώτος,first,first photo,generated
3756,13,Top 5000,Top 5000,top5000,n.,το δίκιο,right,right photo,generated
3757,13,Top 5000,Top 5000,top5000,adv.,απόψε,tonight,tonight photo,generated
3758,13,Top 5000,Top 5000,top5000,n.,το τέλος,the end,,needs_review
3759,13,Top 5000,Top 5000,top5000,adj.,τελευταίος,last,last photo,generated
3760,13,Top 5000,Top 5000,top5000,adv.,μακριά,afar,afar photo,generated
3761,13,Top 5000,Top 5000,top5000,adv./interj.,αμέσως,immediately,immediately photo,generated
3762,13,Top 5000,Top 5000,top5000,adv.,πότε,when,when photo,generated
3763,13,Top 5000,Top 5000,top5000,n.,η θέση,position,position photo,generated
3764,13,Top 5000,Top 5000,top5000,n.,ο τρόπος,manner,manner photo,generated
3765,13,Top 5000,Top 5000,top5000,conj.,μήπως,in case,in case photo,generated
3766,13,Top 5000,Top 5000,top5000,pron.,εαυτός,myself,myself photo,generated
3767,13,Top 5000,Top 5000,top5000,adv.,ξανά,again,again photo,generated
3768,13,Top 5000,Top 5000,top5000,v.,έρχομαι,come,come photo,generated
3769,13,Top 5000,Top 5000,top5000,adv.,πια,any more,any more photo,generated
3770,13,Top 5000,Top 5000,top5000,adj.,περισσότερος,much,much photo,generated
3771,13,Top 5000,Top 5000,top5000,prep.,κατά,versus,versus photo,generated
3772,13,Top 5000,Top 5000,top5000,adv.,μάλιστα,"yes, certainly, ok, of course, right you are, okey-dokey (acknowledging that a request has been heard and understood)",,needs_review
3773,13,Top 5000,Top 5000,top5000,n.,το κορίτσι,girl,girl photo,generated
3774,13,Top 5000,Top 5000,top5000,n.,η πόλη,city,city photo,generated
3775,13,Top 5000,Top 5000,top5000,n.,το λεπτό,minute,minute photo,generated
3776,13,Top 5000,Top 5000,top5000,n.,ο τύπος,sort,sort photo,generated
3777,13,Top 5000,Top 5000,top5000,adv.,κοντά,near,near photo,generated
3778,13,Top 5000,Top 5000,top5000,n.,το θέμα,subject,subject photo,generated
3779,13,Top 5000,Top 5000,top5000,v.,μιλάω,speak,speak photo,generated
3780,13,Top 5000,Top 5000,top5000,n.,το χέρι,hand,hand photo,generated
3781,13,Top 5000,Top 5000,top5000,v.,βρίσκω,find,find photo,generated
3782,13,Top 5000,Top 5000,top5000,adj./adv.,τέτοιος,such,such photo,generated
3783,13,Top 5000,Top 5000,top5000,v.,εννοώ,mean,mean photo,generated
3784,13,Top 5000,Top 5000,top5000,adj. pl.,μερικοί,Nominative and vocative plural masculine,Nominative and vocative plural masculine photo,generated
3785,13,Top 5000,Top 5000,top5000,v.,πειράζω,annoy,annoy photo,generated
3786,13,Top 5000,Top 5000,top5000,pron.,εκείνος,that,that photo,generated
3787,13,Top 5000,Top 5000,top5000,n.,η βοήθεια,help,help photo,generated
3788,13,Top 5000,Top 5000,top5000,adv.,επίσης,also,also photo,generated
3789,13,Top 5000,Top 5000,top5000,adv.,καθόλου,by no means,by no means photo,generated
3790,13,Top 5000,Top 5000,top5000,adv.,πέρα,beyond,beyond photo,generated
3791,13,Top 5000,Top 5000,top5000,adj.,σίγουρος,secure,secure photo,generated
3792,13,Top 5000,Top 5000,top5000,conj.,αφού,after,after photo,generated
3793,13,Top 5000,Top 5000,top5000,n.,η πόρτα,door,door photo,generated
3794,13,Top 5000,Top 5000,top5000,n.,η ιστορία,history,history photo,generated
3795,13,Top 5000,Top 5000,top5000,interj.,ορίστε,here's,here's photo,generated
3796,13,Top 5000,Top 5000,top5000,v.,ελπίζω,hope to,hope to photo,generated
3797,13,Top 5000,Top 5000,top5000,n.,το πρωί,morning,morning photo,generated
3798,13,Top 5000,Top 5000,top5000,n.,το μάτι,the eye,,needs_review
3799,13,Top 5000,Top 5000,top5000,v.,επιστρέφω,return,return photo,generated
3800,13,Top 5000,Top 5000,top5000,n.,ο δρόμος,road,road photo,generated
3801,13,Top 5000,Top 5000,top5000,adj.,κακός,"bad, evil, ill, wicked",,needs_review
3802,13,Top 5000,Top 5000,top5000,n.,η ομάδα,group,group photo,generated
3803,13,Top 5000,Top 5000,top5000,n.,η σχέση,connection,connection photo,generated
3804,13,Top 5000,Top 5000,top5000,adv.,μπροστά,in front,in front photo,generated
3805,13,Top 5000,Top 5000,top5000,v.,φεύγω,leave,leave photo,generated
3806,13,Top 5000,Top 5000,top5000,v.,θυμάμαι,remember,remember photo,generated
3807,13,Top 5000,Top 5000,top5000,n.,το αμάξι,the car,,needs_review
3808,13,Top 5000,Top 5000,top5000,n.,η αστυνομία,police,police photo,generated
3809,13,Top 5000,Top 5000,top5000,n.,η ευκαιρία,opportunity,opportunity photo,generated
3810,13,Top 5000,Top 5000,top5000,n.,ο λόγος,reason,reason photo,generated
3811,13,Top 5000,Top 5000,top5000,v.,βοηθώ,less frequent variant of βοηθάω (voïtháo),,needs_review
3812,13,Top 5000,Top 5000,top5000,n.,το κεφάλι,head,head photo,generated
3813,13,Top 5000,Top 5000,top5000,n.,η νύχτα,night,night photo,generated
3814,13,Top 5000,Top 5000,top5000,conj.,ώστε,so that,so that photo,generated
3815,13,Top 5000,Top 5000,top5000,v.,χαίρομαι,to be happy,to be happy photo,generated
3816,13,Top 5000,Top 5000,top5000,adv./interj.,τέλεια,full stop or period ⟨.⟩.,full stop or period ⟨.⟩. photo,generated
3817,13,Top 5000,Top 5000,top5000,n.,το γραφείο,office,office photo,generated
3818,13,Top 5000,Top 5000,top5000,interj.,αμέ,sure,sure photo,generated
3819,13,Top 5000,Top 5000,top5000,v.,μπαίνω,enter,enter photo,generated
3820,13,Top 5000,Top 5000,top5000,n.,το δωμάτιο,room,room photo,generated
3821,13,Top 5000,Top 5000,top5000,v.,δίνω,give,give photo,generated
3822,13,Top 5000,Top 5000,top5000,n.,η κόρη,daughter,daughter photo,generated
3823,13,Top 5000,Top 5000,top5000,adv.,όπου,where,where photo,generated
3824,13,Top 5000,Top 5000,top5000,v.,αγαπάω,like,like photo,generated
3825,13,Top 5000,Top 5000,top5000,conj.,δηλαδή,specifically,specifically photo,generated
3826,13,Top 5000,Top 5000,top5000,adv.,πρώτα,first,first photo,generated
3827,13,Top 5000,Top 5000,top5000,n.,το ψέμα,the lie,,needs_review
3828,13,Top 5000,Top 5000,top5000,num.,τρία,three,three photo,generated
3829,13,Top 5000,Top 5000,top5000,adj.,ωραίος,good,good photo,generated
3830,13,Top 5000,Top 5000,top5000,v.,ανησυχώ,worry,worry photo,generated
3831,13,Top 5000,Top 5000,top5000,n.,η οικογένεια,family,family photo,generated
3832,13,Top 5000,Top 5000,top5000,n.,το αγόρι,the boy,,needs_review
3833,13,Top 5000,Top 5000,top5000,v.,πεθαίνω,kill,kill photo,generated
3834,13,Top 5000,Top 5000,top5000,n. pl.,τα χρήματα,money,money photo,generated
3835,13,Top 5000,Top 5000,top5000,n.,ο άντρας,husband,husband photo,generated
3836,13,Top 5000,Top 5000,top5000,adv.,σοβαρά,reliable,reliable photo,generated
3837,13,Top 5000,Top 5000,top5000,adv.,αλλιώς,otherwise,otherwise photo,generated
3838,13,Top 5000,Top 5000,top5000,adj.,μικρός,small,small photo,generated
3839,13,Top 5000,Top 5000,top5000,adv.,τουλάχιστον,at least,at least photo,generated
3840,13,Top 5000,Top 5000,top5000,n.,το τηλέφωνο,telephone,telephone photo,generated
3841,13,Top 5000,Top 5000,top5000,adj.,δύσκολος,difficult,difficult photo,generated
3842,13,Top 5000,Top 5000,top5000,n.,η καρδιά,heart,heart photo,generated
3843,13,Top 5000,Top 5000,top5000,adv.,αργότερα,later,later photo,generated
3844,13,Top 5000,Top 5000,top5000,adv.,σχεδόν,almost,almost photo,generated
3845,13,Top 5000,Top 5000,top5000,n.,το νερό,water,water photo,generated
3846,13,Top 5000,Top 5000,top5000,v.,νιώθω,feel,feel photo,generated
3847,13,Top 5000,Top 5000,top5000,adv.,κάπου,somewhere,somewhere photo,generated
3848,13,Top 5000,Top 5000,top5000,num.,πέντε,five,five photo,generated
3849,13,Top 5000,Top 5000,top5000,adv.,μεταξύ,between,between photo,generated
3850,13,Top 5000,Top 5000,top5000,n.,ο μήνας,month,month photo,generated
3851,13,Top 5000,Top 5000,top5000,adv.,χθες,yesterday,yesterday photo,generated
3852,13,Top 5000,Top 5000,top5000,n.,η υπόθεση,hypothesis,hypothesis photo,generated
3853,13,Top 5000,Top 5000,top5000,interj.,αντίο,goodbye,goodbye photo,generated
3854,13,Top 5000,Top 5000,top5000,n.,το σχολείο,school,school photo,generated
3855,13,Top 5000,Top 5000,top5000,adv.,βέβαια,certainly,certainly photo,generated
3856,13,Top 5000,Top 5000,top5000,n.,το μυαλό,mind,mind photo,generated
3857,13,Top 5000,Top 5000,top5000,interj.,ρε,jeez,jeez photo,generated
3858,13,Top 5000,Top 5000,top5000,adv.,σύντομα,soon,soon photo,generated
3859,13,Top 5000,Top 5000,top5000,v.,γυρίζω,turn,turn photo,generated
3860,13,Top 5000,Top 5000,top5000,v.,υποθέτω,suppose,suppose photo,generated
3861,13,Top 5000,Top 5000,top5000,adv.,πάρα,despite,despite photo,generated
3862,13,Top 5000,Top 5000,top5000,adv.,αργά,slowly,slowly photo,generated
3863,13,Top 5000,Top 5000,top5000,v.,τρέχω,flee,flee photo,generated
3864,13,Top 5000,Top 5000,top5000,adv.,συνέχεια,continuously,continuously photo,generated
3865,13,Top 5000,Top 5000,top5000,n.,η πλάκα,joke,joke photo,generated
3866,13,Top 5000,Top 5000,top5000,n.,η φυλακή,prison,prison photo,generated
3867,13,Top 5000,Top 5000,top5000,v.,σκέπτομαι,(formal) Alternative form of σκέφτομαι (skéftomai),,needs_review
3868,13,Top 5000,Top 5000,top5000,n.,το παιχνίδι,game,game photo,generated
3869,13,Top 5000,Top 5000,top5000,v.,αφήνω,leave,leave photo,generated
3870,13,Top 5000,Top 5000,top5000,adj.,νεκρός,dead,dead photo,generated
3871,13,Top 5000,Top 5000,top5000,adv.,γύρω,around,around photo,generated
3872,13,Top 5000,Top 5000,top5000,n.,η σημασία,importance,importance photo,generated
3873,13,Top 5000,Top 5000,top5000,n.,η χάρη,favour,favour photo,generated
3874,13,Top 5000,Top 5000,top5000,n.,η κοπέλα,girl,girl photo,generated
3875,13,Top 5000,Top 5000,top5000,n.,το φαγητό,food,food photo,generated
3876,13,Top 5000,Top 5000,top5000,adj.,σημαντικός,important,important photo,generated
3877,13,Top 5000,Top 5000,top5000,v.,σκοτώνω,kill,kill photo,generated
3878,13,Top 5000,Top 5000,top5000,n.,η κατάσταση,situation,situation photo,generated
3879,13,Top 5000,Top 5000,top5000,v.,εννοείται,mean,mean photo,generated
3880,13,Top 5000,Top 5000,top5000,v.,συγχωρώ,forgive,forgive photo,generated
3881,13,Top 5000,Top 5000,top5000,n.,το αυτοκίνητο,the car,,needs_review
3882,13,Top 5000,Top 5000,top5000,interj.,καλημέρα,good morning,good morning photo,generated
3883,13,Top 5000,Top 5000,top5000,adv.,βασικά,basically,basically photo,generated
3884,13,Top 5000,Top 5000,top5000,n.,το αστείο,joke,joke photo,generated
3885,13,Top 5000,Top 5000,top5000,interj.,εμπρός,ahead,ahead photo,generated
3886,13,Top 5000,Top 5000,top5000,n. pl.,τα νέα,news,news photo,generated
3887,13,Top 5000,Top 5000,top5000,v.,φοβάμαι,fear,fear photo,generated
3888,13,Top 5000,Top 5000,top5000,n. pl.,οι γονείς,parents,parents photo,generated
3889,13,Top 5000,Top 5000,top5000,adj.,γλυκός,sweet in taste,sweet in taste photo,generated
3890,13,Top 5000,Top 5000,top5000,adj.,έτοιμος,ready,ready photo,generated
3891,13,Top 5000,Top 5000,top5000,n.,το σχέδιο,plan,plan photo,generated
3892,13,Top 5000,Top 5000,top5000,v.,νοιάζω,mind,mind photo,generated
3893,13,Top 5000,Top 5000,top5000,n.,η τύχη,luck,luck photo,generated
3894,13,Top 5000,Top 5000,top5000,n.,το πόδι,foot,foot photo,generated
3895,13,Top 5000,Top 5000,top5000,n.,η αρχή,principle,principle photo,generated
3896,13,Top 5000,Top 5000,top5000,v.,μένω,stay,stay photo,generated
3897,13,Top 5000,Top 5000,top5000,conj.,ενώ,while,while photo,generated
3898,13,Top 5000,Top 5000,top5000,n.,το ευρώ,euro,euro photo,generated
3899,13,Top 5000,Top 5000,top5000,n.,ο Έλληνας,Greek person,Greek person photo,generated
3900,13,Top 5000,Top 5000,top5000,adv.,άσχημα,badly,badly photo,generated
3901,13,Top 5000,Top 5000,top5000,adv.,τελικά,finally,finally photo,generated
3902,13,Top 5000,Top 5000,top5000,pron.,οποίος,whoever,whoever photo,generated
3903,13,Top 5000,Top 5000,top5000,adj.,σωστός,correct,correct photo,generated
3904,13,Top 5000,Top 5000,top5000,v.,προσπαθώ,attempt,attempt photo,generated
3905,13,Top 5000,Top 5000,top5000,v.,ακούω,hear,hear photo,generated
3906,13,Top 5000,Top 5000,top5000,v.,μοιάζω,look like,look like photo,generated
3907,13,Top 5000,Top 5000,top5000,adv.,περίπου,approximately,approximately photo,generated
3908,13,Top 5000,Top 5000,top5000,n.,η δύναμη,strength,strength photo,generated
3909,13,Top 5000,Top 5000,top5000,n.,το ραντεβού,appointment,appointment photo,generated
3910,13,Top 5000,Top 5000,top5000,n.,το αφεντικό,boss,boss photo,generated
3911,13,Top 5000,Top 5000,top5000,n.,το πάρτι,party,party photo,generated
3912,13,Top 5000,Top 5000,top5000,v.,φέρνω,bear,bear photo,generated
3913,13,Top 5000,Top 5000,top5000,n.,η γη,earth,earth photo,generated
3914,13,Top 5000,Top 5000,top5000,v.,ακούγομαι,be heard,be heard photo,generated
3915,13,Top 5000,Top 5000,top5000,n.,ο γιος,the son,,needs_review
3916,13,Top 5000,Top 5000,top5000,n.,η περίπτωση,instance,instance photo,generated
3917,13,Top 5000,Top 5000,top5000,adj.,επόμενος,next,next photo,generated
3918,13,Top 5000,Top 5000,top5000,n.,το μισό,half,half photo,generated
3919,13,Top 5000,Top 5000,top5000,n.,το σώμα,body,body photo,generated
3920,13,Top 5000,Top 5000,top5000,v.,περνάω,pass,pass photo,generated
3921,13,Top 5000,Top 5000,top5000,n.,ο διάλογος,conversation,conversation photo,generated
3922,13,Top 5000,Top 5000,top5000,n.,το βιβλίο,book,book photo,generated
3923,13,Top 5000,Top 5000,top5000,n.,η επιλογή,choice,choice photo,generated
3924,13,Top 5000,Top 5000,top5000,interj.,μπράβο,bravo,bravo photo,generated
3925,13,Top 5000,Top 5000,top5000,v.,μαθαίνω,learn,learn photo,generated
3926,13,Top 5000,Top 5000,top5000,n.,το νοσοκομείο,hospital,hospital photo,generated
3927,13,Top 5000,Top 5000,top5000,v.,προσέχω,watch,watch photo,generated
3928,13,Top 5000,Top 5000,top5000,num.,έξι,six,,needs_review
3929,13,Top 5000,Top 5000,top5000,n.,η χώρα,country,country photo,generated
3930,13,Top 5000,Top 5000,top5000,n.,ο καφές,coffee,coffee photo,generated
3931,13,Top 5000,Top 5000,top5000,n.,το σεξ,intercourse,intercourse photo,generated
3932,13,Top 5000,Top 5000,top5000,adv./adj.,πλέον,more,more photo,generated
3933,13,Top 5000,Top 5000,top5000,n.,η ταινία,film,film photo,generated
3934,13,Top 5000,Top 5000,top5000,n.,το μήνυμα,message,message photo,generated
3935,13,Top 5000,Top 5000,top5000,adj.,εύκολος,easy,easy photo,generated
3936,13,Top 5000,Top 5000,top5000,prep./adv.,σχετικά,relatively,relatively photo,generated
3937,13,Top 5000,Top 5000,top5000,v.,αξίζω,cost,cost photo,generated
3938,13,Top 5000,Top 5000,top5000,n.,το πρόσωπο,face,face photo,generated
3939,13,Top 5000,Top 5000,top5000,interj.,καλησπέρα,good evening,good evening photo,generated
3940,13,Top 5000,Top 5000,top5000,v.,βρίσκομαι,be located,be located photo,generated
3941,13,Top 5000,Top 5000,top5000,n.,το κρεβάτι,the bed,,needs_review
3942,13,Top 5000,Top 5000,top5000,pron.,οτιδήποτε,anything,anything photo,generated
3943,13,Top 5000,Top 5000,top5000,interj.,καληνύχτα,goodnight!,goodnight! photo,generated
3944,13,Top 5000,Top 5000,top5000,v.,ηρεμώ,compose oneself,compose oneself photo,generated
3945,13,Top 5000,Top 5000,top5000,n.,η ερώτηση,question,question photo,generated
3946,13,Top 5000,Top 5000,top5000,adv.,προφανώς,obviously,obviously photo,generated
3947,13,Top 5000,Top 5000,top5000,n.,η συμφωνία,agreement,agreement photo,generated
3948,13,Top 5000,Top 5000,top5000,v.,βάζω,make,make photo,generated
3949,13,Top 5000,Top 5000,top5000,adv.,δίπλα,twice as much,twice as much photo,generated
3950,13,Top 5000,Top 5000,top5000,n.,το ποτό,drink,drink photo,generated
3951,13,Top 5000,Top 5000,top5000,n.,η σειρά,series,series photo,generated
3952,13,Top 5000,Top 5000,top5000,adv.,κάπως,somewhat,somewhat photo,generated
3953,13,Top 5000,Top 5000,top5000,v.,τελειώνω,finish,finish photo,generated
3954,13,Top 5000,Top 5000,top5000,prep./conj.,παρά,despite,despite photo,generated
3955,13,Top 5000,Top 5000,top5000,n.,η πραγματικότητα,reality,reality photo,generated
3956,13,Top 5000,Top 5000,top5000,n. pl.,τα ρούχα,clothes,clothes photo,generated
3957,13,Top 5000,Top 5000,top5000,v.,δουλεύω,work,work photo,generated
3958,13,Top 5000,Top 5000,top5000,n.,το στοιχείο,element,element photo,generated
3959,13,Top 5000,Top 5000,top5000,adj.,τελευταία,lately,lately photo,generated
3960,13,Top 5000,Top 5000,top5000,n.,η λέξη,word,word photo,generated
3961,13,Top 5000,Top 5000,top5000,n.,ο γιατρός,doctor η γιατρός,doctor η γιατρός photo,generated
3962,13,Top 5000,Top 5000,top5000,n.,η αδερφή,sister,sister photo,generated
3963,13,Top 5000,Top 5000,top5000,adj.,υπέροχος,excellent,excellent photo,generated
3964,13,Top 5000,Top 5000,top5000,n.,η φωτιά,fire,fire photo,generated
3965,13,Top 5000,Top 5000,top5000,adj.,παλιός,worn out,worn out photo,generated
3966,13,Top 5000,Top 5000,top5000,num.,δέκα,ten,,needs_review
3967,13,Top 5000,Top 5000,top5000,adj.,λίγος,little,little photo,generated
3968,13,Top 5000,Top 5000,top5000,n.,το κομμάτι,piece,piece photo,generated
3969,13,Top 5000,Top 5000,top5000,n.,το σημείο,point,point photo,generated
3970,13,Top 5000,Top 5000,top5000,v.,γνωρίζω,know,know photo,generated
3971,13,Top 5000,Top 5000,top5000,n.,η πλευρά,side,side photo,generated
3972,13,Top 5000,Top 5000,top5000,adv.,πουθενά,somewhere,somewhere photo,generated
3973,13,Top 5000,Top 5000,top5000,adv.,υπέροχα,wonderfully,wonderfully photo,generated
3974,13,Top 5000,Top 5000,top5000,n.,η εβδομάδα,week,week photo,generated
3975,13,Top 5000,Top 5000,top5000,adv.,εντελώς,intensifier,intensifier photo,generated
3976,13,Top 5000,Top 5000,top5000,adj.,περίεργος,curious,curious photo,generated
3977,13,Top 5000,Top 5000,top5000,n.,η φωτογραφία,photo,photo photo,generated
3978,13,Top 5000,Top 5000,top5000,n.,η περιοχή,area,area photo,generated
3979,13,Top 5000,Top 5000,top5000,n. pl.,τα ελληνικά,Greek,Greek photo,generated
3980,13,Top 5000,Top 5000,top5000,n./interj.,η προσοχή,attention,attention photo,generated
3981,13,Top 5000,Top 5000,top5000,n.,το δείπνο,supper,supper photo,generated
3982,13,Top 5000,Top 5000,top5000,v.,κάθομαι,remain standing,remain standing photo,generated
3983,13,Top 5000,Top 5000,top5000,n.,η πληροφορία,information,information photo,generated
3984,13,Top 5000,Top 5000,top5000,pron.,πόσος,how much?,how much? photo,generated
3985,13,Top 5000,Top 5000,top5000,n.,το σκάφος,boat,boat photo,generated
3986,13,Top 5000,Top 5000,top5000,adv.,άρα,therefore,therefore photo,generated
3987,13,Top 5000,Top 5000,top5000,n.,το μέλλον,future,future photo,generated
3988,13,Top 5000,Top 5000,top5000,n.,το ταξίδι,journey,journey photo,generated
3989,13,Top 5000,Top 5000,top5000,interj.,σκάσε,shut up,shut up photo,generated
3990,13,Top 5000,Top 5000,top5000,n.,η άδεια,permission,permission photo,generated
3991,13,Top 5000,Top 5000,top5000,adv.,κάποτε,sometime,sometime photo,generated
3992,13,Top 5000,Top 5000,top5000,v.,δείχνω,indicate,indicate photo,generated
3993,13,Top 5000,Top 5000,top5000,n.,το άτομο,person,person photo,generated
3994,13,Top 5000,Top 5000,top5000,conj.,καθώς,since,since photo,generated
3995,13,Top 5000,Top 5000,top5000,adv.,χάλια,Nominative,Nominative photo,generated
3996,13,Top 5000,Top 5000,top5000,n.,η μουσική,music,music photo,generated
3997,13,Top 5000,Top 5000,top5000,n.,ο θάνατος,death,death photo,generated
3998,13,Top 5000,Top 5000,top5000,n. pl.,τα μαλλιά,hair,hair photo,generated
3999,13,Top 5000,Top 5000,top5000,n.,η τιμή,price,price photo,generated
4000,13,Top 5000,Top 5000,top5000,conj.,είτε,either...or,either...or photo,generated
4001,13,Top 5000,Top 5000,top5000,adj.,τόσος,"so, so much, such",,needs_review
4002,13,Top 5000,Top 5000,top5000,v.,υποτίθεται,it is supposed to,it is supposed to photo,generated
4003,13,Top 5000,Top 5000,top5000,n.,η γνώμη,opinion,opinion photo,generated
4004,13,Top 5000,Top 5000,top5000,part.,μακάρι,wish,wish photo,generated
4005,13,Top 5000,Top 5000,top5000,n.,το σύστημα,system,system photo,generated
4006,13,Top 5000,Top 5000,top5000,adv.,παντού,everywhere,everywhere photo,generated
4007,13,Top 5000,Top 5000,top5000,n.,ο πόλεμος,the war,,needs_review
4008,13,Top 5000,Top 5000,top5000,n. / n. as adj.,το πτώμα,corpse,corpse photo,generated
4009,13,Top 5000,Top 5000,top5000,n.,η ασφάλεια,safety,safety photo,generated
4010,13,Top 5000,Top 5000,top5000,adv.,επιτέλους,at last,at last photo,generated
4011,13,Top 5000,Top 5000,top5000,prep.,υπό,under (subject to,under (subject to photo,generated
4012,13,Top 5000,Top 5000,top5000,adv.,συνήθως,usually,usually photo,generated
4013,13,Top 5000,Top 5000,top5000,n.,το τμήμα,department,department photo,generated
4014,13,Top 5000,Top 5000,top5000,v.,ρωτάω,enquire,enquire photo,generated
4015,13,Top 5000,Top 5000,top5000,v.,υπόσχομαι,promise,promise photo,generated
4016,13,Top 5000,Top 5000,top5000,n.,η αποστολή,mission,mission photo,generated
4017,13,Top 5000,Top 5000,top5000,n.,το κέντρο,centre,centre photo,generated
4018,13,Top 5000,Top 5000,top5000,n.,ο γάμος,marriage,marriage photo,generated
4019,13,Top 5000,Top 5000,top5000,n.,η λίστα,list,list photo,generated
4020,13,Top 5000,Top 5000,top5000,prep.,εναντίον,against,against photo,generated
4021,13,Top 5000,Top 5000,top5000,n.,το είδος,kind,kind photo,generated
4022,13,Top 5000,Top 5000,top5000,n.,το φως,light,light photo,generated
4023,13,Top 5000,Top 5000,top5000,adj.,ενδιαφέρων,interesting,interesting photo,generated
4024,13,Top 5000,Top 5000,top5000,n.,η μέση,middle,middle photo,generated
4025,13,Top 5000,Top 5000,top5000,n.,το δώρο,present,present photo,generated
4026,13,Top 5000,Top 5000,top5000,v.,αλλάζω,change,change photo,generated
4027,13,Top 5000,Top 5000,top5000,adj.,τρελός,crazy,crazy photo,generated
4028,13,Top 5000,Top 5000,top5000,v.,συνεχίζω,continue,continue photo,generated
4029,13,Top 5000,Top 5000,top5000,adv.,όντως,indeed,indeed photo,generated
4030,13,Top 5000,Top 5000,top5000,adj.,όμορφος,beautiful,beautiful photo,generated
4031,13,Top 5000,Top 5000,top5000,n.,η έρευνα,research,research photo,generated
4032,13,Top 5000,Top 5000,top5000,adj.,τέλειος,perfect,perfect photo,generated
4033,13,Top 5000,Top 5000,top5000,n.,το νόημα,sense,sense photo,generated
4034,13,Top 5000,Top 5000,top5000,n.,η δεσποινίς,young lady,young lady photo,generated
4035,13,Top 5000,Top 5000,top5000,n.,το στόμα,mouth,mouth photo,generated
4036,13,Top 5000,Top 5000,top5000,n.,το μυστικό,secret,secret photo,generated
4037,13,Top 5000,Top 5000,top5000,v.,λείπω,to be absent,to be absent photo,generated
4038,13,Top 5000,Top 5000,top5000,n.,ο έλεγχος,control,control photo,generated
4039,13,Top 5000,Top 5000,top5000,n.,η άκρη,edge,edge photo,generated
4040,13,Top 5000,Top 5000,top5000,n.,η ματιά,look,look photo,generated
4041,13,Top 5000,Top 5000,top5000,n.,το πλοίο,ship,ship photo,generated
4042,13,Top 5000,Top 5000,top5000,v.,κρατάω,κρατιέμαι,κρατιέμαι photo,generated
4043,13,Top 5000,Top 5000,top5000,adj.,πρώην,former,former photo,generated
4044,13,Top 5000,Top 5000,top5000,adv.,παραπάνω,above,above photo,generated
4045,13,Top 5000,Top 5000,top5000,adj.,λιγότερος,less,less photo,generated
4046,13,Top 5000,Top 5000,top5000,n.,η επίθεση,attack,attack photo,generated
4047,13,Top 5000,Top 5000,top5000,interj.,άντε,go! or αντέτε ),go! or αντέτε ) photo,generated
4048,13,Top 5000,Top 5000,top5000,n.,η βάση,base,base photo,generated
4049,13,Top 5000,Top 5000,top5000,v.,παίζω,play,play photo,generated
4050,13,Top 5000,Top 5000,top5000,v.,χάνω,lose,lose photo,generated
4051,13,Top 5000,Top 5000,top5000,v.,βγαίνω,come up,come up photo,generated
4052,13,Top 5000,Top 5000,top5000,n.,το ατύχημα,accident,accident photo,generated
4053,13,Top 5000,Top 5000,top5000,n.,ο αέρας,the air,,needs_review
4054,13,Top 5000,Top 5000,top5000,prep.,εξαιτίας,because of,because of photo,generated
4055,13,Top 5000,Top 5000,top5000,adv.,συχνά,often,often photo,generated
4056,13,Top 5000,Top 5000,top5000,v.,βγάζω,take off,take off photo,generated
4057,13,Top 5000,Top 5000,top5000,num.,ένα εκατομμύριο,one million,one million photo,generated
4058,13,Top 5000,Top 5000,top5000,n.,το γλυκό,dessert,dessert photo,generated
4059,13,Top 5000,Top 5000,top5000,n. pl.,τα αγγλικά,English,English photo,generated
4060,13,Top 5000,Top 5000,top5000,v.,πέφτω,fall,fall photo,generated
4061,13,Top 5000,Top 5000,top5000,n.,η ανάγκη,need,need photo,generated
4062,13,Top 5000,Top 5000,top5000,adv.,τελείως,completely,completely photo,generated
4063,13,Top 5000,Top 5000,top5000,adv.,ανάμεσα,among,among photo,generated
4064,13,Top 5000,Top 5000,top5000,n.,το ξενοδοχείο,hotel,hotel photo,generated
4065,13,Top 5000,Top 5000,top5000,adv.,ξαφνικά,suddenly,suddenly photo,generated
4066,13,Top 5000,Top 5000,top5000,n.,το παρελθόν,past,past photo,generated
4067,13,Top 5000,Top 5000,top5000,adv.,ειλικρινά,frankly,frankly photo,generated
4068,13,Top 5000,Top 5000,top5000,v.,αφορά,concerns,concerns photo,generated
4069,13,Top 5000,Top 5000,top5000,v.,μισώ,hate,hate photo,generated
4070,13,Top 5000,Top 5000,top5000,prep.,λόγω,because of,because of photo,generated
4071,13,Top 5000,Top 5000,top5000,n.,η γραμμή,line,line photo,generated
4072,13,Top 5000,Top 5000,top5000,n.,ο χώρος,space,space photo,generated
4073,13,Top 5000,Top 5000,top5000,v.,αισθάνομαι,feel,feel photo,generated
4074,13,Top 5000,Top 5000,top5000,n.,η απάντηση,answer,answer photo,generated
4075,13,Top 5000,Top 5000,top5000,n.,ο αδερφός,brother,brother photo,generated
4076,13,Top 5000,Top 5000,top5000,adv.,ψηλά,Nominative,Nominative photo,generated
4077,13,Top 5000,Top 5000,top5000,n.,η σκηνή,scene,scene photo,generated
4078,13,Top 5000,Top 5000,top5000,adv.,νωρίς,early,early photo,generated
4079,13,Top 5000,Top 5000,top5000,v.,λέγομαι,to be called,to be called photo,generated
4080,13,Top 5000,Top 5000,top5000,adj.,ζωντανός,alive,alive photo,generated
4081,13,Top 5000,Top 5000,top5000,n.,η τηλεόραση,television,television photo,generated
4082,13,Top 5000,Top 5000,top5000,adj.,παράξενος,strange,strange photo,generated
4083,13,Top 5000,Top 5000,top5000,n.,το τραπέζι,table,table photo,generated
4084,13,Top 5000,Top 5000,top5000,n.,το σήμα,signal,signal photo,generated
4085,13,Top 5000,Top 5000,top5000,n.,το τραγούδι,song,song photo,generated
4086,13,Top 5000,Top 5000,top5000,num.,χίλια,one thousand,one thousand photo,generated
4087,13,Top 5000,Top 5000,top5000,v.,ορκίζομαι,swear,swear photo,generated
4088,13,Top 5000,Top 5000,top5000,n.,η γιαγιά,grandmother,grandmother photo,generated
4089,13,Top 5000,Top 5000,top5000,n.,το μπαρ,the bar,,needs_review
4090,13,Top 5000,Top 5000,top5000,v.,ζητάω,seek,seek photo,generated
4091,13,Top 5000,Top 5000,top5000,n.,το μπάνιο,bathroom,bathroom photo,generated
4092,13,Top 5000,Top 5000,top5000,interj.,συγχαρητήρια,Nominative,Nominative photo,generated
4093,13,Top 5000,Top 5000,top5000,num.,τέσσερα,four,four photo,generated
4094,13,Top 5000,Top 5000,top5000,v.,στέλνω,send,send photo,generated
4095,13,Top 5000,Top 5000,top5000,n.,η επαφή,contact,contact photo,generated
4096,13,Top 5000,Top 5000,top5000,n.,ο ύπνος,sleep,sleep photo,generated
4097,13,Top 5000,Top 5000,top5000,n.,η φωνή,voice,voice photo,generated
4098,13,Top 5000,Top 5000,top5000,interj.,το κρίμα,shame,shame photo,generated
4099,13,Top 5000,Top 5000,top5000,n.,το κλειδί,the key,,needs_review
4100,13,Top 5000,Top 5000,top5000,n.,το πρόγραμμα,programme,programme photo,generated
4101,13,Top 5000,Top 5000,top5000,n.,η μάχη,battle,battle photo,generated
4102,13,Top 5000,Top 5000,top5000,adv.,σύμφωνα,accordingly,accordingly photo,generated
4103,13,Top 5000,Top 5000,top5000,n.,το μαγαζί,shop,shop photo,generated
4104,13,Top 5000,Top 5000,top5000,adv.,αντί,instead of,instead of photo,generated
4105,13,Top 5000,Top 5000,top5000,n.,η κίνηση,movement,movement photo,generated
4106,13,Top 5000,Top 5000,top5000,n.,το αεροπλάνο,plane,plane photo,generated
4107,13,Top 5000,Top 5000,top5000,adv.,διαφορετικά,otherwise,otherwise photo,generated
4108,13,Top 5000,Top 5000,top5000,n.,η απόφαση,decision,decision photo,generated
4109,13,Top 5000,Top 5000,top5000,adj.,αρκετός,enough,enough photo,generated
4110,13,Top 5000,Top 5000,top5000,v.,ανήκω,belong,belong photo,generated
4111,13,Top 5000,Top 5000,top5000,n.,το δικαίωμα,right,right photo,generated
4112,13,Top 5000,Top 5000,top5000,adv.,δεξιά,right,right photo,generated
4113,13,Top 5000,Top 5000,top5000,n.,το γεγονός,fact,fact photo,generated
4114,13,Top 5000,Top 5000,top5000,n.,η έκπληξη,surprise,surprise photo,generated
4115,13,Top 5000,Top 5000,top5000,n.,η μαλακία,masturbation,masturbation photo,generated
4116,13,Top 5000,Top 5000,top5000,adj.,κύριος,mister,mister photo,generated
4117,13,Top 5000,Top 5000,top5000,n.,το νούμερο,number,number photo,generated
4118,13,Top 5000,Top 5000,top5000,n.,ο φόνος,murder,murder photo,generated
4119,13,Top 5000,Top 5000,top5000,n.,η ψυχή,soul,soul photo,generated
4120,13,Top 5000,Top 5000,top5000,adv.,ειδικά,especially,especially photo,generated
4121,13,Top 5000,Top 5000,top5000,n.,η μηχανή,machine,machine photo,generated
4122,13,Top 5000,Top 5000,top5000,n.,το κινητό,mobile phone,mobile phone photo,generated
4123,13,Top 5000,Top 5000,top5000,n.,η συνάντηση,meeting,meeting photo,generated
4124,13,Top 5000,Top 5000,top5000,v.,ψάχνω,look for,look for photo,generated
4125,13,Top 5000,Top 5000,top5000,n.,το μέτρο,metre,metre photo,generated
4126,13,Top 5000,Top 5000,top5000,n.,ο βασιλιάς,king,king photo,generated
4127,13,Top 5000,Top 5000,top5000,n.,η ησυχία,quiet,quiet photo,generated
4128,13,Top 5000,Top 5000,top5000,adj.,δεύτερος,second,second photo,generated
4129,13,Top 5000,Top 5000,top5000,n.,το προσωπικό,staff,staff photo,generated
4130,13,Top 5000,Top 5000,top5000,adj.,ασφαλής,safe,safe photo,generated
4131,13,Top 5000,Top 5000,top5000,adv.,δυνατά,strong,strong photo,generated
4132,13,Top 5000,Top 5000,top5000,v.,ανοίγω,make something accessible,make something accessible photo,generated
4133,13,Top 5000,Top 5000,top5000,n.,το κουτί,the box,,needs_review
4134,13,Top 5000,Top 5000,top5000,v.,ξεχνάω,forget,forget photo,generated
4135,13,Top 5000,Top 5000,top5000,n.,το απόγευμα,afternoon,afternoon photo,generated
4136,13,Top 5000,Top 5000,top5000,v.,σηκώνω,raise,raise photo,generated
4137,13,Top 5000,Top 5000,top5000,n.,η αναφορά,reference,reference photo,generated
4138,13,Top 5000,Top 5000,top5000,n.,το όνειρο,dream,dream photo,generated
4139,13,Top 5000,Top 5000,top5000,adj.,χρήσιμος,useful,useful photo,generated
4140,13,Top 5000,Top 5000,top5000,n.,ο πρόεδρος,president,president photo,generated
4141,13,Top 5000,Top 5000,top5000,adv.,εύκολα,Nominative,Nominative photo,generated
4142,13,Top 5000,Top 5000,top5000,n.,η απόδειξη,proof,proof photo,generated
4143,13,Top 5000,Top 5000,top5000,n.,η τσάντα,handbag,handbag photo,generated
4144,13,Top 5000,Top 5000,top5000,n.,το γράμμα,letter,letter photo,generated
4145,13,Top 5000,Top 5000,top5000,n.,η βόλτα,stroll,stroll photo,generated
4146,13,Top 5000,Top 5000,top5000,n.,το ναρκωτικό,drug,drug photo,generated
4147,13,Top 5000,Top 5000,top5000,n. pl.,τα Χριστούγεννα,Christmas,Christmas photo,generated
4148,13,Top 5000,Top 5000,top5000,adv.,πράγματι,indeed,indeed photo,generated
4149,13,Top 5000,Top 5000,top5000,n.,ο κανόνας,norm,norm photo,generated
4150,13,Top 5000,Top 5000,top5000,n.,το πρωινό,breakfast,breakfast photo,generated
4151,13,Top 5000,Top 5000,top5000,v.,χτυπάω,strike,strike photo,generated
4152,13,Top 5000,Top 5000,top5000,n.,το μάθημα,lesson,lesson photo,generated
4153,13,Top 5000,Top 5000,top5000,v.,φαντάζομαι,imagine,imagine photo,generated
4154,13,Top 5000,Top 5000,top5000,n.,ο κώλος,arse,arse photo,generated
4155,13,Top 5000,Top 5000,top5000,adj.,ηλίθιος,stupid,stupid photo,generated
4156,13,Top 5000,Top 5000,top5000,n.,η διαφορά,difference,difference photo,generated
4157,13,Top 5000,Top 5000,top5000,n.,το αίμα,blood,blood photo,generated
4158,13,Top 5000,Top 5000,top5000,adj.,τζάμπα,free,free photo,generated
4159,13,Top 5000,Top 5000,top5000,n.,το όπλο,the gun,,needs_review
4160,13,Top 5000,Top 5000,top5000,n.,το διαμέρισμα,appartment,appartment photo,generated
4161,13,Top 5000,Top 5000,top5000,adv.,σιγά,slowly,slowly photo,generated
4162,13,Top 5000,Top 5000,top5000,adv.,δυστυχώς,unfortunately,unfortunately photo,generated
4163,13,Top 5000,Top 5000,top5000,adj.,αληθινός,true,true photo,generated
4164,13,Top 5000,Top 5000,top5000,n.,το παράθυρο,window,window photo,generated
4165,13,Top 5000,Top 5000,top5000,n.,το δικαστήριο,court,court photo,generated
4166,13,Top 5000,Top 5000,top5000,adv.,πάντως,in any case,in any case photo,generated
4167,13,Top 5000,Top 5000,top5000,v.,αναρωτιέμαι,wonder,wonder photo,generated
4168,13,Top 5000,Top 5000,top5000,adv.,αλλού,elsewhere,elsewhere photo,generated
4169,13,Top 5000,Top 5000,top5000,n.,η ελπίδα,hope,hope photo,generated
4170,13,Top 5000,Top 5000,top5000,adv.,απολύτως,absolutely,absolutely photo,generated
4171,13,Top 5000,Top 5000,top5000,adj.,απλός,plain,plain photo,generated
4172,13,Top 5000,Top 5000,top5000,n.,ο πλανήτης,planet,planet photo,generated
4173,13,Top 5000,Top 5000,top5000,n.,ο αγώνας,match,match photo,generated
4174,13,Top 5000,Top 5000,top5000,v.,αρχίζω,start,start photo,generated
4175,13,Top 5000,Top 5000,top5000,n.,η επιχείρηση,business,business photo,generated
4176,13,Top 5000,Top 5000,top5000,adj.,χειρότερος,worst,worst photo,generated
4177,13,Top 5000,Top 5000,top5000,n.,λατρεύω,worship,worship photo,generated
4178,13,Top 5000,Top 5000,top5000,n.,η θεία,aunt,aunt photo,generated
4179,13,Top 5000,Top 5000,top5000,adj.,απίστευτος,incredible,incredible photo,generated
4180,13,Top 5000,Top 5000,top5000,n.,η τάξη,class,class photo,generated
4181,13,Top 5000,Top 5000,top5000,n.,η εταιρεία,company,company photo,generated
4182,13,Top 5000,Top 5000,top5000,n.,το κρασί,wine,wine photo,generated
4183,13,Top 5000,Top 5000,top5000,pron.,όποιος,whoever,whoever photo,generated
4184,13,Top 5000,Top 5000,top5000,n.,το αρχείο,computer file,computer file photo,generated
4185,13,Top 5000,Top 5000,top5000,n.,η ηλικία,the age,,needs_review
4186,13,Top 5000,Top 5000,top5000,n.,η θάλασσα,the sea,,needs_review
4187,13,Top 5000,Top 5000,top5000,v.,φτάνω,arrive,arrive photo,generated
4188,13,Top 5000,Top 5000,top5000,n.,η κάρτα,card,card photo,generated
4189,13,Top 5000,Top 5000,top5000,n.,η εκκλησία,church,church photo,generated
4190,13,Top 5000,Top 5000,top5000,n.,η Αμερική,America,America photo,generated
4191,13,Top 5000,Top 5000,top5000,n.,η κόλαση,hell,hell photo,generated
4192,13,Top 5000,Top 5000,top5000,n.,η πλάτη,back,back photo,generated
4193,13,Top 5000,Top 5000,top5000,n.,το στοίχημα,wager,wager photo,generated
4194,13,Top 5000,Top 5000,top5000,v.,ενδιαφέρω,to interest,to interest photo,generated
4195,13,Top 5000,Top 5000,top5000,n.,το παπούτσι,shoe,shoe photo,generated
4196,13,Top 5000,Top 5000,top5000,adv.,αριστερά,Left,Left photo,generated
4197,13,Top 5000,Top 5000,top5000,n.,το βίντεο,video,video photo,generated
4198,13,Top 5000,Top 5000,top5000,n.,αστείος,funny,funny photo,generated
4199,13,Top 5000,Top 5000,top5000,adj.,κανονικός,regular,regular photo,generated
4200,13,Top 5000,Top 5000,top5000,n.,το τσάι,the tea,,needs_review
4201,13,Top 5000,Top 5000,top5000,v.,ξαναβλέπω,see again,see again photo,generated
4202,13,Top 5000,Top 5000,top5000,n.,ο σκοπός,purpose,purpose photo,generated
4203,13,Top 5000,Top 5000,top5000,v.,ζω,live,live photo,generated
4204,13,Top 5000,Top 5000,top5000,n.,ο αρχηγός,leader,leader photo,generated
4205,13,Top 5000,Top 5000,top5000,v.,εξηγώ,clarify,clarify photo,generated
4206,13,Top 5000,Top 5000,top5000,n.,η διόρθωση,correction,correction photo,generated
4207,13,Top 5000,Top 5000,top5000,adj.,δυνατός,strong,strong photo,generated
4208,13,Top 5000,Top 5000,top5000,v.,συζητώ,a more formal variant of συζητάω (syzitáo),,needs_review
4209,13,Top 5000,Top 5000,top5000,adj.,μισός,half,half photo,generated
4210,13,Top 5000,Top 5000,top5000,prep.,μέσω,via (by way of),,needs_review
4211,13,Top 5000,Top 5000,top5000,adj.,τυχερός,fortunate,fortunate photo,generated
4212,13,Top 5000,Top 5000,top5000,v.,φτιάχνω,make,make photo,generated
4213,13,Top 5000,Top 5000,top5000,n.,ο λαιμός,neck,neck photo,generated
4214,13,Top 5000,Top 5000,top5000,n.,η κάμερα,video camera,video camera photo,generated
4215,13,Top 5000,Top 5000,top5000,n.,το χαρτί,paper,paper photo,generated
4216,13,Top 5000,Top 5000,top5000,n.,η σφαίρα,sphere,sphere photo,generated
4217,13,Top 5000,Top 5000,top5000,n.,το κτίριο,building,building photo,generated
4218,13,Top 5000,Top 5000,top5000,n.,το Σάββατο,Saturday,Saturday photo,generated
4219,13,Top 5000,Top 5000,top5000,adj.,ελληνικός,Greek,Greek photo,generated
4220,13,Top 5000,Top 5000,top5000,v.,καλώ,call,call photo,generated
4221,13,Top 5000,Top 5000,top5000,adv.,όποτε,whenever,whenever photo,generated
4222,13,Top 5000,Top 5000,top5000,n.,η υπηρεσία,service,service photo,generated
4223,13,Top 5000,Top 5000,top5000,n.,η εποχή,season,season photo,generated
4224,13,Top 5000,Top 5000,top5000,adv.,πιθανόν,possibly,possibly photo,generated
4225,13,Top 5000,Top 5000,top5000,n.,η γλώσσα,language,language photo,generated
4226,13,Top 5000,Top 5000,top5000,n.,ο αριθμός,number,number photo,generated
4227,13,Top 5000,Top 5000,top5000,adv.,σκληρά,hard,hard photo,generated
4228,13,Top 5000,Top 5000,top5000,n.,ο χορός,dance,dance photo,generated
4229,13,Top 5000,Top 5000,top5000,v.,τρώω,chew and swallow food,chew and swallow food photo,generated
4230,13,Top 5000,Top 5000,top5000,v.,τηλεφωνώ,telephone,telephone photo,generated
4231,13,Top 5000,Top 5000,top5000,n.,η τράπεζα,bank,bank photo,generated
4232,13,Top 5000,Top 5000,top5000,n.,το φορτηγό,lorry,lorry photo,generated
4233,13,Top 5000,Top 5000,top5000,adj.,μπλε,blue,blue photo,generated
4234,13,Top 5000,Top 5000,top5000,n.,η συζήτηση,conversation,conversation photo,generated
4235,13,Top 5000,Top 5000,top5000,adj.,κόκκινος,red (colour),,needs_review
4236,13,Top 5000,Top 5000,top5000,n.,ο πόνος,pain,pain photo,generated
4237,13,Top 5000,Top 5000,top5000,adv.,προσωπικά,Nominative,Nominative photo,generated
4238,13,Top 5000,Top 5000,top5000,n.,το τέρας,monster,monster photo,generated
4239,13,Top 5000,Top 5000,top5000,n.,η βόμβα,bomb,bomb photo,generated
4240,13,Top 5000,Top 5000,top5000,adj.,φοβερός,frightening,frightening photo,generated
4241,13,Top 5000,Top 5000,top5000,v.,εύχομαι,wish,wish photo,generated
4242,13,Top 5000,Top 5000,top5000,n.,η διεύθυνση,address,address photo,generated
4243,13,Top 5000,Top 5000,top5000,n.,η διάρκεια,duration,duration photo,generated
4244,13,Top 5000,Top 5000,top5000,n.,η δόξα,glory,glory photo,generated
4245,13,Top 5000,Top 5000,top5000,n.,το σημάδι,mark,mark photo,generated
4246,13,Top 5000,Top 5000,top5000,adv.,ευτυχώς,fortunately,fortunately photo,generated
4247,13,Top 5000,Top 5000,top5000,n.,η αλλαγή,change,change photo,generated
4248,13,Top 5000,Top 5000,top5000,n.,η μπύρα,beer,beer photo,generated
4249,13,Top 5000,Top 5000,top5000,n.,η θεραπεία,treatment,treatment photo,generated
4250,13,Top 5000,Top 5000,top5000,n.,η κυβέρνηση,government,government photo,generated
4251,13,Top 5000,Top 5000,top5000,n.,το δευτερόλεπτο,second,second photo,generated
4252,13,Top 5000,Top 5000,top5000,v.,πονάω,ache,ache photo,generated
4253,13,Top 5000,Top 5000,top5000,adj.,κοινός,common,common photo,generated
4254,13,Top 5000,Top 5000,top5000,n.,το κοινό,public,public photo,generated
4255,13,Top 5000,Top 5000,top5000,n.,η μπάλα,ball,ball photo,generated
4256,13,Top 5000,Top 5000,top5000,n.,ο στρατός,army,army photo,generated
4257,13,Top 5000,Top 5000,top5000,n.,το άλογο,horse,horse photo,generated
4258,13,Top 5000,Top 5000,top5000,adv.,βαθιά,Nominative,Nominative photo,generated
4259,13,Top 5000,Top 5000,top5000,n.,η παρέα,group of friends,group of friends photo,generated
4260,13,Top 5000,Top 5000,top5000,n.,το δάσος,wood,wood photo,generated
4261,13,Top 5000,Top 5000,top5000,adj.,επικίνδυνος,dangerous,dangerous photo,generated
4262,13,Top 5000,Top 5000,top5000,adj.,έγκυος,pregnant,pregnant photo,generated
4263,13,Top 5000,Top 5000,top5000,n.,το ζώο,animal,animal photo,generated
4264,13,Top 5000,Top 5000,top5000,n.,το μαχαίρι,knife,knife photo,generated
4265,13,Top 5000,Top 5000,top5000,adj.,σοβαρός,reliable,reliable photo,generated
4266,13,Top 5000,Top 5000,top5000,adj.,γεμάτος,full of,full of photo,generated
4267,13,Top 5000,Top 5000,top5000,n.,ο κίνδυνος,danger,danger photo,generated
4268,13,Top 5000,Top 5000,top5000,n.,η βασίλισσα,queen,queen photo,generated
4269,13,Top 5000,Top 5000,top5000,n.,το διάστημα,period,period photo,generated
4270,13,Top 5000,Top 5000,top5000,n.,η Αθήνα,Athens,Athens photo,generated
4271,13,Top 5000,Top 5000,top5000,n.,το Παρίσι,Paris,Paris photo,generated
4272,13,Top 5000,Top 5000,top5000,n.,ο δικηγόρος,lawyer,lawyer photo,generated
4273,13,Top 5000,Top 5000,top5000,v.,πιάνω,hold,hold photo,generated
4274,13,Top 5000,Top 5000,top5000,n.,η κουζίνα,kitchen,kitchen photo,generated
4275,13,Top 5000,Top 5000,top5000,v.,χαλαρώνω,loosen,loosen photo,generated
4276,13,Top 5000,Top 5000,top5000,adj.,διαφορετικός,dissimilar,dissimilar photo,generated
4277,13,Top 5000,Top 5000,top5000,n.,η εικόνα,picture,picture photo,generated
4278,13,Top 5000,Top 5000,top5000,n.,το ζευγάρι,pair,pair photo,generated
4279,13,Top 5000,Top 5000,top5000,v.,απαντάω,reply,reply photo,generated
4280,13,Top 5000,Top 5000,top5000,n.,οι διακοπές,holidays,holidays photo,generated
4281,13,Top 5000,Top 5000,top5000,adj.,ειλικρινής,sincere,sincere photo,generated
4282,13,Top 5000,Top 5000,top5000,adv.,ήρεμα,calmly,calmly photo,generated
4283,13,Top 5000,Top 5000,top5000,n.,ο κόλπος,vagina,vagina photo,generated
4284,13,Top 5000,Top 5000,top5000,n.,η μύτη,nose,nose photo,generated
4285,13,Top 5000,Top 5000,top5000,n.,το νησί,island,island photo,generated
4286,13,Top 5000,Top 5000,top5000,n.,η προσφορά,offer,offer photo,generated
4287,13,Top 5000,Top 5000,top5000,adj.,έξυπνος,clever,clever photo,generated
4288,13,Top 5000,Top 5000,top5000,pron.,καθένας,each,each photo,generated
4289,13,Top 5000,Top 5000,top5000,n.,το κλαμπ,club,club photo,generated
4290,13,Top 5000,Top 5000,top5000,n.,η αίθουσα,hall,hall photo,generated
4291,13,Top 5000,Top 5000,top5000,v.,εκτιμάω,less formal variant of εκτιμώ (ektimó),,needs_review
4292,13,Top 5000,Top 5000,top5000,n.,το ίχνος,trace,trace photo,generated
4293,13,Top 5000,Top 5000,top5000,adv.,μυστικά,secretly,secretly photo,generated
4294,13,Top 5000,Top 5000,top5000,n.,το μέλος,member,member photo,generated
4295,13,Top 5000,Top 5000,top5000,conj.,διότι,because,because photo,generated
4296,13,Top 5000,Top 5000,top5000,n.,η λύση,solution,solution photo,generated
4297,13,Top 5000,Top 5000,top5000,adj.,κρύος,cold,cold photo,generated
4298,13,Top 5000,Top 5000,top5000,num.,επτά,seven,seven photo,generated
4299,13,Top 5000,Top 5000,top5000,adv.,εντωμεταξύ,meanwhile,meanwhile photo,generated
4300,13,Top 5000,Top 5000,top5000,adj.,μαύρος,black,black photo,generated
4301,13,Top 5000,Top 5000,top5000,n.,το ταξί,taxi,taxi photo,generated
4302,13,Top 5000,Top 5000,top5000,n.,το βήμα,Tribune,Tribune photo,generated
4303,13,Top 5000,Top 5000,top5000,n.,η τουαλέτα,lavatory,lavatory photo,generated
4304,13,Top 5000,Top 5000,top5000,n.,η αίσθηση,sensation,sensation photo,generated
4305,13,Top 5000,Top 5000,top5000,n.,η πίστη,faith,faith photo,generated
4306,13,Top 5000,Top 5000,top5000,adv.,ηλίθια,stupidly,stupidly photo,generated
4307,13,Top 5000,Top 5000,top5000,n.,το έδαφος,ground,ground photo,generated
4308,13,Top 5000,Top 5000,top5000,adj.,άσχημος,ugly,ugly photo,generated
4309,13,Top 5000,Top 5000,top5000,v.,ταιριάζω,match,match photo,generated
4310,13,Top 5000,Top 5000,top5000,n.,η ενέργεια,energy,energy photo,generated
4311,13,Top 5000,Top 5000,top5000,v.,αρκώ,suffice,suffice photo,generated
4312,13,Top 5000,Top 5000,top5000,n.,η σκέψη,thought,thought photo,generated
4313,13,Top 5000,Top 5000,top5000,n.,το έργο,work,work photo,generated
4314,13,Top 5000,Top 5000,top5000,v.,λειτουργώ,function,function photo,generated
4315,13,Top 5000,Top 5000,top5000,n.,ο αστυνομικός,policeman,policeman photo,generated
4316,13,Top 5000,Top 5000,top5000,adj.,τρίτος,third,third photo,generated
4317,13,Top 5000,Top 5000,top5000,n.,η Τρίτη,Tuesday,Tuesday photo,generated
4318,13,Top 5000,Top 5000,top5000,v.,κοιμάμαι,sleep,sleep photo,generated
4319,13,Top 5000,Top 5000,top5000,n.,ο μαλάκας,wanker,wanker photo,generated
4320,13,Top 5000,Top 5000,top5000,n.,ο σύζυγος,spouse (husband,spouse (husband photo,generated
4321,13,Top 5000,Top 5000,top5000,n.,η πίεση,pressure,pressure photo,generated
4322,13,Top 5000,Top 5000,top5000,v.,εξαρτώμαι,be dependent upon,be dependent upon photo,generated
4323,13,Top 5000,Top 5000,top5000,n.,ο πελάτης,customer,customer photo,generated
4324,13,Top 5000,Top 5000,top5000,n.,ο κυβερνήτης,governor,governor photo,generated
4325,13,Top 5000,Top 5000,top5000,v.,ξεκινάω,start out,start out photo,generated
4326,13,Top 5000,Top 5000,top5000,n.,ο λογαριασμός,bill,bill photo,generated
4327,13,Top 5000,Top 5000,top5000,adj.,ελεύθερος,free,free photo,generated
4328,13,Top 5000,Top 5000,top5000,v.,εξαφανίζομαι,disappear,disappear photo,generated
4329,13,Top 5000,Top 5000,top5000,adv.,κιόλας,already,already photo,generated
4330,13,Top 5000,Top 5000,top5000,n.,ο στρατιώτης,soldier,soldier photo,generated
4331,13,Top 5000,Top 5000,top5000,n.,το έγκλημα,crime,crime photo,generated
4332,13,Top 5000,Top 5000,top5000,v.,φταίω,be to blame,be to blame photo,generated
4333,13,Top 5000,Top 5000,top5000,n.,το εργαστήριο,laboratory,laboratory photo,generated
4334,13,Top 5000,Top 5000,top5000,n.,το τρένο,train,train photo,generated
4335,13,Top 5000,Top 5000,top5000,v.,συμφωνώ,agree,agree photo,generated
4336,13,Top 5000,Top 5000,top5000,n.,η εμπιστοσύνη,trust,trust photo,generated
4337,13,Top 5000,Top 5000,top5000,n.,η προσπάθεια,effort,effort photo,generated
4338,13,Top 5000,Top 5000,top5000,n.,το παράδειγμα,example,example photo,generated
4339,13,Top 5000,Top 5000,top5000,v.,περιγράφω,write account,write account photo,generated
4340,13,Top 5000,Top 5000,top5000,n.,το Λονδίνο,London,London photo,generated
4341,13,Top 5000,Top 5000,top5000,v.,φροντίζω,care for,care for photo,generated
4342,13,Top 5000,Top 5000,top5000,n.,ο τοίχος,wall,wall photo,generated
4343,13,Top 5000,Top 5000,top5000,n.,η τρύπα,hole,hole photo,generated
4344,13,Top 5000,Top 5000,top5000,adj.,ολόκληρος,whole,whole photo,generated
4345,13,Top 5000,Top 5000,top5000,v.,αποκλείεται,it is impossible,it is impossible photo,generated
4346,13,Top 5000,Top 5000,top5000,n.,ο σταθμός,station,station photo,generated
4347,13,Top 5000,Top 5000,top5000,adj.,υπεύθυνος,responsible,responsible photo,generated
4348,13,Top 5000,Top 5000,top5000,n.,ο υπολογιστής,computer,computer photo,generated
4349,13,Top 5000,Top 5000,top5000,v.,παθαίνω,happen to,happen to photo,generated
4350,13,Top 5000,Top 5000,top5000,n,η πιθανότητα,probability,probability photo,generated
4351,13,Top 5000,Top 5000,top5000,n.,η γέφυρα,bridge,bridge photo,generated
4352,13,Top 5000,Top 5000,top5000,adj.,ευτυχισμένος,happy,happy photo,generated
4353,13,Top 5000,Top 5000,top5000,n.,ο παππούς,grandfather,grandfather photo,generated
4354,13,Top 5000,Top 5000,top5000,n.,η στολή,uniform,uniform photo,generated
4355,13,Top 5000,Top 5000,top5000,v.,κλείνω,close,close photo,generated
4356,13,Top 5000,Top 5000,top5000,n.,η εμπειρία,experience,experience photo,generated
4357,13,Top 5000,Top 5000,top5000,n.,το χωριό,village,village photo,generated
4358,13,Top 5000,Top 5000,top5000,adj.,πραγματικός,real,real photo,generated
4359,13,Top 5000,Top 5000,top5000,n.,η πρόταση,suggestion,suggestion photo,generated
4360,13,Top 5000,Top 5000,top5000,n.,το καπέλο,the hat,,needs_review
4361,13,Top 5000,Top 5000,top5000,n.,το λεωφορείο,the bus,,needs_review
4362,13,Top 5000,Top 5000,top5000,adv.,παραλίγο,nearly,nearly photo,generated
4363,13,Top 5000,Top 5000,top5000,n.,το γεύμα,meal,meal photo,generated
4364,13,Top 5000,Top 5000,top5000,n.,το πνεύμα,spirit,spirit photo,generated
4365,13,Top 5000,Top 5000,top5000,n.,ο σεβασμός,respect,respect photo,generated
4366,13,Top 5000,Top 5000,top5000,n.,ο θείος,uncle,uncle photo,generated
4367,13,Top 5000,Top 5000,top5000,v.,προτιμάω,prefer,prefer photo,generated
4368,13,Top 5000,Top 5000,top5000,n.,η βραδιά,evening,evening photo,generated
4369,13,Top 5000,Top 5000,top5000,n./adj.,ο χρυσός,gold,gold photo,generated
4370,13,Top 5000,Top 5000,top5000,n.,η πρόσβαση,access,access photo,generated
4371,13,Top 5000,Top 5000,top5000,adj.,δίκαιος,just,just photo,generated
4372,13,Top 5000,Top 5000,top5000,adj.,υπόλοιπος,remaining,remaining photo,generated
4373,13,Top 5000,Top 5000,top5000,n.,το βάρος,weight,weight photo,generated
4374,13,Top 5000,Top 5000,top5000,n.,η μετάφραση,translation,translation photo,generated
4375,13,Top 5000,Top 5000,top5000,n.,η συμπεριφορά,behaviour,behaviour photo,generated
4376,13,Top 5000,Top 5000,top5000,n.,η κλήση,call,call photo,generated
4377,13,Top 5000,Top 5000,top5000,adj.,καινούργιος,new; recently acquired or made,,needs_review
4378,13,Top 5000,Top 5000,top5000,n.,η πτήση,flight,flight photo,generated
4379,13,Top 5000,Top 5000,top5000,n.,το πάτωμα,floor,floor photo,generated
4380,13,Top 5000,Top 5000,top5000,n.,το εστιατόριο,restaurant,restaurant photo,generated
4381,13,Top 5000,Top 5000,top5000,v.,ρίχνω,drop,drop photo,generated
4382,13,Top 5000,Top 5000,top5000,n.,η διαδικασία,procedure,procedure photo,generated
4383,13,Top 5000,Top 5000,top5000,n.,το επεισόδιο,episode,episode photo,generated
4384,13,Top 5000,Top 5000,top5000,n.,το λουλούδι,flower,flower photo,generated
4385,13,Top 5000,Top 5000,top5000,n.,ο στόχος,target,target photo,generated
4386,13,Top 5000,Top 5000,top5000,v.,ξυπνάω,awake,awake photo,generated
4387,13,Top 5000,Top 5000,top5000,adj.,άρρωστος,sickly,sickly photo,generated
4388,13,Top 5000,Top 5000,top5000,n.,η εργασία,task,task photo,generated
4389,13,Top 5000,Top 5000,top5000,n.,το αποτέλεσμα,result,result photo,generated
4390,13,Top 5000,Top 5000,top5000,n.,ο σκύλος,the dog,,needs_review
4391,13,Top 5000,Top 5000,top5000,adv.,συνεχώς,continuously,continuously photo,generated
4392,13,Top 5000,Top 5000,top5000,n.,το δόντι,tooth,tooth photo,generated
4393,13,Top 5000,Top 5000,top5000,n.,το ρολόι,watch,watch photo,generated
4394,13,Top 5000,Top 5000,top5000,n.,η γωνία,corner,corner photo,generated
4395,13,Top 5000,Top 5000,top5000,n.,η μοίρα,fate,fate photo,generated
4396,13,Top 5000,Top 5000,top5000,n.,ο έρωτας,the love,,needs_review
4397,13,Top 5000,Top 5000,top5000,n.,η ειρήνη,peace,peace photo,generated
4398,13,Top 5000,Top 5000,top5000,n.,η ζώνη,zone,zone photo,generated
4399,13,Top 5000,Top 5000,top5000,n.,ο Έλληνας,Greek person,Greek person photo,generated
4400,13,Top 5000,Top 5000,top5000,n.,το χρώμα,colour,colour photo,generated
4401,13,Top 5000,Top 5000,top5000,n.,το φόρεμα,dress,dress photo,generated
4402,13,Top 5000,Top 5000,top5000,n. (pl.),οι ΗΠΑ,the USA,,needs_review
4403,13,Top 5000,Top 5000,top5000,adj.,αγαπημένος,dear,dear photo,generated
4404,13,Top 5000,Top 5000,top5000,n.,το σκοτάδι,darkness,darkness photo,generated
4405,13,Top 5000,Top 5000,top5000,n.,η συνέντευξη,interview,interview photo,generated
4406,13,Top 5000,Top 5000,top5000,n.,το δέντρο,tree,tree photo,generated
4407,13,Top 5000,Top 5000,top5000,n.,η ακρίβεια,accuracy,accuracy photo,generated
4408,13,Top 5000,Top 5000,top5000,n,η πορεία,course,course photo,generated
4409,13,Top 5000,Top 5000,top5000,adj.,ήσυχος,quiet,quiet photo,generated
4410,13,Top 5000,Top 5000,top5000,n.,η επιτυχία,success,success photo,generated
4411,13,Top 5000,Top 5000,top5000,adj.,επίπεδος,flat,flat photo,generated
4412,13,Top 5000,Top 5000,top5000,n.,το επίπεδο,level,level photo,generated
4413,13,Top 5000,Top 5000,top5000,n.,η παράσταση,performance,performance photo,generated
4414,13,Top 5000,Top 5000,top5000,n.,η λεπτομέρεια,detail,detail photo,generated
4415,13,Top 5000,Top 5000,top5000,n.,ο ρόλος,role,role photo,generated
4416,13,Top 5000,Top 5000,top5000,n.,το μπουκάλι,bottle,bottle photo,generated
4417,13,Top 5000,Top 5000,top5000,n.,η κουβέντα,chat,chat photo,generated
4418,13,Top 5000,Top 5000,top5000,adj.,σκληρός,hard,hard photo,generated
4419,13,Top 5000,Top 5000,top5000,n.,η εξέταση,exam,exam photo,generated
4420,13,Top 5000,Top 5000,top5000,n.,η προστασία,protection,protection photo,generated
4421,13,Top 5000,Top 5000,top5000,adv.,βόρεια,Nominative,Nominative photo,generated
4422,13,Top 5000,Top 5000,top5000,adv./adj.,επιπλέον,further,further photo,generated
4423,13,Top 5000,Top 5000,top5000,adv.,ιδιαίτερα,particularly,particularly photo,generated
4424,13,Top 5000,Top 5000,top5000,v.,πληρώνω,pay for past action,pay for past action photo,generated
4425,13,Top 5000,Top 5000,top5000,n.,το τηλεφώνημα,phone call,phone call photo,generated
4426,13,Top 5000,Top 5000,top5000,v.,κλέβω,steal,steal photo,generated
4427,13,Top 5000,Top 5000,top5000,adv.,καθαρά,Nominative,Nominative photo,generated
4428,13,Top 5000,Top 5000,top5000,adv.,εξάλλου,frantic,frantic photo,generated
4429,13,Top 5000,Top 5000,top5000,n.,η διαταγή,order,order photo,generated
4430,13,Top 5000,Top 5000,top5000,adv.,κατευθείαν,directly,directly photo,generated
4431,13,Top 5000,Top 5000,top5000,n.,η ταχύτητα,speed,speed photo,generated
4432,13,Top 5000,Top 5000,top5000,n.,το πουλί,bird,bird photo,generated
4433,13,Top 5000,Top 5000,top5000,n.,η συμβουλή,advice,advice photo,generated
4434,13,Top 5000,Top 5000,top5000,adv.,κυρίως,mainly,mainly photo,generated
4435,13,Top 5000,Top 5000,top5000,adv./interj.,θαυμάσια,wonderfully,wonderfully photo,generated
4436,13,Top 5000,Top 5000,top5000,n.,ο κόπος,hassle,hassle photo,generated
4437,13,Top 5000,Top 5000,top5000,n.,η καριέρα,career,career photo,generated
4438,13,Top 5000,Top 5000,top5000,n.,η εφημερίδα,newspaper,newspaper photo,generated
4439,13,Top 5000,Top 5000,top5000,n.,η ευθύνη,responsibility,responsibility photo,generated
4440,13,Top 5000,Top 5000,top5000,n.,η ελευθερία,freedom,freedom photo,generated
4441,13,Top 5000,Top 5000,top5000,pron.,οποιοσδήποτε,whoever,whoever photo,generated
4442,13,Top 5000,Top 5000,top5000,n.,το δαχτυλίδι,ring,ring photo,generated
4443,13,Top 5000,Top 5000,top5000,n.,η πολιτική,politics,politics photo,generated
4444,13,Top 5000,Top 5000,top5000,n.,το συμβούλιο,board,board photo,generated
4445,13,Top 5000,Top 5000,top5000,n.,η καταστροφή,disaster,disaster photo,generated
4446,13,Top 5000,Top 5000,top5000,v.,γράφω,write,write photo,generated
4447,13,Top 5000,Top 5000,top5000,adv.,δύσκολα,with difficulty,with difficulty photo,generated
4448,13,Top 5000,Top 5000,top5000,n.,η πηγή,source,source photo,generated
4449,13,Top 5000,Top 5000,top5000,n.,το φάντασμα,ghost,ghost photo,generated
4450,13,Top 5000,Top 5000,top5000,n.,η καρέκλα,chair,chair photo,generated
4451,13,Top 5000,Top 5000,top5000,adj.,γελοίος,ridiculous,ridiculous photo,generated
4452,13,Top 5000,Top 5000,top5000,n.,η δολοφονία,murder,murder photo,generated
4453,13,Top 5000,Top 5000,top5000,n.,η παραλία,beach,beach photo,generated
4454,13,Top 5000,Top 5000,top5000,adj.,λευκός,white,white photo,generated
4455,13,Top 5000,Top 5000,top5000,num.,οκτώ,eight,eight photo,generated
4456,13,Top 5000,Top 5000,top5000,n.,η κρίση,crisis,crisis photo,generated
4457,13,Top 5000,Top 5000,top5000,adj.,χαρούμενος,happy,happy photo,generated
4458,13,Top 5000,Top 5000,top5000,n.,το πανεπιστήμιο,university,university photo,generated
4459,13,Top 5000,Top 5000,top5000,v.,σώζω,save,save photo,generated
4460,13,Top 5000,Top 5000,top5000,v.,καταφέρνω,accomplish,accomplish photo,generated
4461,13,Top 5000,Top 5000,top5000,interj.,ωχ,ouch!,ouch! photo,generated
4462,13,Top 5000,Top 5000,top5000,adv.,νότια,Nominative,Nominative photo,generated
4463,13,Top 5000,Top 5000,top5000,n.,το γάλα,milk,cow milking,override
4464,13,Top 5000,Top 5000,top5000,adv.,πρόσφατα,recently,recently photo,generated
4465,13,Top 5000,Top 5000,top5000,v.,προχωράω,move,move photo,generated
4466,13,Top 5000,Top 5000,top5000,adj.,πιθανός,likely,likely photo,generated
4467,13,Top 5000,Top 5000,top5000,prep./adv.,απέναντι,opposite,opposite photo,generated
4468,13,Top 5000,Top 5000,top5000,adj.,τρομερός,astounding,astounding photo,generated
4469,13,Top 5000,Top 5000,top5000,adj.,αδύνατος,weak,weak photo,generated
4470,13,Top 5000,Top 5000,top5000,n.,το πάρκο,park,park photo,generated
4471,13,Top 5000,Top 5000,top5000,adv.,τεράστια,huge,huge photo,generated
4472,13,Top 5000,Top 5000,top5000,n.,η μνήμη,memory,memory photo,generated
4473,13,Top 5000,Top 5000,top5000,n.,η φύση,nature,nature photo,generated
4474,13,Top 5000,Top 5000,top5000,n.,το σαββατοκύριακο,weekend,weekend photo,generated
4475,13,Top 5000,Top 5000,top5000,v.,κερδίζω,profit,profit photo,generated
4476,13,Top 5000,Top 5000,top5000,v.,μυρίζω,smell,smell photo,generated
4477,13,Top 5000,Top 5000,top5000,n.,ο επικεφαλής,head,head photo,generated
4478,13,Top 5000,Top 5000,top5000,adj.,όσος,as many as,as many as photo,generated
4479,13,Top 5000,Top 5000,top5000,n.,το δέρμα,skin,skin photo,generated
4480,13,Top 5000,Top 5000,top5000,n.,το στήθος,chest,chest photo,generated
4481,13,Top 5000,Top 5000,top5000,n.,η γάτα,the cat,,needs_review
4482,13,Top 5000,Top 5000,top5000,n.,ο διευθυντής,manager,manager photo,generated
4483,13,Top 5000,Top 5000,top5000,n.,το καλοκαίρι,summer,summer photo,generated
4484,13,Top 5000,Top 5000,top5000,n.,η Παρασκευή,Friday,Friday photo,generated
4485,13,Top 5000,Top 5000,top5000,adj.,απαίσιος,awful,awful photo,generated
4486,13,Top 5000,Top 5000,top5000,n.,το κρέας,meat,meat photo,generated
4487,13,Top 5000,Top 5000,top5000,n.,η πύλη,gate,gate photo,generated
4488,13,Top 5000,Top 5000,top5000,n.,το πεδίο,field,field photo,generated
4489,13,Top 5000,Top 5000,top5000,adj.,καθαρός,clean,clean photo,generated
4490,13,Top 5000,Top 5000,top5000,n. pl.,τα σκουπίδια,rubbish,rubbish photo,generated
4491,13,Top 5000,Top 5000,top5000,v.,οδηγάω,(colloquial) Alternative form of οδηγώ (odigó),,needs_review
4492,13,Top 5000,Top 5000,top5000,n.,η κούκλα,doll,doll photo,generated
4493,13,Top 5000,Top 5000,top5000,n.,η μονάδα,unit,unit photo,generated
4494,13,Top 5000,Top 5000,top5000,v.,πυροβολάω,shoot,shoot photo,generated
4495,13,Top 5000,Top 5000,top5000,n.,το φάρμακο,drug,drug photo,generated
4496,13,Top 5000,Top 5000,top5000,n.,ο βοηθός,helper,helper photo,generated
4497,13,Top 5000,Top 5000,top5000,n.,η φάση,phase,phase photo,generated
4498,13,Top 5000,Top 5000,top5000,adv.,απαίσια,Nominative,Nominative photo,generated
4499,13,Top 5000,Top 5000,top5000,n.,η ζέστη,warmth,warmth photo,generated
4500,13,Top 5000,Top 5000,top5000,n.,το παρόν,present,present photo,generated
4501,13,Top 5000,Top 5000,top5000,n.,η θεωρία,theory,theory photo,generated
4502,13,Top 5000,Top 5000,top5000,n.,ο ήρωας,hero,hero photo,generated
4503,13,Top 5000,Top 5000,top5000,n.,το αεροδρόμιο,airport,airport photo,generated
4504,13,Top 5000,Top 5000,top5000,n.,η αγορά,market,market photo,generated
4505,13,Top 5000,Top 5000,top5000,n.,η εκδίκηση,revenge,revenge photo,generated
4506,13,Top 5000,Top 5000,top5000,num.,εκατό,hundred,hundred photo,generated
4507,13,Top 5000,Top 5000,top5000,n.,η γεύση,taste,taste photo,generated
4508,13,Top 5000,Top 5000,top5000,n.,ο γέρος,the old man,,needs_review
4509,13,Top 5000,Top 5000,top5000,n.,η αποθήκη,warehouse,warehouse photo,generated
4510,13,Top 5000,Top 5000,top5000,v.,προτείνω,suggest,suggest photo,generated
4511,13,Top 5000,Top 5000,top5000,adj.,σπουδαίος,great,great photo,generated
4512,13,Top 5000,Top 5000,top5000,n.,η οδός,street,street photo,generated
4513,13,Top 5000,Top 5000,top5000,conj.,προτού,before,before photo,generated
4514,13,Top 5000,Top 5000,top5000,adj.,κατάλληλος,appropriate,appropriate photo,generated
4515,13,Top 5000,Top 5000,top5000,n.,το υπόλοιπο,rest,rest photo,generated
4516,13,Top 5000,Top 5000,top5000,n.,ο φιλαράκος,buddy,buddy photo,generated
4517,13,Top 5000,Top 5000,top5000,n.,η διασκέδαση,amusement,amusement photo,generated
4518,13,Top 5000,Top 5000,top5000,n.,η απειλή,threat,threat photo,generated
4519,13,Top 5000,Top 5000,top5000,adv.,έστω,maybe so,maybe so photo,generated
4520,13,Top 5000,Top 5000,top5000,v.,ελέγχω,question,question photo,generated
4521,13,Top 5000,Top 5000,top5000,adj.,τεράστιος,huge,huge photo,generated
4522,13,Top 5000,Top 5000,top5000,n.,η κηδεία,funeral,funeral photo,generated
4523,13,Top 5000,Top 5000,top5000,n.,η μαγεία,magic,magic photo,generated
4524,13,Top 5000,Top 5000,top5000,adv.,στραβά,awry,awry photo,generated
4525,13,Top 5000,Top 5000,top5000,n.,η γειτονιά,neighbourhood,neighbourhood photo,generated
4526,13,Top 5000,Top 5000,top5000,n.,η πατρίδα,homeland,homeland photo,generated
4527,13,Top 5000,Top 5000,top5000,n.,η έκρηξη,explosion,explosion photo,generated
4528,13,Top 5000,Top 5000,top5000,n.,το θαύμα,miracle,miracle photo,generated
4529,13,Top 5000,Top 5000,top5000,n.,η εντολή,order,order photo,generated
4530,13,Top 5000,Top 5000,top5000,n.,το ξύλο,wood,wood photo,generated
4531,13,Top 5000,Top 5000,top5000,conj.,ωστόσο,nevertheless,nevertheless photo,generated
4532,13,Top 5000,Top 5000,top5000,n.,ο νόμος,rule,rule photo,generated
4533,13,Top 5000,Top 5000,top5000,v.,δοκιμάζω,test,test photo,generated
4534,13,Top 5000,Top 5000,top5000,n.,ο διάβολος,devil,devil photo,generated
4535,13,Top 5000,Top 5000,top5000,v.,χρησιμοποιώ,employ,employ photo,generated
4536,13,Top 5000,Top 5000,top5000,n.,η ταυτότητα,identity,identity photo,generated
4537,13,Top 5000,Top 5000,top5000,adv.,άνετα,comfortably,comfortably photo,generated
4538,13,Top 5000,Top 5000,top5000,n.,ο ουρανός,the sky,,needs_review
4539,13,Top 5000,Top 5000,top5000,v.,νοιάζομαι,care for,care for photo,generated
4540,13,Top 5000,Top 5000,top5000,v.,συναντάω,meet,meet photo,generated
4541,13,Top 5000,Top 5000,top5000,n. pl.,τα μετρητά,cash,cash photo,generated
4542,13,Top 5000,Top 5000,top5000,adj.,περήφανος,proud,proud photo,generated
4543,13,Top 5000,Top 5000,top5000,n.,η νίκη,victory,victory photo,generated
4544,13,Top 5000,Top 5000,top5000,n.,η στάση,stop,stop photo,generated
4545,13,Top 5000,Top 5000,top5000,v.,ισχύει,be valid,be valid photo,generated
4546,13,Top 5000,Top 5000,top5000,n.,η σχολή,faculty,faculty photo,generated
4547,13,Top 5000,Top 5000,top5000,n.,η παγίδα,trap,trap photo,generated
4548,13,Top 5000,Top 5000,top5000,n.,πετάω,throw,throw photo,generated
4549,13,Top 5000,Top 5000,top5000,n.,το ποτάμι,river,river photo,generated
4550,13,Top 5000,Top 5000,top5000,n.,το διάλειμμα,break,break photo,generated
4551,13,Top 5000,Top 5000,top5000,adj.,διάφορος,various,various photo,generated
4552,13,Top 5000,Top 5000,top5000,adv.,προσεκτικά,carefully,carefully photo,generated
4553,13,Top 5000,Top 5000,top5000,n.,η λογική,logic,logic photo,generated
4554,13,Top 5000,Top 5000,top5000,n.,ο φόβος,fear,fear photo,generated
4555,13,Top 5000,Top 5000,top5000,n.,το καθήκον,duty,duty photo,generated
4556,13,Top 5000,Top 5000,top5000,n.,ο τόπος,location,location photo,generated
4557,13,Top 5000,Top 5000,top5000,n. pl.,τα γενέθλια,birthday,birthday photo,generated
4558,13,Top 5000,Top 5000,top5000,n.,ο Τούρκος,Turkish person,Turkish person photo,generated
4559,13,Top 5000,Top 5000,top5000,adj.,βαρετός,boring,boring photo,generated
4560,13,Top 5000,Top 5000,top5000,n.,το τέρμα,last stop,last stop photo,generated
4561,13,Top 5000,Top 5000,top5000,n.,παντρεύομαι,marry,marry photo,generated
4562,13,Top 5000,Top 5000,top5000,adj.,πλήρης,complete,complete photo,generated
4563,13,Top 5000,Top 5000,top5000,v.,αποφασίζω,decide,decide photo,generated
4564,13,Top 5000,Top 5000,top5000,adv.,περίεργα,curiously,curiously photo,generated
4565,13,Top 5000,Top 5000,top5000,v.,επιτρέπω,allow,allow photo,generated
4566,13,Top 5000,Top 5000,top5000,adj.,καταπληκτικός,amazing,amazing photo,generated
4567,13,Top 5000,Top 5000,top5000,n.,η λίμνη,lake,lake photo,generated
4568,13,Top 5000,Top 5000,top5000,adv.,αλλού,elsewhere,elsewhere photo,generated
4569,13,Top 5000,Top 5000,top5000,n.,το φιλί,kiss,kiss photo,generated
4570,13,Top 5000,Top 5000,top5000,adv.,τριγύρω,around,around photo,generated
4571,13,Top 5000,Top 5000,top5000,n.,η κορυφή,peak,peak photo,generated
4572,13,Top 5000,Top 5000,top5000,adj.,ζεστός,warm,warm photo,generated
4573,13,Top 5000,Top 5000,top5000,v.,λαμβάνω,take,take photo,generated
4574,13,Top 5000,Top 5000,top5000,adj.,απασχολημένος,busy,busy photo,generated
4575,13,Top 5000,Top 5000,top5000,adv.,δωρεάν,free,free photo,generated
4576,13,Top 5000,Top 5000,top5000,n.,το ποτήρι,glass,glass photo,generated
4577,13,Top 5000,Top 5000,top5000,n.,ο βλάκας,moron,moron photo,generated
4578,13,Top 5000,Top 5000,top5000,n.,η αξία,value,value photo,generated
4579,13,Top 5000,Top 5000,top5000,v.,παραγγέλνω,(less formal) Alternative form of παραγγέλλω (parangéllo),,needs_review
4580,13,Top 5000,Top 5000,top5000,v.,βιάζομαι,am forced,am forced photo,generated
4581,13,Top 5000,Top 5000,top5000,n.,η πράξη,deed,deed photo,generated
4582,13,Top 5000,Top 5000,top5000,adj.,προηγούμενος,preceding,preceding photo,generated
4583,13,Top 5000,Top 5000,top5000,n.,η φήμη,fame,fame photo,generated
4584,13,Top 5000,Top 5000,top5000,adj.,λογικός,logical,logical photo,generated
4585,13,Top 5000,Top 5000,top5000,v.,καταστρέφω,destroy,destroy photo,generated
4586,13,Top 5000,Top 5000,top5000,n.,ο μπάτσος,the cop (policeman),,needs_review
4587,13,Top 5000,Top 5000,top5000,n.,η απόσταση,distance,distance photo,generated
4588,13,Top 5000,Top 5000,top5000,v.,εμπιστεύομαι,trust,trust photo,generated
4589,13,Top 5000,Top 5000,top5000,n.,το χάπι,pill,pill photo,generated
4590,13,Top 5000,Top 5000,top5000,v.,αντέχω,withstand,withstand photo,generated
4591,13,Top 5000,Top 5000,top5000,n.,το σύμπαν,universe,universe photo,generated
4592,13,Top 5000,Top 5000,top5000,n.,η ντροπή,shame,shame photo,generated
4593,13,Top 5000,Top 5000,top5000,n.,η ιατρική,medicine,medicine photo,generated
4594,13,Top 5000,Top 5000,top5000,n. pl.,τα γυαλιά,glasses,glasses photo,generated
4595,13,Top 5000,Top 5000,top5000,n.,η Γαλλία,France,France photo,generated
4596,13,Top 5000,Top 5000,top5000,adv.,ήσυχα,quietly,quietly photo,generated
4597,13,Top 5000,Top 5000,top5000,v.,σπάζω,break,break photo,generated
4598,13,Top 5000,Top 5000,top5000,adj.,θυμωμένος,angry,angry photo,generated
4599,13,Top 5000,Top 5000,top5000,n.,η ληστεία,robbery,robbery photo,generated
4600,13,Top 5000,Top 5000,top5000,n.,η δίκη,trial,trial photo,generated
4601,13,Top 5000,Top 5000,top5000,n.,το παντελόνι,trousers,trousers photo,generated
4602,13,Top 5000,Top 5000,top5000,n.,η βλακεία,stupidity,stupidity photo,generated
4603,13,Top 5000,Top 5000,top5000,n.,η κατηγορία,category,category photo,generated
4604,13,Top 5000,Top 5000,top5000,adj.,μοναδικός,unique,unique photo,generated
4605,13,Top 5000,Top 5000,top5000,n.,η διάθεση,mood,mood photo,generated
4606,13,Top 5000,Top 5000,top5000,adj.,προσωπικός,personal,personal photo,generated
4607,13,Top 5000,Top 5000,top5000,n.,η υπομονή,patience,patience photo,generated
4608,13,Top 5000,Top 5000,top5000,num.,είκοσι,twenty,twenty photo,generated
4609,13,Top 5000,Top 5000,top5000,adj.,ευγενικός,polite,polite photo,generated
4610,13,Top 5000,Top 5000,top5000,n.,ο μπελάς,trouble,trouble photo,generated
4611,13,Top 5000,Top 5000,top5000,n.,ο ήλιος,the sun,,needs_review
4612,13,Top 5000,Top 5000,top5000,n.,η ζημιά,damage,damage photo,generated
4613,13,Top 5000,Top 5000,top5000,n.,η δικαιοσύνη,justice,justice photo,generated
4614,13,Top 5000,Top 5000,top5000,n.,η συσκευή,device,device photo,generated
4615,13,Top 5000,Top 5000,top5000,n.,ο φάκελος,envelope,envelope photo,generated
4616,13,Top 5000,Top 5000,top5000,v.,εμφανίζομαι,appear,appear photo,generated
4617,13,Top 5000,Top 5000,top5000,n.,το κιλό,kilo,kilo photo,generated
4618,13,Top 5000,Top 5000,top5000,n.,ο μάρτυρας,witness,witness photo,generated
4619,13,Top 5000,Top 5000,top5000,v.,χορεύω,dance,dance photo,generated
4620,13,Top 5000,Top 5000,top5000,n.,η ανοησία,nonsense,nonsense photo,generated
4621,13,Top 5000,Top 5000,top5000,n.,η Δευτέρα,Monday,Monday photo,generated
4622,13,Top 5000,Top 5000,top5000,n.,το ταλέντο,talent,talent photo,generated
4623,13,Top 5000,Top 5000,top5000,n.,ο τομέας,sector,sector photo,generated
4624,13,Top 5000,Top 5000,top5000,n.,το κολέγιο,college,college photo,generated
4625,13,Top 5000,Top 5000,top5000,n.,ο νοσοκόμος,nurse,nurse photo,generated
4626,13,Top 5000,Top 5000,top5000,n.,η αιτία,reason,reason photo,generated
4627,13,Top 5000,Top 5000,top5000,adv.,κανονικά,regular,regular photo,generated
4628,13,Top 5000,Top 5000,top5000,n.,το πλάσμα,creature,creature photo,generated
4629,13,Top 5000,Top 5000,top5000,v.,δολοφονώ,murder,murder photo,generated
4630,13,Top 5000,Top 5000,top5000,v.,θυμίζω,remind,remind photo,generated
4631,13,Top 5000,Top 5000,top5000,adj.,ακίνητος,immobile,immobile photo,generated
4632,13,Top 5000,Top 5000,top5000,adv.,εξαιρετικά,eminently,eminently photo,generated
4633,13,Top 5000,Top 5000,top5000,n.,η βία,violence,violence photo,generated
4634,13,Top 5000,Top 5000,top5000,v.,τραβάω,pull,pull photo,generated
4635,13,Top 5000,Top 5000,top5000,n.,ο ασθενής,patient,patient photo,generated
4636,13,Top 5000,Top 5000,top5000,n.,το όριο,boundary,boundary photo,generated
4637,13,Top 5000,Top 5000,top5000,adj.,επείγων,urgent,urgent photo,generated
4638,13,Top 5000,Top 5000,top5000,adj.,γρήγορος,quick,quick photo,generated
4639,13,Top 5000,Top 5000,top5000,v.,κουβαλάω,carry,carry photo,generated
4640,13,Top 5000,Top 5000,top5000,n.,η Αγγλία,England,England photo,generated
4641,13,Top 5000,Top 5000,top5000,adj.,χαζός,unintelligent,unintelligent photo,generated
4642,13,Top 5000,Top 5000,top5000,v.,αναφέρω,mention,mention photo,generated
4643,13,Top 5000,Top 5000,top5000,n.,η περιουσία,fortune,fortune photo,generated
4644,13,Top 5000,Top 5000,top5000,v.,βαριέμαι,be bored,be bored photo,generated
4645,13,Top 5000,Top 5000,top5000,n.,η εκπομπή,programme,programme photo,generated
4646,13,Top 5000,Top 5000,top5000,n.,η πέτρα,rock,rock photo,generated
4647,13,Top 5000,Top 5000,top5000,n.,η τρέλα,madness,madness photo,generated
4648,13,Top 5000,Top 5000,top5000,n.,η μυρωδιά,smell,smell photo,generated
4649,13,Top 5000,Top 5000,top5000,n.,η τέχνη,the art,,needs_review
4650,13,Top 5000,Top 5000,top5000,adv.,αληθινά,truly,truly photo,generated
4651,13,Top 5000,Top 5000,top5000,n.,το σπαθί,sword,sword photo,generated
4652,13,Top 5000,Top 5000,top5000,n.,το ψάρι,fish,fish photo,generated
4653,13,Top 5000,Top 5000,top5000,n.,η μορφή,shape,shape photo,generated
4654,13,Top 5000,Top 5000,top5000,n.,η βάρκα,boat,boat photo,generated
4655,13,Top 5000,Top 5000,top5000,n.,ο καθηγητής,professor,professor photo,generated
4656,13,Top 5000,Top 5000,top5000,adj.,παντρεμένος,husband,husband photo,generated
4657,13,Top 5000,Top 5000,top5000,n.,το δείγμα,sample,sample photo,generated
4658,13,Top 5000,Top 5000,top5000,n.,το υπόγειο,basement,basement photo,generated
4659,13,Top 5000,Top 5000,top5000,n.,το ασθενοφόρο,ambulance,ambulance photo,generated
4660,13,Top 5000,Top 5000,top5000,v.,χάνομαι,vanish,vanish photo,generated
4661,13,Top 5000,Top 5000,top5000,adj.,απαραίτητος,needed,needed photo,generated
4662,13,Top 5000,Top 5000,top5000,n.,το πακέτο,packet,packet photo,generated
4663,13,Top 5000,Top 5000,top5000,adj.,ασθενής,sick,sick photo,generated
4664,13,Top 5000,Top 5000,top5000,n.,το συμβόλαιο,contract,contract photo,generated
4665,13,Top 5000,Top 5000,top5000,adj.,ένοχος,guilty,guilty photo,generated
4666,13,Top 5000,Top 5000,top5000,n.,πεινάω,be hungry,be hungry photo,generated
4667,13,Top 5000,Top 5000,top5000,v.,φοράω,wear,wear photo,generated
4668,13,Top 5000,Top 5000,top5000,n.,η όρεξη,appetite,appetite photo,generated
4669,13,Top 5000,Top 5000,top5000,n.,η αυλή,courtyard,courtyard photo,generated
4670,13,Top 5000,Top 5000,top5000,n.,η δράση,the action,,needs_review
4671,13,Top 5000,Top 5000,top5000,n.,ο όροφος,floor,floor photo,generated
4672,13,Top 5000,Top 5000,top5000,v.,μαντεύω,prophesy,prophesy photo,generated
4673,13,Top 5000,Top 5000,top5000,n.,ο κήπος,garden,garden photo,generated
4674,13,Top 5000,Top 5000,top5000,n.,η ευχή,wish,wish photo,generated
4675,13,Top 5000,Top 5000,top5000,n.,η επιστροφή,return,return photo,generated
4676,13,Top 5000,Top 5000,top5000,n.,το πυρ,fire,fire photo,generated
4677,13,Top 5000,Top 5000,top5000,n.,ο πάγος,the ice,,needs_review
4678,13,Top 5000,Top 5000,top5000,n.,ο οδηγός,guide,guide photo,generated
4679,13,Top 5000,Top 5000,top5000,adj.,φτηνός,cheap,cheap photo,generated
4680,13,Top 5000,Top 5000,top5000,adj.,ανθρώπινος,human,,needs_review
4681,13,Top 5000,Top 5000,top5000,adj.,βέβαιος,sure,sure photo,generated
4682,13,Top 5000,Top 5000,top5000,adv.,ασφαλώς,certainly,certainly photo,generated
4683,13,Top 5000,Top 5000,top5000,adj.,μεθυσμένος,drunk,drunk photo,generated
4684,13,Top 5000,Top 5000,top5000,v.,διαβάζω,read,read photo,generated
4685,13,Top 5000,Top 5000,top5000,n.,η εξουσία,authority,authority photo,generated
4686,13,Top 5000,Top 5000,top5000,n. pl.,οι οδηγίες,instructions,instructions photo,generated
4687,13,Top 5000,Top 5000,top5000,n.,η Κυριακή,Sunday,Sunday photo,generated
4688,13,Top 5000,Top 5000,top5000,adv.,κακά,badly,badly photo,generated
4689,13,Top 5000,Top 5000,top5000,n. pl.,οι ειδήσεις,news,news photo,generated
4690,13,Top 5000,Top 5000,top5000,n.,η εκατοντάδα,group of one hundred,group of one hundred photo,generated
4691,13,Top 5000,Top 5000,top5000,n.,το αυτί,the ear,,needs_review
4692,13,Top 5000,Top 5000,top5000,n.,η εντύπωση,impression,impression photo,generated
4693,13,Top 5000,Top 5000,top5000,n.,η ουσία,substance,substance photo,generated
4694,13,Top 5000,Top 5000,top5000,v.,κόβω,take shortcut,take shortcut photo,generated
4695,13,Top 5000,Top 5000,top5000,prep.,έως,(position): until,,needs_review
4696,13,Top 5000,Top 5000,top5000,v.,χρωστάω,"owe, be in debt",,needs_review
4697,13,Top 5000,Top 5000,top5000,n.,το στομάχι,stomach,stomach photo,generated
4698,13,Top 5000,Top 5000,top5000,n.,το εισιτήριο,ticket,ticket photo,generated
4699,13,Top 5000,Top 5000,top5000,v.,πλένω,wash,wash photo,generated
4700,13,Top 5000,Top 5000,top5000,n.,το σάντουιτς,sandwich,sandwich photo,generated
4701,13,Top 5000,Top 5000,top5000,n.,το άρθρο,article,article photo,generated
4702,13,Top 5000,Top 5000,top5000,n.,το κυνήγι,hunt,hunt photo,generated
4703,13,Top 5000,Top 5000,top5000,n.,η έκθεση,exhibition,exhibition photo,generated
4704,13,Top 5000,Top 5000,top5000,n.,η παρουσία,presence,presence photo,generated
4705,13,Top 5000,Top 5000,top5000,n.,το θέατρο,theatre,theatre photo,generated
4706,13,Top 5000,Top 5000,top5000,n.,το αυγό,the egg,,needs_review
4707,13,Top 5000,Top 5000,top5000,n.,η ομορφιά,beauty,beauty photo,generated
4708,13,Top 5000,Top 5000,top5000,n.,οι συνθήκες,conditions,conditions photo,generated
4709,13,Top 5000,Top 5000,top5000,interj.,σύμφωνοι,agreed,agreed photo,generated
4710,13,Top 5000,Top 5000,top5000,n.,η υγεία,health,health photo,generated
4711,13,Top 5000,Top 5000,top5000,n.,το ρεύμα,current,current photo,generated
4712,13,Top 5000,Top 5000,top5000,adj.,ερωτευμένος,to fall in love with,to fall in love with photo,generated
4713,13,Top 5000,Top 5000,top5000,v.,διαλέγω,choose,choose photo,generated
4714,13,Top 5000,Top 5000,top5000,n.,το φεγγάρι,moon,moon photo,generated
4715,13,Top 5000,Top 5000,top5000,n.,ο δικαστής,judge,judge photo,generated
4716,13,Top 5000,Top 5000,top5000,adj.,κουρασμένος,tired,tired photo,generated
4717,13,Top 5000,Top 5000,top5000,n.,η παράδοση,tradition,tradition photo,generated
4718,13,Top 5000,Top 5000,top5000,adv.,αρχικά,Nominative,Nominative photo,generated
4719,13,Top 5000,Top 5000,top5000,n.,ο Χριστός,Christ,Christ photo,generated
4720,13,Top 5000,Top 5000,top5000,adj.,αγαπητός,dear,dear photo,generated
4721,13,Top 5000,Top 5000,top5000,n.,το κάστρο,castle,castle photo,generated
4722,13,Top 5000,Top 5000,top5000,adj.,γνωστός,known,known photo,generated
4723,13,Top 5000,Top 5000,top5000,n.,η επιθυμία,desire,desire photo,generated
4724,13,Top 5000,Top 5000,top5000,v.,προκαλώ,challenge,challenge photo,generated
4725,13,Top 5000,Top 5000,top5000,n.,η Ρώμη,Rome,Rome photo,generated
4726,13,Top 5000,Top 5000,top5000,v.,ανυπομονώ,be impatient,be impatient photo,generated
4727,13,Top 5000,Top 5000,top5000,n.,το ψωμί,bread,bread photo,generated
4728,13,Top 5000,Top 5000,top5000,adj.,φανταστικός,imaginary,imaginary photo,generated
4729,13,Top 5000,Top 5000,top5000,n.,ο σωρός,pile,pile photo,generated
4730,13,Top 5000,Top 5000,top5000,v.,μετράω,count,count photo,generated
4731,13,Top 5000,Top 5000,top5000,n.,το χιλιόμετρο,kilometre,kilometre photo,generated
4732,13,Top 5000,Top 5000,top5000,v.,πίνω,drink,drink photo,generated
4733,13,Top 5000,Top 5000,top5000,n.,η ευτυχία,happiness,happiness photo,generated
4734,13,Top 5000,Top 5000,top5000,v.,προσφέρω,offer,offer photo,generated
4735,13,Top 5000,Top 5000,top5000,n.,η γιορτή,celebration,celebration photo,generated
4736,13,Top 5000,Top 5000,top5000,n.,η επιτροπή,committee,committee photo,generated
4737,13,Top 5000,Top 5000,top5000,n.,η τεχνολογία,technology,technology photo,generated
4738,13,Top 5000,Top 5000,top5000,n.,το μέγεθος,size,size photo,generated
4739,13,Top 5000,Top 5000,top5000,adj.,μέτριος,medium,medium photo,generated
4740,13,Top 5000,Top 5000,top5000,adj.,ανοιχτός,open,open photo,generated
4741,13,Top 5000,Top 5000,top5000,n.,η Πέμπτη,Thursday,Thursday photo,generated
4742,13,Top 5000,Top 5000,top5000,adv.,υπερβολικά,excessively,excessively photo,generated
4743,13,Top 5000,Top 5000,top5000,n.,η ανάσα,breath,breath photo,generated
4744,13,Top 5000,Top 5000,top5000,n.,αναλαμβάνω,undertake,undertake photo,generated
4745,13,Top 5000,Top 5000,top5000,adj.,πράσινος,green,green photo,generated
4746,13,Top 5000,Top 5000,top5000,n.,το όχημα,vehicle,vehicle photo,generated
4747,13,Top 5000,Top 5000,top5000,n.,η αγκαλιά,the hug,,needs_review
4748,13,Top 5000,Top 5000,top5000,n.,το αλκοόλ,alcohol,alcohol photo,generated
4749,13,Top 5000,Top 5000,top5000,n.,το κοτόπουλο,chicken,chicken photo,generated
4750,13,Top 5000,Top 5000,top5000,adj.,αντίθετος,opposite,opposite photo,generated
4751,13,Top 5000,Top 5000,top5000,n.,η χρήση,the use,,needs_review
4752,13,Top 5000,Top 5000,top5000,adj.,ο ειδικός,expert,expert photo,generated
4753,13,Top 5000,Top 5000,top5000,n.,το διαζύγιο,divorce,divorce photo,generated
4754,13,Top 5000,Top 5000,top5000,n.,ο ηθοποιός,actor,actor photo,generated
4755,13,Top 5000,Top 5000,top5000,n.,ο διάδρομος,corridor,corridor photo,generated
4756,13,Top 5000,Top 5000,top5000,n.,το σημείωμα,note,note photo,generated
4757,13,Top 5000,Top 5000,top5000,n.,το λύκειο,secondary school,secondary school photo,generated
4758,13,Top 5000,Top 5000,top5000,adj.,άδειος,empty,empty photo,generated
4759,13,Top 5000,Top 5000,top5000,n.,η σαμπάνια,champagne,champagne photo,generated
4760,13,Top 5000,Top 5000,top5000,v.,πλησιάζω,approach,approach photo,generated
4761,13,Top 5000,Top 5000,top5000,adj.,ύποπτος,suspicious,suspicious photo,generated
4762,13,Top 5000,Top 5000,top5000,n.,η πισίνα,swimming pool,swimming pool photo,generated
4763,13,Top 5000,Top 5000,top5000,n.,το υλικό,material,material photo,generated
4764,13,Top 5000,Top 5000,top5000,n.,ο χάρτης,the map,,needs_review
4765,13,Top 5000,Top 5000,top5000,n.,η βροχή,rain,rain photo,generated
4766,13,Top 5000,Top 5000,top5000,n.,η τσέπη,pocket,pocket photo,generated
4767,13,Top 5000,Top 5000,top5000,n.,η διαδρομή,route,route photo,generated
4768,13,Top 5000,Top 5000,top5000,n.,το αστέρι,star,star photo,generated
4769,13,Top 5000,Top 5000,top5000,n.,ο αιώνας,century,century photo,generated
4770,13,Top 5000,Top 5000,top5000,adv.,κρυφά,in secret,in secret photo,generated
4771,13,Top 5000,Top 5000,top5000,n.,το τσιγάρο,cigarette,cigarette photo,generated
4772,13,Top 5000,Top 5000,top5000,adj.,αθώος,innocent,innocent photo,generated
4773,13,Top 5000,Top 5000,top5000,adv.,οπουδήποτε,wherever,wherever photo,generated
4774,13,Top 5000,Top 5000,top5000,n.,η άποψη,point of view,point of view photo,generated
4775,13,Top 5000,Top 5000,top5000,v.,αστειεύομαι,joke,joke photo,generated
4776,13,Top 5000,Top 5000,top5000,n.,το τραύμα,injury,injury photo,generated
4777,13,Top 5000,Top 5000,top5000,n.,ο τάφος,grave,grave photo,generated
4778,13,Top 5000,Top 5000,top5000,v.,κολυμπάω,be swum,be swum photo,generated
4779,13,Top 5000,Top 5000,top5000,v.,κουβεντιάζω,chat,chat photo,generated
4780,13,Top 5000,Top 5000,top5000,v.,ξεφεύγω,get away,get away photo,generated
4781,13,Top 5000,Top 5000,top5000,prep.,συν,positive quantity,positive quantity photo,generated
4782,13,Top 5000,Top 5000,top5000,n.,το σύνορο,border,border photo,generated
4783,13,Top 5000,Top 5000,top5000,adv.,έπειτα,after,after photo,generated
4784,13,Top 5000,Top 5000,top5000,n.,το ημερολόγιο,calendar,calendar photo,generated
4785,13,Top 5000,Top 5000,top5000,n.,η αμφιβολία,doubt,doubt photo,generated
4786,13,Top 5000,Top 5000,top5000,n.,το βουνό,mountain,mountain photo,generated
4787,13,Top 5000,Top 5000,top5000,n.,ο πίνακας,painting,painting photo,generated
4788,13,Top 5000,Top 5000,top5000,n.,ο εχθρός,enemy,enemy photo,generated
4789,13,Top 5000,Top 5000,top5000,v.,κανονίζω,arrange,arrange photo,generated
4790,13,Top 5000,Top 5000,top5000,n.,δέχομαι,accept,accept photo,generated
4791,13,Top 5000,Top 5000,top5000,adv.,παρεπιπτόντως,incidentally,incidentally photo,generated
4792,13,Top 5000,Top 5000,top5000,v.,αργώ,delay,delay photo,generated
4793,13,Top 5000,Top 5000,top5000,n.,ο συνεργάτης,coworker,coworker photo,generated
4794,13,Top 5000,Top 5000,top5000,n.,το μοντέλο,model,model photo,generated
4795,13,Top 5000,Top 5000,top5000,n.,το γουρούνι,the pig,,needs_review
4796,13,Top 5000,Top 5000,top5000,adj.,φυσιολογικός,normal,normal photo,generated
4797,13,Top 5000,Top 5000,top5000,n.,το πορτοφόλι,wallet,wallet photo,generated
4798,13,Top 5000,Top 5000,top5000,v.,κλαίω,water,water photo,generated
4799,13,Top 5000,Top 5000,top5000,n.,η οικονομία,economy,economy photo,generated
4800,13,Top 5000,Top 5000,top5000,n.,η Ευρώπη,Europe,Europe photo,generated
4801,13,Top 5000,Top 5000,top5000,n.,το βλέμμα,look,look photo,generated
4802,13,Top 5000,Top 5000,top5000,n.,το βραβείο,award,award photo,generated
4803,13,Top 5000,Top 5000,top5000,n.,η σελίδα,page,page photo,generated
4804,13,Top 5000,Top 5000,top5000,adj.,μυστικός,mystic,mystic photo,generated
4805,13,Top 5000,Top 5000,top5000,n.,η δικαιολογία,excuse,excuse photo,generated
4806,13,Top 5000,Top 5000,top5000,n. pl.,τα μεσάνυχτα,midnight,midnight photo,generated
4807,13,Top 5000,Top 5000,top5000,n.,η γνωριμία,acquaintance,acquaintance photo,generated
4808,13,Top 5000,Top 5000,top5000,n.,η γκόμενα,chick,chick photo,generated
4809,13,Top 5000,Top 5000,top5000,n.,το τατουάζ,tattoo,tattoo photo,generated
4810,13,Top 5000,Top 5000,top5000,n.,η δόση,dose,dose photo,generated
4811,13,Top 5000,Top 5000,top5000,n.,το εργοστάσιο,factory,factory photo,generated
4812,13,Top 5000,Top 5000,top5000,n. pl.,τα αδέρφια,siblings,siblings photo,generated
4813,13,Top 5000,Top 5000,top5000,adv.,ανοιχτά,openly,openly photo,generated
4814,13,Top 5000,Top 5000,top5000,adj.,τρομακτικός,scary,scary photo,generated
4815,13,Top 5000,Top 5000,top5000,n.,η κοινωνία,society,society photo,generated
4816,13,Top 5000,Top 5000,top5000,n.,το πλήρωμα,crew,crew photo,generated
4817,13,Top 5000,Top 5000,top5000,conj.,εφόσον,as long as,as long as photo,generated
4818,13,Top 5000,Top 5000,top5000,n.,η επίσκεψη,visit,visit photo,generated
4819,13,Top 5000,Top 5000,top5000,v.,πετυχαίνω,succeed,succeed photo,generated
4820,13,Top 5000,Top 5000,top5000,n.,ροζ,pink,pink photo,generated
4821,13,Top 5000,Top 5000,top5000,adj.,διασκεδαστικός,entertaining,entertaining photo,generated
4822,13,Top 5000,Top 5000,top5000,n.,η επιφάνεια,surface,surface photo,generated
4823,13,Top 5000,Top 5000,top5000,n.,το φορτηγάκι,the van,,needs_review
4824,13,Top 5000,Top 5000,top5000,v.,παρατάω,abandon,abandon photo,generated
4825,13,Top 5000,Top 5000,top5000,n.,το κίνητρο,motivation,motivation photo,generated
4826,13,Top 5000,Top 5000,top5000,n.,η αίτηση,application,application photo,generated
4827,13,Top 5000,Top 5000,top5000,n.,η μεριά,side,side photo,generated
4828,13,Top 5000,Top 5000,top5000,v.,ενημερώνω,update,update photo,generated
4829,13,Top 5000,Top 5000,top5000,n.,η φαντασία,imagination,imagination photo,generated
4830,13,Top 5000,Top 5000,top5000,n.,το ρομπότ,robot,robot photo,generated
4831,13,Top 5000,Top 5000,top5000,adj.,συναρπαστικός,exciting,exciting photo,generated
4832,13,Top 5000,Top 5000,top5000,adv.,φέτος,this year,this year photo,generated
4833,13,Top 5000,Top 5000,top5000,n.,η ουρά,queue,queue photo,generated
4834,13,Top 5000,Top 5000,top5000,v.,γεννιέμαι,be born,be born photo,generated
4835,13,Top 5000,Top 5000,top5000,n.,η σκόνη,powder,powder photo,generated
4836,13,Top 5000,Top 5000,top5000,v.,θεωρώ,consider,consider photo,generated
4837,13,Top 5000,Top 5000,top5000,n.,η είσοδος,entrance,entrance photo,generated
4838,13,Top 5000,Top 5000,top5000,n.,το τυρί,cheese,cheese photo,generated
4839,13,Top 5000,Top 5000,top5000,v.,κρίνω,judge,judge photo,generated
4840,13,Top 5000,Top 5000,top5000,adj.,κλειστός,closed,closed photo,generated
4841,13,Top 5000,Top 5000,top5000,adv.,επομένως,consequently,consequently photo,generated
4842,13,Top 5000,Top 5000,top5000,n.,το γκαράζ,garage,garage photo,generated
4843,13,Top 5000,Top 5000,top5000,n.,το παλτό,coat,coat photo,generated
4844,13,Top 5000,Top 5000,top5000,n.,η θέα,view,view photo,generated
4845,13,Top 5000,Top 5000,top5000,n.,το θάρρος,courage,courage photo,generated
4846,13,Top 5000,Top 5000,top5000,n.,ο πολίτης,citizen,citizen photo,generated
4847,13,Top 5000,Top 5000,top5000,n.,ο καρκίνος,cancer,cancer photo,generated
4848,13,Top 5000,Top 5000,top5000,n.,το ρίσκο,risk,risk photo,generated
4849,13,Top 5000,Top 5000,top5000,v.,αμφιβάλλω,doubt,doubt photo,generated
4850,13,Top 5000,Top 5000,top5000,v.,ακολουθώ,follow,follow photo,generated
4851,13,Top 5000,Top 5000,top5000,n.,ο παράδεισος,paradise,paradise photo,generated
4852,13,Top 5000,Top 5000,top5000,n.,η τοποθεσία,location,location photo,generated
4853,13,Top 5000,Top 5000,top5000,n.,η σύμπτωση,coincidence,coincidence photo,generated
4854,13,Top 5000,Top 5000,top5000,n.,το παγωτό,ice cream,ice cream photo,generated
4855,13,Top 5000,Top 5000,top5000,n.,η παρεξήγηση,misunderstanding,misunderstanding photo,generated
4856,13,Top 5000,Top 5000,top5000,n.,η κατεύθυνση,direction,direction photo,generated
4857,13,Top 5000,Top 5000,top5000,n.,το καταφύγιο,shelter,shelter photo,generated
4858,13,Top 5000,Top 5000,top5000,n.,ο κωδικός,password,password photo,generated
4859,13,Top 5000,Top 5000,top5000,adj.,βιομηχανικός,industrial,industrial photo,generated
4860,13,Top 5000,Top 5000,top5000,n.,το κατάστημα,shop,shop photo,generated
4861,13,Top 5000,Top 5000,top5000,n.,η εκπαίδευση,the education,,needs_review
4862,13,Top 5000,Top 5000,top5000,n.,η καταιγίδα,storm,storm photo,generated
4863,13,Top 5000,Top 5000,top5000,n.,η σύνδεση,link,link photo,generated
4864,13,Top 5000,Top 5000,top5000,adj.,ανόητος,foolish,foolish photo,generated
4865,13,Top 5000,Top 5000,top5000,n.,φωνάζω,shout,shout photo,generated
4866,13,Top 5000,Top 5000,top5000,adj.,σούπερ,super,super photo,generated
4867,13,Top 5000,Top 5000,top5000,n.,η φασαρία,ruckus,ruckus photo,generated
4868,13,Top 5000,Top 5000,top5000,v.,επιτίθεμαι,attack,attack photo,generated
4869,13,Top 5000,Top 5000,top5000,v.,παρακολουθώ,watch,watch photo,generated
4870,13,Top 5000,Top 5000,top5000,adv.,δημόσια,publicly,publicly photo,generated
4871,13,Top 5000,Top 5000,top5000,n.,η εξήγηση,explanation,explanation photo,generated
4872,13,Top 5000,Top 5000,top5000,n.,η ημερομηνία,date,date photo,generated
4873,13,Top 5000,Top 5000,top5000,adj.,ιδιαίτερος,special,special photo,generated
4874,13,Top 5000,Top 5000,top5000,n.,αποδεικνύω,prove,prove photo,generated
4875,13,Top 5000,Top 5000,top5000,n.,ο καπετάνιος,captain,captain photo,generated
4876,13,Top 5000,Top 5000,top5000,n.,το συναίσθημα,emotion,emotion photo,generated
4877,13,Top 5000,Top 5000,top5000,v.,αγγίζω,touch,touch photo,generated
4878,13,Top 5000,Top 5000,top5000,n.,η απώλεια,loss,loss photo,generated
4879,13,Top 5000,Top 5000,top5000,n.,το θύμα,victim,victim photo,generated
4880,13,Top 5000,Top 5000,top5000,n.,το ζήτημα,issue,issue photo,generated
4881,13,Top 5000,Top 5000,top5000,n. / interj.,το έλεος,mercy,mercy photo,generated
4882,13,Top 5000,Top 5000,top5000,n.,η μάσκα,mask,mask photo,generated
4883,13,Top 5000,Top 5000,top5000,adv.,άγρια,Nominative,Nominative photo,generated
4884,13,Top 5000,Top 5000,top5000,adj.,εκπληκτικός,astonishing,astonishing photo,generated
4885,13,Top 5000,Top 5000,top5000,n.,ο εξοπλισμός,equipment,equipment photo,generated
4886,13,Top 5000,Top 5000,top5000,n.,το μεσημεριανό,lunch,lunch photo,generated
4887,13,Top 5000,Top 5000,top5000,n.,το ασανσέρ,lift,lift photo,generated
4888,13,Top 5000,Top 5000,top5000,adv.,ύστερα,after,after photo,generated
4889,13,Top 5000,Top 5000,top5000,n.,ένα χιλιάρικο,one thousand,one thousand photo,generated
4890,13,Top 5000,Top 5000,top5000,n.,ο ήχος,sound,sound photo,generated
4891,13,Top 5000,Top 5000,top5000,n.,η κλινική,clinic,clinic photo,generated
4892,13,Top 5000,Top 5000,top5000,n.,η σιωπή,silence,silence photo,generated
4893,13,Top 5000,Top 5000,top5000,adj.,πλούσιος,rich,rich photo,generated
4894,13,Top 5000,Top 5000,top5000,adj.,απίθανος,unlikely,unlikely photo,generated
4895,13,Top 5000,Top 5000,top5000,n.,το αντικείμενο,object,object photo,generated
4896,13,Top 5000,Top 5000,top5000,n.,το αρχίδι,testicle,testicle photo,generated
4897,13,Top 5000,Top 5000,top5000,v.,μαλώνω,tell off,tell off photo,generated
4898,13,Top 5000,Top 5000,top5000,n.,η μερίδα,portion,portion photo,generated
4899,13,Top 5000,Top 5000,top5000,n.,το αντηλιακό,sun cream,sun cream photo,generated
4900,13,Top 5000,Top 5000,top5000,adj.,τελικός,final,final photo,generated
4901,13,Top 5000,Top 5000,top5000,adj.,εντυπωσιακός,impressive,impressive photo,generated
4902,13,Top 5000,Top 5000,top5000,n.,η βιβλιοθήκη,library,library photo,generated
4903,13,Top 5000,Top 5000,top5000,adj.,ευγνώμων,grateful,grateful photo,generated
4904,13,Top 5000,Top 5000,top5000,n.,η τιμωρία,punishment,punishment photo,generated
4905,13,Top 5000,Top 5000,top5000,n.,η μεταφορά,transport,transport photo,generated
4906,13,Top 5000,Top 5000,top5000,n. pl.,τα δεδομένα,data,data photo,generated
4907,13,Top 5000,Top 5000,top5000,adj.,νεαρός,young,young photo,generated
4908,13,Top 5000,Top 5000,top5000,pron.,ποιανού,which,which photo,generated
4909,13,Top 5000,Top 5000,top5000,n.,το φορτίο,load,load photo,generated
4910,13,Top 5000,Top 5000,top5000,adv.,απίστευτα,incredible,incredible photo,generated
4911,13,Top 5000,Top 5000,top5000,n.,η υποστήριξη,support,support photo,generated
4912,13,Top 5000,Top 5000,top5000,n.,το μεσημέρι,midday,midday photo,generated
4913,13,Top 5000,Top 5000,top5000,n.,η περίοδος,period,period photo,generated
4914,13,Top 5000,Top 5000,top5000,adj.,άδικος,unfair,unfair photo,generated
4915,13,Top 5000,Top 5000,top5000,n.,η φιλενάδα,girlfriend,girlfriend photo,generated
4916,13,Top 5000,Top 5000,top5000,conj.,παρόλο,even though,even though photo,generated
4917,13,Top 5000,Top 5000,top5000,adj.,άμεσος,direct,direct photo,generated
4918,13,Top 5000,Top 5000,top5000,n.,το ψυγείο,refrigerator,refrigerator photo,generated
4919,13,Top 5000,Top 5000,top5000,adv.,ευχαρίστως,gladly,gladly photo,generated
4920,13,Top 5000,Top 5000,top5000,n.,το στυλ,style,style photo,generated
4921,13,Top 5000,Top 5000,top5000,adv.,ελεύθερα,Nominative,Nominative photo,generated
4922,13,Top 5000,Top 5000,top5000,n.,η σοφία,wisdom,wisdom photo,generated
4923,13,Top 5000,Top 5000,top5000,n.,η τελετή,ceremony,ceremony photo,generated
4924,13,Top 5000,Top 5000,top5000,n.,ο ιδιοκτήτης,owner,owner photo,generated
4925,13,Top 5000,Top 5000,top5000,n.,η ακτή,coast,coast photo,generated
4926,13,Top 5000,Top 5000,top5000,n.,το ντους,shower,shower photo,generated
4927,13,Top 5000,Top 5000,top5000,n. pl.,τα ψώνια,shopping,shopping photo,generated
4928,13,Top 5000,Top 5000,top5000,n.,η λειτουργία,function,function photo,generated
4929,13,Top 5000,Top 5000,top5000,adj.,συγκεκριμένος,concrete,concrete photo,generated
4930,13,Top 5000,Top 5000,top5000,n.,ο σύμβουλος,consultant,consultant photo,generated
4931,13,Top 5000,Top 5000,top5000,n.,το πάθος,passion,passion photo,generated
4932,13,Top 5000,Top 5000,top5000,n.,η νύφη,bride,bride photo,generated
4933,13,Top 5000,Top 5000,top5000,n.,η αυτοκτονία,suicide,suicide photo,generated
4934,13,Top 5000,Top 5000,top5000,n.,ο μαθητής,student,student photo,generated
4935,13,Top 5000,Top 5000,top5000,n.,το ελικόπτερο,helicopter,helicopter photo,generated
4936,13,Top 5000,Top 5000,top5000,n.,η κράτηση,booking,booking photo,generated
4937,13,Top 5000,Top 5000,top5000,v.,κρύβω,hide,hide photo,generated
4938,13,Top 5000,Top 5000,top5000,n.,το δηλητήριο,poison,poison photo,generated
4939,13,Top 5000,Top 5000,top5000,n.,ο συγγραφέας,writer,writer photo,generated
4940,13,Top 5000,Top 5000,top5000,n.,η πολιτεία,the state (territory),,needs_review
4941,13,Top 5000,Top 5000,top5000,n.,το κοστούμι,suit,suit photo,generated
4942,13,Top 5000,Top 5000,top5000,n.,η ικανότητα,skill,skill photo,generated
4943,13,Top 5000,Top 5000,top5000,n.,το κανάλι,channel,channel photo,generated
4944,13,Top 5000,Top 5000,top5000,n.,εννέα,nine,nine photo,generated
4945,13,Top 5000,Top 5000,top5000,v.,τολμάω,dare,dare photo,generated
4946,13,Top 5000,Top 5000,top5000,n.,το αντίγραφο,copy,copy photo,generated
4947,13,Top 5000,Top 5000,top5000,n.,η βαλίτσα,suitcase,suitcase photo,generated
4948,13,Top 5000,Top 5000,top5000,n.,το μονοπάτι,path,path photo,generated
4949,13,Top 5000,Top 5000,top5000,n.,η ευχαρίστηση,pleasure,pleasure photo,generated
4950,13,Top 5000,Top 5000,top5000,n.,η απάτη,fraud,fraud photo,generated
4951,13,Top 5000,Top 5000,top5000,adj.,φυσικός,natural,natural photo,generated
4952,13,Top 5000,Top 5000,top5000,adj.,πανέμορφος,gorgeous,gorgeous photo,generated
4953,13,Top 5000,Top 5000,top5000,n.,ο λαός,people,people photo,generated
4954,13,Top 5000,Top 5000,top5000,adv.,χαμηλά,Nominative,Nominative photo,generated
4955,13,Top 5000,Top 5000,top5000,n.,πέρυσι,last year,last year photo,generated
4956,13,Top 5000,Top 5000,top5000,adj.,περασμένος,passed,passed photo,generated
4957,13,Top 5000,Top 5000,top5000,n.,θαυμάσιος,wonderful,wonderful photo,generated
4958,13,Top 5000,Top 5000,top5000,n.,ο θόρυβος,noise,noise photo,generated
4959,13,Top 5000,Top 5000,top5000,adj.,ήρεμος,quiet,quiet photo,generated
4960,13,Top 5000,Top 5000,top5000,n.,η σοκολάτα,chocolate,chocolate photo,generated
4961,13,Top 5000,Top 5000,top5000,adv.,οπωσδήποτε,anyway,anyway photo,generated
4962,13,Top 5000,Top 5000,top5000,adj.,κενός,empty,empty photo,generated
4963,13,Top 5000,Top 5000,top5000,n.,ο δάσκαλος,teacher,teacher photo,generated
4964,13,Top 5000,Top 5000,top5000,n.,το ερώτημα,question,question photo,generated
4965,13,Top 5000,Top 5000,top5000,n.,η ντουλάπα,wardrobe,wardrobe photo,generated
4966,13,Top 5000,Top 5000,top5000,n.,η καλοσύνη,kindness,kindness photo,generated
4967,13,Top 5000,Top 5000,top5000,n.,ο χαρακτήρας,character,character photo,generated
4968,13,Top 5000,Top 5000,top5000,n.,το χαμόγελο,smile,smile photo,generated
4969,13,Top 5000,Top 5000,top5000,n.,η τούρτα,cake,cake photo,generated
4970,13,Top 5000,Top 5000,top5000,adv.,σημαντικά,important,important photo,generated
4971,13,Top 5000,Top 5000,top5000,n.,το νύχι,fingernail,fingernail photo,generated
4972,13,Top 5000,Top 5000,top5000,v.,απασχολώ,employ,employ photo,generated
4973,13,Top 5000,Top 5000,top5000,n.,το περιοδικό,magazine,magazine photo,generated
4974,13,Top 5000,Top 5000,top5000,n.,το μυστήριο,mystery,mystery photo,generated
4975,13,Top 5000,Top 5000,top5000,adj.,ικανός,able,able photo,generated
4976,13,Top 5000,Top 5000,top5000,n.,το άγχος,stress,stress photo,generated
4977,13,Top 5000,Top 5000,top5000,n.,το κουμπί,button,button photo,generated
4978,13,Top 5000,Top 5000,top5000,adv.,τυχαία,randomly,randomly photo,generated
4979,13,Top 5000,Top 5000,top5000,adj.,αργός,slow,slow photo,generated
4980,13,Top 5000,Top 5000,top5000,n.,ο συγγενής,relative,relative photo,generated
4981,13,Top 5000,Top 5000,top5000,n.,εθνικός,national,national photo,generated
4982,13,Top 5000,Top 5000,top5000,n.,το σενάριο,script,script photo,generated
4983,13,Top 5000,Top 5000,top5000,n.,η εγχείρηση,surgery,surgery photo,generated
4984,13,Top 5000,Top 5000,top5000,n.,το ποδήλατο,bicycle,bicycle photo,generated
4985,13,Top 5000,Top 5000,top5000,adv.,πλήρως,fully,fully photo,generated
4986,13,Top 5000,Top 5000,top5000,n.,ο γύρος,gyros,gyros photo,generated
4987,13,Top 5000,Top 5000,top5000,n.,το χείλος,brink,brink photo,generated
4988,13,Top 5000,Top 5000,top5000,n.,η φάρμα,farm,farm photo,generated
4989,13,Top 5000,Top 5000,top5000,n.,η σούπα,soup,soup photo,generated
4990,13,Top 5000,Top 5000,top5000,v.,ονομάζομαι,am named,am named photo,generated
4991,13,Top 5000,Top 5000,top5000,adj.,ιστορικός,historical,historical photo,generated
4992,13,Top 5000,Top 5000,top5000,v.,κολλάω,glue,glue photo,generated
4993,13,Top 5000,Top 5000,top5000,n.,το φτερό,wing,wing photo,generated
4994,13,Top 5000,Top 5000,top5000,n.,το βάθος,depth,depth photo,generated
4995,13,Top 5000,Top 5000,top5000,n.,η λέσχη,club,club photo,generated
4996,13,Top 5000,Top 5000,top5000,conj.,άμα,when,when photo,generated
4997,13,Top 5000,Top 5000,top5000,n.,η σκάλα,stair,stair photo,generated
4998,13,Top 5000,Top 5000,top5000,adv.,σπάνια,seldom,seldom photo,generated
4999,13,Top 5000,Top 5000,top5000,v.,χειρίζομαι,handle,handle photo,generated
5000,13,Top 5000,Top 5000,top5000,n.,η φυσική,physics,physics photo,generated
5001,13,Top 5000,Top 5000,top5000,v.,σκοπεύω,"aim, take aim",,needs_review
5002,13,Top 5000,Top 5000,top5000,n.,η σκιά,shadow,shadow photo,generated
5003,13,Top 5000,Top 5000,top5000,adv. / n. pl. m.,οικονομικά,economics,economics photo,generated
5004,13,Top 5000,Top 5000,top5000,n.,το πιάτο,dish,dish photo,generated
5005,13,Top 5000,Top 5000,top5000,n.,το δίκτυο,network,network photo,generated
5006,13,Top 5000,Top 5000,top5000,conj.,ώσπου,until,until photo,generated
5007,13,Top 5000,Top 5000,top5000,v.,ετοιμάζομαι,get ready,get ready photo,generated
5008,13,Top 5000,Top 5000,top5000,v.,ανακαλύπτω,discover,discover photo,generated
5009,13,Top 5000,Top 5000,top5000,n. / interj.,το κουράγιο,courage,courage photo,generated
5010,13,Top 5000,Top 5000,top5000,n.,η οργή,rage,rage photo,generated
5011,13,Top 5000,Top 5000,top5000,n.,το σοκ,shock,shock photo,generated
5012,13,Top 5000,Top 5000,top5000,prep.,ανά,"per, by, through, throughout",,needs_review
5013,13,Top 5000,Top 5000,top5000,prep.,υπέρ,more than,more than photo,generated
5014,13,Top 5000,Top 5000,top5000,n.,η εμφάνιση,appearance,appearance photo,generated
5015,13,Top 5000,Top 5000,top5000,num.,μηδέν,zero,zero photo,generated
5016,13,Top 5000,Top 5000,top5000,n.,το σινεμά,cinema,cinema photo,generated
5017,13,Top 5000,Top 5000,top5000,adj.,χαριτωμένος,pretty,pretty photo,generated
5018,13,Top 5000,Top 5000,top5000,adv.,βαριά,sledgehammer,sledgehammer photo,generated
5019,13,Top 5000,Top 5000,top5000,adj.,παράνομος,illegal,illegal photo,generated
5020,13,Top 5000,Top 5000,top5000,n.,η επιστήμη,science,science photo,generated
5021,13,Top 5000,Top 5000,top5000,v.,τρελαίνομαι,"go mad, go insane, go crazy",,needs_review
5022,13,Top 5000,Top 5000,top5000,n.,το γήπεδο,pitch,pitch photo,generated
5023,13,Top 5000,Top 5000,top5000,n.,η ανάλυση,analysis,analysis photo,generated
5024,13,Top 5000,Top 5000,top5000,pron.,τίνος,what?,what? photo,generated
5025,13,Top 5000,Top 5000,top5000,n.,η αντίδραση,reaction,reaction photo,generated
5026,13,Top 5000,Top 5000,top5000,n.,η Αφρική,Africa,Africa photo,generated
5027,13,Top 5000,Top 5000,top5000,n.,η δήλωση,statement,statement photo,generated
5028,13,Top 5000,Top 5000,top5000,n.,η φυλή,race,race photo,generated
5029,13,Top 5000,Top 5000,top5000,n.,ο δίσκος,tray,tray photo,generated
5030,13,Top 5000,Top 5000,top5000,n.,η ζάχαρη,sugar,sugar photo,generated
5031,13,Top 5000,Top 5000,top5000,v.,ενδιαφέρομαι,be interested in,be interested in photo,generated
5032,13,Top 5000,Top 5000,top5000,n.,το στούντιο,studio,studio photo,generated
5033,13,Top 5000,Top 5000,top5000,n.,η έλλειψη,lack,lack photo,generated
5034,13,Top 5000,Top 5000,top5000,v.,κυνηγάω,chase,chase photo,generated
5035,13,Top 5000,Top 5000,top5000,n.,η υπογραφή,signature,signature photo,generated
5036,13,Top 5000,Top 5000,top5000,adj.,προφανής,obvious,obvious photo,generated
5037,13,Top 5000,Top 5000,top5000,n.,η φιλία,friendship,friendship photo,generated
5038,13,Top 5000,Top 5000,top5000,adv.,πρώτον,first,first photo,generated
5039,13,Top 5000,Top 5000,top5000,n.,ο στρατηγός,general,general photo,generated
5040,13,Top 5000,Top 5000,top5000,n.,το δάχτυλο,finger,finger photo,generated
5041,13,Top 5000,Top 5000,top5000,n.,η συνεργασία,cooperation,cooperation photo,generated
5042,13,Top 5000,Top 5000,top5000,n.,το περιβάλλον,environment,environment photo,generated
5043,13,Top 5000,Top 5000,top5000,n.,η ασθένεια,illness,illness photo,generated
5044,13,Top 5000,Top 5000,top5000,v.,χαλάω,break,break photo,generated
5045,13,Top 5000,Top 5000,top5000,n.,ο γείτονας,neighbour,neighbour photo,generated
5046,13,Top 5000,Top 5000,top5000,v.,συνειδητοποιώ,realise,realise photo,generated
5047,13,Top 5000,Top 5000,top5000,n.,πάντοτε,always,always photo,generated
5048,13,Top 5000,Top 5000,top5000,n.,η τροφή,food,food photo,generated
5049,13,Top 5000,Top 5000,top5000,n.,ο κύκλος,circle,circle photo,generated
5050,13,Top 5000,Top 5000,top5000,n.,η σύλληψη,arrest,arrest photo,generated
5051,13,Top 5000,Top 5000,top5000,n.,η Γερμανία,Germany,Germany photo,generated
5052,13,Top 5000,Top 5000,top5000,v.,συστήνω,introduce,introduce photo,generated
5053,13,Top 5000,Top 5000,top5000,n.,η Κίνα,China,China photo,generated
5054,13,Top 5000,Top 5000,top5000,n.,το ξόρκι,spell,spell photo,generated
5055,13,Top 5000,Top 5000,top5000,adj.,καυτός,boiling,boiling photo,generated
5056,13,Top 5000,Top 5000,top5000,v.,απαιτώ,demand,demand photo,generated
5057,13,Top 5000,Top 5000,top5000,adv.,κυριολεκτικά,Nominative,Nominative photo,generated
5058,13,Top 5000,Top 5000,top5000,n.,η βάρδια,work shift,work shift photo,generated
5059,13,Top 5000,Top 5000,top5000,adv.,παράξενα,strangely,strangely photo,generated
5060,13,Top 5000,Top 5000,top5000,n.,η εγγύηση,guarantee,guarantee photo,generated
5061,13,Top 5000,Top 5000,top5000,adv.,λογικά,logically,logically photo,generated
5062,13,Top 5000,Top 5000,top5000,n.,η πατάτα,potato,potato photo,generated
5063,13,Top 5000,Top 5000,top5000,n.,η συλλογή,collection,collection photo,generated
5064,13,Top 5000,Top 5000,top5000,n.,η έρημος,desert,desert photo,generated
5065,13,Top 5000,Top 5000,top5000,v.,καθαρίζω,clean,clean photo,generated
5066,13,Top 5000,Top 5000,top5000,n.,η βολή,shot,shot photo,generated
5067,13,Top 5000,Top 5000,top5000,n.,το χάος,chaos,chaos photo,generated
5068,13,Top 5000,Top 5000,top5000,n.,ο επαγγελματίας,professional,professional photo,generated
5069,13,Top 5000,Top 5000,top5000,adj.,εξαιρετικός,important,important photo,generated
5070,13,Top 5000,Top 5000,top5000,v.,ικετεύω,beseech,beseech photo,generated
5071,13,Top 5000,Top 5000,top5000,adj.,χαμένος,lost,lost photo,generated
5072,13,Top 5000,Top 5000,top5000,n.,η προειδοποίηση,warning,warning photo,generated
5073,13,Top 5000,Top 5000,top5000,n.,το περιστατικό,incident,incident photo,generated
5074,13,Top 5000,Top 5000,top5000,n.,η εξέλιξη,evolution,evolution photo,generated
5075,13,Top 5000,Top 5000,top5000,n.,ο κλέφτης,thief,thief photo,generated
5076,13,Top 5000,Top 5000,top5000,n.,η αμοιβή,wage,wage photo,generated
5077,13,Top 5000,Top 5000,top5000,n.,το παλάτι,palace,palace photo,generated
5078,13,Top 5000,Top 5000,top5000,v.,γιορτάζω,celebrate,celebrate photo,generated
5079,13,Top 5000,Top 5000,top5000,adj.,μαγικός,magic,magic photo,generated
5080,13,Top 5000,Top 5000,top5000,v.,σκάω,burst,burst photo,generated
5081,13,Top 5000,Top 5000,top5000,n.,η γνώση,the knowledge,,needs_review
5082,13,Top 5000,Top 5000,top5000,n.,η θερμοκρασία,temperature,temperature photo,generated
5083,13,Top 5000,Top 5000,top5000,v.,συμπαθώ,Ι like,Ι like photo,generated
5084,13,Top 5000,Top 5000,top5000,n.,ο εγκέφαλος,brain,brain photo,generated
5085,13,Top 5000,Top 5000,top5000,n.,η αναπνοή,breath,breath photo,generated
5086,13,Top 5000,Top 5000,top5000,adj.,ψεύτικος,fake,fake photo,generated
5087,13,Top 5000,Top 5000,top5000,v.,ξανακάνω,redo,redo photo,generated
5088,13,Top 5000,Top 5000,top5000,n.,η μπλούζα,blouse,blouse photo,generated
5089,13,Top 5000,Top 5000,top5000,n.,η έξοδος,exit,exit photo,generated
5090,13,Top 5000,Top 5000,top5000,v.,μεγαλώνω,bring up,bring up photo,generated
5091,13,Top 5000,Top 5000,top5000,n.,η βενζίνη,petrol,petrol photo,generated
5092,13,Top 5000,Top 5000,top5000,n.,η οθόνη,screen,screen photo,generated
5093,13,Top 5000,Top 5000,top5000,adv.,ταυτόχρονα,simultaneously,simultaneously photo,generated
5094,13,Top 5000,Top 5000,top5000,n.,ο δήμαρχος,mayor,mayor photo,generated
5095,13,Top 5000,Top 5000,top5000,adv.,τρελά,madness,madness photo,generated
5096,13,Top 5000,Top 5000,top5000,n.,το πουκάμισο,shirt,shirt photo,generated
5097,13,Top 5000,Top 5000,top5000,n.,ο ρυθμός,rhythm,rhythm photo,generated
5098,13,Top 5000,Top 5000,top5000,n.,η συνέπεια,consequence,consequence photo,generated
5099,13,Top 5000,Top 5000,top5000,interj.,φιλάκια,kisses!,kisses! photo,generated
5100,13,Top 5000,Top 5000,top5000,v.,κατεβαίνω,descend,descend photo,generated
5101,13,Top 5000,Top 5000,top5000,n.,το ύψος,height,height photo,generated
5102,13,Top 5000,Top 5000,top5000,n.,το μουσείο,museum,museum photo,generated
5103,13,Top 5000,Top 5000,top5000,adj.,σεξουαλικός,sexual,sexual photo,generated
5104,13,Top 5000,Top 5000,top5000,n.,η αηδία,disgust,disgust photo,generated
5105,13,Top 5000,Top 5000,top5000,n.,η πτώση,fall,fall photo,generated
5106,13,Top 5000,Top 5000,top5000,v.,γουστάρω,want,want photo,generated
5107,13,Top 5000,Top 5000,top5000,n.,το στάδιο,stage,stage photo,generated
5108,13,Top 5000,Top 5000,top5000,n.,η πρόβα,rehearsal,rehearsal photo,generated
5109,13,Top 5000,Top 5000,top5000,n.,η φροντίδα,care,care photo,generated
5110,13,Top 5000,Top 5000,top5000,adj.,εσωτερικός,internal,internal photo,generated
5111,13,Top 5000,Top 5000,top5000,n.,η αναμονή,wait,wait photo,generated
5112,13,Top 5000,Top 5000,top5000,adj.,καφέ,brown,brown photo,generated
5113,13,Top 5000,Top 5000,top5000,n.,η κάλυψη,coverage,coverage photo,generated
5114,13,Top 5000,Top 5000,top5000,num.,δώδεκα,twelve,twelve photo,generated
5115,13,Top 5000,Top 5000,top5000,n.,ο διαγωνισμός,competition,competition photo,generated
5116,13,Top 5000,Top 5000,top5000,n.,το χιόνι,snow,snow photo,generated
5117,13,Top 5000,Top 5000,top5000,n.,η μήνυση,lawsuit,lawsuit photo,generated
5118,13,Top 5000,Top 5000,top5000,n.,το εσωτερικό,inside,inside photo,generated
5119,13,Top 5000,Top 5000,top5000,n.,ο καναπές,sofa,sofa photo,generated
5120,13,Top 5000,Top 5000,top5000,n.,το τζάκι,fireplace,fireplace photo,generated
5121,13,Top 5000,Top 5000,top5000,adj.,βαρύς,heavy,heavy photo,generated
5122,13,Top 5000,Top 5000,top5000,adj.,ασυνήθιστος,unaccustomed,unaccustomed photo,generated
5123,13,Top 5000,Top 5000,top5000,adv.,δυτικά,westward,westward photo,generated
5124,13,Top 5000,Top 5000,top5000,n.,η υπόσχεση,promise,promise photo,generated
5125,13,Top 5000,Top 5000,top5000,v.,πείθω,persuade,persuade photo,generated
5126,13,Top 5000,Top 5000,top5000,n.,η γριά,old woman,old woman photo,generated
5127,13,Top 5000,Top 5000,top5000,n.,η αρκούδα,bear,bear photo,generated
5128,13,Top 5000,Top 5000,top5000,n.,η προσβολή,insult,insult photo,generated
5129,13,Top 5000,Top 5000,top5000,n.,το πλευρό,the rib,,needs_review
5130,13,Top 5000,Top 5000,top5000,adj.,εξωτερικός,outer,outer photo,generated
5131,13,Top 5000,Top 5000,top5000,n.,το κέικ,cake,cake photo,generated
5132,13,Top 5000,Top 5000,top5000,n.,το υπουργείο,ministry,ministry photo,generated
5133,13,Top 5000,Top 5000,top5000,n.,το κεφάλαιο,chapter,chapter photo,generated
5134,13,Top 5000,Top 5000,top5000,n.,η συναυλία,concert,concert photo,generated
5135,13,Top 5000,Top 5000,top5000,n.,το σαλόνι,living room,living room photo,generated
5136,13,Top 5000,Top 5000,top5000,adj.,ψηλός,tall,tall photo,generated
5137,13,Top 5000,Top 5000,top5000,n.,το εξωτερικό,outside,outside photo,generated
5138,13,Top 5000,Top 5000,top5000,v.,χωράω,hold,hold photo,generated
5139,13,Top 5000,Top 5000,top5000,n.,ο τουρίστας,tourist,tourist photo,generated
5140,13,Top 5000,Top 5000,top5000,n.,ο καθρέφτης,mirror,mirror photo,generated
5141,13,Top 5000,Top 5000,top5000,n.,ο συναγερμός,alarm,alarm photo,generated
5142,13,Top 5000,Top 5000,top5000,n.,η πρόσκληση,invitation,invitation photo,generated
5143,13,Top 5000,Top 5000,top5000,n.,το βασίλειο,kingdom,kingdom photo,generated
5144,13,Top 5000,Top 5000,top5000,n.,η πληγή,wound,wound photo,generated
5145,13,Top 5000,Top 5000,top5000,n.,το χώμα,soil,soil photo,generated
5146,13,Top 5000,Top 5000,top5000,v.,κατηγορώ,blame,blame photo,generated
5147,13,Top 5000,Top 5000,top5000,n.,το όργανο,organ,organ photo,generated
5148,13,Top 5000,Top 5000,top5000,n.,το νεύρο,nerve,nerve photo,generated
5149,13,Top 5000,Top 5000,top5000,n.,το συγκρότημα,band,band photo,generated
5150,13,Top 5000,Top 5000,top5000,adj.,διάσημος,famous,famous photo,generated
5151,13,Top 5000,Top 5000,top5000,adj.,ξεχωριστός,separate,separate photo,generated
5152,13,Top 5000,Top 5000,top5000,v.,μπλέκω,get into trouble,get into trouble photo,generated
5153,13,Top 5000,Top 5000,top5000,n.,η επίδειξη,demonstration,demonstration photo,generated
5154,13,Top 5000,Top 5000,top5000,n. / interj.,το πάσο,entry pass,entry pass photo,generated
5155,13,Top 5000,Top 5000,top5000,v.,σιχαίνομαι,detest,detest photo,generated
5156,13,Top 5000,Top 5000,top5000,adj.,κατανοητός,understandable,understandable photo,generated
5157,13,Top 5000,Top 5000,top5000,n.,γελάω,laugh,laugh photo,generated
5158,13,Top 5000,Top 5000,top5000,n.,η ατμόσφαιρα,atmosphere,atmosphere photo,generated
5159,13,Top 5000,Top 5000,top5000,n.,αηδιαστικός,disgusting,disgusting photo,generated
5160,13,Top 5000,Top 5000,top5000,adj.,συνηθισμένος,ordinary,ordinary photo,generated
5161,13,Top 5000,Top 5000,top5000,n.,το τούνελ,tunnel,tunnel photo,generated
5162,13,Top 5000,Top 5000,top5000,v.,ξεπερνάω,overtake,overtake photo,generated
5163,13,Top 5000,Top 5000,top5000,v.,πουλάω,sell,sell photo,generated
5164,13,Top 5000,Top 5000,top5000,v.,νικάω,defeat,defeat photo,generated
5165,13,Top 5000,Top 5000,top5000,n.,το ποδόσφαιρο,football,football photo,generated
5166,13,Top 5000,Top 5000,top5000,n.,το εργαλείο,tool,tool photo,generated
5167,13,Top 5000,Top 5000,top5000,adv.,ανατολικά,in east,in east photo,generated
5168,13,Top 5000,Top 5000,top5000,v.,ανεβαίνω,ascend,ascend photo,generated
5169,13,Top 5000,Top 5000,top5000,n.,το πάρκινγκ,parking space,parking space photo,generated
5170,13,Top 5000,Top 5000,top5000,n.,η επικοινωνία,communication,communication photo,generated
5171,13,Top 5000,Top 5000,top5000,n.,ο βαθμός,degree,degree photo,generated
5172,13,Top 5000,Top 5000,top5000,adv.,επίσημα,formal,formal photo,generated
5173,13,Top 5000,Top 5000,top5000,n.,η κοιλιά,belly,belly photo,generated
5174,13,Top 5000,Top 5000,top5000,n.,το πλήθος,crowd,crowd photo,generated
5175,13,Top 5000,Top 5000,top5000,n.,η συνταγή,recipe,recipe photo,generated
5176,13,Top 5000,Top 5000,top5000,n.,το γέλιο,laugh,laugh photo,generated
5177,13,Top 5000,Top 5000,top5000,v.,προστατεύω,protect,protect photo,generated
5178,13,Top 5000,Top 5000,top5000,adj.,μακρύς,long,long photo,generated
5179,13,Top 5000,Top 5000,top5000,v.,αναπτύσσω,unfold,unfold photo,generated
5180,13,Top 5000,Top 5000,top5000,n.,το σακάκι,jacket,jacket photo,generated
5181,13,Top 5000,Top 5000,top5000,n.,το ενδιαφέρον,interest,interest photo,generated
5182,13,Top 5000,Top 5000,top5000,n.,το γυμναστήριο,the gym,,needs_review
5183,13,Top 5000,Top 5000,top5000,n.,το λιμάνι,port,port photo,generated
5184,13,Top 5000,Top 5000,top5000,n.,η αδυναμία,weakness,weakness photo,generated
5185,13,Top 5000,Top 5000,top5000,adj.,υγρός,liquid,liquid photo,generated
5186,13,Top 5000,Top 5000,top5000,n.,το υγρό,liquid,liquid photo,generated
5187,13,Top 5000,Top 5000,top5000,adv.,επίτηδες,deliberately,deliberately photo,generated
5188,13,Top 5000,Top 5000,top5000,n.,η σάρκα,flesh,flesh photo,generated
5189,13,Top 5000,Top 5000,top5000,n.,το μάτσο,bundle,bundle photo,generated
5190,13,Top 5000,Top 5000,top5000,adj.,τέταρτος,fourth,fourth photo,generated
5191,13,Top 5000,Top 5000,top5000,n.,το τέταρτο,quarter,quarter photo,generated
5192,13,Top 5000,Top 5000,top5000,n.,η Ιταλία,Italy,Italy photo,generated
5193,13,Top 5000,Top 5000,top5000,n.,ο πρίγκιπας,prince,prince photo,generated
5194,13,Top 5000,Top 5000,top5000,n.,η τρίχα,body hair,body hair photo,generated
5195,13,Top 5000,Top 5000,top5000,n.,η μπότα,boot,boot photo,generated
5196,13,Top 5000,Top 5000,top5000,adj.,φρικτός,horrible,horrible photo,generated
5197,13,Top 5000,Top 5000,top5000,v.,επαναλαμβάνω,repeat,repeat photo,generated
5198,13,Top 5000,Top 5000,top5000,n.,η κλοπή,theft,theft photo,generated
5199,13,Top 5000,Top 5000,top5000,n.,το ίδρυμα,institution,institution photo,generated
5200,13,Top 5000,Top 5000,top5000,n.,το χιούμορ,humour,humour photo,generated
5201,13,Top 5000,Top 5000,top5000,num.,τριάντα,thirty,thirty photo,generated
5202,13,Top 5000,Top 5000,top5000,v.,συνηθίζω,become accustomed to,become accustomed to photo,generated
5203,13,Top 5000,Top 5000,top5000,adj.,διπλός,twofold,twofold photo,generated
5204,13,Top 5000,Top 5000,top5000,n.,το φίδι,snake,snake photo,generated
5205,13,Top 5000,Top 5000,top5000,n.,ο πύργος,tower,tower photo,generated
5206,13,Top 5000,Top 5000,top5000,n.,η διοίκηση,management,management photo,generated
5207,13,Top 5000,Top 5000,top5000,v.,ντρέπομαι,be ashamed,be ashamed photo,generated
5208,13,Top 5000,Top 5000,top5000,n.,ο επισκέπτης,visitor,visitor photo,generated
5209,13,Top 5000,Top 5000,top5000,v.,κουνιέμαι,get move on,get move on photo,generated
5210,13,Top 5000,Top 5000,top5000,adj.,μέσος,middle,middle photo,generated
5211,13,Top 5000,Top 5000,top5000,v.,παραμένω,remain,remain photo,generated
5212,13,Top 5000,Top 5000,top5000,n.,η σάλτσα,sauce,sauce photo,generated
5213,13,Top 5000,Top 5000,top5000,n.,το μήκος,length,length photo,generated
5214,13,Top 5000,Top 5000,top5000,adv.,υπόψη,into account,into account photo,generated
5215,13,Top 5000,Top 5000,top5000,n.,το μπισκότο,biscuit,biscuit photo,generated
5216,13,Top 5000,Top 5000,top5000,n.,η έννοια,worry,worry photo,generated
5217,13,Top 5000,Top 5000,top5000,n.,ο εγκληματίας,criminal,criminal photo,generated
5218,13,Top 5000,Top 5000,top5000,adv.,ανάποδα,astern,astern photo,generated
5219,13,Top 5000,Top 5000,top5000,n.,ο διοικητής,commander,commander photo,generated
5220,13,Top 5000,Top 5000,top5000,n.,ο δημοσιογράφος,journalist,journalist photo,generated
5221,13,Top 5000,Top 5000,top5000,n.,το γόνατο,knee,knee photo,generated
5222,13,Top 5000,Top 5000,top5000,adj.,πολύτιμος,valuable,valuable photo,generated
5223,13,Top 5000,Top 5000,top5000,n.,η ομιλία,speech,speech photo,generated
5224,13,Top 5000,Top 5000,top5000,v.,αποτελώ,constitute,constitute photo,generated
5225,13,Top 5000,Top 5000,top5000,n.,η πρόκληση,challenge,challenge photo,generated
5226,13,Top 5000,Top 5000,top5000,v.,προέρχομαι,originate,originate photo,generated
5227,13,Top 5000,Top 5000,top5000,n.,η αποτυχία,failure,failure photo,generated
5228,13,Top 5000,Top 5000,top5000,v.,υποφέρω,suffer,suffer photo,generated
5229,13,Top 5000,Top 5000,top5000,n.,ξύπνιος,awake,awake photo,generated
5230,13,Top 5000,Top 5000,top5000,n.,χαίρω,be happy,be happy photo,generated
5231,13,Top 5000,Top 5000,top5000,n.,το ραδιόφωνο,radio,radio photo,generated
5232,13,Top 5000,Top 5000,top5000,n.,η επανάσταση,revolution,revolution photo,generated
5233,13,Top 5000,Top 5000,top5000,n.,η αύξηση,increase,increase photo,generated
5234,13,Top 5000,Top 5000,top5000,v.,απαγορεύω,forbid,forbid photo,generated
5235,13,Top 5000,Top 5000,top5000,n.,η φόρμα,the form,,needs_review
5236,13,Top 5000,Top 5000,top5000,n.,το διαμάντι,diamond,diamond photo,generated
5237,13,Top 5000,Top 5000,top5000,adj.,σέξι,sexy,sexy photo,generated
5238,13,Top 5000,Top 5000,top5000,n.,το προαίσθημα,premonition,premonition photo,generated
5239,13,Top 5000,Top 5000,top5000,n.,το φροντιστήριο,private tutoring,private tutoring photo,generated
5240,13,Top 5000,Top 5000,top5000,adj.,υπερβολικός,excessive,excessive photo,generated
5241,13,Top 5000,Top 5000,top5000,n.,η παρακολούθηση,monitoring,monitoring photo,generated
5242,13,Top 5000,Top 5000,top5000,adj. / n.,άγνωστος,unknown,unknown photo,generated
5243,13,Top 5000,Top 5000,top5000,adj.,ρομαντικός,romantic,romantic photo,generated
5244,13,Top 5000,Top 5000,top5000,v.,στέκομαι,stand,stand photo,generated
5245,13,Top 5000,Top 5000,top5000,adj.,παιδικός,belonging or referring to child,belonging or referring to child photo,generated
5246,13,Top 5000,Top 5000,top5000,adj.,ακριβός,expensive,expensive photo,generated
5247,13,Top 5000,Top 5000,top5000,n.,η έκφραση,expression,expression photo,generated
5248,13,Top 5000,Top 5000,top5000,n.,η κατοχή,possession,possession photo,generated
5249,13,Top 5000,Top 5000,top5000,n.,το σχήμα,shape,shape photo,generated
5250,13,Top 5000,Top 5000,top5000,n.,η Τετάρτη,Wednesday,Wednesday photo,generated
5251,13,Top 5000,Top 5000,top5000,n.,το έτος,year,year photo,generated
5252,13,Top 5000,Top 5000,top5000,n.,η αγωγή,lawsuit,lawsuit photo,generated
5253,13,Top 5000,Top 5000,top5000,n.,η οργάνωση,organisation,organisation photo,generated
5254,13,Top 5000,Top 5000,top5000,adj.,κοινωνικός,social,social photo,generated
5255,13,Top 5000,Top 5000,top5000,v.,αποκαλώ,call,call photo,generated
5256,13,Top 5000,Top 5000,top5000,n.,το ρεπό,the day off,,needs_review
5257,13,Top 5000,Top 5000,top5000,n.,ο φύλακας,guard,guard photo,generated
5258,13,Top 5000,Top 5000,top5000,n.,η ακτίνα,radius,radius photo,generated
5259,13,Top 5000,Top 5000,top5000,n.,το μπιφτέκι,burger,burger photo,generated
5260,13,Top 5000,Top 5000,top5000,n.,η κοινότητα,community,community photo,generated
5261,13,Top 5000,Top 5000,top5000,adj.,εμπορικός,commercial,commercial photo,generated
5262,13,Top 5000,Top 5000,top5000,n.,το πλάι,side,side photo,generated
5263,13,Top 5000,Top 5000,top5000,v.,εξακολουθώ,continue,continue photo,generated
5264,13,Top 5000,Top 5000,top5000,n.,ο τίτλος,title,title photo,generated
5265,13,Top 5000,Top 5000,top5000,n.,η προδοσία,betrayal,betrayal photo,generated
5266,13,Top 5000,Top 5000,top5000,n.,η στροφή,turn,turn photo,generated
5267,13,Top 5000,Top 5000,top5000,n.,η δεκαετία,decade,decade photo,generated
5268,13,Top 5000,Top 5000,top5000,n.,το έξοδο,expense,expense photo,generated
5269,13,Top 5000,Top 5000,top5000,n.,η ένδειξη,indication,indication photo,generated
5270,13,Top 5000,Top 5000,top5000,n.,ο ωκεανός,ocean,ocean photo,generated
5271,13,Top 5000,Top 5000,top5000,adj.,στρατιωτικός,military,military photo,generated
5272,13,Top 5000,Top 5000,top5000,n.,το κύμα,wave,wave photo,generated
5273,13,Top 5000,Top 5000,top5000,n.,το χρέος,debt,debt photo,generated
5274,13,Top 5000,Top 5000,top5000,n.,ο υπάλληλος,employee,employee photo,generated
5275,13,Top 5000,Top 5000,top5000,n.,ο άγγελος,angel,angel photo,generated
5276,13,Top 5000,Top 5000,top5000,n.,η ανταλλαγή,exchange,exchange photo,generated
5277,13,Top 5000,Top 5000,top5000,adj.,ιδιωτικός,private,private photo,generated
5278,13,Top 5000,Top 5000,top5000,n.,η πρόθεση,intention,intention photo,generated
5279,13,Top 5000,Top 5000,top5000,v.,ακυρώνω,annul,annul photo,generated
5280,13,Top 5000,Top 5000,top5000,n.,ο πιλότος,pilot,pilot photo,generated
5281,13,Top 5000,Top 5000,top5000,n. pl.,τα κοσμήματα,jewellery,jewellery photo,generated
5282,13,Top 5000,Top 5000,top5000,n.,το εσώρουχο,underwear,underwear photo,generated
5283,13,Top 5000,Top 5000,top5000,v.,ενοχλώ,annoy,annoy photo,generated
5284,13,Top 5000,Top 5000,top5000,n. pl.,τα γαλλικά,French,French photo,generated
5285,13,Top 5000,Top 5000,top5000,n.,η σημαία,flag,flag photo,generated
5286,13,Top 5000,Top 5000,top5000,n.,η συγκέντρωση,concentration,concentration photo,generated
5287,13,Top 5000,Top 5000,top5000,n.,το κόστος,cost,cost photo,generated
5288,13,Top 5000,Top 5000,top5000,adj.,περίπλοκος,complex,complex photo,generated
5289,13,Top 5000,Top 5000,top5000,adj.,ευχάριστος,pleasant,pleasant photo,generated
5290,13,Top 5000,Top 5000,top5000,n.,ο θάλαμος,chamber,chamber photo,generated
5291,13,Top 5000,Top 5000,top5000,adj.,ιερός,sanctified,sanctified photo,generated
5292,13,Top 5000,Top 5000,top5000,v.,στοιχηματίζω,"bet, wager",,needs_review
5293,13,Top 5000,Top 5000,top5000,n.,η θλίψη,grief,grief photo,generated
5294,13,Top 5000,Top 5000,top5000,n.,το παν,most important thing,most important thing photo,generated
5295,13,Top 5000,Top 5000,top5000,v.,παραδέχομαι,admit,admit photo,generated
5296,13,Top 5000,Top 5000,top5000,n.,το ζόρι,strain,strain photo,generated
5297,13,Top 5000,Top 5000,top5000,n.,ο ώμος,shoulder,shoulder photo,generated
5298,13,Top 5000,Top 5000,top5000,n.,η αναζήτηση,search,search photo,generated
5299,13,Top 5000,Top 5000,top5000,n.,η εξάσκηση,practice,practice photo,generated
5300,13,Top 5000,Top 5000,top5000,n.,ο ψεύτης,liar,liar photo,generated
5301,13,Top 5000,Top 5000,top5000,,η προαγωγή,promotion,promotion photo,generated
5302,13,Top 5000,Top 5000,top5000,n.,το γυμνάσιο,secondary school,secondary school photo,generated
5303,13,Top 5000,Top 5000,top5000,n.,η θυσία,sacrifice,sacrifice photo,generated
5304,13,Top 5000,Top 5000,top5000,adv.,ξεκάθαρα,clearly,clearly photo,generated
5305,13,Top 5000,Top 5000,top5000,adv.,φυσιολογικά,normal,normal photo,generated
5306,13,Top 5000,Top 5000,top5000,n.,το κρανίο,skull,skull photo,generated
5307,13,Top 5000,Top 5000,top5000,n.,η οπτική,point of view,point of view photo,generated
5308,13,Top 5000,Top 5000,top5000,n.,το στυλό,the pen,,needs_review
5309,13,Top 5000,Top 5000,top5000,adj.,παράλογος,illogical,illogical photo,generated
5310,13,Top 5000,Top 5000,top5000,n.,ο μάγος,magician,magician photo,generated
5311,13,Top 5000,Top 5000,top5000,n.,ο καλλιτέχνης,artist,artist photo,generated
5312,13,Top 5000,Top 5000,top5000,adj.,απόλυτος,absolute,absolute photo,generated
5313,13,Top 5000,Top 5000,top5000,n.,η σακούλα,plastic bag,plastic bag photo,generated
5314,13,Top 5000,Top 5000,top5000,adj.,μαλακός,soft,soft photo,generated
5315,13,Top 5000,Top 5000,top5000,n.,η προπόνηση,training,training photo,generated
5316,13,Top 5000,Top 5000,top5000,n.,το χόρτο,weed,weed photo,generated
5317,13,Top 5000,Top 5000,top5000,n.,η επιρροή,influence,influence photo,generated
5318,13,Top 5000,Top 5000,top5000,adv.,ίσα,come on,come on photo,generated
5319,13,Top 5000,Top 5000,top5000,n.,το πιάνο,piano,piano photo,generated
5320,13,Top 5000,Top 5000,top5000,n.,η δοκιμή,test,test photo,generated
5321,13,Top 5000,Top 5000,top5000,n.,το κάθισμα,seat,seat photo,generated
5322,13,Top 5000,Top 5000,top5000,n.,ο όρος,mountain,mountain photo,generated
5323,13,Top 5000,Top 5000,top5000,n.,ο εφιάλτης,nightmare,nightmare photo,generated
5324,13,Top 5000,Top 5000,top5000,n.,η κρέμα,cream,cream photo,generated
5325,13,Top 5000,Top 5000,top5000,n.,το πεπρωμένο,destiny,destiny photo,generated
5326,13,Top 5000,Top 5000,top5000,n.,η αναγνώριση,recognition,recognition photo,generated
5327,13,Top 5000,Top 5000,top5000,n.,ο μισθός,salary,salary photo,generated
5328,13,Top 5000,Top 5000,top5000,n.,το κλουβί,cage,cage photo,generated
5329,13,Top 5000,Top 5000,top5000,adj.,αδύναμος,weak,weak photo,generated
5330,13,Top 5000,Top 5000,top5000,n.,ο χειμώνας,winter,winter photo,generated
5331,13,Top 5000,Top 5000,top5000,adj.,γενναίος,brave,brave photo,generated
5332,13,Top 5000,Top 5000,top5000,n.,το εμπόδιο,obstacle,obstacle photo,generated
5333,13,Top 5000,Top 5000,top5000,adv.,αντίθετα,on contrary,on contrary photo,generated
5334,13,Top 5000,Top 5000,top5000,v.,φέρομαι,to behave,to behave photo,generated
5335,13,Top 5000,Top 5000,top5000,adv.,ουσιαστικά,substantive,substantive photo,generated
5336,13,Top 5000,Top 5000,top5000,adv.,τρομερά,astounding,astounding photo,generated
5337,13,Top 5000,Top 5000,top5000,v.,ξανασυμβαίνω,happen again,happen again photo,generated
5338,13,Top 5000,Top 5000,top5000,adj.,οικογενειακός,family,family photo,generated
5339,13,Top 5000,Top 5000,top5000,adv.,επικίνδυνα,dangerously,dangerously photo,generated
5340,13,Top 5000,Top 5000,top5000,adj.,άσπρος,white,white photo,generated
5341,13,Top 5000,Top 5000,top5000,n.,το δάκρυ,tear,tear photo,generated
5342,13,Top 5000,Top 5000,top5000,n.,το διαδίκτυο,internet,internet photo,generated
5343,13,Top 5000,Top 5000,top5000,n.,το γάντι,glove,glove photo,generated
5344,13,Top 5000,Top 5000,top5000,adj.,πρόθυμος,willing,willing photo,generated
5345,13,Top 5000,Top 5000,top5000,adj.,αγενής,rude,rude photo,generated
5346,13,Top 5000,Top 5000,top5000,n.,ο ιός,virus,virus photo,generated
5347,13,Top 5000,Top 5000,top5000,n.,ο κατάσκοπος,the spy,,needs_review
5348,13,Top 5000,Top 5000,top5000,adj.,νευρικός,nervous,nervous photo,generated
5349,13,Top 5000,Top 5000,top5000,n.,το πείραμα,experiment,experiment photo,generated
5350,13,Top 5000,Top 5000,top5000,num.,πενήντα,fifty,fifty photo,generated
5351,13,Top 5000,Top 5000,top5000,n.,η εκλογή,election,election photo,generated
5352,13,Top 5000,Top 5000,top5000,n.,η ένταση,intensity,intensity photo,generated
5353,13,Top 5000,Top 5000,top5000,n.,η δυνατότητα,possibility,possibility photo,generated
5354,13,Top 5000,Top 5000,top5000,n.,το τίμημα,price,price photo,generated
5355,13,Top 5000,Top 5000,top5000,n.,το πέρασμα,passage,passage photo,generated
5356,13,Top 5000,Top 5000,top5000,n.,ο νικητής,winner,winner photo,generated
5357,13,Top 5000,Top 5000,top5000,v.,τακτοποιώ,sort out,sort out photo,generated
5358,13,Top 5000,Top 5000,top5000,n.,ο πάτος,bottom,bottom photo,generated
5359,13,Top 5000,Top 5000,top5000,n.,η μοναξιά,solitude,solitude photo,generated
5360,13,Top 5000,Top 5000,top5000,n.,η ανατολή,east,east photo,generated
5361,13,Top 5000,Top 5000,top5000,v.,σιγουρεύομαι,make sure,make sure photo,generated
5362,13,Top 5000,Top 5000,top5000,adv.,περίφημα,famous,famous photo,generated
5363,13,Top 5000,Top 5000,top5000,n.,ο δειλός,coward,coward photo,generated
5364,13,Top 5000,Top 5000,top5000,adj.,κεντρικός,central,central photo,generated
5365,13,Top 5000,Top 5000,top5000,n.,η πρόποση,toast,toast photo,generated
5366,13,Top 5000,Top 5000,top5000,n.,το σύμβολο,symbol,symbol photo,generated
5367,13,Top 5000,Top 5000,top5000,v.,προσλαμβάνω,hire,hire photo,generated
5368,13,Top 5000,Top 5000,top5000,n.,το όραμα,vision,vision photo,generated
5369,13,Top 5000,Top 5000,top5000,adj.,ισχυρός,powerful,powerful photo,generated
5370,13,Top 5000,Top 5000,top5000,n.,η περιγραφή,description,description photo,generated
5371,13,Top 5000,Top 5000,top5000,n.,η τεχνική,tecnique,tecnique photo,generated
5372,13,Top 5000,Top 5000,top5000,v.,εκπλήσσομαι,surprise,surprise photo,generated
5373,13,Top 5000,Top 5000,top5000,n.,ο γερουσιαστής,senator,senator photo,generated
5374,13,Top 5000,Top 5000,top5000,n.,ο ναός,temple,temple photo,generated
5375,13,Top 5000,Top 5000,top5000,n.,η πίτα,pitta bread,pitta bread photo,generated
5376,13,Top 5000,Top 5000,top5000,n.,η ισχύς,strength,strength photo,generated
5377,13,Top 5000,Top 5000,top5000,n.,η κάλτσα,sock,sock photo,generated
5378,13,Top 5000,Top 5000,top5000,adv.,μαγικά,magically,magically photo,generated
5379,13,Top 5000,Top 5000,top5000,n.,η προμήθεια,supply,supply photo,generated
5380,13,Top 5000,Top 5000,top5000,v.,κινδυνεύω,I am in danger,I am in danger photo,generated
5381,13,Top 5000,Top 5000,top5000,adj.,ξεκάθαρος,clear,clear photo,generated
5382,13,Top 5000,Top 5000,top5000,n.,ο επιστήμονας,scientist,scientist photo,generated
5383,13,Top 5000,Top 5000,top5000,v.,τυχαίνω,happen,happen photo,generated
5384,13,Top 5000,Top 5000,top5000,v.,δημιουργώ,create,create photo,generated
5385,13,Top 5000,Top 5000,top5000,v.,ρισκάρω,risk,risk photo,generated
5386,13,Top 5000,Top 5000,top5000,n.,η εμμονή,obsession,obsession photo,generated
5387,13,Top 5000,Top 5000,top5000,n.,ο ιερέας,priest,priest photo,generated
5388,13,Top 5000,Top 5000,top5000,n. pl.,τα μαθηματικά,mathematics,mathematics photo,generated
5389,13,Top 5000,Top 5000,top5000,adv.,άβολα,Nominative,Nominative photo,generated
5390,13,Top 5000,Top 5000,top5000,n.,ο γραμματέας,secretary,secretary photo,generated
5391,13,Top 5000,Top 5000,top5000,adj.,σκοτεινός,dark,dark photo,generated
5392,13,Top 5000,Top 5000,top5000,n.,η ιδιοκτησία,property,property photo,generated
5393,13,Top 5000,Top 5000,top5000,v.,αντιμετωπίζω,tackle,tackle photo,generated
5394,13,Top 5000,Top 5000,top5000,adj.,επίσημος,formal,formal photo,generated
5395,13,Top 5000,Top 5000,top5000,n.,ο εργάτης,manual worker,manual worker photo,generated
5396,13,Top 5000,Top 5000,top5000,n.,η ένωση,union,union photo,generated
5397,13,Top 5000,Top 5000,top5000,adv.,αιώνια,eternally,eternally photo,generated
5398,13,Top 5000,Top 5000,top5000,v.,διακόπτω,interrupt,interrupt photo,generated
5399,13,Top 5000,Top 5000,top5000,n.,ο τρομοκράτης,terrorist,terrorist photo,generated
5400,13,Top 5000,Top 5000,top5000,adj.,ιατρικός,medical,medical photo,generated
5401,13,Top 5000,Top 5000,top5000,adj.,γυμνός,naked,naked photo,generated
5402,13,Top 5000,Top 5000,top5000,v.,προειδοποιώ,forewarn,forewarn photo,generated
5403,13,Top 5000,Top 5000,top5000,n.,το ντουλάπι,cupboard,cupboard photo,generated
5404,13,Top 5000,Top 5000,top5000,adv.,απαραίτητα,needed,needed photo,generated
5405,13,Top 5000,Top 5000,top5000,n.,ο πυρετός,fever,fever photo,generated
5406,13,Top 5000,Top 5000,top5000,adj.,νομικός,pertaining to law,pertaining to law photo,generated
5407,13,Top 5000,Top 5000,top5000,n.,η στέγη,roof,roof photo,generated
5408,13,Top 5000,Top 5000,top5000,adj.,πιστός,faithful,faithful photo,generated
5409,13,Top 5000,Top 5000,top5000,n.,το ψάρεμα,fishing,fishing photo,generated
5410,13,Top 5000,Top 5000,top5000,n.,το βραδινό,dinner,dinner photo,generated
5411,13,Top 5000,Top 5000,top5000,n.,η άσκηση,exercise,exercise photo,generated
5412,13,Top 5000,Top 5000,top5000,n.,η πώληση,sale,sale photo,generated
5413,13,Top 5000,Top 5000,top5000,n.,η απόπειρα,attempt,attempt photo,generated
5414,13,Top 5000,Top 5000,top5000,n.,η διαφήμιση,advertisement,advertisement photo,generated
5415,13,Top 5000,Top 5000,top5000,n.,η δύση,west,west photo,generated
5416,13,Top 5000,Top 5000,top5000,v.,οφείλω,be obliged to,be obliged to photo,generated
5417,13,Top 5000,Top 5000,top5000,v.,περιέχω,contain,contain photo,generated
5418,13,Top 5000,Top 5000,top5000,n.,η ανθρωπότητα,mankind,mankind photo,generated
5419,13,Top 5000,Top 5000,top5000,v.,συγκεντρώνομαι,gather,gather photo,generated
5420,13,Top 5000,Top 5000,top5000,n.,η βλάβη,harm,harm photo,generated
5421,13,Top 5000,Top 5000,top5000,n.,η σπηλιά,cave,cave photo,generated
5422,13,Top 5000,Top 5000,top5000,n.,το θέαμα,spectacle,spectacle photo,generated
5423,13,Top 5000,Top 5000,top5000,n.,η φάτσα,face,face photo,generated
5424,13,Top 5000,Top 5000,top5000,n.,η τροχιά,orbit,orbit photo,generated
5425,13,Top 5000,Top 5000,top5000,n.,το μπάσκετ,basketball,basketball photo,generated
5426,13,Top 5000,Top 5000,top5000,v.,εκρήγνυμαι,explode,explode photo,generated
5427,13,Top 5000,Top 5000,top5000,adj.,παγκόσμιος,global,global photo,generated
5428,13,Top 5000,Top 5000,top5000,adj.,φρέσκος,fresh,fresh photo,generated
5429,13,Top 5000,Top 5000,top5000,n.,το αέριο,the gas,,needs_review
5430,13,Top 5000,Top 5000,top5000,n.,η περιπέτεια,adventure,adventure photo,generated
5431,13,Top 5000,Top 5000,top5000,n.,η μελέτη,study,study photo,generated
5432,13,Top 5000,Top 5000,top5000,n.,το πέος,penis,penis photo,generated
5433,13,Top 5000,Top 5000,top5000,adj.,χρονικός,temporal,temporal photo,generated
5434,13,Top 5000,Top 5000,top5000,adv.,ακριβά,expensively,expensively photo,generated
5435,13,Top 5000,Top 5000,top5000,n.,η επιστολή,letter,letter photo,generated
5436,13,Top 5000,Top 5000,top5000,n.,η αρρώστια,illness,illness photo,generated
5437,13,Top 5000,Top 5000,top5000,n.,η δημοκρατία,democracy,democracy photo,generated
5438,13,Top 5000,Top 5000,top5000,n.,το δολάριο,dollar,dollar photo,generated
5439,13,Top 5000,Top 5000,top5000,adj.,υπομονετικός,patient,patient photo,generated
5440,13,Top 5000,Top 5000,top5000,n.,το μέτωπο,forehead,forehead photo,generated
5441,13,Top 5000,Top 5000,top5000,v.,καλύπτω,cover,cover photo,generated
5442,13,Top 5000,Top 5000,top5000,n.,το μίσος,hatred,hatred photo,generated
5443,13,Top 5000,Top 5000,top5000,n.,το ρεκόρ,record,record photo,generated
5444,13,Top 5000,Top 5000,top5000,n.,η ενημέρωση,update,update photo,generated
5445,13,Top 5000,Top 5000,top5000,v.,διορθώνω,"fix, correct",,needs_review
5446,13,Top 5000,Top 5000,top5000,n.,η αμαρτία,the sin,,needs_review
5447,13,Top 5000,Top 5000,top5000,n.,το σύμπτωμα,symptom,symptom photo,generated
5448,13,Top 5000,Top 5000,top5000,n.,η τραγωδία,tragedy,tragedy photo,generated
5449,13,Top 5000,Top 5000,top5000,n.,ο βάλτος,swamp,swamp photo,generated
5450,13,Top 5000,Top 5000,top5000,n.,το νεκροταφείο,cemetery,cemetery photo,generated
5451,13,Top 5000,Top 5000,top5000,n.,ο μπάσταρδος,bastard,bastard photo,generated
5452,13,Top 5000,Top 5000,top5000,v.,ασχολούμαι,be busy with,be busy with photo,generated
5453,13,Top 5000,Top 5000,top5000,adj.,εκρηκτικός,explosive,explosive photo,generated
5454,13,Top 5000,Top 5000,top5000,v.,καίγομαι,burn,burn photo,generated
5455,13,Top 5000,Top 5000,top5000,adj.,ενθουσιασμένος,excited,excited photo,generated
5456,13,Top 5000,Top 5000,top5000,n.,το πλεονέκτημα,advantage,advantage photo,generated
5457,13,Top 5000,Top 5000,top5000,v.,περπατάω,walk,walk photo,generated
5458,13,Top 5000,Top 5000,top5000,adj.,παραδοσιακός,traditional,traditional photo,generated
5459,13,Top 5000,Top 5000,top5000,v.,εμπνέω,inspire,inspire photo,generated
5460,13,Top 5000,Top 5000,top5000,n.,το άρωμα,perfume,perfume photo,generated
5461,13,Top 5000,Top 5000,top5000,n.,η συντεταγμένη,coordinate,coordinate photo,generated
5462,13,Top 5000,Top 5000,top5000,n.,η γραβάτα,neck tie,neck tie photo,generated
5463,13,Top 5000,Top 5000,top5000,n.,το κορμί,body,body photo,generated
5464,13,Top 5000,Top 5000,top5000,n.,η προσευχή,prayer,prayer photo,generated
5465,13,Top 5000,Top 5000,top5000,n.,η έκδοση,edition,edition photo,generated
5466,13,Top 5000,Top 5000,top5000,n.,η Ιαπωνία,Japan,Japan photo,generated
5467,13,Top 5000,Top 5000,top5000,n.,σπασμένος,broken,broken photo,generated
5468,13,Top 5000,Top 5000,top5000,n.,η Ρωσία,Russia,Russia photo,generated
5469,13,Top 5000,Top 5000,top5000,adv.,καθημερινά,daily,daily photo,generated
5470,13,Top 5000,Top 5000,top5000,adj.,βρώμικος,dirty,dirty photo,generated
5471,13,Top 5000,Top 5000,top5000,n.,η θρησκεία,religion,religion photo,generated
5472,13,Top 5000,Top 5000,top5000,v.,απομένω,be left,be left photo,generated
5473,13,Top 5000,Top 5000,top5000,n.,το καρφί,nail,nail photo,generated
5474,13,Top 5000,Top 5000,top5000,n.,ο δολοφόνος,murderer,murderer photo,generated
5475,13,Top 5000,Top 5000,top5000,n.,η πριγκίπισσα,princess,princess photo,generated
5476,13,Top 5000,Top 5000,top5000,v.,μεταφέρω,transfer,transfer photo,generated
5477,13,Top 5000,Top 5000,top5000,n.,το συνέδριο,conference,conference photo,generated
5478,13,Top 5000,Top 5000,top5000,n.,ο σεφ,chef,chef photo,generated
5479,13,Top 5000,Top 5000,top5000,adj.,ώριμος,ripe,ripe photo,generated
5480,13,Top 5000,Top 5000,top5000,n.,το χάσιμο,loss,loss photo,generated
5481,13,Top 5000,Top 5000,top5000,n.,η πινακίδα,road sign,road sign photo,generated
5482,13,Top 5000,Top 5000,top5000,v.,χωρίζω,separate,separate photo,generated
5483,13,Top 5000,Top 5000,top5000,n.,η διαρροή,leak,leak photo,generated
5484,13,Top 5000,Top 5000,top5000,n.,ο χυμός,juice,juice photo,generated
5485,13,Top 5000,Top 5000,top5000,v.,κερνάω,treat,treat photo,generated
5486,13,Top 5000,Top 5000,top5000,n.,το χαλί,carpet,carpet photo,generated
5487,13,Top 5000,Top 5000,top5000,n.,ο πιστός,believer,believer photo,generated
5488,13,Top 5000,Top 5000,top5000,v.,μαζεύω,collect,collect photo,generated
5489,13,Top 5000,Top 5000,top5000,v.,καταλήγω,end up,,needs_review
5490,13,Top 5000,Top 5000,top5000,n.,η παραγγελία,order (in restaurant,order (in restaurant photo,generated
5491,13,Top 5000,Top 5000,top5000,adj.,αρνητικός,disapproving,disapproving photo,generated
5492,13,Top 5000,Top 5000,top5000,adj.,σταθερός,constant,constant photo,generated
5493,13,Top 5000,Top 5000,top5000,n.,το πρωτάθλημα,championship,championship photo,generated
5494,13,Top 5000,Top 5000,top5000,n.,κοροϊδεύω,mock,mock photo,generated
5495,13,Top 5000,Top 5000,top5000,n.,η πρόοδος,progress,progress photo,generated
5496,13,Top 5000,Top 5000,top5000,adv.,φανταστικά,fantastically,fantastically photo,generated
5497,13,Top 5000,Top 5000,top5000,n.,το χρυσάφι,gold,gold photo,generated
5498,13,Top 5000,Top 5000,top5000,n.,ο συγχρονισμός,timing,timing photo,generated
5499,13,Top 5000,Top 5000,top5000,v.,αράζω,anchor,anchor photo,generated
5500,13,Top 5000,Top 5000,top5000,n.,η στρατηγική,strategy,strategy photo,generated
5501,13,Top 5000,Top 5000,top5000,n.,ο λύκος,wolf,wolf photo,generated
5502,13,Top 5000,Top 5000,top5000,n.,το κέρδος,profit,profit photo,generated
5503,13,Top 5000,Top 5000,top5000,adj.,παρόμοιος,similar,similar photo,generated
5504,13,Top 5000,Top 5000,top5000,adv.,γενικά,generally,generally photo,generated
5505,13,Top 5000,Top 5000,top5000,adj.,επαγγελματικός,professional,professional photo,generated
5506,13,Top 5000,Top 5000,top5000,adj.,αρχαίος,ancient,ancient photo,generated
5507,13,Top 5000,Top 5000,top5000,v.,εργάζομαι,work,work photo,generated
5508,13,Top 5000,Top 5000,top5000,n.,η αντίσταση,resistance,resistance photo,generated
5509,13,Top 5000,Top 5000,top5000,n.,η παραγωγή,production,production photo,generated
5510,13,Top 5000,Top 5000,top5000,n.,το μέλι,honey,honey photo,generated
5511,13,Top 5000,Top 5000,top5000,n.,ο λόφος,hill,hill photo,generated
5512,13,Top 5000,Top 5000,top5000,n.,ο πισινός,bottom,bottom photo,generated
5513,13,Top 5000,Top 5000,top5000,n.,η Ισπανία,Spain,Spain photo,generated
5514,13,Top 5000,Top 5000,top5000,v.,επηρεάζω,influence,influence photo,generated
5515,13,Top 5000,Top 5000,top5000,n.,η μούρη,face,face photo,generated
5516,13,Top 5000,Top 5000,top5000,n.,η γενιά,generation,generation photo,generated
5517,13,Top 5000,Top 5000,top5000,n.,η διαθήκη,will,will photo,generated
5518,13,Top 5000,Top 5000,top5000,n.,ο θυμός,the anger,,needs_review
5519,13,Top 5000,Top 5000,top5000,n.,η προφορά,accent,accent photo,generated
5520,13,Top 5000,Top 5000,top5000,v.,αρνούμαι,deny,deny photo,generated
5521,13,Top 5000,Top 5000,top5000,n.,η δοκιμασία,challenge,challenge photo,generated
5522,13,Top 5000,Top 5000,top5000,v.,αναγνωρίζω,identify,identify photo,generated
5523,13,Top 5000,Top 5000,top5000,n.,το μερίδιο,stake,stake photo,generated
5524,13,Top 5000,Top 5000,top5000,n.,ο τόνος,tone,tone photo,generated
5525,13,Top 5000,Top 5000,top5000,adj.,κίτρινος,yellow,yellow photo,generated
5526,13,Top 5000,Top 5000,top5000,n.,ο απατεώνας,swindler,swindler photo,generated
5527,13,Top 5000,Top 5000,top5000,n.,το φταίξιμο,fault,fault photo,generated
5528,13,Top 5000,Top 5000,top5000,n.,ο μηχανικός,engineer,engineer photo,generated
5529,13,Top 5000,Top 5000,top5000,n.,η περιέργεια,curiosity,curiosity photo,generated
5530,13,Top 5000,Top 5000,top5000,v.,αγνοώ,not to know,not to know photo,generated
5531,13,Top 5000,Top 5000,top5000,n.,η κοιλάδα,valley,valley photo,generated
5532,13,Top 5000,Top 5000,top5000,adv.,φοβερά,Nominative,Nominative photo,generated
5533,13,Top 5000,Top 5000,top5000,n.,το φύλλο,leaf,leaf photo,generated
5534,13,Top 5000,Top 5000,top5000,adj.,προσεκτικός,careful,careful photo,generated
5535,13,Top 5000,Top 5000,top5000,n.,η σύνταξη,pension,pension photo,generated
5536,13,Top 5000,Top 5000,top5000,v.,πατάω,tread,tread photo,generated
5537,13,Top 5000,Top 5000,top5000,n.,ο άνεμος,wind,wind photo,generated
5538,13,Top 5000,Top 5000,top5000,adv.,απευθείας,directly,directly photo,generated
5539,13,Top 5000,Top 5000,top5000,adj.,η ανακοίνωση,announcement,announcement photo,generated
5540,13,Top 5000,Top 5000,top5000,v.,βρέχω,offer treat for good luck for newly acquired goods,offer treat for good luck for newly acquired goods photo,generated
5541,13,Top 5000,Top 5000,top5000,v.,φιλάω,kiss,kiss photo,generated
5542,13,Top 5000,Top 5000,top5000,n.,η κατανόηση,understanding,understanding photo,generated
5543,13,Top 5000,Top 5000,top5000,n.,η σύγκρουση,crash,crash photo,generated
5544,13,Top 5000,Top 5000,top5000,n.,το Βερολίνο,Berlin,Berlin photo,generated
5545,13,Top 5000,Top 5000,top5000,n.,η καλύβα,shack,shack photo,generated
5546,13,Top 5000,Top 5000,top5000,n.,η καθυστέρηση,delay,delay photo,generated
5547,13,Top 5000,Top 5000,top5000,adj.,γυναικείος,feminine,feminine photo,generated
5548,13,Top 5000,Top 5000,top5000,n.,ο φούρνος,oven,oven photo,generated
5549,13,Top 5000,Top 5000,top5000,v.,υπογράφω,sign,sign photo,generated
5550,13,Top 5000,Top 5000,top5000,n.,η ένεση,injection,injection photo,generated
5551,13,Top 5000,Top 5000,top5000,adj.,δημόσιος,public,public photo,generated
5552,13,Top 5000,Top 5000,top5000,n.,η αγελάδα,the cow,,needs_review
5553,13,Top 5000,Top 5000,top5000,n.,η ζούγκλα,jungle,jungle photo,generated
5554,13,Top 5000,Top 5000,top5000,n.,η κληρονομιά,legacy,legacy photo,generated
5555,13,Top 5000,Top 5000,top5000,n.,η χήρα,widow,widow photo,generated
5556,13,Top 5000,Top 5000,top5000,v.,σέβομαι,to respect,to respect photo,generated
5557,13,Top 5000,Top 5000,top5000,n.,η δημιουργία,creation,creation photo,generated
5558,13,Top 5000,Top 5000,top5000,v.,κρυώνω,am cold,am cold photo,generated
5559,13,Top 5000,Top 5000,top5000,adj.,κοντός,short,short photo,generated
5560,13,Top 5000,Top 5000,top5000,n.,η φωλιά,nest,nest photo,generated
5561,13,Top 5000,Top 5000,top5000,adj.,τυφλός,blind,blind photo,generated
5562,13,Top 5000,Top 5000,top5000,n.,ο δεσμός,"the tie, bond",,needs_review
5563,13,Top 5000,Top 5000,top5000,n.,η θέληση,will power,will power photo,generated
5564,13,Top 5000,Top 5000,top5000,n.,η πείνα,hunger,hunger photo,generated
5565,13,Top 5000,Top 5000,top5000,n.,η εκδήλωση,event,event photo,generated
5566,13,Top 5000,Top 5000,top5000,n.,το κόμμα,political party,political party photo,generated
5567,13,Top 5000,Top 5000,top5000,v.,ζηλεύω,envy,envy photo,generated
5568,13,Top 5000,Top 5000,top5000,n.,το οξυγόνο,oxygen,oxygen photo,generated
5569,13,Top 5000,Top 5000,top5000,n.,η φάρσα,farse,farse photo,generated
5570,13,Top 5000,Top 5000,top5000,n.,η άνοιξη,spring,spring photo,generated
5571,13,Top 5000,Top 5000,top5000,n.,η μόδα,fashion,fashion photo,generated
5572,13,Top 5000,Top 5000,top5000,adj.,χοντρός,thick,thick photo,generated
5573,13,Top 5000,Top 5000,top5000,v.,πηδάω,jump,jump photo,generated
5574,13,Top 5000,Top 5000,top5000,adj.,σημερινός,present-day,present-day photo,generated
5575,13,Top 5000,Top 5000,top5000,n.,ο εμετός,vomit,vomit photo,generated
5576,13,Top 5000,Top 5000,top5000,n.,η κρεβατοκάμαρα,bedroom,bedroom photo,generated
5577,13,Top 5000,Top 5000,top5000,interj.,αμάν,gosh,gosh photo,generated
5578,13,Top 5000,Top 5000,top5000,n.,η κιθάρα,guitar,guitar photo,generated
5579,13,Top 5000,Top 5000,top5000,adv.,ζεστά,warm,warm photo,generated
5580,13,Top 5000,Top 5000,top5000,n.,η Ινδία,India,India photo,generated
5581,13,Top 5000,Top 5000,top5000,n.,ο πονοκέφαλος,headache,headache photo,generated
5582,13,Top 5000,Top 5000,top5000,n.,η πετσέτα,towel,towel photo,generated
5583,13,Top 5000,Top 5000,top5000,interj.,ώπα,hey!,hey! photo,generated
5584,13,Top 5000,Top 5000,top5000,n.,ο προπονητής,coach,coach photo,generated
5585,13,Top 5000,Top 5000,top5000,n.,η αλυσίδα,chain,chain photo,generated
5586,13,Top 5000,Top 5000,top5000,n.,η καμπίνα,cabin,cabin photo,generated
5587,13,Top 5000,Top 5000,top5000,adj.,υψηλός,tall,tall photo,generated
5588,13,Top 5000,Top 5000,top5000,n.,η ηθική,ethics,ethics photo,generated
5589,13,Top 5000,Top 5000,top5000,n.,η λάσπη,the mud,,needs_review
5590,13,Top 5000,Top 5000,top5000,n.,η κατάθλιψη,depression,depression photo,generated
5591,13,Top 5000,Top 5000,top5000,adj.,νόστιμος,tasty,tasty photo,generated
5592,13,Top 5000,Top 5000,top5000,v.,ξανακούω,rehear,rehear photo,generated
5593,13,Top 5000,Top 5000,top5000,adj.,σαφής,clear,clear photo,generated
5594,13,Top 5000,Top 5000,top5000,n.,η ανάμνηση,memory,memory photo,generated
5595,13,Top 5000,Top 5000,top5000,n.,το τσίρκο,circus,circus photo,generated
5596,13,Top 5000,Top 5000,top5000,n.,το καλάθι,basket,basket photo,generated
5597,13,Top 5000,Top 5000,top5000,adj.,λυπηρός,regrettable,regrettable photo,generated
5598,13,Top 5000,Top 5000,top5000,n.,η συνείδηση,conscience,conscience photo,generated
5599,13,Top 5000,Top 5000,top5000,n.,η βρύση,faucet,faucet photo,generated
5600,13,Top 5000,Top 5000,top5000,adv.,παγκόσμια,globally,globally photo,generated
5601,13,Top 5000,Top 5000,top5000,n.,η δραστηριότητα,activity,activity photo,generated
5602,13,Top 5000,Top 5000,top5000,n.,το παραμύθι,fairytale,fairytale photo,generated
5603,13,Top 5000,Top 5000,top5000,n.,η μπανιέρα,bath tub,bath tub photo,generated
5604,13,Top 5000,Top 5000,top5000,n.,το γούστο,taste,taste photo,generated
5605,13,Top 5000,Top 5000,top5000,n.,η κακία,malice,malice photo,generated
5606,13,Top 5000,Top 5000,top5000,v.,παραδίνω,give too much,give too much photo,generated
5607,13,Top 5000,Top 5000,top5000,adj.,άγριος,undomesticated,undomesticated photo,generated
5608,13,Top 5000,Top 5000,top5000,n./adj.,η μαϊμού,monkey,monkey photo,generated
5609,13,Top 5000,Top 5000,top5000,n.,η ποσότητα,quantity,quantity photo,generated
5610,13,Top 5000,Top 5000,top5000,adv.,σταθερά,constant,constant photo,generated
5611,13,Top 5000,Top 5000,top5000,adv.,διπλά,twice as much,twice as much photo,generated
5612,13,Top 5000,Top 5000,top5000,v.,ξεκαθαρίζω,clarify,clarify photo,generated
5613,13,Top 5000,Top 5000,top5000,v.,ξεκουράζομαι,rest and see ξεκουράζω,rest and see ξεκουράζω photo,generated
5614,13,Top 5000,Top 5000,top5000,n.,το κολιέ,necklace,necklace photo,generated
5615,13,Top 5000,Top 5000,top5000,n.,ο πυροβολισμός,shooting,shooting photo,generated
5616,13,Top 5000,Top 5000,top5000,adj.,ευτυχής,joyous,joyous photo,generated
5617,13,Top 5000,Top 5000,top5000,v.,κουράζομαι,be tired,be tired photo,generated
5618,13,Top 5000,Top 5000,top5000,adj.,ευχαριστημένος,pleased,pleased photo,generated
5619,13,Top 5000,Top 5000,top5000,adj.,στεγνός,"dry, dull",,needs_review
5620,13,Top 5000,Top 5000,top5000,adv.,σφιχτά,Nominative,Nominative photo,generated
5621,13,Top 5000,Top 5000,top5000,n.,η άμυνα,defence,defence photo,generated
5622,13,Top 5000,Top 5000,top5000,n.,η κατάληξη,ending,ending photo,generated
5623,13,Top 5000,Top 5000,top5000,n.,το σύνολο,total,total photo,generated
5624,13,Top 5000,Top 5000,top5000,n.,το μπουφάν,jacket,jacket photo,generated
5625,13,Top 5000,Top 5000,top5000,n.,η πλατεία,square,square photo,generated
5626,13,Top 5000,Top 5000,top5000,n.,ο πρωταθλητής,champion,champion photo,generated
5627,13,Top 5000,Top 5000,top5000,adj.,παγωμένος,iced,iced photo,generated
5628,13,Top 5000,Top 5000,top5000,n.,ο επιβάτης,passenger,passenger photo,generated
5629,13,Top 5000,Top 5000,top5000,v.,πολεμάω,engage in war,engage in war photo,generated
5630,13,Top 5000,Top 5000,top5000,adj.,οικονομικός,economic,economic photo,generated
5631,13,Top 5000,Top 5000,top5000,adj.,ενοχλητικός,annoying,annoying photo,generated
5632,13,Top 5000,Top 5000,top5000,adj.,σκέτος,plain,plain photo,generated
5633,13,Top 5000,Top 5000,top5000,v.,συλλαμβάνω,arrest,arrest photo,generated
5634,13,Top 5000,Top 5000,top5000,n.,ο όρκος,oath,oath photo,generated
5635,13,Top 5000,Top 5000,top5000,n.,η αυγή,dawn,dawn photo,generated
5636,13,Top 5000,Top 5000,top5000,n.,η άμμος,sand,sand photo,generated
5637,13,Top 5000,Top 5000,top5000,v.,τρομάζω,frighten,frighten photo,generated
5638,13,Top 5000,Top 5000,top5000,n.,το αλάτι,salt,salt photo,generated
5639,13,Top 5000,Top 5000,top5000,n.,ο κατάλογος,catalogue,catalogue photo,generated
5640,13,Top 5000,Top 5000,top5000,n.,η σαλάτα,salad,salad photo,generated
5641,13,Top 5000,Top 5000,top5000,n.,η διανομή,distribution,distribution photo,generated
5642,13,Top 5000,Top 5000,top5000,n.,το σχοινί,rope,rope photo,generated
5643,13,Top 5000,Top 5000,top5000,adj.,δυτικός,west,west photo,generated
5644,13,Top 5000,Top 5000,top5000,n.,το καύσιμο,fuel,fuel photo,generated
5645,13,Top 5000,Top 5000,top5000,n.,η κότα,wimp,wimp photo,generated
5646,13,Top 5000,Top 5000,top5000,n.,το συμπέρασμα,conclusion,conclusion photo,generated
5647,13,Top 5000,Top 5000,top5000,n.,ο προδότης,traitor,traitor photo,generated
5648,13,Top 5000,Top 5000,top5000,v.,θυμώνω,get angry,get angry photo,generated
5649,13,Top 5000,Top 5000,top5000,n.,ο υπουργός,minister,minister photo,generated
5650,13,Top 5000,Top 5000,top5000,adj.,ανατολικός,eastern,eastern photo,generated
5651,13,Top 5000,Top 5000,top5000,n.,το τετράγωνο,square,square photo,generated
5652,13,Top 5000,Top 5000,top5000,n.,η λεωφόρος,avenue,avenue photo,generated
5653,13,Top 5000,Top 5000,top5000,adj.,θλιβερός,dreary,dreary photo,generated
5654,13,Top 5000,Top 5000,top5000,n.,το φυτό,plant,plant photo,generated
5655,13,Top 5000,Top 5000,top5000,n.,ο πάγκος,counter,counter photo,generated
5656,13,Top 5000,Top 5000,top5000,adj.,σπάνιος,rare,rare photo,generated
5657,13,Top 5000,Top 5000,top5000,v.,εντοπίζω,locate,locate photo,generated
5658,13,Top 5000,Top 5000,top5000,n.,το φρούτο,fruit,fruit photo,generated
5659,13,Top 5000,Top 5000,top5000,v.,βελτιώνω,improve,improve photo,generated
5660,13,Top 5000,Top 5000,top5000,n.,το τιμόνι,steering wheel,steering wheel photo,generated
5661,13,Top 5000,Top 5000,top5000,v.,αναπνέω,breathe,breathe photo,generated
5662,13,Top 5000,Top 5000,top5000,adj.,ψητός,roast,roast photo,generated
5663,13,Top 5000,Top 5000,top5000,n.,το δάνειο,loan,loan photo,generated
5664,13,Top 5000,Top 5000,top5000,n.,το μετρό,metre,metre photo,generated
5665,13,Top 5000,Top 5000,top5000,n.,η ανησυχία,anxiety,anxiety photo,generated
5666,13,Top 5000,Top 5000,top5000,n.,ένα δισεκατομμύριο,one billion,one billion photo,generated
5667,13,Top 5000,Top 5000,top5000,n.,το άλμα,jump,jump photo,generated
5668,13,Top 5000,Top 5000,top5000,n.,η εξαφάνιση,disappearance,disappearance photo,generated
5669,13,Top 5000,Top 5000,top5000,n.,η εισβολή,invasion,invasion photo,generated
5670,13,Top 5000,Top 5000,top5000,n.,το προϊόν,product,product photo,generated
5671,13,Top 5000,Top 5000,top5000,n.,η οροφή,ceiling,ceiling photo,generated
5672,13,Top 5000,Top 5000,top5000,adv.,εξίσου,equally,equally photo,generated
5673,13,Top 5000,Top 5000,top5000,n.,το οστό,bone,bone photo,generated
5674,13,Top 5000,Top 5000,top5000,n.,ο γαλαξίας,galaxy,galaxy photo,generated
5675,13,Top 5000,Top 5000,top5000,n.,η δίωξη,persecution,persecution photo,generated
5676,13,Top 5000,Top 5000,top5000,n.,ο σωλήνας,pipe,pipe photo,generated
5677,13,Top 5000,Top 5000,top5000,v.,εγκαταλείπω,abandon,abandon photo,generated
5678,13,Top 5000,Top 5000,top5000,n.,η ιστοσελίδα,website,website photo,generated
5679,13,Top 5000,Top 5000,top5000,v.,προλαβαίνω,have time to do something,have time to do something photo,generated
5680,13,Top 5000,Top 5000,top5000,n.,το φέρετρο,coffin,coffin photo,generated
5681,13,Top 5000,Top 5000,top5000,v.,βρωμάω,smell,smell photo,generated
5682,13,Top 5000,Top 5000,top5000,n.,η παραμονή,stay,stay photo,generated
5683,13,Top 5000,Top 5000,top5000,n.,η μετοχή,share,share photo,generated
5684,13,Top 5000,Top 5000,top5000,n.,το κτήνος,beast,beast photo,generated
5685,13,Top 5000,Top 5000,top5000,n.,το δίπλωμα,diploma,diploma photo,generated
5686,13,Top 5000,Top 5000,top5000,v.,αναγκάζω,compel,compel photo,generated
5687,13,Top 5000,Top 5000,top5000,v.,διατάζω,order,order photo,generated
5688,13,Top 5000,Top 5000,top5000,n.,η αφοσίωση,dedication,dedication photo,generated
5689,13,Top 5000,Top 5000,top5000,v.,λύνω,untie,untie photo,generated
5690,13,Top 5000,Top 5000,top5000,v.,βασίζομαι,base,base photo,generated
5691,13,Top 5000,Top 5000,top5000,adv.,ευγενικά,Nominative,Nominative photo,generated
5692,13,Top 5000,Top 5000,top5000,n.,η κόλλα,glue,glue photo,generated
5693,13,Top 5000,Top 5000,top5000,n.,το καλώδιο,cable,cable photo,generated
5694,13,Top 5000,Top 5000,top5000,n.,το συρτάρι,drawer,drawer photo,generated
5695,13,Top 5000,Top 5000,top5000,n.,το ξίφος,sword,sword photo,generated
5696,13,Top 5000,Top 5000,top5000,adj.,τακτικός,usual,usual photo,generated
5697,13,Top 5000,Top 5000,top5000,v.,αληθεύω,come true,come true photo,generated
5698,13,Top 5000,Top 5000,top5000,n.,η εκτέλεση,execution,execution photo,generated
5699,13,Top 5000,Top 5000,top5000,n.,το σύννεφο,cloud,cloud photo,generated
5700,13,Top 5000,Top 5000,top5000,n.,η καφετέρια,cafe,cafe photo,generated
5701,13,Top 5000,Top 5000,top5000,n.,κρυφός,hidden,hidden photo,generated
5702,13,Top 5000,Top 5000,top5000,adv.,πρακτικά,practically,practically photo,generated
5703,13,Top 5000,Top 5000,top5000,adj.,άχρηστος,useless,useless photo,generated
5704,13,Top 5000,Top 5000,top5000,n.,το έπιπλο,piece of furniture,piece of furniture photo,generated
5705,13,Top 5000,Top 5000,top5000,adv.,δίχως,without,without photo,generated
5706,13,Top 5000,Top 5000,top5000,n.,η ομολογία,confession,confession photo,generated
5707,13,Top 5000,Top 5000,top5000,n.,η εκδοχή,version,version photo,generated
5708,13,Top 5000,Top 5000,top5000,adv.,προηγουμένως,previously,previously photo,generated
5709,13,Top 5000,Top 5000,top5000,v.,συνδέομαι,am connected → and see συνδέω,am connected → and see συνδέω photo,generated
5710,13,Top 5000,Top 5000,top5000,n.,η ισορροπία,balance,balance photo,generated
5711,13,Top 5000,Top 5000,top5000,n.,το ύφος,style,style photo,generated
5712,13,Top 5000,Top 5000,top5000,n.,η ταράτσα,rooftop,rooftop photo,generated
5713,13,Top 5000,Top 5000,top5000,n.,η ενοχή,guilt,guilt photo,generated
5714,13,Top 5000,Top 5000,top5000,adv.,μονάχα,Synonym of μόνο,Synonym of μόνο photo,generated
5715,13,Top 5000,Top 5000,top5000,n.,η αντίθεση,contrast,contrast photo,generated
5716,13,Top 5000,Top 5000,top5000,n.,ο ηγέτης,leader,leader photo,generated
5717,13,Top 5000,Top 5000,top5000,n.,ο καπνός,smoke,smoke photo,generated
5718,13,Top 5000,Top 5000,top5000,n.,το κουδούνι,bell,bell photo,generated
5719,13,Top 5000,Top 5000,top5000,n.,το χάρισμα,charisma,charisma photo,generated
5720,13,Top 5000,Top 5000,top5000,v.,καταθέτω,register,register photo,generated
5721,13,Top 5000,Top 5000,top5000,n.,η εγκατάσταση,installation,installation photo,generated
5722,13,Top 5000,Top 5000,top5000,adj.,ξένος,foreign,foreign photo,generated
5723,13,Top 5000,Top 5000,top5000,n.,το μαξιλάρι,cushion,cushion photo,generated
5724,13,Top 5000,Top 5000,top5000,n.,το χτύπημα,knock,knock photo,generated
5725,13,Top 5000,Top 5000,top5000,n.,η αυτοκρατορία,empire,empire photo,generated
5726,13,Top 5000,Top 5000,top5000,n.,η πρεσβεία,embassy,embassy photo,generated
5727,13,Top 5000,Top 5000,top5000,n.,η προτεραιότητα,priority,priority photo,generated
5728,13,Top 5000,Top 5000,top5000,n.,το αρχηγείο,headquarters,headquarters photo,generated
5729,13,Top 5000,Top 5000,top5000,adv.,γερά,soundly,soundly photo,generated
5730,13,Top 5000,Top 5000,top5000,n.,η ύπαρξη,existence,existence photo,generated
5731,13,Top 5000,Top 5000,top5000,n.,η πληρωμή,payment,payment photo,generated
5732,13,Top 5000,Top 5000,top5000,v.,ισχυρίζομαι,maintain,maintain photo,generated
5733,13,Top 5000,Top 5000,top5000,n.,η ακοή,hearing,hearing photo,generated
5734,13,Top 5000,Top 5000,top5000,n. pl.,τα τρόφιμα,food,food photo,generated
5735,13,Top 5000,Top 5000,top5000,v.,περιλαμβάνω,contain,contain photo,generated
5736,13,Top 5000,Top 5000,top5000,n.,το λάδι,the oil,,needs_review
5737,13,Top 5000,Top 5000,top5000,v.,σχεδιάζω,draw,draw photo,generated
5738,13,Top 5000,Top 5000,top5000,n.,η ηρεμία,peacefulness,peacefulness photo,generated
5739,13,Top 5000,Top 5000,top5000,adj.,αρχικός,initial,initial photo,generated
5740,13,Top 5000,Top 5000,top5000,n.,το ποντίκι,mouse,mouse photo,generated
5741,13,Top 5000,Top 5000,top5000,adj.,τοπικός,local,local photo,generated
5742,13,Top 5000,Top 5000,top5000,n.,η στενή,prison,prison photo,generated
5743,13,Top 5000,Top 5000,top5000,n.,το ένστικτο,instinct,instinct photo,generated
5744,13,Top 5000,Top 5000,top5000,n.,η ξεκούραση,rest,rest photo,generated
5745,13,Top 5000,Top 5000,top5000,n.,το διαβατήριο,passport,passport photo,generated
5746,13,Top 5000,Top 5000,top5000,n.,η δουλεία,work,work photo,generated
5747,13,Top 5000,Top 5000,top5000,n.,το μήλο,apple,apple photo,generated
5748,13,Top 5000,Top 5000,top5000,v.,γεμίζω,fill,fill photo,generated
5749,13,Top 5000,Top 5000,top5000,adj.,βαθύς,deep,deep photo,generated
5750,13,Top 5000,Top 5000,top5000,n.,ο θρόνος,throne,throne photo,generated
5751,13,Top 5000,Top 5000,top5000,n.,η συνήθεια,habit,habit photo,generated
5752,13,Top 5000,Top 5000,top5000,adj.,καημένος,poor,poor photo,generated
5753,13,Top 5000,Top 5000,top5000,n.,η γροθιά,fist,fist photo,generated
5754,13,Top 5000,Top 5000,top5000,n.,η αυτοπεποίθηση,confidence,confidence photo,generated
5755,13,Top 5000,Top 5000,top5000,n. pl.,τα ισπανικά,Spanish,Spanish photo,generated
5756,13,Top 5000,Top 5000,top5000,n.,η πάπια,duck,duck photo,generated
5757,13,Top 5000,Top 5000,top5000,n.,ο Εβραίος,the Jew,,needs_review
5758,13,Top 5000,Top 5000,top5000,adv.,άθλια,miserable,miserable photo,generated
5759,13,Top 5000,Top 5000,top5000,adj.,σύντομος,short,short photo,generated
5760,13,Top 5000,Top 5000,top5000,adj.,κινέζικος,Chinese,Chinese photo,generated
5761,13,Top 5000,Top 5000,top5000,n.,η ερωμένη,lover,lover photo,generated
5762,13,Top 5000,Top 5000,top5000,v.,θαυμάζω,admire,admire photo,generated
5763,13,Top 5000,Top 5000,top5000,n.,η ακαδημία,academy,academy photo,generated
5764,13,Top 5000,Top 5000,top5000,n.,το συνεργείο,garage,garage photo,generated
5765,13,Top 5000,Top 5000,top5000,n.,η Βίβλος,Bible,Bible photo,generated
5766,13,Top 5000,Top 5000,top5000,n.,η μπαταρία,battery,battery photo,generated
5767,13,Top 5000,Top 5000,top5000,v.,μοιράζομαι,share,share photo,generated
5768,13,Top 5000,Top 5000,top5000,n.,ο έμπορος,dealer,dealer photo,generated
5769,13,Top 5000,Top 5000,top5000,n.,το άγαλμα,statue,statue photo,generated
5770,13,Top 5000,Top 5000,top5000,adv.,σεξουαλικά,sexual,sexual photo,generated
5771,13,Top 5000,Top 5000,top5000,n.,η λάμψη,glimmer,glimmer photo,generated
5772,13,Top 5000,Top 5000,top5000,v.,μετακομίζω,move house,move house photo,generated
5773,13,Top 5000,Top 5000,top5000,v.,προδίδω,betray,betray photo,generated
5774,13,Top 5000,Top 5000,top5000,v.,επιλέγω,choose,choose photo,generated
5775,13,Top 5000,Top 5000,top5000,n.,το νοίκι,rent,rent photo,generated
5776,13,Top 5000,Top 5000,top5000,n.,η λεσβία,lesbian,lesbian photo,generated
5777,13,Top 5000,Top 5000,top5000,v.,ξαναπαίρνω,reclaim,reclaim photo,generated
5778,13,Top 5000,Top 5000,top5000,n.,η κλειδαριά,lock,lock photo,generated
5779,13,Top 5000,Top 5000,top5000,v.,σοκάρω,shock,shock photo,generated
5780,13,Top 5000,Top 5000,top5000,adj.,όρθιος,standing,standing photo,generated
5781,13,Top 5000,Top 5000,top5000,adj.,νόμιμος,legal,legal photo,generated
5782,13,Top 5000,Top 5000,top5000,n.,η μόλυνση,infection,infection photo,generated
5783,13,Top 5000,Top 5000,top5000,v.,αποτυγχάνω,fail,fail photo,generated
5784,13,Top 5000,Top 5000,top5000,n.,η Μόσχα,Moscow,Moscow photo,generated
5785,13,Top 5000,Top 5000,top5000,adv.,περαιτέρω,beyond that point,beyond that point photo,generated
5786,13,Top 5000,Top 5000,top5000,n.,ο Αμερικάνος,American person,American person photo,generated
5787,13,Top 5000,Top 5000,top5000,n.,το τρέξιμο,the run,,needs_review
5788,13,Top 5000,Top 5000,top5000,v.,απειλώ,threaten,threaten photo,generated
5789,13,Top 5000,Top 5000,top5000,adj.,θετικός,reliable,reliable photo,generated
5790,13,Top 5000,Top 5000,top5000,n.,το μπαστούνι,club,club photo,generated
5791,13,Top 5000,Top 5000,top5000,n.,η ανάπτυξη,development,development photo,generated
5792,13,Top 5000,Top 5000,top5000,n.,η κουβέρτα,blanket,blanket photo,generated
5793,13,Top 5000,Top 5000,top5000,n.,η διακοπή,interruption,interruption photo,generated
5794,13,Top 5000,Top 5000,top5000,n.,το κράτος,nation,nation photo,generated
5795,13,Top 5000,Top 5000,top5000,adj.,ερωτικός,erotic,erotic photo,generated
5796,13,Top 5000,Top 5000,top5000,n.,η εξαίρεση,exception,exception photo,generated
5797,13,Top 5000,Top 5000,top5000,v.,πληγώνω,wound,wound photo,generated
5798,13,Top 5000,Top 5000,top5000,n.,η κατάρα,curse,curse photo,generated
5799,13,Top 5000,Top 5000,top5000,v.,εφευρίσκω,invent,invent photo,generated
5800,13,Top 5000,Top 5000,top5000,n.,ο σταυρός,cross,cross photo,generated
5801,13,Top 5000,Top 5000,top5000,v.,κατευθύνομαι,head for,head for photo,generated
5802,13,Top 5000,Top 5000,top5000,v.,κινούμαι,fidget,fidget photo,generated
5803,13,Top 5000,Top 5000,top5000,adj.,ηθικός,moral,moral photo,generated
5804,13,Top 5000,Top 5000,top5000,n.,ο υπηρέτης,domestic servant,domestic servant photo,generated
5805,13,Top 5000,Top 5000,top5000,v.,ξαπλώνω,to lie down,to lie down photo,generated
5806,13,Top 5000,Top 5000,top5000,v.,ανακατεύομαι,interfere,interfere photo,generated
5807,13,Top 5000,Top 5000,top5000,n.,ο σερβιτόρος,waiter,waiter photo,generated
5808,13,Top 5000,Top 5000,top5000,adj.,βασικός,basic,basic photo,generated
5809,13,Top 5000,Top 5000,top5000,n.,η βιομηχανία,industry,industry photo,generated
5810,13,Top 5000,Top 5000,top5000,n.,ο πυρήνας,core,core photo,generated
5811,13,Top 5000,Top 5000,top5000,n.,το ιατρείο,doctor's office,doctor's office photo,generated
5812,13,Top 5000,Top 5000,top5000,adj.,ακουστός,known,known photo,generated
5813,13,Top 5000,Top 5000,top5000,adj.,τραγικός,tragic,tragic photo,generated
5814,13,Top 5000,Top 5000,top5000,n.,η παρουσίαση,presentation,presentation photo,generated
5815,13,Top 5000,Top 5000,top5000,v.,επανορθώνω,make up for,make up for photo,generated
5816,13,Top 5000,Top 5000,top5000,v.,κρύβομαι,hide,hide photo,generated
5817,13,Top 5000,Top 5000,top5000,n.,η ανακούφιση,relief,relief photo,generated
5818,13,Top 5000,Top 5000,top5000,adj.,παραμικρός,minute,minute photo,generated
5819,13,Top 5000,Top 5000,top5000,n.,το πλυντήριο,washing machine,washing machine photo,generated
5820,13,Top 5000,Top 5000,top5000,v.,αποκτάω,less formal variant of αποκτώ (apoktó),,needs_review
5821,13,Top 5000,Top 5000,top5000,v.,δαγκώνω,I bite,I bite photo,generated
5822,13,Top 5000,Top 5000,top5000,adj.,αναστατωμένος,disturb,disturb photo,generated
5823,13,Top 5000,Top 5000,top5000,v.,η προσωπικότητα,personality,personality photo,generated
5824,13,Top 5000,Top 5000,top5000,n.,η εκτίμηση,appreciation,appreciation photo,generated
5825,13,Top 5000,Top 5000,top5000,n.,η περιοδεία,tour,tour photo,generated
5826,13,Top 5000,Top 5000,top5000,n.,το σπέρμα,semen,semen photo,generated
5827,13,Top 5000,Top 5000,top5000,n.,η ιδιοφυΐα,genius,genius photo,generated
5828,13,Top 5000,Top 5000,top5000,n.,το σχόλιο,comment,comment photo,generated
5829,13,Top 5000,Top 5000,top5000,n.,το κερί,candle,candle photo,generated
5830,13,Top 5000,Top 5000,top5000,n.,το βούτυρο,butter,butter photo,generated
5831,13,Top 5000,Top 5000,top5000,n.,το σκι,skiiing,skiiing photo,generated
5832,13,Top 5000,Top 5000,top5000,n.,το ποσοστό,percentage,percentage photo,generated
5833,13,Top 5000,Top 5000,top5000,adj.,δημοφιλής,popular,popular photo,generated
5834,13,Top 5000,Top 5000,top5000,v.,σηκώνομαι,stand up,stand up photo,generated
5835,13,Top 5000,Top 5000,top5000,n.,ο πόντος,point,point photo,generated
5836,13,Top 5000,Top 5000,top5000,v.,επιβιώνω,survive,survive photo,generated
5837,13,Top 5000,Top 5000,top5000,n.,η ευλογία,blessing,blessing photo,generated
5838,13,Top 5000,Top 5000,top5000,n.,το ταχυδρομείο,post,post photo,generated
5839,13,Top 5000,Top 5000,top5000,adj.,γραμμένος,written,written photo,generated
5840,13,Top 5000,Top 5000,top5000,n.,η κατασκευή,construction,construction photo,generated
5841,13,Top 5000,Top 5000,top5000,n.,η απομόνωση,isolation,isolation photo,generated
5842,13,Top 5000,Top 5000,top5000,n.,το επάγγελμα,profession,profession photo,generated
5843,13,Top 5000,Top 5000,top5000,v.,κοστίζω,cost,cost photo,generated
5844,13,Top 5000,Top 5000,top5000,v.,συμπεριφέρομαι,behave,behave photo,generated
5845,13,Top 5000,Top 5000,top5000,n.,το σύνδρομο,syndrome,syndrome photo,generated
5846,13,Top 5000,Top 5000,top5000,n.,η ομίχλη,mist,mist photo,generated
5847,13,Top 5000,Top 5000,top5000,n.,το ορυχείο,mine,mine photo,generated
5848,13,Top 5000,Top 5000,top5000,n.,η αναβολή,postponement,postponement photo,generated
5849,13,Top 5000,Top 5000,top5000,n.,η θεά,view,view photo,generated
5850,13,Top 5000,Top 5000,top5000,n.,το άλμπουμ,album,album photo,generated
5851,13,Top 5000,Top 5000,top5000,n.,η αξιοπρέπεια,dignity,dignity photo,generated
5852,13,Top 5000,Top 5000,top5000,n.,η εκστρατεία,crusade,crusade photo,generated
5853,13,Top 5000,Top 5000,top5000,n.,το μενού,menu,menu photo,generated
5854,13,Top 5000,Top 5000,top5000,n.,η συχνότητα,frequency,frequency photo,generated
5855,13,Top 5000,Top 5000,top5000,n.,το εμπόριο,trade,trade photo,generated
5856,13,Top 5000,Top 5000,top5000,n.,η σύσκεψη,business meeting,business meeting photo,generated
5857,13,Top 5000,Top 5000,top5000,n.,η διάρρηξη,burglary,burglary photo,generated
5858,13,Top 5000,Top 5000,top5000,n.,το λάστιχο,rubber,rubber photo,generated
5859,13,Top 5000,Top 5000,top5000,v.,αναλύω,analyse,analyse photo,generated
5860,13,Top 5000,Top 5000,top5000,n.,το σφυρί,hammer,hammer photo,generated
5861,13,Top 5000,Top 5000,top5000,adv.,άνω,upper,upper photo,generated
5862,13,Top 5000,Top 5000,top5000,n.,η αντίρρηση,objection,objection photo,generated
5863,13,Top 5000,Top 5000,top5000,n.,ο τίγρης,tiger,tiger photo,generated
5864,13,Top 5000,Top 5000,top5000,adv.,ελάχιστα,Nominative,Nominative photo,generated
5865,13,Top 5000,Top 5000,top5000,n.,ο θησαυρός,treasure,treasure photo,generated
5866,13,Top 5000,Top 5000,top5000,adj.,άγιος,holy,holy photo,generated
5867,13,Top 5000,Top 5000,top5000,n.,ο παίκτης,player,player photo,generated
5868,13,Top 5000,Top 5000,top5000,n.,η παραίσθηση,hallucination,hallucination photo,generated
5869,13,Top 5000,Top 5000,top5000,adj.,κλειδωμένος,lock,lock photo,generated
5870,13,Top 5000,Top 5000,top5000,v.,σπρώχνω,push,push photo,generated
5871,13,Top 5000,Top 5000,top5000,n.,το διάβασμα,reading,reading photo,generated
5872,13,Top 5000,Top 5000,top5000,n.,το στρώμα,mattress,mattress photo,generated
5873,13,Top 5000,Top 5000,top5000,adj.,υγιής,healthy,healthy photo,generated
5874,13,Top 5000,Top 5000,top5000,n.,το φεστιβάλ,festival,festival photo,generated
5875,13,Top 5000,Top 5000,top5000,v.,σοβαρολογώ,be serious,be serious photo,generated
5876,13,Top 5000,Top 5000,top5000,n.,το ναυτικό,navy,navy photo,generated
5877,13,Top 5000,Top 5000,top5000,n. pl.,τα ρέστα,change,change photo,generated
5878,13,Top 5000,Top 5000,top5000,n.,η έγκριση,approval,approval photo,generated
5879,13,Top 5000,Top 5000,top5000,v.,απογίνομαι,become,become photo,generated
5880,13,Top 5000,Top 5000,top5000,n.,ο πολεμιστής,warrior,warrior photo,generated
5881,13,Top 5000,Top 5000,top5000,adj.,άθλιος,miserable,miserable photo,generated
5882,13,Top 5000,Top 5000,top5000,n.,το προσόν,qualification,qualification photo,generated
5883,13,Top 5000,Top 5000,top5000,n.,το δοχείο,container,container photo,generated
5884,13,Top 5000,Top 5000,top5000,v.,ομολογώ,confess,confess photo,generated
5885,13,Top 5000,Top 5000,top5000,adj.,βόρειος,north,north photo,generated
5886,13,Top 5000,Top 5000,top5000,n.,ο μπάρμαν,barman,barman photo,generated
5887,13,Top 5000,Top 5000,top5000,n.,η κυκλοφορία,circulation,circulation photo,generated
5888,13,Top 5000,Top 5000,top5000,adj.,κρυμμένος,hidden,hidden photo,generated
5889,13,Top 5000,Top 5000,top5000,n.,η καταδίκη,conviction,conviction photo,generated
5890,13,Top 5000,Top 5000,top5000,n.,ο βράχος,rock,rock photo,generated
5891,13,Top 5000,Top 5000,top5000,n.,ο αυτοκράτορας,emperor,emperor photo,generated
5892,13,Top 5000,Top 5000,top5000,adv.,αποκλειστικά,exclusively,exclusively photo,generated
5893,13,Top 5000,Top 5000,top5000,v.,μετανιώνω,change one's mind,change one's mind photo,generated
5894,13,Top 5000,Top 5000,top5000,n.,η φράση,phrase,phrase photo,generated
5895,13,Top 5000,Top 5000,top5000,n.,η γοητεία,charm,charm photo,generated
5896,13,Top 5000,Top 5000,top5000,n.,το συμβάν,incident,incident photo,generated
5897,13,Top 5000,Top 5000,top5000,n.,το αδιέξοδο,dead end,dead end photo,generated
5898,13,Top 5000,Top 5000,top5000,v.,κυκλοφορώ,publish,publish photo,generated
5899,13,Top 5000,Top 5000,top5000,n.,το άσυλο,asylum,asylum photo,generated
5900,13,Top 5000,Top 5000,top5000,v.,επικοινωνώ,talk,talk photo,generated
5901,13,Top 5000,Top 5000,top5000,n.,η λάμπα,lamp,lamp photo,generated
5902,13,Top 5000,Top 5000,top5000,n. / adj.,ο ενήλικος,adult,adult photo,generated
5903,13,Top 5000,Top 5000,top5000,n.,η γαλοπούλα,turkey,turkey photo,generated
5904,13,Top 5000,Top 5000,top5000,v.,καπνίζω,smoke,smoke photo,generated
5905,13,Top 5000,Top 5000,top5000,v.,καλωσορίζω,welcome,welcome photo,generated
5906,13,Top 5000,Top 5000,top5000,n.,η τύψη,remorse,remorse photo,generated
5907,13,Top 5000,Top 5000,top5000,n.,η ενόχληση,annoyance,annoyance photo,generated
5908,13,Top 5000,Top 5000,top5000,n.,ο μύθος,myth,myth photo,generated
5909,13,Top 5000,Top 5000,top5000,n.,το ταμείο,cash desk,cash desk photo,generated
5910,13,Top 5000,Top 5000,top5000,n.,η πίστα,dance floor,dance floor photo,generated
5911,13,Top 5000,Top 5000,top5000,n.,το κράνος,helmet,helmet photo,generated
5912,13,Top 5000,Top 5000,top5000,adv.,ίσια,straight ahead,straight ahead photo,generated
5913,13,Top 5000,Top 5000,top5000,n.,το λιοντάρι,lion,lion photo,generated
5914,13,Top 5000,Top 5000,top5000,adj.,ακριβής,accurate,accurate photo,generated
5915,13,Top 5000,Top 5000,top5000,adv.,ψεύτικα,falsely,falsely photo,generated
5916,13,Top 5000,Top 5000,top5000,n.,το ρύζι,rice,rice photo,generated
5917,13,Top 5000,Top 5000,top5000,n.,η αποκάλυψη,revelation,revelation photo,generated
5918,13,Top 5000,Top 5000,top5000,n.,η μπριζόλα,steak,steak photo,generated
5919,13,Top 5000,Top 5000,top5000,adj.,βρεγμένος,wet,,needs_review
5920,13,Top 5000,Top 5000,top5000,adv.,καταπληκτικά,fantastic!,fantastic! photo,generated
5921,13,Top 5000,Top 5000,top5000,n.,ο θρύλος,legend,legend photo,generated
5922,13,Top 5000,Top 5000,top5000,n.,το μουστάκι,moustache,moustache photo,generated
5923,13,Top 5000,Top 5000,top5000,num.,σαράντα,forty,forty photo,generated
5924,13,Top 5000,Top 5000,top5000,n.,ο φακός,lens,lens photo,generated
5925,13,Top 5000,Top 5000,top5000,v.,χαμογελάω,smile,smile photo,generated
5926,13,Top 5000,Top 5000,top5000,v.,αγοράζω,"buy, purchase",,needs_review
5927,13,Top 5000,Top 5000,top5000,v.,εγγυώμαι,feed myself with specific,feeding animals,override
5928,13,Top 5000,Top 5000,top5000,n.,η ασπίδα,shield,shield photo,generated
5929,13,Top 5000,Top 5000,top5000,n.,το πετρέλαιο,petroleum,petroleum photo,generated
5930,13,Top 5000,Top 5000,top5000,n.,η μάρκα,brand,brand photo,generated
5931,13,Top 5000,Top 5000,top5000,n. pl.,οι αποσκευές,luggage,luggage photo,generated
5932,13,Top 5000,Top 5000,top5000,v.,ξεφορτώνω,unload,unload photo,generated
5933,13,Top 5000,Top 5000,top5000,n.,ο εραστής,lover,lover photo,generated
5934,13,Top 5000,Top 5000,top5000,n.,το πτυχίο,university degree,university degree photo,generated
5935,13,Top 5000,Top 5000,top5000,n.,το βέλος,arrow,arrow photo,generated
5936,13,Top 5000,Top 5000,top5000,n.,το γυαλί,glass,glass photo,generated
5937,13,Top 5000,Top 5000,top5000,adv.,παρόμοια,similarly,similarly photo,generated
5938,13,Top 5000,Top 5000,top5000,n.,παρακάτω,further down,further down photo,generated
5939,13,Top 5000,Top 5000,top5000,n.,η Τουρκία,Turkey,Turkey photo,generated
5940,13,Top 5000,Top 5000,top5000,n.,το λαχανικό,vegetable,vegetable photo,generated
5941,13,Top 5000,Top 5000,top5000,n.,η ασπίδα,shield,shield photo,generated
5942,13,Top 5000,Top 5000,top5000,n.,το έγγραφο,document,document photo,generated
5943,13,Top 5000,Top 5000,top5000,n.,το πλάνο,plan,plan photo,generated
5944,13,Top 5000,Top 5000,top5000,adv.,απαλά,Nominative,Nominative photo,generated
5945,13,Top 5000,Top 5000,top5000,n.,το χόμπι,hobby,hobby photo,generated
5946,13,Top 5000,Top 5000,top5000,n./interj.,η ψυχραιμία,composure,composure photo,generated
5947,13,Top 5000,Top 5000,top5000,n.,το θράσος,audacity,audacity photo,generated
5948,13,Top 5000,Top 5000,top5000,adv.,παράνομα,surname,surname photo,generated
5949,13,Top 5000,Top 5000,top5000,n.,η λήψη,download,download photo,generated
5950,13,Top 5000,Top 5000,top5000,n.,η διάσωση,rescue,rescue photo,generated
5951,13,Top 5000,Top 5000,top5000,v.,διαβεβαιώνω,assure,assure photo,generated
5952,13,Top 5000,Top 5000,top5000,n.,ο αλήτης,scumbag,scumbag photo,generated
5953,13,Top 5000,Top 5000,top5000,adv.,διαρκώς,constantly,constantly photo,generated
5954,13,Top 5000,Top 5000,top5000,n.,η λεπίδα,blade,blade photo,generated
5955,13,Top 5000,Top 5000,top5000,n.,το κάπνισμα,smoking,smoking photo,generated
5956,13,Top 5000,Top 5000,top5000,n.,η πρακτική,internship,internship photo,generated
5957,13,Top 5000,Top 5000,top5000,n.,η βαρύτητα,gravity,gravity photo,generated
5958,13,Top 5000,Top 5000,top5000,n.,ο καλεσμένος,guest,guest photo,generated
5959,13,Top 5000,Top 5000,top5000,n.,ο άνθρακας,carbon,carbon photo,generated
5960,13,Top 5000,Top 5000,top5000,n.,η κριτική,criticism,criticism photo,generated
5961,13,Top 5000,Top 5000,top5000,v.,ακουμπάω,touch,touch photo,generated
5962,13,Top 5000,Top 5000,top5000,n.,ντυμένος,clad,clad photo,generated
5963,13,Top 5000,Top 5000,top5000,n.,το ποίημα,poem,poem photo,generated
5964,13,Top 5000,Top 5000,top5000,n.,η κούπα,the cup,,needs_review
5965,13,Top 5000,Top 5000,top5000,v.,στρίβω,twist,twist photo,generated
5966,13,Top 5000,Top 5000,top5000,n.,το φασόλι,bean,bean photo,generated
5967,13,Top 5000,Top 5000,top5000,n.,η δυσκολία,difficulty,difficulty photo,generated
5968,13,Top 5000,Top 5000,top5000,adj.,ποινικός,criminal,criminal photo,generated
5969,13,Top 5000,Top 5000,top5000,n.,το πρωτότυπο,original,original photo,generated
5970,13,Top 5000,Top 5000,top5000,n.,το στέμμα,crown,crown photo,generated
5971,13,Top 5000,Top 5000,top5000,n.,η αλληλογραφία,correspondence,correspondence photo,generated
5972,13,Top 5000,Top 5000,top5000,v.,ειδοποιώ,notify,notify photo,generated
5973,13,Top 5000,Top 5000,top5000,n.,το κύτταρο,cell,cell photo,generated
5974,13,Top 5000,Top 5000,top5000,v.,ταξιδεύω,travel,travel photo,generated
5975,13,Top 5000,Top 5000,top5000,n.,το μαλλί,wool,wool photo,generated
5976,13,Top 5000,Top 5000,top5000,n.,το συκώτι,liver,liver photo,generated
5977,13,Top 5000,Top 5000,top5000,adv.,συναισθηματικά,emotionally,emotionally photo,generated
5978,13,Top 5000,Top 5000,top5000,n.,η τάση,trend,trend photo,generated
5979,13,Top 5000,Top 5000,top5000,v.,τραγουδάω,sing,sing photo,generated
5980,13,Top 5000,Top 5000,top5000,adj.,μπερδεμένος,tangled,tangled photo,generated
5981,13,Top 5000,Top 5000,top5000,adj.,φοβισμένος,fear,fear photo,generated
5982,13,Top 5000,Top 5000,top5000,n.,το σκάνδαλο,scandal,scandal photo,generated
5983,13,Top 5000,Top 5000,top5000,n.,το γρασίδι,grass,grass photo,generated
5984,13,Top 5000,Top 5000,top5000,v.,εμποδίζω,block,block photo,generated
5985,13,Top 5000,Top 5000,top5000,n.,το οχυρό,fort,fort photo,generated
5986,13,Top 5000,Top 5000,top5000,n.,η συγχώρεση,forgiveness,forgiveness photo,generated
5987,13,Top 5000,Top 5000,top5000,n.,το σουτιέν,the bra,,needs_review
5988,13,Top 5000,Top 5000,top5000,n.,η κούρσα,race,race photo,generated
5989,13,Top 5000,Top 5000,top5000,v.,ξεφορτώνομαι,I get rid of,,needs_review
5990,13,Top 5000,Top 5000,top5000,n.,το φίλτρο,filter,filter photo,generated
5991,13,Top 5000,Top 5000,top5000,v.,επιθυμώ,desire,desire photo,generated
5992,13,Top 5000,Top 5000,top5000,n.,το επιδόρπιο,dessert,dessert photo,generated
5993,13,Top 5000,Top 5000,top5000,adv.,ανάλογα,proportionally,proportionally photo,generated
5994,13,Top 5000,Top 5000,top5000,v.,προσεύχομαι,to pray,to pray photo,generated
5995,13,Top 5000,Top 5000,top5000,n.,η ανακάλυψη,discovery,discovery photo,generated
5996,13,Top 5000,Top 5000,top5000,n.,η ατάκα,quip,quip photo,generated
5997,13,Top 5000,Top 5000,top5000,n.,η ροή,flow,flow photo,generated
5998,13,Top 5000,Top 5000,top5000,n.,ο επιχειρηματίας,businessman,businessman photo,generated
5999,13,Top 5000,Top 5000,top5000,adj.,εναλλακτικός,alternative,,needs_review
6000,13,Top 5000,Top 5000,top5000,adj.,εγκεφαλικός,cerebral,cerebral photo,generated
6001,13,Top 5000,Top 5000,top5000,n.,ο παραγωγός,producer,producer photo,generated
6002,13,Top 5000,Top 5000,top5000,n.,τα ψιλά,small change,small change photo,generated
6003,13,Top 5000,Top 5000,top5000,adj.,γαλλικός,French,French photo,generated
6004,13,Top 5000,Top 5000,top5000,n.,η επίδραση,impact,impact photo,generated
6005,13,Top 5000,Top 5000,top5000,n.,το σεντόνι,sheet,sheet photo,generated
6006,13,Top 5000,Top 5000,top5000,v.,καίω,burn,burn photo,generated
6007,13,Top 5000,Top 5000,top5000,n.,η υποψία,suspicion,suspicion photo,generated
6008,13,Top 5000,Top 5000,top5000,n.,η βελόνα,needle,needle photo,generated
6009,13,Top 5000,Top 5000,top5000,n.,η πάλη,struggle,struggle photo,generated
6010,13,Top 5000,Top 5000,top5000,n.,ο σάκος,sack,sack photo,generated
6011,13,Top 5000,Top 5000,top5000,v.,ονειρεύομαι,dream,dream photo,generated
6012,13,Top 5000,Top 5000,top5000,adj.,πλαστικός,plastic,plastic photo,generated
6013,13,Top 5000,Top 5000,top5000,adv.,έντονα,intensely,intensely photo,generated
6014,13,Top 5000,Top 5000,top5000,n.,η επιβεβαίωση,confirmation,confirmation photo,generated
6015,13,Top 5000,Top 5000,top5000,n.,ο σύντροφος,companion,companion photo,generated
6016,13,Top 5000,Top 5000,top5000,adj.,μπροστινός,front,front photo,generated
6017,13,Top 5000,Top 5000,top5000,n.,ο φοιτητής,student,student photo,generated
6018,13,Top 5000,Top 5000,top5000,n.,το μετάλλιο,medal,medal photo,generated
6019,13,Top 5000,Top 5000,top5000,v.,τσεκάρω,check,check photo,generated
6020,13,Top 5000,Top 5000,top5000,adj.,ηλεκτρικός,electrical,electrical photo,generated
6021,13,Top 5000,Top 5000,top5000,n.,το μπέρδεμα,muddle,muddle photo,generated
6022,13,Top 5000,Top 5000,top5000,v.,ξαναλέω,rehearse,rehearse photo,generated
6023,13,Top 5000,Top 5000,top5000,adv.,εγκαίρως,in time,,needs_review
6024,13,Top 5000,Top 5000,top5000,n.,το φαινόμενο,phenomenon,phenomenon photo,generated
6025,13,Top 5000,Top 5000,top5000,n.,ο ιππότης,knight,knight photo,generated
6026,13,Top 5000,Top 5000,top5000,n.,το κοπάδι,flock,flock photo,generated
6027,13,Top 5000,Top 5000,top5000,adv.,χαλαρά,Nominative,Nominative photo,generated
6028,13,Top 5000,Top 5000,top5000,n.,ο φόρος,the tax,,needs_review
6029,13,Top 5000,Top 5000,top5000,n.,η συμμαχία,alliance,alliance photo,generated
6030,13,Top 5000,Top 5000,top5000,n.,η υποχρέωση,duty,duty photo,generated
6031,13,Top 5000,Top 5000,top5000,n.,η προσέγγιση,approach,approach photo,generated
6032,13,Top 5000,Top 5000,top5000,n.,το αίτημα,request,request photo,generated
6033,13,Top 5000,Top 5000,top5000,interj.,ιδού,behold,behold photo,generated
6034,13,Top 5000,Top 5000,top5000,n.,το πουλόβερ,jumper,jumper photo,generated
6035,13,Top 5000,Top 5000,top5000,n.,η απόκτηση,acquisition,acquisition photo,generated
6036,13,Top 5000,Top 5000,top5000,adj.,χαμηλός,base,base photo,generated
6037,13,Top 5000,Top 5000,top5000,n.,το μπλέξιμο,mess,mess photo,generated
6038,13,Top 5000,Top 5000,top5000,adv.,χαρακτηριστικά,characteristic,characteristic photo,generated
6039,13,Top 5000,Top 5000,top5000,adj.,στρογγυλός,round,round photo,generated
6040,13,Top 5000,Top 5000,top5000,adv.,έξυπνα,clever,clever photo,generated
6041,13,Top 5000,Top 5000,top5000,n.,το βάζο,vase,vase photo,generated
6042,13,Top 5000,Top 5000,top5000,n.,το βραχιόλι,bracelet,bracelet photo,generated
6043,13,Top 5000,Top 5000,top5000,n.,το εκατοστό,centimetre,centimetre photo,generated
6044,13,Top 5000,Top 5000,top5000,n.,ο φράχτης,fence,fence photo,generated
6045,13,Top 5000,Top 5000,top5000,v.,παρουσιάζω,present,present photo,generated
6046,13,Top 5000,Top 5000,top5000,n.,η σφαγή,slaughter,slaughter photo,generated
6047,13,Top 5000,Top 5000,top5000,n.,η σοφίτα,attic,attic photo,generated
6048,13,Top 5000,Top 5000,top5000,n.,ο θαυμαστής,admirer,admirer photo,generated
6049,13,Top 5000,Top 5000,top5000,n.,το άνοιγμα,opening,opening photo,generated
6050,13,Top 5000,Top 5000,top5000,v.,αυτοκτονώ,commit suicide,commit suicide photo,generated
6051,13,Top 5000,Top 5000,top5000,n.,το σόι,family,family photo,generated
6052,13,Top 5000,Top 5000,top5000,n.,η συντροφιά,companionship,companionship photo,generated
6053,13,Top 5000,Top 5000,top5000,n.,η συμμορία,gang,gang photo,generated
6054,13,Top 5000,Top 5000,top5000,adj.,έντονος,strong,strong photo,generated
6055,13,Top 5000,Top 5000,top5000,v.,παραιτούμαι,resign,resign photo,generated
6056,13,Top 5000,Top 5000,top5000,v.,σβήνω,blow out,blow out photo,generated
6057,13,Top 5000,Top 5000,top5000,n.,το φαΐ,grub,grub photo,generated
6058,13,Top 5000,Top 5000,top5000,v.,κατουράω,disregard,disregard photo,generated
6059,13,Top 5000,Top 5000,top5000,v.,σκάβω,excavate,excavate photo,generated
6060,13,Top 5000,Top 5000,top5000,n.,το κέφι,cheerfulness,cheerfulness photo,generated
6061,13,Top 5000,Top 5000,top5000,n.,ο εξωγήινος,alien,alien photo,generated
6062,13,Top 5000,Top 5000,top5000,n.,το τόξο,crossbow,crossbow photo,generated
6063,13,Top 5000,Top 5000,top5000,adv.,παλιότερα,formerly,formerly photo,generated
6064,13,Top 5000,Top 5000,top5000,n.,το κολύμπι,swimming,swimming photo,generated
6065,13,Top 5000,Top 5000,top5000,n.,η ειλικρίνεια,truthfulness,truthfulness photo,generated
6066,13,Top 5000,Top 5000,top5000,adj.,αριστερός,left,left photo,generated
6067,13,Top 5000,Top 5000,top5000,n.,η ποιότητα,the quality,,needs_review
6068,13,Top 5000,Top 5000,top5000,adj.,αρσενικός,masculine,masculine photo,generated
6069,13,Top 5000,Top 5000,top5000,adj.,τυχαίος,random,random photo,generated
6070,13,Top 5000,Top 5000,top5000,n.,η εξοχή,countryside,countryside photo,generated
6071,13,Top 5000,Top 5000,top5000,n.,η συμμετοχή,participation,participation photo,generated
6072,13,Top 5000,Top 5000,top5000,adj.,συναισθηματικός,sentimental,sentimental photo,generated
6073,13,Top 5000,Top 5000,top5000,n.,ο οργανισμός,organism,organism photo,generated
6074,13,Top 5000,Top 5000,top5000,adv.,κόντρα,against,against photo,generated
6075,13,Top 5000,Top 5000,top5000,n.,το σκηνικό,film set,film set photo,generated
6076,13,Top 5000,Top 5000,top5000,n.,η ευγνωμοσύνη,gratitude,gratitude photo,generated
6077,13,Top 5000,Top 5000,top5000,n.,η περίμετρος,circumference,circumference photo,generated
6078,13,Top 5000,Top 5000,top5000,n.,η ελιά,olive,olive photo,generated
6079,13,Top 5000,Top 5000,top5000,v.,τυλίγω,roll,roll photo,generated
6080,13,Top 5000,Top 5000,top5000,adj.,γκρι,grey,grey photo,generated
6081,13,Top 5000,Top 5000,top5000,v.,επιμένω,insist,insist photo,generated
6082,13,Top 5000,Top 5000,top5000,adj.,έκτακτος,extraordinary,extraordinary photo,generated
6083,13,Top 5000,Top 5000,top5000,v.,αποδεικνύομαι,be proved to be,be proved to be photo,generated
6084,13,Top 5000,Top 5000,top5000,n.,η εκδρομή,excursion,excursion photo,generated
6085,13,Top 5000,Top 5000,top5000,adj.,γενικός,general,general photo,generated
6086,13,Top 5000,Top 5000,top5000,n.,ο χαμός,mayhem,mayhem photo,generated
6087,13,Top 5000,Top 5000,top5000,v.,αποφεύγω,avoid,avoid photo,generated
6088,13,Top 5000,Top 5000,top5000,n.,η σφραγίδα,seal,seal photo,generated
6089,13,Top 5000,Top 5000,top5000,n.,το οξύ,acid,acid photo,generated
6090,13,Top 5000,Top 5000,top5000,adv.,αναμφίβολα,undeniably,undeniably photo,generated
6091,13,Top 5000,Top 5000,top5000,n.,η μπογιά,paint,paint photo,generated
6092,13,Top 5000,Top 5000,top5000,v.,τραυματίζω,wound,wound photo,generated
6093,13,Top 5000,Top 5000,top5000,adj.,δημοτικός,municipal,municipal photo,generated
6094,13,Top 5000,Top 5000,top5000,n.,το δημοτικό,primary school,primary school photo,generated
6095,13,Top 5000,Top 5000,top5000,n.,ο δίδυμος,twin,twin photo,generated
6096,13,Top 5000,Top 5000,top5000,n.,το κραγιόν,lipstick,lipstick photo,generated
6097,13,Top 5000,Top 5000,top5000,n.,η αγωνία,suspense,suspense photo,generated
6098,13,Top 5000,Top 5000,top5000,n.,η ευγένεια,politeness,politeness photo,generated
6099,13,Top 5000,Top 5000,top5000,v.,γκρινιάζω,grumble,grumble photo,generated
6100,13,Top 5000,Top 5000,top5000,n.,η γαλήνη,serenity,serenity photo,generated
6101,13,Top 5000,Top 5000,top5000,adj.,νότιος,south,south photo,generated
6102,13,Top 5000,Top 5000,top5000,n.,ο τρόμος,horror,horror photo,generated
6103,13,Top 5000,Top 5000,top5000,adj.,στενός,narrow,narrow photo,generated
6104,13,Top 5000,Top 5000,top5000,n.,ο αρραβωνιαστικός,fiancé,fiancé photo,generated
6105,13,Top 5000,Top 5000,top5000,n.,το κάρο,cart,cart photo,generated
6106,13,Top 5000,Top 5000,top5000,n.,ο υποψήφιος,candidate,candidate photo,generated
6107,13,Top 5000,Top 5000,top5000,adj.,τηγανητός,fried,fried photo,generated
6108,13,Top 5000,Top 5000,top5000,v.,καθυστερώ,am late,am late photo,generated
6109,13,Top 5000,Top 5000,top5000,v.,αρρωσταίνω,become ill,become ill photo,generated
6110,13,Top 5000,Top 5000,top5000,n.,η σύγκριση,comparison,comparison photo,generated
6111,13,Top 5000,Top 5000,top5000,adj.,ορισμένος,defined,defined photo,generated
6112,13,Top 5000,Top 5000,top5000,v.,αιμορραγώ,bleed,bleed photo,generated
6113,13,Top 5000,Top 5000,top5000,n.,η αποβάθρα,dock,dock photo,generated
6114,13,Top 5000,Top 5000,top5000,n.,η σταγόνα,drop,drop photo,generated
6115,13,Top 5000,Top 5000,top5000,n.,η συνεδρίαση,session,session photo,generated
6116,13,Top 5000,Top 5000,top5000,n.,το πιστοποιητικό,certificate,certificate photo,generated
6117,13,Top 5000,Top 5000,top5000,n.,ο Ιούλιος,July,July photo,generated
6118,13,Top 5000,Top 5000,top5000,n.,το κόκαλο,bone,bone photo,generated
6119,13,Top 5000,Top 5000,top5000,n. pl.,τα γερμανικά,German,German photo,generated
6120,13,Top 5000,Top 5000,top5000,adj.,ενωμένος,united,united photo,generated
6121,13,Top 5000,Top 5000,top5000,n.,το φαρμακείο,pharmacy,pharmacy photo,generated
6122,13,Top 5000,Top 5000,top5000,n.,το δράμα,drama,drama photo,generated
6123,13,Top 5000,Top 5000,top5000,n.,το πρόστιμο,fine,fine photo,generated
6124,13,Top 5000,Top 5000,top5000,n.,η στάχτη,the ash,,needs_review
6125,13,Top 5000,Top 5000,top5000,adj.,επιστημονικός,scientific,scientific photo,generated
6126,13,Top 5000,Top 5000,top5000,n.,ο νότος,south,south photo,generated
6127,13,Top 5000,Top 5000,top5000,n.,ο Γάλλος,French person,French person photo,generated
6128,13,Top 5000,Top 5000,top5000,n.,το κήρυγμα,sermon,sermon photo,generated
6129,13,Top 5000,Top 5000,top5000,n.,η Αυστραλία,Australia,Australia photo,generated
6130,13,Top 5000,Top 5000,top5000,n.,το νόμισμα,currency,currency photo,generated
6131,13,Top 5000,Top 5000,top5000,n.,το μοναστήρι,monastery,monastery photo,generated
6132,13,Top 5000,Top 5000,top5000,adj.,υποχρεωμένος,oblige,oblige photo,generated
6133,13,Top 5000,Top 5000,top5000,n.,η φλόγα,flame,flame photo,generated
6134,13,Top 5000,Top 5000,top5000,n.,ο Σεπτέμβριος,September,September photo,generated
6135,13,Top 5000,Top 5000,top5000,adj.,φτιαγμένος,build oneself up,build oneself up photo,generated
6136,13,Top 5000,Top 5000,top5000,v.,διώχνω,send,send photo,generated
6137,13,Top 5000,Top 5000,top5000,n.,το τουρνουά,tournament,tournament photo,generated
6138,13,Top 5000,Top 5000,top5000,n.,η χλόη,grass,grass photo,generated
6139,13,Top 5000,Top 5000,top5000,n.,το μπαχαρικό,spice,spice photo,generated
6140,13,Top 5000,Top 5000,top5000,n.,το Ισραήλ,Israel,Israel photo,generated
6141,13,Top 5000,Top 5000,top5000,adj.,ευαίσθητος,sensitive,sensitive photo,generated
6142,13,Top 5000,Top 5000,top5000,adj.,αναίσθητος,unconscious,unconscious photo,generated
6143,13,Top 5000,Top 5000,top5000,n.,η έναρξη,start,start photo,generated
6144,13,Top 5000,Top 5000,top5000,n.,το λάπτοπ,laptop,laptop photo,generated
6145,13,Top 5000,Top 5000,top5000,adv.,σαφώς,definitively,definitively photo,generated
6146,13,Top 5000,Top 5000,top5000,v.,ολοκληρώνω,complete,complete photo,generated
6147,13,Top 5000,Top 5000,top5000,adv.,τεχνικά,technical,technical photo,generated
6148,13,Top 5000,Top 5000,top5000,n.,ο σκηνοθέτης,film director,film director photo,generated
6149,13,Top 5000,Top 5000,top5000,n.,ο Ρώσος,Russian person,Russian person photo,generated
6150,13,Top 5000,Top 5000,top5000,n.,η παρέλαση,parade,parade photo,generated
6151,13,Top 5000,Top 5000,top5000,n.,η ποίηση,poetry,poetry photo,generated
6152,13,Top 5000,Top 5000,top5000,num.,έντεκα,eleven,eleven photo,generated
6153,13,Top 5000,Top 5000,top5000,n.,η επένδυση,investment,investment photo,generated
6154,13,Top 5000,Top 5000,top5000,n.,ο υπότιτλος,subtitle,subtitle photo,generated
6155,13,Top 5000,Top 5000,top5000,adj.,πολιτικός,political,political photo,generated
6156,13,Top 5000,Top 5000,top5000,n.,ο πολιτικός,politician,politician photo,generated
6157,13,Top 5000,Top 5000,top5000,n.,η επιβίωση,survival,survival photo,generated
6158,13,Top 5000,Top 5000,top5000,n.,το έντομο,insect,insect photo,override
6159,13,Top 5000,Top 5000,top5000,n.,το Σαββατόβραδο,Saturday night,Saturday night photo,generated
6160,13,Top 5000,Top 5000,top5000,n.,η περίσταση,special occasion,special occasion photo,generated
6161,13,Top 5000,Top 5000,top5000,n.,η σιγουριά,certainty,certainty photo,generated
6162,13,Top 5000,Top 5000,top5000,n.,τα χαιρετίσματα,best wishes,best wishes photo,generated
6163,13,Top 5000,Top 5000,top5000,n.,ο πρέσβης,ambassador,ambassador photo,generated
6164,13,Top 5000,Top 5000,top5000,adv.,πολιτικά,Constantinopolitan,Constantinopolitan photo,generated
6165,13,Top 5000,Top 5000,top5000,v.,απολαμβάνω,enjoy,enjoy photo,generated
6166,13,Top 5000,Top 5000,top5000,n.,η ύλη,matter,matter photo,generated
6167,13,Top 5000,Top 5000,top5000,n.,η καμπάνια,campaign,campaign photo,generated
6168,13,Top 5000,Top 5000,top5000,adj.,έκπληκτος,surprised,surprised photo,generated
6169,13,Top 5000,Top 5000,top5000,n.,η ήττα,defeat,defeat photo,generated
6170,13,Top 5000,Top 5000,top5000,n.,η επαρχία,province,province photo,generated
6171,13,Top 5000,Top 5000,top5000,n.,η χορωδία,choir,choir photo,generated
6172,13,Top 5000,Top 5000,top5000,n.,η εφαρμογή,application,application photo,generated
6173,13,Top 5000,Top 5000,top5000,n.,το τροχόσπιτο,caravan,caravan photo,generated
6174,13,Top 5000,Top 5000,top5000,n.,η έμπνευση,inspiration,inspiration photo,generated
6175,13,Top 5000,Top 5000,top5000,n.,η παρτίδα,batch,batch photo,generated
6176,13,Top 5000,Top 5000,top5000,n.,το φλιτζάνι,the cup,,needs_review
6177,13,Top 5000,Top 5000,top5000,n.,ο Αθηναίος,Athenian,Athenian photo,generated
6178,13,Top 5000,Top 5000,top5000,n.,το καρπούζι,watermelon,watermelon photo,generated
6179,13,Top 5000,Top 5000,top5000,v.,ψωνίζω,shop,shop photo,generated
6180,13,Top 5000,Top 5000,top5000,adj.,προσωρινός,temporary,temporary photo,generated
6181,13,Top 5000,Top 5000,top5000,n.,η γκαλερί,art gallery,art gallery photo,generated
6182,13,Top 5000,Top 5000,top5000,adj.,βασιλικός,basil,basil photo,generated
6183,13,Top 5000,Top 5000,top5000,n.,η δημοσιότητα,publicity,publicity photo,generated
6184,13,Top 5000,Top 5000,top5000,adv.,προσωρινά,temporary,temporary photo,generated
6185,13,Top 5000,Top 5000,top5000,v.,σχετίζομαι,to correlate to,to correlate to photo,generated
6186,13,Top 5000,Top 5000,top5000,n.,η αιωνιότητα,eternity,eternity photo,generated
6187,13,Top 5000,Top 5000,top5000,n.,το καροτσάκι,wheelchair,wheelchair photo,generated
6188,13,Top 5000,Top 5000,top5000,n.,το τσεκούρι,the axe,,needs_review
6189,13,Top 5000,Top 5000,top5000,n.,πιέζω,press,press photo,generated
6190,13,Top 5000,Top 5000,top5000,v.,απογοητεύω,disappoint,disappoint photo,generated
6191,13,Top 5000,Top 5000,top5000,n.,η μπουνιά,punch,punch photo,generated
6192,13,Top 5000,Top 5000,top5000,n.,το μικρόφωνο,microphone,microphone photo,generated
6193,13,Top 5000,Top 5000,top5000,adj.,βολικός,handy,handy photo,generated
6194,13,Top 5000,Top 5000,top5000,n.,το πρόβατο,sheep,sheep photo,generated
6195,13,Top 5000,Top 5000,top5000,n.,το ραβδί,staff,staff photo,generated
6196,13,Top 5000,Top 5000,top5000,n.,το χημικό,chemical,chemical photo,generated
6197,13,Top 5000,Top 5000,top5000,n.,η βεράντα,veranda,veranda photo,generated
6198,13,Top 5000,Top 5000,top5000,n.,ο όγκος,volume,volume photo,generated
6199,13,Top 5000,Top 5000,top5000,adv.,μακροπρόθεσμα,long-term,long-term photo,generated
6200,13,Top 5000,Top 5000,top5000,n.,η κουβεντούλα,chat,chat photo,generated
6201,13,Top 5000,Top 5000,top5000,n.,ο βιασμός,rape,rape photo,generated
6202,13,Top 5000,Top 5000,top5000,adj.,ελκυστικός,sexually attractive,sexually attractive photo,generated
6203,13,Top 5000,Top 5000,top5000,adj.,φτωχός,poor,poor photo,generated
6204,13,Top 5000,Top 5000,top5000,n.,το χωράφι,field,field photo,generated
6205,13,Top 5000,Top 5000,top5000,n.,το σαπούνι,soap,soap photo,generated
6206,13,Top 5000,Top 5000,top5000,n.,η επιδρομή,raid,raid photo,generated
6207,13,Top 5000,Top 5000,top5000,v.,απάγω,kidnap,kidnap photo,generated
6208,13,Top 5000,Top 5000,top5000,n.,ο πειρατής,pirate,pirate photo,generated
6209,13,Top 5000,Top 5000,top5000,v.,διαφημίζω,advertise,advertise photo,generated
6210,13,Top 5000,Top 5000,top5000,n.,ο καβγάς,brawl,brawl photo,generated
6211,13,Top 5000,Top 5000,top5000,v.,φυλάω,guard,guard photo,generated
6212,13,Top 5000,Top 5000,top5000,adj.,κοντινός,nearby,nearby photo,generated
6213,13,Top 5000,Top 5000,top5000,n.,η κουρτίνα,curtain,curtain photo,generated
6214,13,Top 5000,Top 5000,top5000,v.,επιζώ,survive,survive photo,generated
6215,13,Top 5000,Top 5000,top5000,n.,η μετάδοση,broadcast,broadcast photo,generated
6216,13,Top 5000,Top 5000,top5000,v.,εξετάζω,examine,examine photo,generated
6217,13,Top 5000,Top 5000,top5000,n.,το παράπονο,complaint,complaint photo,generated
6218,13,Top 5000,Top 5000,top5000,n.,το σκάκι,chess,chess photo,generated
6219,13,Top 5000,Top 5000,top5000,n.,το ρεπορτάζ,news report,news report photo,generated
6220,13,Top 5000,Top 5000,top5000,n.,η ανιψιά,niece,niece photo,generated
6221,13,Top 5000,Top 5000,top5000,n.,το σκορ,score,score photo,generated
6222,13,Top 5000,Top 5000,top5000,v.,λάμπω,shine,shine photo,generated
6223,13,Top 5000,Top 5000,top5000,v.,ερωτεύομαι,to fall in love with,to fall in love with photo,generated
6224,13,Top 5000,Top 5000,top5000,n.,η δεξαμενή,tank,tank photo,generated
6225,13,Top 5000,Top 5000,top5000,adv.,ανεξάρτητα,independently,independently photo,generated
6226,13,Top 5000,Top 5000,top5000,v.,δραπετεύω,escape,escape photo,generated
6227,13,Top 5000,Top 5000,top5000,n.,η δομή,structure,structure photo,generated
6228,13,Top 5000,Top 5000,top5000,n.,το σπιτικό,home,home photo,generated
6229,13,Top 5000,Top 5000,top5000,adv.,ξεχωριστά,separate,separate photo,generated
6230,13,Top 5000,Top 5000,top5000,n.,ο συνδυασμός,combination,combination photo,generated
6231,13,Top 5000,Top 5000,top5000,n.,το βιογραφικό,resume,resume photo,generated
6232,13,Top 5000,Top 5000,top5000,n.,το μηχάνημα,machine,machine photo,generated
6233,13,Top 5000,Top 5000,top5000,n.,ο καρπός,wrist,wrist photo,generated
6234,13,Top 5000,Top 5000,top5000,v.,τρελαίνω,madden,madden photo,generated
6235,13,Top 5000,Top 5000,top5000,n.,ο γαμπρός,bridegroom,bridegroom photo,generated
6236,13,Top 5000,Top 5000,top5000,adv.,αυτοπροσώπως,in person,in person photo,generated
6237,13,Top 5000,Top 5000,top5000,n.,η δυστυχία,unhappiness,unhappiness photo,generated
6238,13,Top 5000,Top 5000,top5000,adj.,κρίσιμος,critical,critical photo,generated
6239,13,Top 5000,Top 5000,top5000,adj.,ενθουσιώδης,enthusiastic,enthusiastic photo,generated
6240,13,Top 5000,Top 5000,top5000,n.,η απουσία,absence,absence photo,generated
6241,13,Top 5000,Top 5000,top5000,v.,ξαναγίνομαι,happen again,happen again photo,generated
6242,13,Top 5000,Top 5000,top5000,adj.,πορτοκαλί,orange,orange photo,generated
6243,13,Top 5000,Top 5000,top5000,adv.,νομικά,pertaining to law,pertaining to law photo,generated
6244,13,Top 5000,Top 5000,top5000,n.,ο συνάδελφος,colleague,colleague photo,generated
6245,13,Top 5000,Top 5000,top5000,v.,διασκεδάζω,have fun,have fun photo,generated
6246,13,Top 5000,Top 5000,top5000,v.,εκπλήσσω,surprise,surprise photo,generated
6247,13,Top 5000,Top 5000,top5000,n.,η θήκη,case,case photo,generated
6248,13,Top 5000,Top 5000,top5000,v.,δυσκολεύομαι,made difficult,made difficult photo,generated
6249,13,Top 5000,Top 5000,top5000,n.,το κορόιδο,fool,fool photo,generated
6250,13,Top 5000,Top 5000,top5000,v.,υποστηρίζω,support,support photo,generated
6251,13,Top 5000,Top 5000,top5000,n.,ο πόρος,resource,resource photo,generated
6252,13,Top 5000,Top 5000,top5000,n.,η σύγχυση,confusion,confusion photo,generated
6253,13,Top 5000,Top 5000,top5000,adv.,βιαστικά,hurried,hurried photo,generated
6254,13,Top 5000,Top 5000,top5000,n.,η απογοήτευση,disappointment,disappointment photo,generated
6255,13,Top 5000,Top 5000,top5000,n.,το απόσπασμα,extract,extract photo,generated
6256,13,Top 5000,Top 5000,top5000,n.,το φράγμα,barrier,barrier photo,generated
6257,13,Top 5000,Top 5000,top5000,n.,το γύρισμα,turn,turn photo,generated
6258,13,Top 5000,Top 5000,top5000,n.,η επέτειος,anniversary,anniversary photo,generated
6259,13,Top 5000,Top 5000,top5000,adv.,κατάλληλα,appropriate,appropriate photo,generated
6260,13,Top 5000,Top 5000,top5000,adj.,αθλητικός,athletic,athletic photo,generated
6261,13,Top 5000,Top 5000,top5000,n.,η περηφάνια,pride,pride photo,generated
6262,13,Top 5000,Top 5000,top5000,n.,ο κάτοικος,resident,resident photo,generated
6263,13,Top 5000,Top 5000,top5000,v.,διαφωνώ,disagree,disagree photo,generated
6264,13,Top 5000,Top 5000,top5000,n.,η φούστα,skirt,skirt photo,generated
6265,13,Top 5000,Top 5000,top5000,adj.,ιδανικός,ideal,ideal photo,generated
6266,13,Top 5000,Top 5000,top5000,n.,το σκουλήκι,worm,worm photo,generated
6267,13,Top 5000,Top 5000,top5000,n.,ο αντιπρόεδρος,vice-president,vice-president photo,generated
6268,13,Top 5000,Top 5000,top5000,v.,απομονώνομαι,withdraw,withdraw photo,generated
6269,13,Top 5000,Top 5000,top5000,n.,η διατροφή,diet,diet photo,generated
6270,13,Top 5000,Top 5000,top5000,n.,το στρες,stress,stress photo,generated
6271,13,Top 5000,Top 5000,top5000,n.,η μέλισσα,the bee,,needs_review
6272,13,Top 5000,Top 5000,top5000,n.,το εξώφυλλο,book cover,book cover photo,generated
6273,13,Top 5000,Top 5000,top5000,v.,παρέχω,give,give photo,generated
6274,13,Top 5000,Top 5000,top5000,n.,το τριαντάφυλλο,rose,rose photo,generated
6275,13,Top 5000,Top 5000,top5000,n.,η φλέβα,vein,vein photo,generated
6276,13,Top 5000,Top 5000,top5000,v.,παλεύω,fight,fight photo,generated
6277,13,Top 5000,Top 5000,top5000,n.,η εισαγωγή,introduction,introduction photo,generated
6278,13,Top 5000,Top 5000,top5000,v.,φιλοξενώ,accommodate,accommodate photo,generated
6279,13,Top 5000,Top 5000,top5000,n.,το μπάχαλο,shambles,shambles photo,generated
6280,13,Top 5000,Top 5000,top5000,adj.,αφελής,naive,naive photo,generated
6281,13,Top 5000,Top 5000,top5000,v.,διδάσκω,teach,teach photo,generated
6282,13,Top 5000,Top 5000,top5000,adj.,μουσικός,musical,musical photo,generated
6283,13,Top 5000,Top 5000,top5000,n.,ο μουσικός,musician,musician photo,generated
6284,13,Top 5000,Top 5000,top5000,n.,ο χειριστής,operator,operator photo,generated
6285,13,Top 5000,Top 5000,top5000,v.,γαμάω,fuck,fuck photo,generated
6286,13,Top 5000,Top 5000,top5000,n.,ο αχυρώνας,barn,barn photo,generated
6287,13,Top 5000,Top 5000,top5000,n.,η πρωτεύουσα,capital,capital photo,generated
6288,13,Top 5000,Top 5000,top5000,n.,το ματς,match,match photo,generated
6289,13,Top 5000,Top 5000,top5000,n.,το ελάφι,deer,deer photo,generated
6290,13,Top 5000,Top 5000,top5000,n.,η δημοπρασία,auction,auction photo,generated
6291,13,Top 5000,Top 5000,top5000,n.,το ον,being,being photo,generated
6292,13,Top 5000,Top 5000,top5000,v.,απορώ,be puzzled,be puzzled photo,generated
6293,13,Top 5000,Top 5000,top5000,n.,το ράφι,shelf,shelf photo,generated
6294,13,Top 5000,Top 5000,top5000,adj.,γοητευτικός,handsome,handsome photo,generated
6295,13,Top 5000,Top 5000,top5000,v.,ξεπληρώνω,pay back,pay back photo,generated
6296,13,Top 5000,Top 5000,top5000,n.,η γυμναστική,gymnastics,gymnastics photo,generated
6297,13,Top 5000,Top 5000,top5000,interj.,καλωσήρθες,welcome ^†,welcome ^† photo,generated
6298,13,Top 5000,Top 5000,top5000,n.,η διάσταση,dimension,dimension photo,generated
6299,13,Top 5000,Top 5000,top5000,n.,ο στόλος,fleet,fleet photo,generated
6300,13,Top 5000,Top 5000,top5000,n.,θηλυκός,female,female photo,generated
6301,13,Top 5000,Top 5000,top5000,n.,ο πόλος,pole,pole photo,generated
6302,13,Top 5000,Top 5000,top5000,n.,η επίπτωση,repercussion,repercussion photo,generated
6303,13,Top 5000,Top 5000,top5000,n.,ο δράκος,dragon,dragon photo,generated
6304,13,Top 5000,Top 5000,top5000,n.,η συνωμοσία,conspiracy,conspiracy photo,generated
6305,13,Top 5000,Top 5000,top5000,n.,ο ψυχίατρος,psychiatrist,psychiatrist photo,generated
6306,13,Top 5000,Top 5000,top5000,n.,το λίπος,the fat,,needs_review
6307,13,Top 5000,Top 5000,top5000,adj.,εξοχικός,rural,rural photo,generated
6308,13,Top 5000,Top 5000,top5000,adj.,ανατριχιαστικός,terrifying,terrifying photo,generated
6309,13,Top 5000,Top 5000,top5000,adj.,αυτόματος,automatic,automatic photo,generated
6310,13,Top 5000,Top 5000,top5000,adj.,ικανοποιημένος,satisfied,satisfied photo,generated
6311,13,Top 5000,Top 5000,top5000,n.,η διάγνωση,diagnosis,diagnosis photo,generated
6312,13,Top 5000,Top 5000,top5000,n.,το μολύβι,pencil,pencil photo,generated
6313,13,Top 5000,Top 5000,top5000,n.,το πεζοδρόμιο,pavement,pavement photo,generated
6314,13,Top 5000,Top 5000,top5000,adj.,ελάχιστος,least,least photo,generated
6315,13,Top 5000,Top 5000,top5000,n.,η μέθοδος,method,method photo,generated
6316,13,Top 5000,Top 5000,top5000,n.,η έκπτωση,discount,discount photo,generated
6317,13,Top 5000,Top 5000,top5000,n.,το σφάλμα,error,error photo,generated
6318,13,Top 5000,Top 5000,top5000,adj.,διαθέσιμος,available,available photo,generated
6319,13,Top 5000,Top 5000,top5000,v.,οργανώνω,organise,organise photo,generated
6320,13,Top 5000,Top 5000,top5000,n.,η μάζα,mass,mass photo,generated
6321,13,Top 5000,Top 5000,top5000,adj.,πνευματικός,mental,mental photo,generated
6322,13,Top 5000,Top 5000,top5000,n.,η λύπη,sadness,sadness photo,generated
6323,13,Top 5000,Top 5000,top5000,adj.,πυρηνικός,nuclear,nuclear photo,generated
6324,13,Top 5000,Top 5000,top5000,n.,ο πολιτισμός,civilisation,civilisation photo,generated
6325,13,Top 5000,Top 5000,top5000,v.,καταρρέω,collapse,collapse photo,generated
6326,13,Top 5000,Top 5000,top5000,n.,το φθινόπωρο,autumn,autumn photo,generated
6327,13,Top 5000,Top 5000,top5000,n.,ο χορευτής,dancer,dancer photo,generated
6328,13,Top 5000,Top 5000,top5000,v.,συνέρχομαι,recover,recover photo,generated
6329,13,Top 5000,Top 5000,top5000,adj.,αναγκαίος,necessary,necessary photo,generated
6330,13,Top 5000,Top 5000,top5000,adj.,φιλικός,friendly,friendly photo,generated
6331,13,Top 5000,Top 5000,top5000,adv.,νόμιμα,legal,legal photo,generated
6332,13,Top 5000,Top 5000,top5000,n.,η ακτινοβολία,radiance,radiance photo,generated
6333,13,Top 5000,Top 5000,top5000,v.,απέχω,be distant from,be distant from photo,generated
6334,13,Top 5000,Top 5000,top5000,n.,η δίαιτα,diet,diet photo,generated
6335,13,Top 5000,Top 5000,top5000,adj.,φανερός,overt,overt photo,generated
6336,13,Top 5000,Top 5000,top5000,adv.,άσχετα,Nominative,Nominative photo,generated
6337,13,Top 5000,Top 5000,top5000,v.,ξερνάω,vomit,vomit photo,generated
6338,13,Top 5000,Top 5000,top5000,n.,το προνόμιο,privilege,privilege photo,generated
6339,13,Top 5000,Top 5000,top5000,n.,η υποδοχή,reception,reception photo,generated
6340,13,Top 5000,Top 5000,top5000,adv.,εσωτερικά,Nominative,Nominative photo,generated
6341,13,Top 5000,Top 5000,top5000,n.,η παρατήρηση,observation,observation photo,generated
6342,13,Top 5000,Top 5000,top5000,n.,το συμφέρον,best interest,best interest photo,generated
6343,13,Top 5000,Top 5000,top5000,n.,το ταβάνι,ceiling,ceiling photo,generated
6344,13,Top 5000,Top 5000,top5000,n.,η όψη,aspect,aspect photo,generated
6345,13,Top 5000,Top 5000,top5000,n.,το καράβι,ship,ship photo,generated
6346,13,Top 5000,Top 5000,top5000,adj.,σωματικός,physical,physical photo,generated
6347,13,Top 5000,Top 5000,top5000,adv.,ελαφρά,lightly,lightly photo,generated
6348,13,Top 5000,Top 5000,top5000,v.,γλιτώνω,get away from,get away from photo,generated
6349,13,Top 5000,Top 5000,top5000,n.,ο Γερμανός,German person,German person photo,generated
6350,13,Top 5000,Top 5000,top5000,adj.,αμερικάνικος,American,American photo,generated
6351,13,Top 5000,Top 5000,top5000,n.,ο Πάπας,Pope,Pope photo,generated
6352,13,Top 5000,Top 5000,top5000,n.,ζωολογικός,zoological,zoological photo,generated
6353,13,Top 5000,Top 5000,top5000,conj.,προκειμένου,in order to,in order to photo,generated
6354,13,Top 5000,Top 5000,top5000,n.,τα στρατεύματα,troops,troops photo,generated
6355,13,Top 5000,Top 5000,top5000,n.,ο προορισμός,destination,destination photo,generated
6356,13,Top 5000,Top 5000,top5000,n.,το παλικάρι,young man,young man photo,generated
6357,13,Top 5000,Top 5000,top5000,adj.,λεπτός,thin,thin photo,generated
6358,13,Top 5000,Top 5000,top5000,adj.,μπλεγμένος,tangled,tangled photo,generated
6359,13,Top 5000,Top 5000,top5000,n.,η πόρνη,prostitute,prostitute photo,generated
6360,13,Top 5000,Top 5000,top5000,n.,το κόψιμο,cutting,cutting photo,generated
6361,13,Top 5000,Top 5000,top5000,n.,η ναυτία,nausea,nausea photo,generated
6362,13,Top 5000,Top 5000,top5000,n.,το κελάρι,cellar,cellar photo,generated
6363,13,Top 5000,Top 5000,top5000,n.,η απεργία,strike,strike photo,generated
6364,13,Top 5000,Top 5000,top5000,n.,το φρούριο,fort,fort photo,generated
6365,13,Top 5000,Top 5000,top5000,n.,το καλαμπόκι,corn,corn photo,generated
6366,13,Top 5000,Top 5000,top5000,n.,η ουλή,scar,scar photo,generated
6367,13,Top 5000,Top 5000,top5000,n.,το μοτίβο,pattern,pattern photo,generated
6368,13,Top 5000,Top 5000,top5000,adv.,σωματικά,physical,physical photo,generated
6369,13,Top 5000,Top 5000,top5000,v.,ξοδεύω,spend,spend photo,generated
6370,13,Top 5000,Top 5000,top5000,n.,η ειρωνεία,irony,irony photo,generated
6371,13,Top 5000,Top 5000,top5000,n.,το ενοίκιο,rent,rent photo,generated
6372,13,Top 5000,Top 5000,top5000,n.,ο πρωθυπουργός,prime minister,prime minister photo,generated
6373,13,Top 5000,Top 5000,top5000,adv.,αυτόματα,automatic,automatic photo,generated
6374,13,Top 5000,Top 5000,top5000,n.,η κλίμακα,scale,scale photo,generated
6375,13,Top 5000,Top 5000,top5000,n.,το βενζινάδικο,petrol station,petrol station photo,generated
6376,13,Top 5000,Top 5000,top5000,n.,ο πωλητής,seller,seller photo,generated
6377,13,Top 5000,Top 5000,top5000,n.,η διάνοια,genius,genius photo,generated
6378,13,Top 5000,Top 5000,top5000,v.,βολεύω,arrange,arrange photo,generated
6379,13,Top 5000,Top 5000,top5000,n.,ο κυνηγός,hunter,hunter photo,generated
6380,13,Top 5000,Top 5000,top5000,n.,η εγκατάσταση,installation,installation photo,generated
6381,13,Top 5000,Top 5000,top5000,adj.,μόνιμος,regular,regular photo,generated
6382,13,Top 5000,Top 5000,top5000,n.,το όφελος,sake,sake photo,generated
6383,13,Top 5000,Top 5000,top5000,n.,το περιθώριο,margin,margin photo,generated
6384,13,Top 5000,Top 5000,top5000,adj.,αυθεντικός,genuine,genuine photo,generated
6385,13,Top 5000,Top 5000,top5000,n.,το μπαλκόνι,balcony,balcony photo,generated
6386,13,Top 5000,Top 5000,top5000,n.,η σωτηρία,salvation,salvation photo,generated
6387,13,Top 5000,Top 5000,top5000,n.,το εξάμηνο,semester,semester photo,generated
6388,13,Top 5000,Top 5000,top5000,n.,ο ιστός,the web,,needs_review
6389,13,Top 5000,Top 5000,top5000,n.,η συνομιλία,discourse,discourse photo,generated
6390,13,Top 5000,Top 5000,top5000,n. pl.,οι μπούρδες,nonsense,nonsense photo,generated
6391,13,Top 5000,Top 5000,top5000,n.,το κούρεμα,haircut,haircut photo,generated
6392,13,Top 5000,Top 5000,top5000,v.,εμπλέκομαι,get involved in,get involved in photo,generated
6393,13,Top 5000,Top 5000,top5000,adj.,νυκτερινός,night,night photo,generated
6394,13,Top 5000,Top 5000,top5000,n.,η αλεπού,the fox,,needs_review
6395,13,Top 5000,Top 5000,top5000,n.,το πηγάδι,well,well photo,generated
6396,13,Top 5000,Top 5000,top5000,n.,ο καρχαρίας,shark,shark photo,generated
6397,13,Top 5000,Top 5000,top5000,v.,συνοδεύω,accompany,accompany photo,generated
6398,13,Top 5000,Top 5000,top5000,n.,το τζαμί,mosque,mosque photo,generated
6399,13,Top 5000,Top 5000,top5000,n.,ο Θεσσαλονικιός,Thessalonikian,Thessalonikian photo,generated
6400,13,Top 5000,Top 5000,top5000,adj.,χαλασμένος,rancid,rancid photo,generated
6401,13,Top 5000,Top 5000,top5000,n.,η βιτρίνα,showcase,showcase photo,generated
6402,13,Top 5000,Top 5000,top5000,n.,η στεριά,dry land,dry land photo,generated
6403,13,Top 5000,Top 5000,top5000,n.,το αεροσκάφος,aircraft,aircraft photo,generated
6404,13,Top 5000,Top 5000,top5000,v.,κρέμομαι,dangle,dangle photo,generated
6405,13,Top 5000,Top 5000,top5000,n.,το ρόπαλο,club,club photo,generated
6406,13,Top 5000,Top 5000,top5000,n.,η σελήνη,moon,moon photo,generated
6407,13,Top 5000,Top 5000,top5000,n.,η προοπτική,prospect,prospect photo,generated
6408,13,Top 5000,Top 5000,top5000,n.,το μέταλλο,metal,metal photo,generated
6409,13,Top 5000,Top 5000,top5000,n. pl.,τα δημητριακά,grain,grain photo,generated
6410,13,Top 5000,Top 5000,top5000,adv.,φτηνά,cheap,cheap photo,generated
6411,13,Top 5000,Top 5000,top5000,n.,το γκάζι,accelerator,accelerator photo,generated
6412,13,Top 5000,Top 5000,top5000,adj.,πρωινός,morning,morning photo,generated
6413,13,Top 5000,Top 5000,top5000,n.,η Βρετανία,Britain,Britain photo,generated
6414,13,Top 5000,Top 5000,top5000,n.,η διαπραγμάτευση,negotiation,negotiation photo,generated
6415,13,Top 5000,Top 5000,top5000,v.,φοβίζω,browbeat,browbeat photo,generated
6416,13,Top 5000,Top 5000,top5000,n.,το αρνί,lamb,lamb photo,generated
6417,13,Top 5000,Top 5000,top5000,n.,ο χριστιανός,Christian,Christian photo,generated
6418,13,Top 5000,Top 5000,top5000,v.,κατοικώ,inhabit,inhabit photo,generated
6419,13,Top 5000,Top 5000,top5000,n.,ο νησιώτης,islander,islander photo,generated
6420,13,Top 5000,Top 5000,top5000,prep.,συμπεριλαμβανομένου,including,including photo,generated
6421,13,Top 5000,Top 5000,top5000,n.,η χημεία,chemistry,chemistry photo,generated
6422,13,Top 5000,Top 5000,top5000,adj.,ανήσυχος,worried,worried photo,generated
6423,13,Top 5000,Top 5000,top5000,n.,ο Άγγλος,English person,English person photo,generated
6424,13,Top 5000,Top 5000,top5000,n.,η δέσμευση,commitment,commitment photo,generated
6425,13,Top 5000,Top 5000,top5000,n.,το ηλιοβασίλεμα,sunset,sunset photo,generated
6426,13,Top 5000,Top 5000,top5000,n.,το θέλημα,chore,chore photo,generated
6427,13,Top 5000,Top 5000,top5000,n.,το καρύδι,walnut,walnut photo,generated
6428,13,Top 5000,Top 5000,top5000,n.,το τζάμι,mosque,mosque photo,generated
6429,13,Top 5000,Top 5000,top5000,n.,η μήτρα,womb,womb photo,generated
6430,13,Top 5000,Top 5000,top5000,n.,η ψηφοφορία,voting,voting photo,generated
6431,13,Top 5000,Top 5000,top5000,n.,η τραπεζαρία,dining room,dining room photo,generated
6432,13,Top 5000,Top 5000,top5000,adj.,κλεμμένος,stolen,stolen photo,generated
6433,13,Top 5000,Top 5000,top5000,n.,η αποζημίωση,compensation,compensation photo,generated
6434,13,Top 5000,Top 5000,top5000,n.,το κλίμα,climate,climate photo,generated
6435,13,Top 5000,Top 5000,top5000,v.,κατανοώ,understand,understand photo,generated
6436,13,Top 5000,Top 5000,top5000,n.,η ρόμπα,robe,robe photo,generated
6437,13,Top 5000,Top 5000,top5000,adj.,δυναμικός,dynamic,dynamic photo,generated
6438,13,Top 5000,Top 5000,top5000,v.,ο ποταμός,river,river photo,generated
6439,13,Top 5000,Top 5000,top5000,v.,ευθύνομαι,am responsible for,am responsible for photo,generated
6440,13,Top 5000,Top 5000,top5000,v.,ανάβω,light,light photo,generated
6441,13,Top 5000,Top 5000,top5000,adj.,αγχωμένος,stressed,stressed photo,generated
6442,13,Top 5000,Top 5000,top5000,n.,το καθάρισμα,cleaning,cleaning photo,generated
6443,13,Top 5000,Top 5000,top5000,n.,η γρίπη,influenza,influenza photo,generated
6444,13,Top 5000,Top 5000,top5000,n.,το βαρέλι,barrel,barrel photo,generated
6445,13,Top 5000,Top 5000,top5000,n.,η εξέγερση,riot,riot photo,generated
6446,13,Top 5000,Top 5000,top5000,adj.,λαμπρός,bright,bright photo,generated
6447,13,Top 5000,Top 5000,top5000,adj.,απελπισμένος,in despair,in despair photo,generated
6448,13,Top 5000,Top 5000,top5000,n.,το πυροτέχνημα,firework,firework photo,generated
6449,13,Top 5000,Top 5000,top5000,n.,το κύπελλο,goblet,goblet photo,generated
6450,13,Top 5000,Top 5000,top5000,n.,η προσγείωση,landing,landing photo,generated
6451,13,Top 5000,Top 5000,top5000,n. pl.,οι σπουδές,studies,studies photo,generated
6452,13,Top 5000,Top 5000,top5000,v.,προσποιούμαι,pretend,pretend photo,generated
6453,13,Top 5000,Top 5000,top5000,v.,στήνω,I set up,,needs_review
6454,13,Top 5000,Top 5000,top5000,adj.,ελαφρύς,light,light photo,generated
6455,13,Top 5000,Top 5000,top5000,n.,η φιλοσοφία,philosophy,philosophy photo,generated
6456,13,Top 5000,Top 5000,top5000,n.,το κουνέλι,rabbit,rabbit photo,generated
6457,13,Top 5000,Top 5000,top5000,v.,πνίγομαι,drown,drown photo,generated
6458,13,Top 5000,Top 5000,top5000,n.,η κατοικία,residence,residence photo,generated
6459,13,Top 5000,Top 5000,top5000,v.,γιατρεύω,cure,cure photo,generated
6460,13,Top 5000,Top 5000,top5000,adj.,ανώτερος,higher,higher photo,generated
6461,13,Top 5000,Top 5000,top5000,n.,το εγγόνι,grandchild,grandchild photo,generated
6462,13,Top 5000,Top 5000,top5000,n.,το κτήμα,estate,estate photo,generated
6463,13,Top 5000,Top 5000,top5000,n.,ο πειρασμός,temptation,temptation photo,generated
6464,13,Top 5000,Top 5000,top5000,adj.,εγωιστής,selfish,selfish photo,generated
6465,13,Top 5000,Top 5000,top5000,n.,ο υπνάκος,snooze,snooze photo,generated
6466,13,Top 5000,Top 5000,top5000,n.,η λαβή,handle,handle photo,generated
6467,13,Top 5000,Top 5000,top5000,n.,η αυτοάμυνα,self-defense,self-defense photo,generated
6468,13,Top 5000,Top 5000,top5000,n.,η πανοπλία,armour,armour photo,generated
6469,13,Top 5000,Top 5000,top5000,n.,το μακιγιάζ,make-up,make-up photo,generated
6470,13,Top 5000,Top 5000,top5000,adj.,κλασικός,classical,classical photo,generated
6471,13,Top 5000,Top 5000,top5000,adv.,απεγνωσμένα,desperately,desperately photo,generated
6472,13,Top 5000,Top 5000,top5000,v.,διευθύνω,manage,manage photo,generated
6473,13,Top 5000,Top 5000,top5000,n.,η πρωτοβουλία,initiative,initiative photo,generated
6474,13,Top 5000,Top 5000,top5000,n.,η προσδοκία,expectation,expectation photo,generated
6475,13,Top 5000,Top 5000,top5000,n.,η βρώμα,dirtiness,dirtiness photo,generated
6476,13,Top 5000,Top 5000,top5000,n.,η ανωμαλία,anomaly,anomaly photo,generated
6477,13,Top 5000,Top 5000,top5000,v.,απολογούμαι,defend oneself,defend oneself photo,generated
6478,13,Top 5000,Top 5000,top5000,adj.,πικρός,bitter,bitter photo,generated
6479,13,Top 5000,Top 5000,top5000,n.,ο ζήλος,zeal,zeal photo,generated
6480,13,Top 5000,Top 5000,top5000,n.,η καραμέλα,sweet,sweet photo,generated
6481,13,Top 5000,Top 5000,top5000,adj.,ευγενής,polite,polite photo,generated
6482,13,Top 5000,Top 5000,top5000,n.,η διαμάχη,dispute,dispute photo,generated
6483,13,Top 5000,Top 5000,top5000,n.,η ορχήστρα,orchestra,orchestra photo,generated
6484,13,Top 5000,Top 5000,top5000,n.,το περπάτημα,walking,walking photo,generated
6485,13,Top 5000,Top 5000,top5000,adv.,ειρηνικά,peacefully,peacefully photo,generated
6486,13,Top 5000,Top 5000,top5000,adj.,ασήμαντος,trivial,trivial photo,generated
6487,13,Top 5000,Top 5000,top5000,n.,η Ελβετία,Switzerland,Switzerland photo,generated
6488,13,Top 5000,Top 5000,top5000,adv.,θεωρητικά,theoretical,theoretical photo,generated
6489,13,Top 5000,Top 5000,top5000,adv.,θετικά,reliable,reliable photo,generated
6490,13,Top 5000,Top 5000,top5000,v.,παρατηρώ,observe,observe photo,generated
6491,13,Top 5000,Top 5000,top5000,n.,δηλώνω,profess,profess photo,generated
6492,13,Top 5000,Top 5000,top5000,v.,υφίσταμαι,suffer,suffer photo,generated
6493,13,Top 5000,Top 5000,top5000,n.,το δημαρχείο,town hall,town hall photo,generated
6494,13,Top 5000,Top 5000,top5000,adv.,άκρως,extremely,extremely photo,generated
6495,13,Top 5000,Top 5000,top5000,adj.,μοναχικός,lonely,lonely photo,generated
6496,13,Top 5000,Top 5000,top5000,adj.,δυστυχισμένος,unhappy,unhappy photo,generated
6497,13,Top 5000,Top 5000,top5000,n.,η φαντασίωση,fantasy,fantasy photo,generated
6498,13,Top 5000,Top 5000,top5000,v.,αντικαθιστώ,replace,replace photo,generated
6499,13,Top 5000,Top 5000,top5000,adj.,λυπημένος,sorrowful,sorrowful photo,generated
6500,13,Top 5000,Top 5000,top5000,n.,το μαγιό,swimsuit,swimsuit photo,generated
6501,13,Top 5000,Top 5000,top5000,n.,το ψαλίδι,scissors,scissors photo,generated
6502,13,Top 5000,Top 5000,top5000,v.,ουρλιάζω,yell,yell photo,generated
6503,13,Top 5000,Top 5000,top5000,n.,ο ενθουσιασμός,excitement,excitement photo,generated
6504,13,Top 5000,Top 5000,top5000,n.,το μελάνι,the ink,,needs_review
6505,13,Top 5000,Top 5000,top5000,n. / int.,η ατυχία,setback,setback photo,generated
6506,13,Top 5000,Top 5000,top5000,n.,η ανάπαυση,rest,rest photo,generated
6507,13,Top 5000,Top 5000,top5000,n.,ο Ιούνιος,June,June photo,generated
6508,13,Top 5000,Top 5000,top5000,v.,διαρκώ,endure,endure photo,generated
6509,13,Top 5000,Top 5000,top5000,adj.,μυστήριος,mysterious,mysterious photo,generated
6510,13,Top 5000,Top 5000,top5000,adj.,πολύπλοκος,complex,complex photo,generated
6511,13,Top 5000,Top 5000,top5000,n.,ο ανιψιός,nephew,nephew photo,generated
6512,13,Top 5000,Top 5000,top5000,n.,ο σκλάβος,slave,slave photo,generated
6513,13,Top 5000,Top 5000,top5000,v.,αντιπροσωπεύω,represent,represent photo,generated
6514,13,Top 5000,Top 5000,top5000,n.,η αποικία,colony,colony photo,generated
6515,13,Top 5000,Top 5000,top5000,adj.,διπλανός,next,next photo,generated
6516,13,Top 5000,Top 5000,top5000,n.,η διαφωνία,argument,argument photo,generated
6517,13,Top 5000,Top 5000,top5000,n.,το φιλοδώρημα,gratuity,gratuity photo,generated
6518,13,Top 5000,Top 5000,top5000,n.,ο οπαδός,follower,follower photo,generated
6519,13,Top 5000,Top 5000,top5000,adj.,αντίστοιχος,corresponding,corresponding photo,generated
6520,13,Top 5000,Top 5000,top5000,n.,ο άγιος,saint,saint photo,generated
6521,13,Top 5000,Top 5000,top5000,n.,η ετυμηγορία,verdict,verdict photo,generated
6522,13,Top 5000,Top 5000,top5000,n.,η πειθαρχία,discipline,discipline photo,generated
6523,13,Top 5000,Top 5000,top5000,v.,διαφέρω,differ,differ photo,generated
6524,13,Top 5000,Top 5000,top5000,n.,το εμπόρευμα,goods,goods photo,generated
6525,13,Top 5000,Top 5000,top5000,n.,ο Ιάπωνας,Japanese person,Japanese person photo,generated
6526,13,Top 5000,Top 5000,top5000,adj.,χαρακτηριστικός,characteristic,characteristic photo,generated
6527,13,Top 5000,Top 5000,top5000,n.,το πήδημα,jump,jump photo,generated
6528,13,Top 5000,Top 5000,top5000,n.,ο πύργος,tower,tower photo,generated
6529,13,Top 5000,Top 5000,top5000,adv.,αυστηρά,strict,strict photo,generated
6530,13,Top 5000,Top 5000,top5000,n.,η εγκυμοσύνη,pregnancy,pregnancy photo,generated
6531,13,Top 5000,Top 5000,top5000,adj.,διεθνής,international,international photo,generated
6532,13,Top 5000,Top 5000,top5000,v.,προσθέτω,"add, append, extend",,needs_review
6533,13,Top 5000,Top 5000,top5000,n.,το χοιρινό,pork,pork photo,generated
6534,13,Top 5000,Top 5000,top5000,n.,το θηρίο,hulk,hulk photo,generated
6535,13,Top 5000,Top 5000,top5000,v.,χειροτερεύω,get worse,get worse photo,generated
6536,13,Top 5000,Top 5000,top5000,v.,επιβεβαιώνω,confirm,confirm photo,generated
6537,13,Top 5000,Top 5000,top5000,adj.,άνετος,comfortable,comfortable photo,generated
6538,13,Top 5000,Top 5000,top5000,n.,το κλάμα,crying,crying photo,generated
6539,13,Top 5000,Top 5000,top5000,adj.,μεσογειακός,Mediterranean,Mediterranean photo,generated
6540,13,Top 5000,Top 5000,top5000,n.,η παρηγοριά,consolation,consolation photo,generated
6541,13,Top 5000,Top 5000,top5000,n.,το ενδεχόμενο,possibility,possibility photo,generated
6542,13,Top 5000,Top 5000,top5000,n.,η μύγα,the fly,,needs_review
6543,13,Top 5000,Top 5000,top5000,n.,το αδίκημα,misdeed,misdeed photo,generated
6544,13,Top 5000,Top 5000,top5000,adv.,συνεπώς,thus,thus photo,generated
6545,13,Top 5000,Top 5000,top5000,n.,η γέννηση,the birth,,needs_review
6546,13,Top 5000,Top 5000,top5000,n.,η περούκα,the wig,,needs_review
6547,13,Top 5000,Top 5000,top5000,n.,η αράχνη,spider,spider photo,generated
6548,13,Top 5000,Top 5000,top5000,n.,η κραυγή,scream,scream photo,generated
6549,13,Top 5000,Top 5000,top5000,n.,ο πνεύμονας,lung,lung photo,generated
6550,13,Top 5000,Top 5000,top5000,n.,η ψευδαίσθηση,illusion,illusion photo,generated
6551,13,Top 5000,Top 5000,top5000,n.,η πυρκαγιά,blaze,blaze photo,generated
6552,13,Top 5000,Top 5000,top5000,adj.,δεμένος,tied,tied photo,generated
6553,13,Top 5000,Top 5000,top5000,n.,το ινστιτούτο,institute,institute photo,generated
6554,13,Top 5000,Top 5000,top5000,n.,το ατσάλι,steel,steel photo,generated
6555,13,Top 5000,Top 5000,top5000,v.,μαγειρεύω,cook,cook photo,generated
6556,13,Top 5000,Top 5000,top5000,n.,το λεμόνι,lemon,lemon photo,generated
6557,13,Top 5000,Top 5000,top5000,n.,φωτογραφικός,photographic,photographic photo,generated
6558,13,Top 5000,Top 5000,top5000,n.,η μπανάνα,banana,banana photo,generated
6559,13,Top 5000,Top 5000,top5000,n.,ο αγρότης,farmer,farmer photo,generated
6560,13,Top 5000,Top 5000,top5000,n.,ο Κινέζος,Chinese person,Chinese person photo,generated
6561,13,Top 5000,Top 5000,top5000,v.,παράγω,produce,produce photo,generated
6562,13,Top 5000,Top 5000,top5000,n.,η προφητεία,prophecy,prophecy photo,generated
6563,13,Top 5000,Top 5000,top5000,n.,η απόλαυση,enjoyment,enjoyment photo,generated
6564,13,Top 5000,Top 5000,top5000,n.,η αναστάτωση,uproar,uproar photo,generated
6565,13,Top 5000,Top 5000,top5000,v.,επισκέπτομαι,visit,visit photo,generated
6566,13,Top 5000,Top 5000,top5000,n.,η ψήφος,vote,vote photo,generated
6567,13,Top 5000,Top 5000,top5000,v.,σπαταλάω,waste,waste photo,generated
6568,13,Top 5000,Top 5000,top5000,adj.,αποκλειστικός,exclusive,exclusive photo,generated
6569,13,Top 5000,Top 5000,top5000,v.,συμμετέχω,participate,participate photo,generated
6570,13,Top 5000,Top 5000,top5000,n.,ο κουβάς,bucket,bucket photo,generated
6571,13,Top 5000,Top 5000,top5000,adj.,μυστηριώδης,mysterious,mysterious photo,generated
6572,13,Top 5000,Top 5000,top5000,n.,η προετοιμασία,preparation,preparation photo,generated
6573,13,Top 5000,Top 5000,top5000,n.,η ικανοποίηση,satisfaction,satisfaction photo,generated
6574,13,Top 5000,Top 5000,top5000,n.,η γέννα,childbirth,childbirth photo,generated
6575,13,Top 5000,Top 5000,top5000,adj.,υπόγειος,underground,underground photo,generated
6576,13,Top 5000,Top 5000,top5000,adj.,ανίκανος,incompetent,incompetent photo,generated
6577,13,Top 5000,Top 5000,top5000,adv.,επαγγελματικά,professional,professional photo,generated
6578,13,Top 5000,Top 5000,top5000,adj.,χαλαρωτικός,relaxing,relaxing photo,generated
6579,13,Top 5000,Top 5000,top5000,adj.,φιλόξενος,hospitable,hospitable photo,generated
6580,13,Top 5000,Top 5000,top5000,n.,ο κρατούμενος,prisoner,prisoner photo,generated
6581,13,Top 5000,Top 5000,top5000,n.,το κιβώτιο,crate,crate photo,generated
6582,13,Top 5000,Top 5000,top5000,n.,το γιλέκο,waistcoat,waistcoat photo,generated
6583,13,Top 5000,Top 5000,top5000,v.,υπενθυμίζω,remind,remind photo,generated
6584,13,Top 5000,Top 5000,top5000,n.,ο επιστάτης,janitor,janitor photo,generated
6585,13,Top 5000,Top 5000,top5000,adj.,άσχετος,irrelevant,irrelevant photo,generated
6586,13,Top 5000,Top 5000,top5000,n.,το ύφασμα,fabric,fabric photo,generated
6587,13,Top 5000,Top 5000,top5000,n.,η χειρονομία,gesture,gesture photo,generated
6588,13,Top 5000,Top 5000,top5000,n.,ο οικτός,compassion,compassion photo,generated
6589,13,Top 5000,Top 5000,top5000,n.,το μανιτάρι,mushroom,mushroom photo,generated
6590,13,Top 5000,Top 5000,top5000,adv.,καθοδόν,en route,en route photo,generated
6591,13,Top 5000,Top 5000,top5000,n.,η κωμωδία,comedy,comedy photo,generated
6592,13,Top 5000,Top 5000,top5000,n.,ο διακόπτης,switch,switch photo,generated
6593,13,Top 5000,Top 5000,top5000,n.,η χελώνα,turtle,turtle photo,generated
6594,13,Top 5000,Top 5000,top5000,n.,το μυθιστόρημα,novel,novel photo,generated
6595,13,Top 5000,Top 5000,top5000,n.,ο επαναστάτης,rebel,rebel photo,generated
6596,13,Top 5000,Top 5000,top5000,n.,η εγγονή,granddaughter,granddaughter photo,generated
6597,13,Top 5000,Top 5000,top5000,n.,η κουλτούρα,culture,culture photo,generated
6598,13,Top 5000,Top 5000,top5000,n.,ο περίπατος,stroll,stroll photo,generated
6599,13,Top 5000,Top 5000,top5000,n.,η αντίληψη,perception,perception photo,generated
6600,13,Top 5000,Top 5000,top5000,n.,η σκούπα,broom,broom photo,generated
6601,13,Top 5000,Top 5000,top5000,adj.,κουφός,frivolous,frivolous photo,generated
6602,13,Top 5000,Top 5000,top5000,n.,η συμπόνια,sympathy,sympathy photo,generated
6603,13,Top 5000,Top 5000,top5000,adv.,μεθαύριο,day after tomorrow,day after tomorrow photo,generated
6604,13,Top 5000,Top 5000,top5000,n.,ο κινητήρας,motor,motor photo,generated
6605,13,Top 5000,Top 5000,top5000,adv.,χαρούμενα,Nominative,Nominative photo,generated
6606,13,Top 5000,Top 5000,top5000,n.,ο φωτογράφος,photographer,photographer photo,generated
6607,13,Top 5000,Top 5000,top5000,n.,η όραση,eyesight,eyesight photo,generated
6608,13,Top 5000,Top 5000,top5000,v.,αναφέρομαι,come up,come up photo,generated
6609,13,Top 5000,Top 5000,top5000,adj.,απογοητευμένος,disappointed,disappointed photo,generated
6610,13,Top 5000,Top 5000,top5000,n.,η έδρα,head office,head office photo,generated
6611,13,Top 5000,Top 5000,top5000,n.,η αγένεια,rudeness,rudeness photo,generated
6612,13,Top 5000,Top 5000,top5000,adj.,δυσάρεστος,unpleasant,unpleasant photo,generated
6613,13,Top 5000,Top 5000,top5000,n.,το σινιάλο,signal,signal photo,generated
6614,13,Top 5000,Top 5000,top5000,n.,ο εθελοντής,volunteer,volunteer photo,generated
6615,13,Top 5000,Top 5000,top5000,n.,η διασταύρωση,junction,junction photo,generated
6616,13,Top 5000,Top 5000,top5000,adv.,άδικα,unfairly,unfairly photo,generated
6617,13,Top 5000,Top 5000,top5000,n.,η γουλιά,mouthful,mouthful photo,generated
6618,13,Top 5000,Top 5000,top5000,n.,η πολυτέλεια,luxury,luxury photo,generated
6619,13,Top 5000,Top 5000,top5000,n.,το κουτάβι,puppy,puppy photo,generated
6620,13,Top 5000,Top 5000,top5000,adv.,ευχάριστα,pleasantly,pleasantly photo,generated
6621,13,Top 5000,Top 5000,top5000,n.,η Βραζιλία,Brazil,Brazil photo,generated
6622,13,Top 5000,Top 5000,top5000,n.,η μανία,fury,fury photo,generated
6623,13,Top 5000,Top 5000,top5000,n.,το φανάρι,traffic light,traffic light photo,generated
6624,13,Top 5000,Top 5000,top5000,v.,διώκω,persecute,persecute photo,generated
6625,13,Top 5000,Top 5000,top5000,n.,το αναψυκτικό,soft drink,soft drink photo,generated
6626,13,Top 5000,Top 5000,top5000,n.,η έπαυλη,mansion,mansion photo,generated
6627,13,Top 5000,Top 5000,top5000,n.,η ρουτίνα,routine,routine photo,generated
6628,13,Top 5000,Top 5000,top5000,adj.,βίαιος,violent,violent photo,generated
6629,13,Top 5000,Top 5000,top5000,n.,το κλείσιμο,closure,closure photo,generated
6630,13,Top 5000,Top 5000,top5000,n.,το βασανιστήριο,torture,torture photo,generated
6631,13,Top 5000,Top 5000,top5000,n.,το λογισμικό,software,software photo,generated
6632,13,Top 5000,Top 5000,top5000,n.,η μέτρηση,measurement,measurement photo,generated
6633,13,Top 5000,Top 5000,top5000,v.,ωφελώ,benefit,benefit photo,generated
6634,13,Top 5000,Top 5000,top5000,n.,το κείμενο,text,text photo,generated
6635,13,Top 5000,Top 5000,top5000,n.,η διάλεξη,lecture,lecture photo,generated
6636,13,Top 5000,Top 5000,top5000,v.,αυξάνομαι,increase,increase photo,generated
6637,13,Top 5000,Top 5000,top5000,n.,η πρόνοια,welfare,welfare photo,generated
6638,13,Top 5000,Top 5000,top5000,n.,το νεφρό,kidney,kidney photo,generated
6639,13,Top 5000,Top 5000,top5000,n.,η Μεσόγειος,Mediterranean,Mediterranean photo,generated
6640,13,Top 5000,Top 5000,top5000,n.,το σαγόνι,the jaw,,needs_review
6641,13,Top 5000,Top 5000,top5000,n.,το καπάκι,the lid,,needs_review
6642,13,Top 5000,Top 5000,top5000,adj.,μούσκεμα,soaking,soaking photo,generated
6643,13,Top 5000,Top 5000,top5000,n.,παρανοϊκός,paranoid,paranoid photo,generated
6644,13,Top 5000,Top 5000,top5000,adv.,απότομα,suddenly,suddenly photo,generated
6645,13,Top 5000,Top 5000,top5000,adj.,αγνός,pure,pure photo,generated
6646,13,Top 5000,Top 5000,top5000,n.,η παράκαμψη,detour,detour photo,generated
6647,13,Top 5000,Top 5000,top5000,n.,το ανέκδοτο,anecdote,anecdote photo,generated
6648,13,Top 5000,Top 5000,top5000,n.,ο Οκτώβριος,October,October photo,generated
6649,13,Top 5000,Top 5000,top5000,n.,ο συνοδός,companion,companion photo,generated
6650,13,Top 5000,Top 5000,top5000,adj.,απαράδεκτος,unacceptable,unacceptable photo,generated
6651,13,Top 5000,Top 5000,top5000,n.,το λουκάνικο,sausage,sausage photo,generated
6652,13,Top 5000,Top 5000,top5000,n.,η απελευθέρωση,liberation,liberation photo,generated
6653,13,Top 5000,Top 5000,top5000,n.,η κούνια,crib,crib photo,generated
6654,13,Top 5000,Top 5000,top5000,v.,διαφεύγω,escape,escape photo,generated
6655,13,Top 5000,Top 5000,top5000,n.,ο δορυφόρος,satellite,satellite photo,generated
6656,13,Top 5000,Top 5000,top5000,n.,η σήμανση,signage,signage photo,generated
6657,13,Top 5000,Top 5000,top5000,n.,η γραφή,writing,writing photo,generated
6658,13,Top 5000,Top 5000,top5000,adv.,χώρια,separately,separately photo,generated
6659,13,Top 5000,Top 5000,top5000,n.,η φάλαινα,whale,whale photo,generated
6660,13,Top 5000,Top 5000,top5000,n.,η ξενάγηση,guided tour,guided tour photo,generated
6661,13,Top 5000,Top 5000,top5000,n.,η σύσταση,recommendation,recommendation photo,generated
6662,13,Top 5000,Top 5000,top5000,n.,ο ελέφαντας,elephant,elephant photo,generated
6663,13,Top 5000,Top 5000,top5000,n.,η έλξη,attraction,attraction photo,generated
6664,13,Top 5000,Top 5000,top5000,n.,το παρατσούκλι,nickname,nickname photo,generated
6665,13,Top 5000,Top 5000,top5000,n.,η γαρίδα,prawn,prawn photo,generated
6666,13,Top 5000,Top 5000,top5000,n.,το πανηγύρι,village fair,village fair photo,generated
6667,13,Top 5000,Top 5000,top5000,n.,το σκουλαρίκι,earring,earring photo,generated
6668,13,Top 5000,Top 5000,top5000,adj.,ηλεκτρονικός,electronic,electronic photo,generated
6669,13,Top 5000,Top 5000,top5000,n.,ο τραγουδιστής,singer,singer photo,generated
6670,13,Top 5000,Top 5000,top5000,n.,η προθεσμία,deadline,deadline photo,generated
6671,13,Top 5000,Top 5000,top5000,n.,το προφυλακτικό,condom,condom photo,generated
6672,13,Top 5000,Top 5000,top5000,n.,η πάνα,nappy,nappy photo,generated
6673,13,Top 5000,Top 5000,top5000,adj.,θανατηφόρος,deadly,deadly photo,generated
6674,13,Top 5000,Top 5000,top5000,v.,λήγω,terminate,terminate photo,generated
6675,13,Top 5000,Top 5000,top5000,adj.,γενναιόδωρος,generous.,generous. photo,generated
6676,13,Top 5000,Top 5000,top5000,n.,η άρνηση,denial,denial photo,generated
6677,13,Top 5000,Top 5000,top5000,adj.,ντροπιαστικός,shameful,shameful photo,generated
6678,13,Top 5000,Top 5000,top5000,n.,το κομπλιμέντο,compliment,compliment photo,generated
6679,13,Top 5000,Top 5000,top5000,n.,η αστραπή,lightning,lightning photo,generated
6680,13,Top 5000,Top 5000,top5000,n.,η παρενόχληση,harassment,harassment photo,generated
6681,13,Top 5000,Top 5000,top5000,n.,η νοημοσύνη,intelligence,intelligence photo,generated
6682,13,Top 5000,Top 5000,top5000,v.,αντιλαμβάνομαι,realise,realise photo,generated
6683,13,Top 5000,Top 5000,top5000,v.,διαλύω,dismantle,dismantle photo,generated
6684,13,Top 5000,Top 5000,top5000,n.,η δωρεά,donation,donation photo,generated
6685,13,Top 5000,Top 5000,top5000,n. pl.,τα υπολείμματα,remains of,remains of photo,generated
6686,13,Top 5000,Top 5000,top5000,adv.,μόνιμα,permanently,permanently photo,generated
6687,13,Top 5000,Top 5000,top5000,v.,προλαμβάνω,forestall,forestall photo,generated
6688,13,Top 5000,Top 5000,top5000,adj.,μέγιστος,tall,tall photo,generated
6689,13,Top 5000,Top 5000,top5000,adj.,εντατικός,intensive,intensive photo,generated
6690,13,Top 5000,Top 5000,top5000,n.,το άγγιγμα,touch,touch photo,generated
6691,13,Top 5000,Top 5000,top5000,n.,η άφιξη,arrival,arrival photo,generated
6692,13,Top 5000,Top 5000,top5000,n.,το πλαίσιο,framework,framework photo,generated
6693,13,Top 5000,Top 5000,top5000,adj.,κολλημένος,glued,glued photo,generated
6694,13,Top 5000,Top 5000,top5000,n.,το βαγόνι,railway carriage,railway carriage photo,generated
6695,13,Top 5000,Top 5000,top5000,n.,σοφός,wise,wise photo,generated
6696,13,Top 5000,Top 5000,top5000,n.,ο κολλητός,best friend,best friend photo,generated
6697,13,Top 5000,Top 5000,top5000,n.,το άθλημα,sport,sport photo,generated
6698,13,Top 5000,Top 5000,top5000,n.,ο κανονισμός,regulation,regulation photo,generated
6699,13,Top 5000,Top 5000,top5000,n.,το ασήμι,silver,silver photo,generated
6700,13,Top 5000,Top 5000,top5000,n.,συνεργάζομαι,collaborate,collaborate photo,generated
6701,13,Top 5000,Top 5000,top5000,n.,το αγρόκτημα,farm,farm photo,generated
6702,13,Top 5000,Top 5000,top5000,adj.,μακρινός,distant,distant photo,generated
6703,13,Top 5000,Top 5000,top5000,n.,ο ομοφυλόφιλος,homosexual,homosexual photo,generated
6704,13,Top 5000,Top 5000,top5000,adj.,αποτελεσματικός,effective,effective photo,generated
6705,13,Top 5000,Top 5000,top5000,adv.,σκόπιμα,intentionally,intentionally photo,generated
6706,13,Top 5000,Top 5000,top5000,adv.,αρνητικά,disapproving,disapproving photo,generated
6707,13,Top 5000,Top 5000,top5000,n.,η επέμβαση,interference,interference photo,generated
6708,13,Top 5000,Top 5000,top5000,adv.,μαλακά,gently,gently photo,generated
6709,13,Top 5000,Top 5000,top5000,v.,παγώνω,freeze,freeze photo,generated
6710,13,Top 5000,Top 5000,top5000,n.,μολύνω,infect,infect photo,generated
6711,13,Top 5000,Top 5000,top5000,n.,ο Αύγουστος,August,August photo,generated
6712,13,Top 5000,Top 5000,top5000,n.,ο σύνδεσμος,association,association photo,generated
6713,13,Top 5000,Top 5000,top5000,v.,απολύω,release,release photo,generated
6714,13,Top 5000,Top 5000,top5000,n.,η αγέλη,pack of animals,pack of animals photo,generated
6715,13,Top 5000,Top 5000,top5000,n.,ο αυτοκινητόδρομος,motorway,motorway photo,generated
6716,13,Top 5000,Top 5000,top5000,adj.,προετοιμασμένος,am prepared,am prepared photo,generated
6717,13,Top 5000,Top 5000,top5000,v.,υποτιμώ,decrease,decrease photo,generated
6718,13,Top 5000,Top 5000,top5000,n.,η ψυχιατρική,psychiatry,psychiatry photo,generated
6719,13,Top 5000,Top 5000,top5000,n.,το βιολί,violin,violin photo,generated
6720,13,Top 5000,Top 5000,top5000,n.,η προβολή,screening,screening photo,generated
6721,13,Top 5000,Top 5000,top5000,n.,ο αντίπαλος,opponent,opponent photo,generated
6722,13,Top 5000,Top 5000,top5000,n.,ο ληστής,robber,robber photo,generated
6723,13,Top 5000,Top 5000,top5000,n.,ο μάγειρας,cook,cook photo,generated
6724,13,Top 5000,Top 5000,top5000,adj.,ευπρόσδεκτος,appreciated,appreciated photo,generated
6725,13,Top 5000,Top 5000,top5000,n.,η αγγελία,listing,listing photo,generated
6726,13,Top 5000,Top 5000,top5000,n.,η ενεργοποίηση,activation,activation photo,generated
6727,13,Top 5000,Top 5000,top5000,n.,το περιεχόμενο,content,content photo,generated
6728,13,Top 5000,Top 5000,top5000,adv.,τρομακτικά,frighteningly,frighteningly photo,generated
6729,13,Top 5000,Top 5000,top5000,n.,η εκκένωση,evacuation,evacuation photo,generated
6730,13,Top 5000,Top 5000,top5000,adj.,μαγνητικός,magnetic,magnetic photo,generated
6731,13,Top 5000,Top 5000,top5000,n.,ο πύραυλος,rocket,rocket photo,generated
6732,13,Top 5000,Top 5000,top5000,n.,η ειδοποίηση,notification,notification photo,generated
6733,13,Top 5000,Top 5000,top5000,n.,η γούνα,the fur,,needs_review
6734,13,Top 5000,Top 5000,top5000,adj.,ανώμαλος,abnormal,abnormal photo,generated
6735,13,Top 5000,Top 5000,top5000,n. pl.,τα πλούτη,riches,riches photo,generated
6736,13,Top 5000,Top 5000,top5000,n. pl.,τα νιάτα,youth,youth photo,generated
6737,13,Top 5000,Top 5000,top5000,n.,το κίνημα,movement (politics,movement (politics photo,generated
6738,13,Top 5000,Top 5000,top5000,n.,η Κωνσταντινούπολη,Istanbul,Istanbul photo,generated
6739,13,Top 5000,Top 5000,top5000,adj.,αδιάκριτος,indiscreet,indiscreet photo,generated
6740,13,Top 5000,Top 5000,top5000,n.,η εξυπνάδα,brightness,brightness photo,generated
6741,13,Top 5000,Top 5000,top5000,n.,το πρακτορείο,agency,agency photo,generated
6742,13,Top 5000,Top 5000,top5000,adj.,μωβ,mauve,mauve photo,generated
6743,13,Top 5000,Top 5000,top5000,n.,η συναλλαγή,transaction,transaction photo,generated
6744,13,Top 5000,Top 5000,top5000,adj.,θείος,uncle,uncle photo,generated
6745,13,Top 5000,Top 5000,top5000,n.,η πλατφόρμα,platform,platform photo,generated
6746,13,Top 5000,Top 5000,top5000,n.,η κεφαλή,head,head photo,generated
6747,13,Top 5000,Top 5000,top5000,adj.,γερός,strong,strong photo,generated
6748,13,Top 5000,Top 5000,top5000,n.,ο ποιητής,poet,poet photo,generated
6749,13,Top 5000,Top 5000,top5000,n.,το εύσημο,credit,credit photo,generated
6750,13,Top 5000,Top 5000,top5000,n.,ο Απρίλιος,April,April photo,generated
6751,13,Top 5000,Top 5000,top5000,n.,η θερμότητα,heat,heat photo,generated
6752,13,Top 5000,Top 5000,top5000,n.,η βελτίωση,improvement,improvement photo,generated
6753,13,Top 5000,Top 5000,top5000,adj.,πληγωμένος,wounded,wounded photo,generated
6754,13,Top 5000,Top 5000,top5000,adj.,απαλός,smooth,smooth photo,generated
6755,13,Top 5000,Top 5000,top5000,n.,η σανίδα,board,board photo,generated
6756,13,Top 5000,Top 5000,top5000,n. pl.,τα συντρίμμια,debris,debris photo,generated
6757,13,Top 5000,Top 5000,top5000,adj.,τίμιος,honest,honest photo,generated
6758,13,Top 5000,Top 5000,top5000,n.,ο ιδρώτας,sweat,sweat photo,generated
6759,13,Top 5000,Top 5000,top5000,adj.,μορφωμένος,educated,educated photo,generated
6760,13,Top 5000,Top 5000,top5000,n.,η πεταλούδα,butterfly,butterfly photo,generated
6761,13,Top 5000,Top 5000,top5000,v.,απορρίπτω,reject,reject photo,generated
6762,13,Top 5000,Top 5000,top5000,adj.,μεταφορικός,metaphorical,metaphorical photo,generated
6763,13,Top 5000,Top 5000,top5000,adj.,εξωφρενικός,outrageous,outrageous photo,generated
6764,13,Top 5000,Top 5000,top5000,n.,ο λάκκος,hole in ground,hole in ground photo,generated
6765,13,Top 5000,Top 5000,top5000,n.,η βίλα,villa,villa photo,generated
6766,13,Top 5000,Top 5000,top5000,v.,παριστάνω,to describe or represent something as it is,to describe or represent something as it is photo,generated
6767,13,Top 5000,Top 5000,top5000,n.,η Ιρλανδία,Ireland,Ireland photo,generated
6768,13,Top 5000,Top 5000,top5000,adv.,ολομόναχος,completely alone,completely alone photo,generated
6769,13,Top 5000,Top 5000,top5000,n.,το δέσιμο,rapport,rapport photo,generated
6770,13,Top 5000,Top 5000,top5000,adj.,μεταλλικός,metal,metal photo,generated
6771,13,Top 5000,Top 5000,top5000,n.,ο Δεκέμβριος,December,December photo,generated
6772,13,Top 5000,Top 5000,top5000,n.,η έκταση,extent,extent photo,generated
6773,13,Top 5000,Top 5000,top5000,adj.,φυλακισμένος,imprisoned,imprisoned photo,generated
6774,13,Top 5000,Top 5000,top5000,adv.,ολοκληρωτικά,wholly,wholly photo,generated
6775,13,Top 5000,Top 5000,top5000,n.,η ψυχολογία,psychology,psychology photo,generated
6776,13,Top 5000,Top 5000,top5000,n.,το φρένο,brake,brake photo,generated
6777,13,Top 5000,Top 5000,top5000,adv.,εκπληκτικά,fantastically,fantastically photo,generated
6778,13,Top 5000,Top 5000,top5000,n.,η κάπα,cape,cape photo,generated
6779,13,Top 5000,Top 5000,top5000,v.,επιτυγχάνω,succeed,succeed photo,generated
6780,13,Top 5000,Top 5000,top5000,n.,το μαντήλι,handkerchief,handkerchief photo,generated
6781,13,Top 5000,Top 5000,top5000,n.,ο πανικός,panic,panic photo,generated
6782,13,Top 5000,Top 5000,top5000,n.,ο μανιακός,maniac,maniac photo,generated
6783,13,Top 5000,Top 5000,top5000,n.,ο Μάρτιος,March,March photo,generated
6784,13,Top 5000,Top 5000,top5000,n.,το εμβόλιο,vaccine,vaccine photo,generated
6785,13,Top 5000,Top 5000,top5000,n.,ο φρουρός,guard,guard photo,generated
6786,13,Top 5000,Top 5000,top5000,n.,η διαθεσιμότητα,availability,availability photo,generated
6787,13,Top 5000,Top 5000,top5000,n.,ο ψυχολόγος,psychologist,psychologist photo,generated
6788,13,Top 5000,Top 5000,top5000,v.,μπλοκάρω,block,block photo,generated
6789,13,Top 5000,Top 5000,top5000,adj.,ηλιακός,solar,solar photo,generated
6790,13,Top 5000,Top 5000,top5000,n.,η κηδεμονία,guardianship,guardianship photo,generated
6791,13,Top 5000,Top 5000,top5000,n.,ο χαρτοφύλακας,briefcase,briefcase photo,generated
6792,13,Top 5000,Top 5000,top5000,n.,η ίνα,fibre,fibre photo,generated
6793,13,Top 5000,Top 5000,top5000,n.,η σήραγγα,tunnel,tunnel photo,generated
6794,13,Top 5000,Top 5000,top5000,v.,εξελίσσομαι,evolve,evolve photo,generated
6795,13,Top 5000,Top 5000,top5000,n.,η ρόδα,wheel,wheel photo,generated
6796,13,Top 5000,Top 5000,top5000,adv.,εθελοντικά,voluntarily,voluntarily photo,generated
6797,13,Top 5000,Top 5000,top5000,adv.,εξαρχής,originally,originally photo,generated
6798,13,Top 5000,Top 5000,top5000,n.,ο χειρουργός,surgeon,surgeon photo,generated
6799,13,Top 5000,Top 5000,top5000,v.,ιδρύω,found,found photo,generated
6800,13,Top 5000,Top 5000,top5000,n.,ο κινηματογράφος,cinema,cinema photo,generated
6801,13,Top 5000,Top 5000,top5000,n.,η υγρασία,humidity,humidity photo,generated
6802,13,Top 5000,Top 5000,top5000,n.,ο ξενώνας,hostel,hostel photo,generated
6803,13,Top 5000,Top 5000,top5000,n.,ο Νοέμβριος,November,November photo,generated
6804,13,Top 5000,Top 5000,top5000,n.,η αξιολόγηση,assessment,assessment photo,generated
6805,13,Top 5000,Top 5000,top5000,adv.,έξοχα,superb,superb photo,generated
6806,13,Top 5000,Top 5000,top5000,n.,η φιλοξενία,hospitality,hospitality photo,generated
6807,13,Top 5000,Top 5000,top5000,n.,η ομοσπονδία,federation,federation photo,generated
6808,13,Top 5000,Top 5000,top5000,n. pl.,τα κινέζικα,Chinese,Chinese photo,generated
6809,13,Top 5000,Top 5000,top5000,n.,ο κάδος,"the bin, skip",,needs_review
6810,13,Top 5000,Top 5000,top5000,n.,η φρίκη,horror,horror photo,generated
6811,13,Top 5000,Top 5000,top5000,n.,η διέξοδος,outlet,outlet photo,generated
6812,13,Top 5000,Top 5000,top5000,n.,αντίστροφος,reverse,reverse photo,generated
6813,13,Top 5000,Top 5000,top5000,v.,βουλώνω,caulk,caulk photo,generated
6814,13,Top 5000,Top 5000,top5000,v.,λιποθυμώ,a more formal variant of λιποθυμάω (lipothymáo),,needs_review
6815,13,Top 5000,Top 5000,top5000,v.,υπονοώ,imply,imply photo,generated
6816,13,Top 5000,Top 5000,top5000,adv.,προχθές,two days ago,two days ago photo,generated
6817,13,Top 5000,Top 5000,top5000,adv.,ενδεχομένως,possibly,possibly photo,generated
6818,13,Top 5000,Top 5000,top5000,n.,η ώθηση,impetus,impetus photo,generated
6819,13,Top 5000,Top 5000,top5000,,ο Βρετανός,British person,British person photo,generated
6820,13,Top 5000,Top 5000,top5000,n.,το συστατικό,ingredient,ingredient photo,generated
6821,13,Top 5000,Top 5000,top5000,n.,τα πατατάκια,crisps,crisps photo,generated
6822,13,Top 5000,Top 5000,top5000,n.,το φρικιό,freak,freak photo,generated
6823,13,Top 5000,Top 5000,top5000,n.,το στέλεχος,executive,executive photo,generated
6824,13,Top 5000,Top 5000,top5000,n.,η διαμονή,residency,residency photo,generated
6825,13,Top 5000,Top 5000,top5000,adj.,καθημερινός,daily,daily photo,generated
6826,13,Top 5000,Top 5000,top5000,prep. / adj.,μείον,minus,minus photo,generated
6827,13,Top 5000,Top 5000,top5000,v.,καταπίνω,swallow,swallow photo,generated
6828,13,Top 5000,Top 5000,top5000,n.,η απογείωση,takeoff,takeoff photo,generated
6829,13,Top 5000,Top 5000,top5000,adj.,πεινασμένος,hungry,hungry photo,generated
6830,13,Top 5000,Top 5000,top5000,adj.,αποτυχημένος,failed,failed photo,generated
6831,13,Top 5000,Top 5000,top5000,adv.,φρικτά,dreadfully,dreadfully photo,generated
6832,13,Top 5000,Top 5000,top5000,n.,ο εκπρόσωπος,representative,representative photo,generated
6833,13,Top 5000,Top 5000,top5000,adj.,άξιος,deserving,deserving photo,generated
6834,13,Top 5000,Top 5000,top5000,v.,τινάζω,shake,shake photo,generated
6835,13,Top 5000,Top 5000,top5000,v.,σκύβω,lean,lean photo,generated
6836,13,Top 5000,Top 5000,top5000,n.,η κακοποίηση,maltreatment,maltreatment photo,generated
6837,13,Top 5000,Top 5000,top5000,adj.,αόρατος,invisible,invisible photo,generated
6838,13,Top 5000,Top 5000,top5000,n.,η κόρα,crust,crust photo,generated
6839,13,Top 5000,Top 5000,top5000,n.,το τέχνασμα,ruse,ruse photo,generated
6840,13,Top 5000,Top 5000,top5000,n.,το δρομάκι,alleyway,alleyway photo,generated
6841,13,Top 5000,Top 5000,top5000,n.,το γεράκι,hawk,hawk photo,generated
6842,13,Top 5000,Top 5000,top5000,v.,διψάω,be thirsty,be thirsty photo,generated
6843,13,Top 5000,Top 5000,top5000,adj.,ντροπαλός,"shy, bashful, diffident, sheepish",,needs_review
6844,13,Top 5000,Top 5000,top5000,adv.,ιδίως,particularly,particularly photo,generated
6845,13,Top 5000,Top 5000,top5000,v.,εγκρίνω,approve,approve photo,generated
6846,13,Top 5000,Top 5000,top5000,n.,ο λογιστής,accountant,accountant photo,generated
6847,13,Top 5000,Top 5000,top5000,v.,ενεργοποιώ,activate,activate photo,generated
6848,13,Top 5000,Top 5000,top5000,n.,η απαγόρευση,prohibition,prohibition photo,generated
6849,13,Top 5000,Top 5000,top5000,n.,νηφάλιος,calm,calm photo,generated
6850,13,Top 5000,Top 5000,top5000,n.,η Αίγυπτος,Egypt,Egypt photo,generated
6851,13,Top 5000,Top 5000,top5000,n.,το φύλο,gender,gender photo,generated
6852,13,Top 5000,Top 5000,top5000,adj.,σιωπηλός,silent,silent photo,generated
6853,13,Top 5000,Top 5000,top5000,n.,η κατσίκα,goat,goat photo,generated
6854,13,Top 5000,Top 5000,top5000,n.,τα μπάζα,rubble,rubble photo,generated
6855,13,Top 5000,Top 5000,top5000,adj.,ιταλικός,Italian,Italian photo,generated
6856,13,Top 5000,Top 5000,top5000,n.,το φτυάρι,spade,spade photo,generated
6857,13,Top 5000,Top 5000,top5000,n.,η λεμονάδα,lemonade,lemonade photo,generated
6858,13,Top 5000,Top 5000,top5000,v.,υποδεικνύω,show,show photo,generated
6859,13,Top 5000,Top 5000,top5000,v.,προηγούμαι,precede,precede photo,generated
6860,13,Top 5000,Top 5000,top5000,adj.,δροσερός,cool,cool photo,generated
6861,13,Top 5000,Top 5000,top5000,n.,το φαράγγι,canyon,canyon photo,generated
6862,13,Top 5000,Top 5000,top5000,n.,το εγχειρίδιο,manual,manual photo,generated
6863,13,Top 5000,Top 5000,top5000,n.,το σύνθημα,slogan,slogan photo,generated
6864,13,Top 5000,Top 5000,top5000,n.,το ψάξιμο,search,search photo,generated
6865,13,Top 5000,Top 5000,top5000,adj.,αναπόφευκτος,unavoidable,unavoidable photo,generated
6866,13,Top 5000,Top 5000,top5000,n.,η ταμπέλα,signboard,signboard photo,generated
6867,13,Top 5000,Top 5000,top5000,v.,καρφώνω,nail,nail photo,generated
6868,13,Top 5000,Top 5000,top5000,n.,ο μυς,muscle,muscle photo,generated
6869,13,Top 5000,Top 5000,top5000,v.,ελευθερώνω,free,free photo,generated
6870,13,Top 5000,Top 5000,top5000,n.,ο τζόγος,gambling,gambling photo,generated
6871,13,Top 5000,Top 5000,top5000,n.,ο στάβλος,stable,stable photo,generated
6872,13,Top 5000,Top 5000,top5000,n.,το δίχτυ,the net,,needs_review
6873,13,Top 5000,Top 5000,top5000,n.,η διαφθορά,corruption,corruption photo,generated
6874,13,Top 5000,Top 5000,top5000,n.,η ρίζα,root,root photo,generated
6875,13,Top 5000,Top 5000,top5000,n.,το επίθετο,adjective,adjective photo,generated
6876,13,Top 5000,Top 5000,top5000,n.,ο ατζέντης,agent,agent photo,generated
6877,13,Top 5000,Top 5000,top5000,v.,αρπάζω,snatch,snatch photo,generated
6878,13,Top 5000,Top 5000,top5000,n.,το υπνοδωμάτιο,bedroom,bedroom photo,generated
6879,13,Top 5000,Top 5000,top5000,v.,απομακρύνω,remove,remove photo,generated
6880,13,Top 5000,Top 5000,top5000,n.,η μαρμελάδα,marmalade,marmalade photo,generated
6881,13,Top 5000,Top 5000,top5000,n.,το τσίλι,chilli,chilli photo,generated
6882,13,Top 5000,Top 5000,top5000,v.,αντιστέκομαι,resist,resist photo,generated
6883,13,Top 5000,Top 5000,top5000,n.,η θύελλα,gale,gale photo,generated
6884,13,Top 5000,Top 5000,top5000,adj.,αφοσιωμένος,devoted,devoted photo,generated
6885,13,Top 5000,Top 5000,top5000,n.,ο σπόρος,seed,seed photo,generated
6886,13,Top 5000,Top 5000,top5000,n.,η ποικιλία,variety,variety photo,generated
6887,13,Top 5000,Top 5000,top5000,adj.,αξιαγάπητος,lovable,lovable photo,generated
6888,13,Top 5000,Top 5000,top5000,adj.,οδυνηρός,hurtful,hurtful photo,generated
6889,13,Top 5000,Top 5000,top5000,n.,η σάρωση,scan,scan photo,generated
6890,13,Top 5000,Top 5000,top5000,n.,το καθαριστήριο,dry cleaner,dry cleaner photo,generated
6891,13,Top 5000,Top 5000,top5000,adj.,πέμπτος,fifth,fifth photo,generated
6892,13,Top 5000,Top 5000,top5000,n.,η ατζέντα,diary,diary photo,generated
6893,13,Top 5000,Top 5000,top5000,n.,ο μαχητής,fighter,fighter photo,generated
6894,13,Top 5000,Top 5000,top5000,n.,η δίψα,thirst,thirst photo,generated
6895,13,Top 5000,Top 5000,top5000,adj.,ψυχικός,mental,mental photo,generated
6896,13,Top 5000,Top 5000,top5000,n.,η διαίσθηση,intuition,intuition photo,generated
6897,13,Top 5000,Top 5000,top5000,n.,η απληστία,avarice,avarice photo,generated
6898,13,Top 5000,Top 5000,top5000,n.,η έκτρωση,abortion,abortion photo,generated
6899,13,Top 5000,Top 5000,top5000,n.,ο μώλωπας,bruise,bruise photo,generated
6900,13,Top 5000,Top 5000,top5000,adv.,ανέκαθεν,always,always photo,generated
6901,13,Top 5000,Top 5000,top5000,n.,η ερμηνεία,interpretation,interpretation photo,generated
6902,13,Top 5000,Top 5000,top5000,n.,τα εγκαίνια,inauguration,inauguration photo,generated
6903,13,Top 5000,Top 5000,top5000,v.,κουνάω,get move on,get move on photo,generated
6904,13,Top 5000,Top 5000,top5000,n.,η κατάρρευση,collapse,collapse photo,generated
6905,13,Top 5000,Top 5000,top5000,n.,το σακίδιο,backpack,backpack photo,generated
6906,13,Top 5000,Top 5000,top5000,adj.,συνεχής,constant,constant photo,generated
6907,13,Top 5000,Top 5000,top5000,v.,ανέχομαι,tolerate,tolerate photo,generated
6908,13,Top 5000,Top 5000,top5000,n.,το σκότος,darkness,darkness photo,generated
6909,13,Top 5000,Top 5000,top5000,v.,ανταποκρίνομαι,agree,agree photo,generated
6910,13,Top 5000,Top 5000,top5000,n.,η φιλοδοξία,ambition,ambition photo,generated
6911,13,Top 5000,Top 5000,top5000,adj.,φαρμακευτικός,pharmaceutical,pharmaceutical photo,generated
6912,13,Top 5000,Top 5000,top5000,n.,η λεκάνη,toilet,toilet photo,generated
6913,13,Top 5000,Top 5000,top5000,adj.,μεσαίος,intermediate,intermediate photo,generated
6914,13,Top 5000,Top 5000,top5000,n.,η αποτοξίνωση,detox,detox photo,generated
6915,13,Top 5000,Top 5000,top5000,v.,απεχθάνομαι,abominate,abominate photo,generated
6916,13,Top 5000,Top 5000,top5000,adv.,παρομοίως,likewise,likewise photo,generated
6917,13,Top 5000,Top 5000,top5000,adj.,αξιολύπητος,pitiful,pitiful photo,generated
6918,13,Top 5000,Top 5000,top5000,n.,το επιχείρημα,reasoning,reasoning photo,generated
6919,13,Top 5000,Top 5000,top5000,n.,η φινέτσα,sophistication,sophistication photo,generated
6920,13,Top 5000,Top 5000,top5000,n.,η βούληση,will,will photo,generated
6921,13,Top 5000,Top 5000,top5000,v.,υπολογίζω,calculate,calculate photo,generated
6922,13,Top 5000,Top 5000,top5000,n.,ο αετός,eagle,eagle photo,generated
6923,13,Top 5000,Top 5000,top5000,n.,η ζήλια,jealousy,jealousy photo,generated
6924,13,Top 5000,Top 5000,top5000,adj.,ανεξάρτητος,independent,independent photo,generated
6925,13,Top 5000,Top 5000,top5000,n.,η υποψηφιότητα,candidacy,candidacy photo,generated
6926,13,Top 5000,Top 5000,top5000,adj.,έκτος,except,except photo,generated
6927,13,Top 5000,Top 5000,top5000,n.,το μπαλέτο,ballet,ballet photo,generated
6928,13,Top 5000,Top 5000,top5000,n.,ο θάμνος,bush,bush photo,generated
6929,13,Top 5000,Top 5000,top5000,n.,το προβάδισμα,head start,head start photo,generated
6930,13,Top 5000,Top 5000,top5000,n.,το κατοικίδιο,the pet,,needs_review
6931,13,Top 5000,Top 5000,top5000,n.,η ακολουθία,entourage,entourage photo,generated
6932,13,Top 5000,Top 5000,top5000,n.,η περιφέρεια,periphery,periphery photo,generated
6933,13,Top 5000,Top 5000,top5000,n.,η ομελέτα,omlet,omlet photo,generated
6934,13,Top 5000,Top 5000,top5000,n.,η απογοήτευση,disappointment,disappointment photo,generated
6935,13,Top 5000,Top 5000,top5000,n.,ο ανταγωνισμός,competition,competition photo,generated
6936,13,Top 5000,Top 5000,top5000,n.,η ανακωχή,truce,truce photo,generated
6937,13,Top 5000,Top 5000,top5000,n.,τα λατινικά,Latin,Latin photo,generated
6938,13,Top 5000,Top 5000,top5000,v.,καθιστώ,make,make photo,generated
6939,13,Top 5000,Top 5000,top5000,,ο έφηβος,teenager,teenager photo,generated
6940,13,Top 5000,Top 5000,top5000,n.,η προβλήτα,jetty,jetty photo,generated
6941,13,Top 5000,Top 5000,top5000,n.,η επιδημία,epidemic,epidemic photo,generated
6942,13,Top 5000,Top 5000,top5000,n.,η διακόσμηση,decor,decor photo,generated
6943,13,Top 5000,Top 5000,top5000,n.,η κλίση,aptitude,aptitude photo,generated
6944,13,Top 5000,Top 5000,top5000,n.,το κεκάκι,cupcake,cupcake photo,generated
6945,13,Top 5000,Top 5000,top5000,n.,η φιλανθρωπία,charity,charity photo,generated
6946,13,Top 5000,Top 5000,top5000,adj.,παγιδευμένος,trap,trap photo,generated
6947,13,Top 5000,Top 5000,top5000,v.,χαμηλώνω,lower,lower photo,generated
6948,13,Top 5000,Top 5000,top5000,n.,το ρητό,saying,saying photo,generated
6949,13,Top 5000,Top 5000,top5000,n.,το κολάρο,collar,collar photo,generated
6950,13,Top 5000,Top 5000,top5000,n.,ο ζωγράφος,painter,painter photo,generated
6951,13,Top 5000,Top 5000,top5000,n.,η πείρα,experience,experience photo,generated
6952,13,Top 5000,Top 5000,top5000,adj.,μαζικός,mass,mass photo,generated
6953,13,Top 5000,Top 5000,top5000,adj.,αλλόκοτος,freakish,freakish photo,generated
6954,13,Top 5000,Top 5000,top5000,v.,αμφισβητώ,doubt,doubt photo,generated
6955,13,Top 5000,Top 5000,top5000,n.,το κατώφλι,doorstep,doorstep photo,generated
6956,13,Top 5000,Top 5000,top5000,n.,η κλωτσιά,kick,kick photo,generated
6957,13,Top 5000,Top 5000,top5000,n.,η επιθεώρηση,inspection,inspection photo,generated
6958,13,Top 5000,Top 5000,top5000,v.,κοντεύω,be almost over,be almost over photo,generated
6959,13,Top 5000,Top 5000,top5000,n.,ο μηχανισμός,mechanism,mechanism photo,generated
6960,13,Top 5000,Top 5000,top5000,n.,η μελωδία,tune,tune photo,generated
6961,13,Top 5000,Top 5000,top5000,adj.,αυστηρός,strict,strict photo,generated
6962,13,Top 5000,Top 5000,top5000,n.,το έγκαυμα,burn,burn photo,generated
6963,13,Top 5000,Top 5000,top5000,v.,μαχαιρώνω,stab,stab photo,generated
6964,13,Top 5000,Top 5000,top5000,adv.,εξωτερικά,overseas,overseas photo,generated
6965,13,Top 5000,Top 5000,top5000,v.,γυρεύω,look for,look for photo,generated
6966,13,Top 5000,Top 5000,top5000,n.,ο ορίζοντας,horizon,horizon photo,generated
6967,13,Top 5000,Top 5000,top5000,n.,το μανίκι,sleeve,sleeve photo,generated
6968,13,Top 5000,Top 5000,top5000,adj.,ταραγμένος,agitate,agitate photo,generated
6969,13,Top 5000,Top 5000,top5000,adj.,πεισματάρης,tenacious,tenacious photo,generated
6970,13,Top 5000,Top 5000,top5000,n.,το κρησφύγετο,lair,lair photo,generated
6971,13,Top 5000,Top 5000,top5000,n.,ο πληθυσμός,population,population photo,generated
6972,13,Top 5000,Top 5000,top5000,v.,συμβουλεύω,advise,advise photo,generated
6973,13,Top 5000,Top 5000,top5000,n.,η ομπρέλα,umbrella,umbrella photo,generated
6974,13,Top 5000,Top 5000,top5000,n. pl.,τα λαθραία,contraband,contraband photo,generated
6975,13,Top 5000,Top 5000,top5000,n.,το κάμπινγκ,camping,camping photo,generated
6976,13,Top 5000,Top 5000,top5000,adj.,ειρωνικός,ironic,ironic photo,generated
6977,13,Top 5000,Top 5000,top5000,v.,κατεβάζω,take down,take down photo,generated
6978,13,Top 5000,Top 5000,top5000,n.,η ηγεσία,leadership,leadership photo,generated
6979,13,Top 5000,Top 5000,top5000,n.,η παύση,pause,pause photo,generated
6980,13,Top 5000,Top 5000,top5000,n.,ο γκρεμός,cliff,cliff photo,generated
6981,13,Top 5000,Top 5000,top5000,n.,η έφεση,aptitude,aptitude photo,generated
6982,13,Top 5000,Top 5000,top5000,adj.,ξαφνικός,sudden,sudden photo,generated
6983,13,Top 5000,Top 5000,top5000,n.,η ετικέτα,label,label photo,generated
6984,13,Top 5000,Top 5000,top5000,n.,το Πάσχα,Easter,Easter photo,generated
6985,13,Top 5000,Top 5000,top5000,n.,η καμπάνα,bell,bell photo,generated
6986,13,Top 5000,Top 5000,top5000,n.,το πορτοκάλι,orange,orange photo,generated
6987,13,Top 5000,Top 5000,top5000,adj.,ειρηνικός,peaceful,peaceful photo,generated
6988,13,Top 5000,Top 5000,top5000,n.,η σκοπιά,angle,angle photo,generated
6989,13,Top 5000,Top 5000,top5000,v.,κατέχω,possess,possess photo,generated
6990,13,Top 5000,Top 5000,top5000,n.,το τοπίο,landscape,landscape photo,generated
6991,13,Top 5000,Top 5000,top5000,n. pl.,τα ερείπια,ruins,ruins photo,generated
6992,13,Top 5000,Top 5000,top5000,n.,η γενετική,genetics,genetics photo,generated
6993,13,Top 5000,Top 5000,top5000,n.,η μάντρα,yard,yard photo,generated
6994,13,Top 5000,Top 5000,top5000,n.,πέραν,beyond,beyond photo,generated
6995,13,Top 5000,Top 5000,top5000,v.,βλάπτω,damage,damage photo,generated
6996,13,Top 5000,Top 5000,top5000,adj.,ασημένιος,Made of silver.,Made of silver. photo,generated
6997,13,Top 5000,Top 5000,top5000,n.,το τελετουργικό,ritual,ritual photo,generated
6998,13,Top 5000,Top 5000,top5000,n.,το υπόστεγο,shed,shed photo,generated
6999,13,Top 5000,Top 5000,top5000,n.,το σφηνάκι,shot,shot photo,generated
7000,13,Top 5000,Top 5000,top5000,n.,ο εγγονός,grandson,grandson photo,generated
7001,13,Top 5000,Top 5000,top5000,v.,εξυπηρετώ,provide service,provide service photo,generated
7002,13,Top 5000,Top 5000,top5000,v.,ερευνώ,search,search photo,generated
7003,13,Top 5000,Top 5000,top5000,adj.,άβολος,awkward,awkward photo,generated
7004,13,Top 5000,Top 5000,top5000,n.,η καμαριέρα,maid,maid photo,generated
7005,13,Top 5000,Top 5000,top5000,n.,η εξουσιοδότηση,authorization,authorization photo,generated
7006,13,Top 5000,Top 5000,top5000,v.,βασανίζω,torture,torture photo,generated
7007,13,Top 5000,Top 5000,top5000,adv.,ψυχολογικά,Nominative,Nominative photo,generated
7008,13,Top 5000,Top 5000,top5000,n.,το σύρμα,wire,wire photo,generated
7009,13,Top 5000,Top 5000,top5000,n.,η μείωση,decrease,decrease photo,generated
7010,13,Top 5000,Top 5000,top5000,n.,η κουκούλα,hood,hood photo,generated
7011,13,Top 5000,Top 5000,top5000,n.,η επανάληψη,repetition,repetition photo,generated
7012,13,Top 5000,Top 5000,top5000,n.,η Ασία,Asia,Asia photo,generated
7013,13,Top 5000,Top 5000,top5000,conj.,παρότι,although,although photo,generated
7014,13,Top 5000,Top 5000,top5000,adj.,ξαπλωμένος,lying down,lying down photo,generated
7015,13,Top 5000,Top 5000,top5000,n.,η καθοδήγηση,guidance,guidance photo,generated
7016,13,Top 5000,Top 5000,top5000,v.,τρέμω,tremble,tremble photo,generated
7017,13,Top 5000,Top 5000,top5000,adj.,πανεύκολος,very easy,very easy photo,generated
7018,13,Top 5000,Top 5000,top5000,n.,το μούσι,beard,beard photo,generated
7019,13,Top 5000,Top 5000,top5000,adj.,ενεργός,operative,operative photo,generated
7020,13,Top 5000,Top 5000,top5000,"v,",αποσύρω,withdraw,withdraw photo,generated
7021,13,Top 5000,Top 5000,top5000,adv.,κοινωνικά,social,social photo,generated
7022,13,Top 5000,Top 5000,top5000,n.,ντόπιος,native,native photo,generated
7023,13,Top 5000,Top 5000,top5000,n.,η κρουαζιέρα,cruise,cruise photo,generated
7024,13,Top 5000,Top 5000,top5000,n.,η απαγωγή,abduction,abduction photo,generated
7025,13,Top 5000,Top 5000,top5000,n.,η χρηματοδότηση,financing,financing photo,generated
7026,13,Top 5000,Top 5000,top5000,n.,το κέρατο,horn,horn photo,generated
7027,13,Top 5000,Top 5000,top5000,adj.,επιθετικός,offensive,offensive photo,generated
7028,13,Top 5000,Top 5000,top5000,n.,ο Μάιος,May,,needs_review
7029,13,Top 5000,Top 5000,top5000,n.,η υπερωρία,overtime,overtime photo,generated
7030,13,Top 5000,Top 5000,top5000,adj.,ασταθής,unstable,unstable photo,generated
7031,13,Top 5000,Top 5000,top5000,n.,ο επενδυτής,investor,investor photo,generated
7032,13,Top 5000,Top 5000,top5000,n.,η Σκωτία,Scotland,Scotland photo,generated
7033,13,Top 5000,Top 5000,top5000,n.,το σπάσιμο,break,break photo,generated
7034,13,Top 5000,Top 5000,top5000,n.,τυπικός,typical,typical photo,generated
7035,13,Top 5000,Top 5000,top5000,adj.,εφικτός,feasible,feasible photo,generated
7036,13,Top 5000,Top 5000,top5000,v.,θάβω,bury,bury photo,generated
7037,13,Top 5000,Top 5000,top5000,n.,το σίδερο,clothes iron,clothes iron photo,generated
7038,13,Top 5000,Top 5000,top5000,n.,το στιλέτο,dagger,dagger photo,generated
7039,13,Top 5000,Top 5000,top5000,n.,το χαρτονόμισμα,banknote,banknote photo,generated
7040,13,Top 5000,Top 5000,top5000,n.,ο σεισμός,earthquake,earthquake photo,generated
7041,13,Top 5000,Top 5000,top5000,adj.,ανησυχητικός,alarming,alarming photo,generated
7042,13,Top 5000,Top 5000,top5000,adj.,συγκινητικός,moving,moving photo,generated
7043,13,Top 5000,Top 5000,top5000,adj.,έντιμος,honourable,honourable photo,generated
7044,13,Top 5000,Top 5000,top5000,n.,η παροχή,provision,provision photo,generated
7045,13,Top 5000,Top 5000,top5000,adv.,ειδάλλως,alternatively,alternatively photo,generated
7046,13,Top 5000,Top 5000,top5000,adj.,παλαβός,crazy,crazy photo,generated
7047,13,Top 5000,Top 5000,top5000,adj.,αποφασισμένος,resolved,resolved photo,generated
7048,13,Top 5000,Top 5000,top5000,v.,προκύπτω,emerge,emerge photo,generated
7049,13,Top 5000,Top 5000,top5000,n.,το ταίρι,mate,mate photo,generated
7050,13,Top 5000,Top 5000,top5000,n.,η αντλία,pump,pump photo,generated
7051,13,Top 5000,Top 5000,top5000,n.,η πλειοψηφία,majority,majority photo,generated
7052,13,Top 5000,Top 5000,top5000,n.,η αναχώρηση,farewell,farewell photo,generated
7053,13,Top 5000,Top 5000,top5000,adv.,έγκαιρα,Nominative,Nominative photo,generated
7054,13,Top 5000,Top 5000,top5000,n.,η άνεση,comfort,comfort photo,generated
7055,13,Top 5000,Top 5000,top5000,n.,ο συνέταιρος,business partner,business partner photo,generated
7056,13,Top 5000,Top 5000,top5000,v.,ντύνομαι,dress yourself,dress yourself photo,generated
7057,13,Top 5000,Top 5000,top5000,n.,η φόρμουλα,formula,formula photo,generated
7058,13,Top 5000,Top 5000,top5000,adv.,ευτυχισμένα,Nominative,Nominative photo,generated
7059,13,Top 5000,Top 5000,top5000,n.,η βασιλεία,reign,reign photo,generated
7060,13,Top 5000,Top 5000,top5000,n.,το ντοκιμαντέρ,documentary,documentary photo,generated
7061,13,Top 5000,Top 5000,top5000,adj.,χθεσινός,yesterday's,yesterday's photo,generated
7062,13,Top 5000,Top 5000,top5000,n.,το κουτάλι,spoon,spoon photo,generated
7063,13,Top 5000,Top 5000,top5000,n.,η επεξεργασία,processing,processing photo,generated
7064,13,Top 5000,Top 5000,top5000,n.,η αποφοίτηση,graduation,graduation photo,generated
7065,13,Top 5000,Top 5000,top5000,n.,ο τυφώνας,hurricane,hurricane photo,generated
7066,13,Top 5000,Top 5000,top5000,n.,ο αρραβώνας,engagement,engagement photo,generated
7067,13,Top 5000,Top 5000,top5000,n.,η παράνοια,paranoia,paranoia photo,generated
7068,13,Top 5000,Top 5000,top5000,n.,το ηφαίστειο,volcano,volcano photo,generated
7069,13,Top 5000,Top 5000,top5000,n.,ο περιορισμός,limitation,limitation photo,generated
7070,13,Top 5000,Top 5000,top5000,n.,το σεμινάριο,seminar,seminar photo,generated
7071,13,Top 5000,Top 5000,top5000,v.,ξεγελώ,trick,trick photo,generated
7072,13,Top 5000,Top 5000,top5000,n.,το τακούνι,heel,heel photo,generated
7073,13,Top 5000,Top 5000,top5000,n.,ο υπολογισμός,calculation,calculation photo,generated
7074,13,Top 5000,Top 5000,top5000,n.,το ορφανό,orphan,orphan photo,generated
7075,13,Top 5000,Top 5000,top5000,n.,το γράψιμο,writing,writing photo,generated
7076,13,Top 5000,Top 5000,top5000,n.,η σπίθα,spark,spark photo,generated
7077,13,Top 5000,Top 5000,top5000,n.,η υιοθεσία,adoption,adoption photo,generated
7078,13,Top 5000,Top 5000,top5000,n.,ο συγκάτοικος,flatmate,flatmate photo,generated
7079,13,Top 5000,Top 5000,top5000,v.,ψιθυρίζω,whisper,whisper photo,generated
7080,13,Top 5000,Top 5000,top5000,n.,η απόγνωση,despair,despair photo,generated
7081,13,Top 5000,Top 5000,top5000,v.,προβλέπω,foresee,foresee photo,generated
7082,13,Top 5000,Top 5000,top5000,n.,η ανάγνωση,reading,reading photo,generated
7083,13,Top 5000,Top 5000,top5000,n.,η ανάμειξη,blending,blending photo,generated
7084,13,Top 5000,Top 5000,top5000,v.,δένω,moor,moor photo,generated
7085,13,Top 5000,Top 5000,top5000,adv.,περιστασιακά,now and then,now and then photo,generated
7086,13,Top 5000,Top 5000,top5000,adv.,ανόητα,foolish,foolish photo,generated
7087,13,Top 5000,Top 5000,top5000,v.,στεναχωριέμαι,"(colloquial) Alternative form of στεναχωρώ (stenachoró, “upset, worry”)",,needs_review
7088,13,Top 5000,Top 5000,top5000,v.,μετακινούμαι,budge,budge photo,generated
7089,13,Top 5000,Top 5000,top5000,n.,το θραύσμα,fragment,fragment photo,generated
7090,13,Top 5000,Top 5000,top5000,n.,το νομοσχέδιο,legislative bill,legislative bill photo,generated
7091,13,Top 5000,Top 5000,top5000,n.,η ομοιότητα,similarity,similarity photo,generated
7092,13,Top 5000,Top 5000,top5000,n.,η τρομοκρατία,terrorism,terrorism photo,generated
7093,13,Top 5000,Top 5000,top5000,n.,το περιστέρι,pigeon,pigeon photo,generated
7094,13,Top 5000,Top 5000,top5000,n.,η ακεραιότητα,integrity,integrity photo,generated
7095,13,Top 5000,Top 5000,top5000,v.,τριγυρνώ,wander,wander photo,generated
7096,13,Top 5000,Top 5000,top5000,v.,ονομάζω,give name to,give name to photo,generated
7097,13,Top 5000,Top 5000,top5000,v.,μετατρέπω,convert,convert photo,generated
7098,13,Top 5000,Top 5000,top5000,n.,το φυλλάδιο,leaflet,leaflet photo,generated
7099,13,Top 5000,Top 5000,top5000,n.,τα προάστια,suburbs,suburbs photo,generated
7100,13,Top 5000,Top 5000,top5000,v.,αγκαλιάζω,embrace,embrace photo,generated
7101,13,Top 5000,Top 5000,top5000,v.,σερβίρω,wait tables,wait tables photo,generated
7102,13,Top 5000,Top 5000,top5000,adj.,πεπεισμένος,convinced,convinced photo,generated
7103,13,Top 5000,Top 5000,top5000,v.,τιμωρούμαι,punish,punish photo,generated
7104,13,Top 5000,Top 5000,top5000,n.,η παρέμβαση,interference,interference photo,generated
7105,13,Top 5000,Top 5000,top5000,adj.,παρθένος,virgin,virgin photo,generated
7106,13,Top 5000,Top 5000,top5000,n.,η Πολωνία,Poland,Poland photo,generated
7107,13,Top 5000,Top 5000,top5000,n.,η ορμονή,hormone,hormone photo,generated
7108,13,Top 5000,Top 5000,top5000,n.,το αλεξίπτωτο,parachute,parachute photo,generated
7109,13,Top 5000,Top 5000,top5000,n.,η Βενετία,Venice,Venice photo,generated
7110,13,Top 5000,Top 5000,top5000,n.,το μαρτύριο,ordeal,ordeal photo,generated
7111,13,Top 5000,Top 5000,top5000,n.,η καλόγρια,the nun,,needs_review
7112,13,Top 5000,Top 5000,top5000,n.,το μπαλόνι,balloon,balloon photo,generated
7113,13,Top 5000,Top 5000,top5000,n.,το μεγαλείο,grandeur,grandeur photo,generated
7114,13,Top 5000,Top 5000,top5000,adj.,μηχανικός,mechanical,mechanical photo,generated
7115,13,Top 5000,Top 5000,top5000,n.,η προσαρμογή,adjustment,adjustment photo,generated
7116,13,Top 5000,Top 5000,top5000,adj.,ψυχρός,cold,cold photo,generated
7117,13,Top 5000,Top 5000,top5000,num.,μιάμιση,one and half,one and half photo,generated
7118,13,Top 5000,Top 5000,top5000,n.,το πρωτοσέλιδο,front-page,front-page photo,generated
7119,13,Top 5000,Top 5000,top5000,coll.,φρικάρω,freak out,freak out photo,generated
7120,13,Top 5000,Top 5000,top5000,v.,δανείζομαι,borrow,borrow photo,generated
7121,13,Top 5000,Top 5000,top5000,v.,συνιστώ,recommend,recommend photo,generated
7122,13,Top 5000,Top 5000,top5000,n.,η αφίσα,poster,poster photo,generated
7123,13,Top 5000,Top 5000,top5000,v.,προσγειώνομαι,land,land photo,generated
7124,13,Top 5000,Top 5000,top5000,n.,τεχνητός,artificial,artificial photo,generated
7125,13,Top 5000,Top 5000,top5000,n.,η χειραψία,handshake,handshake photo,generated
7126,13,Top 5000,Top 5000,top5000,n.,ο κεραυνός,thunderbolt,thunderbolt photo,generated
7127,13,Top 5000,Top 5000,top5000,adv.,άψογα,impeccably,impeccably photo,generated
7128,13,Top 5000,Top 5000,top5000,v.,μελετάω,study,study photo,generated
7129,13,Top 5000,Top 5000,top5000,n.,ο χωρισμός,break-up,break-up photo,generated
7130,13,Top 5000,Top 5000,top5000,n.,το κάλεσμα,animal call,animal call photo,generated
7131,13,Top 5000,Top 5000,top5000,v.,αναμένω,expect,expect photo,generated
7132,13,Top 5000,Top 5000,top5000,v.,ξεσπάω,vent,vent photo,generated
7133,13,Top 5000,Top 5000,top5000,adj.,πεθαμένος,dead,dead photo,generated
7134,13,Top 5000,Top 5000,top5000,n.,ο πλούτος,richness,richness photo,generated
7135,13,Top 5000,Top 5000,top5000,n.,ο ξάδελφος,cousin,cousin photo,generated
7136,13,Top 5000,Top 5000,top5000,n.,η ζωγραφιά,picture,picture photo,generated
7137,13,Top 5000,Top 5000,top5000,n.,ο οδοντίατρος,dentist,dentist photo,generated
7138,13,Top 5000,Top 5000,top5000,n.,ο ερευνητής,researcher,researcher photo,generated
7139,13,Top 5000,Top 5000,top5000,n. pl.,τα ψίχουλα,crumbs,crumbs photo,generated
7140,13,Top 5000,Top 5000,top5000,n.,το τσιμέντο,cement,cement photo,generated
7141,13,Top 5000,Top 5000,top5000,v.,αποτελούμαι,constitute,constitute photo,generated
7142,13,Top 5000,Top 5000,top5000,n.,ο παλμός,heartbeat,heartbeat photo,generated
7143,13,Top 5000,Top 5000,top5000,n. pl.,τα ζάρια,dice,dice photo,generated
7144,13,Top 5000,Top 5000,top5000,adj.,αρρωστημένος,beyond normal,beyond normal photo,generated
7145,13,Top 5000,Top 5000,top5000,n.,η υποθήκη,mortgage,mortgage photo,generated
7146,13,Top 5000,Top 5000,top5000,n.,ο προϋπολογισμός,budget,budget photo,generated
7147,13,Top 5000,Top 5000,top5000,adv.,παράλληλα,Nominative,Nominative photo,generated
7148,13,Top 5000,Top 5000,top5000,n.,το παράσιτο,parasite,parasite photo,generated
7149,13,Top 5000,Top 5000,top5000,n.,ο θεατής,spectator,spectator photo,generated
7150,13,Top 5000,Top 5000,top5000,n.,το μπλουζάκι,T-shirt,T-shirt photo,generated
7151,13,Top 5000,Top 5000,top5000,v.,επανέρχομαι,come back to do,come back to do photo,generated
7152,13,Top 5000,Top 5000,top5000,n.,η εγγραφή,registration,registration photo,generated
7153,13,Top 5000,Top 5000,top5000,n.,το αχούρι,pigsty,pigsty photo,generated
7154,13,Top 5000,Top 5000,top5000,n.,η διαχείριση,management,management photo,generated
7155,13,Top 5000,Top 5000,top5000,n.,η καταγωγή,ancestry,ancestry photo,generated
7156,13,Top 5000,Top 5000,top5000,adj.,ακουστικός,acoustic,acoustic photo,generated
7157,13,Top 5000,Top 5000,top5000,n.,η απορία,question,question photo,generated
7158,13,Top 5000,Top 5000,top5000,n.,η βουτιά,dive,dive photo,generated
7159,13,Top 5000,Top 5000,top5000,n.,η πορνεία,prostitution,prostitution photo,generated
7160,13,Top 5000,Top 5000,top5000,n.,η συντριβή,devastation,devastation photo,generated
7161,13,Top 5000,Top 5000,top5000,n.,ο κουμπάρος,best man,best man photo,generated
7162,13,Top 5000,Top 5000,top5000,v.,εκφράζω,express,express photo,generated
7163,13,Top 5000,Top 5000,top5000,v.,ζωγραφίζω,draw,draw photo,generated
7164,13,Top 5000,Top 5000,top5000,v.,ξεκουμπώνω,unbutton,unbutton photo,generated
7165,13,Top 5000,Top 5000,top5000,n.,η αρένα,arena,arena photo,generated
7166,13,Top 5000,Top 5000,top5000,adj.,τεχνικός,technical,technical photo,generated
7167,13,Top 5000,Top 5000,top5000,n.,η μαγειρική,cooking,cooking photo,generated
7168,13,Top 5000,Top 5000,top5000,n.,το σκίτσο,sketch,sketch photo,generated
7169,13,Top 5000,Top 5000,top5000,n.,ο προστάτης,protector,protector photo,generated
7170,13,Top 5000,Top 5000,top5000,v.,υποψιάζομαι,suspect,suspect photo,generated
7171,13,Top 5000,Top 5000,top5000,n.,η ανεπάρκεια,insufficiency,insufficiency photo,generated
7172,13,Top 5000,Top 5000,top5000,adj.,μαστουρωμένος,stoned,stoned photo,generated
7173,13,Top 5000,Top 5000,top5000,adj.,αλλεργικός,allergic,allergic photo,generated
7174,13,Top 5000,Top 5000,top5000,n. pl.,τα κάγκελα,railing,railing photo,generated
7175,13,Top 5000,Top 5000,top5000,n.,το κουτσομπολιό,gossip,gossip photo,generated
7176,13,Top 5000,Top 5000,top5000,n.,η επιμέλεια,diligence,diligence photo,generated
7177,13,Top 5000,Top 5000,top5000,adj.,οπλισμένος,reinforced,reinforced photo,generated
7178,13,Top 5000,Top 5000,top5000,adj.,αρραβωνιασμένος,engaged,engaged photo,generated
7179,13,Top 5000,Top 5000,top5000,n.,η μπάντα,band,band photo,generated
7180,13,Top 5000,Top 5000,top5000,n.,η μάθηση,learning,learning photo,generated
7181,13,Top 5000,Top 5000,top5000,n.,το στέκι,hangout,hangout photo,generated
7182,13,Top 5000,Top 5000,top5000,n.,ο σβέρκος,nape,nape photo,generated
7183,13,Top 5000,Top 5000,top5000,adj.,γεννημένος,born,born photo,generated
7184,13,Top 5000,Top 5000,top5000,n.,ο νεροχύτης,kitchen sink,kitchen sink photo,generated
7185,13,Top 5000,Top 5000,top5000,n.,η φαγούρα,itch,itch photo,generated
7186,13,Top 5000,Top 5000,top5000,n.,ο στίχος,lyric,lyric photo,generated
7187,13,Top 5000,Top 5000,top5000,n. pl.,τα συλλυπητήρια,condolences,condolences photo,generated
7188,13,Top 5000,Top 5000,top5000,adj.,μοντέρνος,modern,modern photo,generated
7189,13,Top 5000,Top 5000,top5000,n.,το παζάρι,haggling,haggling photo,generated
7190,13,Top 5000,Top 5000,top5000,v.,διαπράττω,commit,commit photo,generated
7191,13,Top 5000,Top 5000,top5000,adj.,προσβλητικός,insulting,insulting photo,generated
7192,13,Top 5000,Top 5000,top5000,n.,η γκρίνια,whining,whining photo,generated
7193,13,Top 5000,Top 5000,top5000,adv.,επίμονα,persistently,persistently photo,generated
7194,13,Top 5000,Top 5000,top5000,n.,η αδικία,injustice,injustice photo,generated
7195,13,Top 5000,Top 5000,top5000,n.,η πρίζα,socket,socket photo,generated
7196,13,Top 5000,Top 5000,top5000,n.,το μπικίνι,bikini,bikini photo,generated
7197,13,Top 5000,Top 5000,top5000,n.,το μνημείο,monument,monument photo,generated
7198,13,Top 5000,Top 5000,top5000,adj.,τραυματισμένος,wound,wound photo,generated
7199,13,Top 5000,Top 5000,top5000,adj.,κακόμοιρος,luckless,luckless photo,generated
7200,13,Top 5000,Top 5000,top5000,n.,το κρεμμύδι,onion,onion photo,generated
7201,13,Top 5000,Top 5000,top5000,n. pl.,τα αγαθά,goods,goods photo,generated
7202,13,Top 5000,Top 5000,top5000,adj.,έξαλλος,frantic,frantic photo,generated
7203,13,Top 5000,Top 5000,top5000,adj.,αγγλικός,English,English photo,generated
7204,13,Top 5000,Top 5000,top5000,n.,η ρεσεψιόν,reception,reception photo,generated
7205,13,Top 5000,Top 5000,top5000,adj.,αλκοολικός,Of or pertaining to alcohol,Of or pertaining to alcohol photo,generated
7206,13,Top 5000,Top 5000,top5000,n.,η θητεία,stint,stint photo,generated
7207,13,Top 5000,Top 5000,top5000,adj.,εγκληματικός,criminal,criminal photo,generated
7208,13,Top 5000,Top 5000,top5000,v.,λιώνω,melt,melt photo,generated
7209,13,Top 5000,Top 5000,top5000,v.,ξεμένω,being left over,being left over photo,generated
7210,13,Top 5000,Top 5000,top5000,n.,η ηχογράφηση,sound recording,sound recording photo,generated
7211,13,Top 5000,Top 5000,top5000,n.,το απόθεμα,stock,stock photo,generated
7212,13,Top 5000,Top 5000,top5000,n.,η λογοτεχνία,literature,literature photo,generated
7213,13,Top 5000,Top 5000,top5000,v.,διαθέτω,have,have photo,generated
7214,13,Top 5000,Top 5000,top5000,n.,η αμηχανία,embarassment,embarassment photo,generated
7215,13,Top 5000,Top 5000,top5000,n.,το γκαζόν,lawn,lawn photo,generated
7216,13,Top 5000,Top 5000,top5000,n.,η επισκευή,repair,repair photo,generated
7217,13,Top 5000,Top 5000,top5000,adj.,κομμένος,sliced,sliced photo,generated
7218,13,Top 5000,Top 5000,top5000,adj.,ξύλινος,wooden,wooden photo,generated
7219,13,Top 5000,Top 5000,top5000,v.,παύω,stop,stop photo,generated
7220,13,Top 5000,Top 5000,top5000,n.,το ξέσπασμα,outburst,outburst photo,generated
7221,13,Top 5000,Top 5000,top5000,n.,η μπουκιά,morsel,morsel photo,generated
7222,13,Top 5000,Top 5000,top5000,adj.,πατρικός,fatherly,fatherly photo,generated
7223,13,Top 5000,Top 5000,top5000,n.,το κάλυμμα,cover,cover photo,generated
7224,13,Top 5000,Top 5000,top5000,adj.,ενήμερος,aware of,aware of photo,generated
7225,13,Top 5000,Top 5000,top5000,n.,η ιεραρχία,hierarchy,hierarchy photo,generated
7226,13,Top 5000,Top 5000,top5000,v.,εντυπωσιάζω,impress,impress photo,generated
7227,13,Top 5000,Top 5000,top5000,n.,το φερμουάρ,zipper,zipper photo,generated
7228,13,Top 5000,Top 5000,top5000,n.,το βάσανο,torment,torment photo,generated
7229,13,Top 5000,Top 5000,top5000,n.,η κυριαρχία,domination,domination photo,generated
7230,13,Top 5000,Top 5000,top5000,n.,ο ταχυδρόμος,postman,postman photo,generated
7231,13,Top 5000,Top 5000,top5000,n.,το παυσίπονο,painkiller,painkiller photo,generated
7232,13,Top 5000,Top 5000,top5000,n.,η φτώχεια,poverty,poverty photo,generated
7233,13,Top 5000,Top 5000,top5000,v.,αφαιρώ,subtract,subtract photo,generated
7234,13,Top 5000,Top 5000,top5000,num.,εξήντα,sixty,sixty photo,generated
7235,13,Top 5000,Top 5000,top5000,adj.,πολλαπλός,multiple,multiple photo,generated
7236,13,Top 5000,Top 5000,top5000,v.,εκδικούμαι,take revenge,take revenge photo,generated
7237,13,Top 5000,Top 5000,top5000,n. pl.,οι παππούδες,grandparents,grandparents photo,generated
7238,13,Top 5000,Top 5000,top5000,n.,το μεθύσι,drunkenness,drunkenness photo,generated
7239,13,Top 5000,Top 5000,top5000,v.,μπερδεύω,tangle,tangle photo,generated
7240,13,Top 5000,Top 5000,top5000,v.,ρέω,flow,flow photo,generated
7241,13,Top 5000,Top 5000,top5000,n.,το γατάκι,kitten,kitten photo,generated
7242,13,Top 5000,Top 5000,top5000,"adv,",πνευματικά,mental,mental photo,generated
7243,13,Top 5000,Top 5000,top5000,n.,το γλέντι,revelry,revelry photo,generated
7244,13,Top 5000,Top 5000,top5000,n.,η ειδικότητα,specialty,specialty photo,generated
7245,13,Top 5000,Top 5000,top5000,n.,το μικρόβιο,germ,germ photo,generated
7246,13,Top 5000,Top 5000,top5000,n.,το επίκεντρο,epicentre,epicentre photo,generated
7247,13,Top 5000,Top 5000,top5000,n.,ο εκδότης,publisher,publisher photo,generated
7248,13,Top 5000,Top 5000,top5000,v.,ζυγίζω,weigh,weigh photo,generated
7249,13,Top 5000,Top 5000,top5000,n.,ο Ιανουάριος,January,January photo,generated
7250,13,Top 5000,Top 5000,top5000,v.,εκθέτω,exhibit,exhibit photo,generated
7251,13,Top 5000,Top 5000,top5000,n.,η καρφίτσα,the pin,,needs_review
7252,13,Top 5000,Top 5000,top5000,adj.,μητρικός,maternal,maternal photo,generated
7253,13,Top 5000,Top 5000,top5000,n.,ο άστεγος,homeless person,homeless person photo,generated
7254,13,Top 5000,Top 5000,top5000,adj.,αναμενόμενος,expected,expected photo,generated
7255,13,Top 5000,Top 5000,top5000,n.,η παρθενιά,virginity,virginity photo,generated
7256,13,Top 5000,Top 5000,top5000,n.,η ζωγραφική,painting,painting photo,generated
7257,13,Top 5000,Top 5000,top5000,n.,ο αγοραστής,buyer,buyer photo,generated
7258,13,Top 5000,Top 5000,top5000,adj.,κομψός,chic,chic photo,generated
7259,13,Top 5000,Top 5000,top5000,,ο αναπτήρας,lighter,lighter photo,generated
7260,13,Top 5000,Top 5000,top5000,n.,η προτίμηση,preference,preference photo,generated
7261,13,Top 5000,Top 5000,top5000,adj.,επιτυχημένος,succeed,succeed photo,generated
7262,13,Top 5000,Top 5000,top5000,n.,η σύμβαση,contract,contract photo,generated
7263,13,Top 5000,Top 5000,top5000,adj.,εκατοστός,hundredth,hundredth photo,generated
7264,13,Top 5000,Top 5000,top5000,adj.,καστανός,brown,brown photo,generated
7265,13,Top 5000,Top 5000,top5000,n.,η συντήρηση,maintenance,maintenance photo,generated
7266,13,Top 5000,Top 5000,top5000,n.,η Μαδρίτη,Madrid,Madrid photo,generated
7267,13,Top 5000,Top 5000,top5000,adj.,κοκκινομάλλης,redhead,redhead photo,generated
7268,13,Top 5000,Top 5000,top5000,n.,το τσούρμο,bunch of people,bunch of people photo,generated
7269,13,Top 5000,Top 5000,top5000,n.,το εισόδημα,income,income photo,generated
7270,13,Top 5000,Top 5000,top5000,n.,το μάγουλο,cheek,cheek photo,generated
7271,13,Top 5000,Top 5000,top5000,n.,η αρμονία,harmony,harmony photo,generated
7272,13,Top 5000,Top 5000,top5000,n.,ο ταύρος,bull,bull photo,generated
7273,13,Top 5000,Top 5000,top5000,n.,ο εργένης,bachelor,bachelor photo,generated
7274,13,Top 5000,Top 5000,top5000,adj.,γλυκούλης,cute,cute photo,generated
7275,13,Top 5000,Top 5000,top5000,n. pl.,οι χαζομάρες,antics,antics photo,generated
7276,13,Top 5000,Top 5000,top5000,n.,το πανί,sail,sail photo,generated
7277,13,Top 5000,Top 5000,top5000,adj.,ανώφελος,wasted,wasted photo,generated
7278,13,Top 5000,Top 5000,top5000,v.,καταδικάζω,convict,convict photo,generated
7279,13,Top 5000,Top 5000,top5000,n.,το δέμα,parcel,parcel photo,generated
7280,13,Top 5000,Top 5000,top5000,v.,ρουφάω,swallow,swallow photo,generated
7281,13,Top 5000,Top 5000,top5000,n.,το φιστίκι,peanut,peanut photo,generated
7282,13,Top 5000,Top 5000,top5000,adj.,φιλανθρωπικός,philanthropic,philanthropic photo,generated
7283,13,Top 5000,Top 5000,top5000,n.,η χούφτα,handful,handful photo,generated
7284,13,Top 5000,Top 5000,top5000,n.,το σοκάκι,back alley,back alley photo,generated
7285,13,Top 5000,Top 5000,top5000,n.,το μυρμήγκι,the ant,,needs_review
7286,13,Top 5000,Top 5000,top5000,n.,η σκεπή,roof,roof photo,generated
7287,13,Top 5000,Top 5000,top5000,adv.,υποθετικά,hypothetical,hypothetical photo,generated
7288,13,Top 5000,Top 5000,top5000,n.,η ακτινογραφία,x-ray,x-ray photo,generated
7289,13,Top 5000,Top 5000,top5000,v.,χτίζω,build,build photo,generated
7290,13,Top 5000,Top 5000,top5000,n.,ο τροχός,wheel,wheel photo,generated
7291,13,Top 5000,Top 5000,top5000,n.,ο αρουραίος,the rat,,needs_review
7292,13,Top 5000,Top 5000,top5000,n.,η συνέλευση,assembly,assembly photo,generated
7293,13,Top 5000,Top 5000,top5000,v.,υπερασπίζομαι,defend,defend photo,generated
7294,13,Top 5000,Top 5000,top5000,n.,η Βιέννη,Vienna,Vienna photo,generated
7295,13,Top 5000,Top 5000,top5000,n.,στοιχειωμένος,haunted,haunted photo,generated
7296,13,Top 5000,Top 5000,top5000,adj.,εγωιστικός,egotistical,egotistical photo,generated
7297,13,Top 5000,Top 5000,top5000,adv. / adj.,δήθεν,so-called,so-called photo,generated
7298,13,Top 5000,Top 5000,top5000,n.,ο αγωγός,pipeline,pipeline photo,generated
7299,13,Top 5000,Top 5000,top5000,n.,το χειρουργείο,operating room,operating room photo,generated
7300,13,Top 5000,Top 5000,top5000,n.,καθολικός,universal,universal photo,generated
7301,13,Top 5000,Top 5000,top5000,v.,μπερδεύομαι,get caught,get caught photo,generated
7302,13,Top 5000,Top 5000,top5000,adj.,θεατρικός,theatrical,theatrical photo,generated
7303,13,Top 5000,Top 5000,top5000,adj.,χημικός,chemical,chemical photo,generated
7304,13,Top 5000,Top 5000,top5000,n.,το μοσχάρι,beef,beef photo,generated
7305,13,Top 5000,Top 5000,top5000,n.,γλιστράω,slip,slip photo,generated
7306,13,Top 5000,Top 5000,top5000,adj.,διατεθειμένος,willing,willing photo,generated
7307,13,Top 5000,Top 5000,top5000,n.,η εξυπηρέτηση,service,service photo,generated
7308,13,Top 5000,Top 5000,top5000,n.,το τρίγωνο,triangle,triangle photo,generated
7309,13,Top 5000,Top 5000,top5000,n.,το μπράτσο,upper arm,upper arm photo,generated
7310,13,Top 5000,Top 5000,top5000,v.,φυσάω,blow,blow photo,generated
7311,13,Top 5000,Top 5000,top5000,n.,το βότανο,herb,herb photo,generated
7312,13,Top 5000,Top 5000,top5000,n.,ο πυροσβέστης,firefighter,firefighter photo,generated
7313,13,Top 5000,Top 5000,top5000,adv.,ανεπίσημα,informally,informally photo,generated
7314,13,Top 5000,Top 5000,top5000,adj.,καθυστερημένος,delayed,delayed photo,generated
7315,13,Top 5000,Top 5000,top5000,n.,το κέρμα,coin,coin photo,generated
7316,13,Top 5000,Top 5000,top5000,n.,η απόρριψη,rejection,rejection photo,generated
7317,13,Top 5000,Top 5000,top5000,n. pl.,τα απομεινάρια,leftovers,leftovers photo,generated
7318,13,Top 5000,Top 5000,top5000,n. pl.,τα γένια,stubble,stubble photo,generated
7319,13,Top 5000,Top 5000,top5000,v.,ενώνω,join,join photo,generated
7320,13,Top 5000,Top 5000,top5000,adv.,μάταια,in vain,in vain photo,generated
7321,13,Top 5000,Top 5000,top5000,adv.,παραπέρα,further on,further on photo,generated
7322,13,Top 5000,Top 5000,top5000,v.,γονατίζω,kneel,kneel photo,generated
7323,13,Top 5000,Top 5000,top5000,n.,το ρήγμα,rift,rift photo,generated
7324,13,Top 5000,Top 5000,top5000,n.,ο Φεβρουάριος,February,February photo,generated
7325,13,Top 5000,Top 5000,top5000,adj.,περιορισμένος,limited,limited photo,generated
7326,13,Top 5000,Top 5000,top5000,n.,το λουρί,strap,strap photo,generated
7327,13,Top 5000,Top 5000,top5000,n. pl.,τα ακουστικά,headphones,headphones photo,generated
7328,13,Top 5000,Top 5000,top5000,n.,το καρότσι,trolley,trolley photo,generated
7329,13,Top 5000,Top 5000,top5000,n.,η Πρωτοχρονιά,New Year's Day,New Year's Day photo,generated
7330,13,Top 5000,Top 5000,top5000,v.,αντιδρώ,react,react photo,generated
7331,13,Top 5000,Top 5000,top5000,adj.,δραματικός,dramatic,dramatic photo,generated
7332,13,Top 5000,Top 5000,top5000,adj.,σύγχρονος,contemporary,contemporary photo,generated
7333,13,Top 5000,Top 5000,top5000,adj.,χιλιοστός,thousandth,thousandth photo,generated
7334,13,Top 5000,Top 5000,top5000,n.,ο κληρονόμος,heir η κληρονόμος,heir η κληρονόμος photo,generated
7335,13,Top 5000,Top 5000,top5000,n.,το γιαούρτι,yoghurt,yoghurt photo,generated
7336,13,Top 5000,Top 5000,top5000,n.,το πρότυπο,role model,role model photo,generated
7337,13,Top 5000,Top 5000,top5000,n.,η συμπάθεια,fondness,fondness photo,generated
7338,13,Top 5000,Top 5000,top5000,v.,παραπονιέμαι,complain,complain photo,generated
7339,13,Top 5000,Top 5000,top5000,n.,η ευημερία,well-being,well-being photo,generated
7340,13,Top 5000,Top 5000,top5000,n.,το αεράκι,breeze,breeze photo,generated
7341,13,Top 5000,Top 5000,top5000,v.,διατηρώ,have,have photo,generated
7342,13,Top 5000,Top 5000,top5000,adj.,χαλαρός,loose,loose photo,generated
7343,13,Top 5000,Top 5000,top5000,v.,θεραπεύομαι,heal,heal photo,generated
7344,13,Top 5000,Top 5000,top5000,n.,η βαλβίδα,valve,valve photo,generated
7345,13,Top 5000,Top 5000,top5000,n.,ο Ρωμαίος,Roman person,Roman person photo,generated
7346,13,Top 5000,Top 5000,top5000,adv.,φιλικά,in friendly manner,in friendly manner photo,generated
7347,13,Top 5000,Top 5000,top5000,n.,το πλέγμα,grid,grid photo,generated
7348,13,Top 5000,Top 5000,top5000,n.,το άκρο,end point,end point photo,generated
7349,13,Top 5000,Top 5000,top5000,n.,η όχθη,bank,bank photo,generated
7350,13,Top 5000,Top 5000,top5000,n.,η φυγή,flight,flight photo,generated
7351,13,Top 5000,Top 5000,top5000,v.,χαιρετάω,say hello,say hello photo,generated
7352,13,Top 5000,Top 5000,top5000,v.,αγχώνομαι,worry,worry photo,generated
7353,13,Top 5000,Top 5000,top5000,adj.,φωτεινός,bright,bright photo,generated
7354,13,Top 5000,Top 5000,top5000,adj.,διοικητικός,administrative,administrative photo,generated
7355,13,Top 5000,Top 5000,top5000,v.,επικρατώ,predominate,predominate photo,generated
7356,13,Top 5000,Top 5000,top5000,v.,συγχαίρω,congratulate,congratulate photo,generated
7357,13,Top 5000,Top 5000,top5000,n.,η μαριονέτα,puppet,puppet photo,generated
7358,13,Top 5000,Top 5000,top5000,v.,δικαιούμαι,be entitled to,be entitled to photo,generated
7359,13,Top 5000,Top 5000,top5000,adj.,ψυχολογικός,psychological,psychological photo,generated
7360,13,Top 5000,Top 5000,top5000,v.,αποχαιρετάω,say goodbye,say goodbye photo,generated
7361,13,Top 5000,Top 5000,top5000,adj.,τσαντισμένος,pissed off,pissed off photo,generated
7362,13,Top 5000,Top 5000,top5000,n.,η δυναμική,dynamic,dynamic photo,generated
7363,13,Top 5000,Top 5000,top5000,n.,το πλύσιμο,bathing,bathing photo,generated
7364,13,Top 5000,Top 5000,top5000,n.,το συνδικάτο,union,union photo,generated
7365,13,Top 5000,Top 5000,top5000,adj.,ακατάλληλος,unsuitable,unsuitable photo,generated
7366,13,Top 5000,Top 5000,top5000,n.,η ιππασία,horse riding,horse riding photo,generated
7367,13,Top 5000,Top 5000,top5000,n.,η αντίκα,antique,antique photo,generated
7368,13,Top 5000,Top 5000,top5000,n.,η έκσταση,ecstasy,ecstasy photo,generated
7369,13,Top 5000,Top 5000,top5000,adj.,τελειωμένος,finish,finish photo,generated
7370,13,Top 5000,Top 5000,top5000,v.,τσιμπάω,sting,sting photo,generated
7371,13,Top 5000,Top 5000,top5000,n.,η ζεστασιά,warmth,warmth photo,generated
7372,13,Top 5000,Top 5000,top5000,adj.,οικείος,familiar,familiar photo,generated
7373,13,Top 5000,Top 5000,top5000,n.,το κάψιμο,burning,burning photo,generated
7374,13,Top 5000,Top 5000,top5000,n.,η αποκατάσταση,restoration,restoration photo,generated
7375,13,Top 5000,Top 5000,top5000,n.,ο καθαριστής,cleaner,cleaner photo,generated
7376,13,Top 5000,Top 5000,top5000,n.,η εφορία,tax office,tax office photo,generated
7377,13,Top 5000,Top 5000,top5000,n.,η παράβαση,violation,violation photo,generated
7378,13,Top 5000,Top 5000,top5000,n.,η ρήξη,rupture,rupture photo,generated
7379,13,Top 5000,Top 5000,top5000,n.,ο διαχειριστής,administrator,administrator photo,generated
7380,13,Top 5000,Top 5000,top5000,n.,η τελειότητα,perfection,perfection photo,generated
7381,13,Top 5000,Top 5000,top5000,n.,η πανσέληνος,full moon,full moon photo,generated
7382,13,Top 5000,Top 5000,top5000,n.,ο επίδεσμος,bandage,bandage photo,generated
7383,13,Top 5000,Top 5000,top5000,n.,η ισοπαλία,draw,draw photo,generated
7384,13,Top 5000,Top 5000,top5000,adv.,πλάγια,mountainslope,mountainslope photo,generated
7385,13,Top 5000,Top 5000,top5000,n.,το κλαδί,branch,branch photo,generated
7386,13,Top 5000,Top 5000,top5000,n.,το λεξικό,dictionary,dictionary photo,generated
7387,13,Top 5000,Top 5000,top5000,n.,ο σωτήρας,rescuer,rescuer photo,generated
7388,13,Top 5000,Top 5000,top5000,n.,η μιζέρια,misery,misery photo,generated
7389,13,Top 5000,Top 5000,top5000,n.,η μυστικότητα,secrecy,secrecy photo,generated
7390,13,Top 5000,Top 5000,top5000,v.,ανακοινώνω,announce,announce photo,generated
7391,13,Top 5000,Top 5000,top5000,n.,το πριόνι,handsaw,handsaw photo,generated
7392,13,Top 5000,Top 5000,top5000,v.,σκίζω,slit,slit photo,generated
7393,13,Top 5000,Top 5000,top5000,n.,το χρηματιστήριο,stock market,stock market photo,generated
7394,13,Top 5000,Top 5000,top5000,adv.,ασταμάτητα,ceaselessly,ceaselessly photo,generated
7395,13,Top 5000,Top 5000,top5000,n.,η παλίρροια,tide,tide photo,generated
7396,13,Top 5000,Top 5000,top5000,n.,ο οργασμός,orgasm,orgasm photo,generated
7397,13,Top 5000,Top 5000,top5000,adj.,μάταιος,futile,futile photo,generated
7398,13,Top 5000,Top 5000,top5000,n.,το σκόρδο,garlic,garlic photo,generated
7399,13,Top 5000,Top 5000,top5000,n.,η υπενθύμιση,reminder,reminder photo,generated
7400,13,Top 5000,Top 5000,top5000,n.,η κλωστή,thread,thread photo,generated
7401,13,Top 5000,Top 5000,top5000,n.,η ευαισθησία,sensitivity,sensitivity photo,generated
7402,13,Top 5000,Top 5000,top5000,n.,το μείγμα,mixture,mixture photo,generated
7403,13,Top 5000,Top 5000,top5000,adv.,επιστημονικά,scientific,scientific photo,generated
7404,13,Top 5000,Top 5000,top5000,v.,πραγματοποιώ,carry out,carry out photo,generated
7405,13,Top 5000,Top 5000,top5000,n.,το σημειωματάριο,notebook,notebook photo,generated
7406,13,Top 5000,Top 5000,top5000,n.,το λαχείο,lottery,lottery photo,generated
7407,13,Top 5000,Top 5000,top5000,n.,η άγνοια,ignorance,ignorance photo,generated
7408,13,Top 5000,Top 5000,top5000,n.,η γενναιοδωρία,generosity,generosity photo,generated
7409,13,Top 5000,Top 5000,top5000,n.,η βίζα,visa,visa photo,generated
7410,13,Top 5000,Top 5000,top5000,adj.,άνεργος,unemployed,unemployed photo,generated
7411,13,Top 5000,Top 5000,top5000,n.,η μετάθεση,work transfer,work transfer photo,generated
7412,13,Top 5000,Top 5000,top5000,n.,το τρόπαιο,trophy,trophy photo,generated
7413,13,Top 5000,Top 5000,top5000,adj.,ταλαντούχος,talented,talented photo,generated
7414,13,Top 5000,Top 5000,top5000,adv.,αμοιβαία,mutually,mutually photo,generated
7415,13,Top 5000,Top 5000,top5000,adj.,σκούρος,dark,dark photo,generated
7416,13,Top 5000,Top 5000,top5000,n.,το μπαούλο,trunk,trunk photo,generated
7417,13,Top 5000,Top 5000,top5000,n.,το νήμα,yarn,yarn photo,generated
7418,13,Top 5000,Top 5000,top5000,adj.,εχθρικός,hostile,hostile photo,generated
7419,13,Top 5000,Top 5000,top5000,v.,θέτω,place,place photo,generated
7420,13,Top 5000,Top 5000,top5000,n.,το καθιστικό,living room,living room photo,generated
7421,13,Top 5000,Top 5000,top5000,n.,ο συμβιβασμός,compromise,compromise photo,generated
7422,13,Top 5000,Top 5000,top5000,n.,το χρονοδιάγραμμα,timetable,timetable photo,generated
7423,13,Top 5000,Top 5000,top5000,v.,ανεβάζω,take up,take up photo,generated
7424,13,Top 5000,Top 5000,top5000,adj.,αθάνατος,immortal,immortal photo,generated
7425,13,Top 5000,Top 5000,top5000,n.,η χρέωση,charge,charge photo,generated
7426,13,Top 5000,Top 5000,top5000,adj.,αξιόπιστος,trustworthy,trustworthy photo,generated
7427,13,Top 5000,Top 5000,top5000,n.,η φυλάκιση,imprisonment,imprisonment photo,generated
7428,13,Top 5000,Top 5000,top5000,n.,ο τεχνικός,technician,technician photo,generated
7429,13,Top 5000,Top 5000,top5000,n.,ο όμηρος,hostage,hostage photo,generated
7430,13,Top 5000,Top 5000,top5000,v.,αποτρέπω,avert,avert photo,generated
7431,13,Top 5000,Top 5000,top5000,v.,η αλλεργία,allergy,allergy photo,generated
7432,13,Top 5000,Top 5000,top5000,n.,η ανατροφή,upbringing,upbringing photo,generated
7433,13,Top 5000,Top 5000,top5000,n.,το μπιλιάρδο,pool,pool photo,generated
7434,13,Top 5000,Top 5000,top5000,,μικροσκοπικός,microscopic,microscopic photo,generated
7435,13,Top 5000,Top 5000,top5000,adj.,περιττός,unnecessary,unnecessary photo,generated
7436,13,Top 5000,Top 5000,top5000,n.,το λίτρο,litre,litre photo,generated
7437,13,Top 5000,Top 5000,top5000,v.,κοπανάω,bash,bash photo,generated
7438,13,Top 5000,Top 5000,top5000,v.,κλειδώνω,lock,lock photo,generated
7439,13,Top 5000,Top 5000,top5000,v.,αναζητάω,look for,look for photo,generated
7440,13,Top 5000,Top 5000,top5000,v.,ξεκολλάω,unstick,unstick photo,generated
7441,13,Top 5000,Top 5000,top5000,n.,η θέρμανση,heating,heating photo,generated
7442,13,Top 5000,Top 5000,top5000,n.,η απελπισία,desperation,desperation photo,generated
7443,13,Top 5000,Top 5000,top5000,adj.,ανώνυμος,anonymous,anonymous photo,generated
7444,13,Top 5000,Top 5000,top5000,adj.,φανταχτερός,garish,garish photo,generated
7445,13,Top 5000,Top 5000,top5000,n.,ο σχεδιασμός,design,design photo,generated
7446,13,Top 5000,Top 5000,top5000,n.,το αριστούργημα,masterpiece,masterpiece photo,generated
7447,13,Top 5000,Top 5000,top5000,v.,παρκάρω,park,park photo,generated
7448,13,Top 5000,Top 5000,top5000,n.,το μαγείρεμα,cooking,cooking photo,generated
7449,13,Top 5000,Top 5000,top5000,adj.,πρόσφατος,recent,recent photo,generated
7450,13,Top 5000,Top 5000,top5000,v.,παρεξηγώ,misunderstand,misunderstand photo,generated
7451,13,Top 5000,Top 5000,top5000,n.,το διάγραμμα,diagram,diagram photo,generated
7452,13,Top 5000,Top 5000,top5000,n.,η προφύλαξη,precaution,precaution photo,generated
7453,13,Top 5000,Top 5000,top5000,n.,η αντοχή,endurance,endurance photo,generated
7454,13,Top 5000,Top 5000,top5000,v.,ξεριζώνω,uproot,uproot photo,generated
7455,13,Top 5000,Top 5000,top5000,n.,το έθιμο,tradition,tradition photo,generated
7456,13,Top 5000,Top 5000,top5000,n.,το γονίδιο,gene,gene photo,generated
7457,13,Top 5000,Top 5000,top5000,v.,πληρώνομαι,pay for past action,pay for past action photo,generated
7458,13,Top 5000,Top 5000,top5000,n.,ο αθλητής,athlete,athlete photo,generated
7459,13,Top 5000,Top 5000,top5000,v.,ενθαρρύνω,encourage,encourage photo,generated
7460,13,Top 5000,Top 5000,top5000,n.,ο αρχιτέκτονας,architect,architect photo,generated
7461,13,Top 5000,Top 5000,top5000,n. pl.,τα στατιστικά,statistics,statistics photo,generated
7462,13,Top 5000,Top 5000,top5000,n.,το αλεύρι,flour,flour photo,generated
7463,13,Top 5000,Top 5000,top5000,v.,ξεχωρίζω,divide,divide photo,generated
7464,13,Top 5000,Top 5000,top5000,n.,η Σουηδία,Sweden,Sweden photo,generated
7465,13,Top 5000,Top 5000,top5000,n.,το τούβλο,brick,brick photo,generated
7466,13,Top 5000,Top 5000,top5000,v.,ρυθμίζω,tune,tune photo,generated
7467,13,Top 5000,Top 5000,top5000,adv.,ιδιωτικά,private,private photo,generated
7468,13,Top 5000,Top 5000,top5000,n.,το χαντάκι,ditch,ditch photo,generated
7469,13,Top 5000,Top 5000,top5000,n.,ο ερασιτέχνης,amateur,amateur photo,generated
7470,13,Top 5000,Top 5000,top5000,v.,ανατινάζω,explode,explode photo,generated
7471,13,Top 5000,Top 5000,top5000,n.,το βρακί,pants,pants photo,generated
7472,13,Top 5000,Top 5000,top5000,adj.,εθισμένος,addicted,addicted photo,generated
7473,13,Top 5000,Top 5000,top5000,n.,τα αντίποινα,retaliation,retaliation photo,generated
7474,13,Top 5000,Top 5000,top5000,v.,εκπαιδεύω,educate,educate photo,generated
7475,13,Top 5000,Top 5000,top5000,n.,το πηγούνι,chin,chin photo,generated
7476,13,Top 5000,Top 5000,top5000,n.,ο χασάπης,butcher,butcher photo,generated
7477,13,Top 5000,Top 5000,top5000,adv.,τακτικά,regularly,regularly photo,generated
7478,13,Top 5000,Top 5000,top5000,adj.,ετήσιος,annual,annual photo,generated
7479,13,Top 5000,Top 5000,top5000,v.,καλυτερεύω,improve,improve photo,generated
7480,13,Top 5000,Top 5000,top5000,v.,επικεντρώνομαι,focus on,focus on photo,generated
7481,13,Top 5000,Top 5000,top5000,v.,δρω,take effect,take effect photo,generated
7482,13,Top 5000,Top 5000,top5000,n.,το ξημέρωμα,dawn,dawn photo,generated
7483,13,Top 5000,Top 5000,top5000,v.,ενώνω,join,join photo,generated
7484,13,Top 5000,Top 5000,top5000,adj.,πανέξυπνος,brilliant,brilliant photo,generated
7485,13,Top 5000,Top 5000,top5000,adj.,βρωμερός,filthy,filthy photo,generated
7486,13,Top 5000,Top 5000,top5000,adv.,φρόνιμα,Nominative,Nominative photo,generated
7487,13,Top 5000,Top 5000,top5000,n.,ο αντικαταστάτης,replacement,replacement photo,generated
7488,13,Top 5000,Top 5000,top5000,n.,η δωροδοκία,bribery,bribery photo,generated
7489,13,Top 5000,Top 5000,top5000,n.,η εφεύρεση,invention,invention photo,generated
7490,13,Top 5000,Top 5000,top5000,n.,ο κομμουνιστής,communist,communist photo,generated
7491,13,Top 5000,Top 5000,top5000,n.,η μητριά,stepmother,stepmother photo,generated
7492,13,Top 5000,Top 5000,top5000,v.,επαναφέρω,reset,reset photo,generated
7493,13,Top 5000,Top 5000,top5000,n.,το εφόδιο,supply,supply photo,generated
7494,13,Top 5000,Top 5000,top5000,n.,καταδικασμένος,doomed,doomed photo,generated
7495,13,Top 5000,Top 5000,top5000,n.,η διαμαρτυρία,protest,protest photo,generated
7496,13,Top 5000,Top 5000,top5000,n.,η επιπλοκή,complication,complication photo,generated
7497,13,Top 5000,Top 5000,top5000,v.,ποντάρω,"bet, wager",,needs_review
7498,13,Top 5000,Top 5000,top5000,adv.,ιδανικά,ideally,ideally photo,generated
7499,13,Top 5000,Top 5000,top5000,interj.,ζήτω,a more formal variant of ζητάω (zitáo),,needs_review
7500,13,Top 5000,Top 5000,top5000,adj.,βιολογικός,biological,biological photo,generated
7501,13,Top 5000,Top 5000,top5000,n.,η επίβλεψη,supervision,supervision photo,generated
7502,13,Top 5000,Top 5000,top5000,v.,εκπέμπω,transmit,transmit photo,generated
7503,13,Top 5000,Top 5000,top5000,n.,η κορδέλα,ribbon,ribbon photo,generated
7504,13,Top 5000,Top 5000,top5000,n.,η επιγραφή,inscription,inscription photo,generated
7505,13,Top 5000,Top 5000,top5000,n.,η ασέβεια,disrespect,disrespect photo,generated
7506,13,Top 5000,Top 5000,top5000,adj.,σφιχτός,tight,tight photo,generated
7507,13,Top 5000,Top 5000,top5000,n.,ο βάτραχος,frog,frog photo,generated
7508,13,Top 5000,Top 5000,top5000,n.,το επώνυμο,surname,surname photo,generated
7509,13,Top 5000,Top 5000,top5000,n.,το φρύδι,eyebrow,eyebrow photo,generated
7510,13,Top 5000,Top 5000,top5000,n.,η απόδοση,efficiency,efficiency photo,generated
7511,13,Top 5000,Top 5000,top5000,n.,το δάγκωμα,bite,animal biting,override
7512,13,Top 5000,Top 5000,top5000,n.,η ταβέρνα,restaurant,restaurant photo,generated
7513,13,Top 5000,Top 5000,top5000,n.,ο εκβιασμός,blackmail,blackmail photo,generated
7514,13,Top 5000,Top 5000,top5000,v.,κυλάω,roll,roll photo,generated
7515,13,Top 5000,Top 5000,top5000,n.,η εφηβεία,adolescence,adolescence photo,generated
7516,13,Top 5000,Top 5000,top5000,n.,η αθωότητα,innocence,innocence photo,generated
7517,13,Top 5000,Top 5000,top5000,n.,ο προφήτης,prophet,prophet photo,generated
7518,13,Top 5000,Top 5000,top5000,adj.,λιωμένος,melt,melt photo,generated
7519,13,Top 5000,Top 5000,top5000,v.,διευκολύνω,facilitate,facilitate photo,generated
7520,13,Top 5000,Top 5000,top5000,n.,η σύνθεση,composition,composition photo,generated
7521,13,Top 5000,Top 5000,top5000,v.,πάσχω,suffer from,suffer from photo,generated
7522,13,Top 5000,Top 5000,top5000,n.,η εστία,focal point,focal point photo,generated
7523,13,Top 5000,Top 5000,top5000,n.,η αξιοπιστία,reliability,reliability photo,generated
7524,13,Top 5000,Top 5000,top5000,adv.,μεταφορικά,figuratively,figuratively photo,generated
7525,13,Top 5000,Top 5000,top5000,n.,το βιβλιοπωλείο,bookshop,bookshop photo,generated
7526,13,Top 5000,Top 5000,top5000,adj.,ατομικός,atomic,atomic photo,generated
7527,13,Top 5000,Top 5000,top5000,adj.,βρετανικός,British,British photo,generated
7528,13,Top 5000,Top 5000,top5000,v.,διακρίνω,discern,discern photo,generated
7529,13,Top 5000,Top 5000,top5000,adj.,ευλογημένος,blessed,blessed photo,generated
7530,13,Top 5000,Top 5000,top5000,n.,το πέπλο,veil,veil photo,generated
7531,13,Top 5000,Top 5000,top5000,adv.,τοπικά,locally,locally photo,generated
7532,13,Top 5000,Top 5000,top5000,v.,προσβάλλω,offend,offend photo,generated
7533,13,Top 5000,Top 5000,top5000,n.,ο δημιουργός,creator,creator photo,generated
7534,13,Top 5000,Top 5000,top5000,n.,η οδοντόβουρτσα,toothbrush,toothbrush photo,generated
7535,13,Top 5000,Top 5000,top5000,n.,η μόρφωση,learning,learning photo,generated
7536,13,Top 5000,Top 5000,top5000,n.,η βαφή,dyeing,dyeing photo,generated
7537,13,Top 5000,Top 5000,top5000,n.,ο διαλογισμός,meditation,meditation photo,generated
7538,13,Top 5000,Top 5000,top5000,adj.,αλμυρός,salty,salty photo,generated
7539,13,Top 5000,Top 5000,top5000,adv.,τρυφερά,affectionately,affectionately photo,generated
7540,13,Top 5000,Top 5000,top5000,n.,η εικασία,guess,guess photo,generated
7541,13,Top 5000,Top 5000,top5000,n.,ο χορτοφάγος,vegetarian,vegetarian photo,generated
7542,13,Top 5000,Top 5000,top5000,n.,το σαμπουάν,shampoo,shampoo photo,generated
7543,13,Top 5000,Top 5000,top5000,adj.,κουραστικός,tiring,tiring photo,generated
7544,13,Top 5000,Top 5000,top5000,n.,ο μετανάστης,migrant,migrant photo,generated
7545,13,Top 5000,Top 5000,top5000,n.,η μεταχείριση,handling,handling photo,generated
7546,13,Top 5000,Top 5000,top5000,adj.,αιχμαλώτος,captured,captured photo,generated
7547,13,Top 5000,Top 5000,top5000,adj.,απογοητευτικός,disappointing,disappointing photo,generated
7548,13,Top 5000,Top 5000,top5000,adj.,άτυχος,unlucky,unlucky photo,generated
7549,13,Top 5000,Top 5000,top5000,n.,η ανεξαρτησία,independence,independence photo,generated
7550,13,Top 5000,Top 5000,top5000,n. pl.,τα θεμέλια,foundations,foundations photo,generated
7551,13,Top 5000,Top 5000,top5000,n.,η αρετή,virtue,virtue photo,generated
7552,13,Top 5000,Top 5000,top5000,n.,η αύρα,aura,aura photo,generated
7553,13,Top 5000,Top 5000,top5000,n.,η αποδοχή,acceptance,acceptance photo,generated
7554,13,Top 5000,Top 5000,top5000,n.,ο συμμαθητής,schoolfriend,schoolfriend photo,generated
7555,13,Top 5000,Top 5000,top5000,n.,η απαίτηση,demand,demand photo,generated
7556,13,Top 5000,Top 5000,top5000,n.,η βεβαιότητα,certitude,certitude photo,generated
7557,13,Top 5000,Top 5000,top5000,v.,φλερτάρω,flirt,flirt photo,generated
7558,13,Top 5000,Top 5000,top5000,n.,το νηπιαγωγείο,nursery school,nursery school photo,generated
7559,13,Top 5000,Top 5000,top5000,adv.,οριστικά,Nominative,Nominative photo,generated
7560,13,Top 5000,Top 5000,top5000,adj.,μελλοντικός,future,future photo,generated
7561,13,Top 5000,Top 5000,top5000,n.,το λιβάδι,meadow,meadow photo,generated
7562,13,Top 5000,Top 5000,top5000,n.,η μετάβαση,transition,transition photo,generated
7563,13,Top 5000,Top 5000,top5000,n.,ο Ιταλός,Italian person,Italian person photo,generated
7564,13,Top 5000,Top 5000,top5000,v.,προβληματίζω,preoccupy,preoccupy photo,generated
7565,13,Top 5000,Top 5000,top5000,n.,το γραμμάριο,gram,gram photo,generated
7566,13,Top 5000,Top 5000,top5000,v.,ραγίζω,crack,crack photo,generated
7567,13,Top 5000,Top 5000,top5000,adv.,ασυνήθιστα,unaccustomed,unaccustomed photo,generated
7568,13,Top 5000,Top 5000,top5000,v.,παραβιάζω,violate,violate photo,generated
7569,13,Top 5000,Top 5000,top5000,v.,εξαπλώνομαι,spread,spread photo,generated
7570,13,Top 5000,Top 5000,top5000,n.,η γρατζουνιά,scratch,scratch photo,generated
7571,13,Top 5000,Top 5000,top5000,n.,το μαραφέτι,gadget,gadget photo,generated
7572,13,Top 5000,Top 5000,top5000,n.,το καθεστώς,regime,regime photo,generated
7573,13,Top 5000,Top 5000,top5000,adv.,ενίοτε,sometimes,sometimes photo,generated
7574,13,Top 5000,Top 5000,top5000,adj.,ξανθός,blonde,blonde photo,generated
7575,13,Top 5000,Top 5000,top5000,n.,η παλάμη,palm of hand,palm of hand photo,generated
7576,13,Top 5000,Top 5000,top5000,adj.,μοναχός,monk,monk photo,generated
7577,13,Top 5000,Top 5000,top5000,v.,κατατρομάζω,scare to death,scare to death photo,generated
7578,13,Top 5000,Top 5000,top5000,n.,η σοδειά,crop,crop photo,generated
7579,13,Top 5000,Top 5000,top5000,n.,ο εγωισμός,selfishness,selfishness photo,generated
7580,13,Top 5000,Top 5000,top5000,n.,το ανταλλακτικό,spare part,spare part photo,generated
7581,13,Top 5000,Top 5000,top5000,n.,η βανίλια,vanilla,vanilla photo,generated
7582,13,Top 5000,Top 5000,top5000,n.,η αναταραχή,unrest,unrest photo,generated
7583,13,Top 5000,Top 5000,top5000,n.,το κομματάκι,little piece,little piece photo,generated
7584,13,Top 5000,Top 5000,top5000,n.,το σάλιο,spit,spit photo,generated
7585,13,Top 5000,Top 5000,top5000,v.,ξημερώνω,dawn,dawn photo,generated
7586,13,Top 5000,Top 5000,top5000,n.,η πλοήγηση,navigation,navigation photo,generated
7587,13,Top 5000,Top 5000,top5000,n.,η εξέδρα,stand,stand photo,generated
7588,13,Top 5000,Top 5000,top5000,adj.,γαλάζιος,sky blue,sky blue photo,generated
7589,13,Top 5000,Top 5000,top5000,n.,το πιρούνι,fork,fork photo,generated
7590,13,Top 5000,Top 5000,top5000,n.,η επέκταση,expansion,expansion photo,generated
7591,13,Top 5000,Top 5000,top5000,n.,η φλυαρία,gossip,gossip photo,generated
7592,13,Top 5000,Top 5000,top5000,adj.,ζηλιάρης,envious,envious photo,generated
7593,13,Top 5000,Top 5000,top5000,n.,το ξυράφι,razor,razor photo,generated
7594,13,Top 5000,Top 5000,top5000,v.,τσακώνομαι,fight,fight photo,generated
7595,13,Top 5000,Top 5000,top5000,adj.,ανάρμοστος,improper,improper photo,generated
7596,13,Top 5000,Top 5000,top5000,adv.,ηλεκτρικά,electrical wiring,electrical wiring photo,generated
7597,13,Top 5000,Top 5000,top5000,adj.,καθαρτήριος,cathartic,cathartic photo,generated
7598,13,Top 5000,Top 5000,top5000,n.,το κόλπο,trick,trick photo,generated
7599,13,Top 5000,Top 5000,top5000,n.,ο ακόλουθος,follower,follower photo,generated
7600,13,Top 5000,Top 5000,top5000,adj.,εγκαταλελειμμένος,abandoned,abandoned photo,generated
7601,13,Top 5000,Top 5000,top5000,n.,η μπουγάδα,laundry,laundry photo,generated
7602,13,Top 5000,Top 5000,top5000,n.,η διάταξη,layout,layout photo,generated
7603,13,Top 5000,Top 5000,top5000,n.,ο παράγοντας,factor,factor photo,generated
7604,13,Top 5000,Top 5000,top5000,n.,το ελάττωμα,defect,defect photo,generated
7605,13,Top 5000,Top 5000,top5000,adj.,γενετικός,genetic,genetic photo,generated
7606,13,Top 5000,Top 5000,top5000,adj.,ρώσικος,Russian,Russian photo,generated
7607,13,Top 5000,Top 5000,top5000,adv.,ρομαντικά,romantic,romantic photo,generated
7608,13,Top 5000,Top 5000,top5000,n.,το μαργαριτάρι,pearl,pearl photo,generated
7609,13,Top 5000,Top 5000,top5000,adj.,αυριανός,tomorrow's,tomorrow's photo,generated
7610,13,Top 5000,Top 5000,top5000,adj.,αισιόδοξος,optimistic,optimistic photo,generated
7611,13,Top 5000,Top 5000,top5000,v.,υπερβάλλω,exaggerate,exaggerate photo,generated
7612,13,Top 5000,Top 5000,top5000,n.,το έπαθλο,award,award photo,generated
7613,13,Top 5000,Top 5000,top5000,n.,η μέντα,mint,mint photo,generated
7614,13,Top 5000,Top 5000,top5000,v.,ενεργώ,"act, carry out an action",,needs_review
7615,13,Top 5000,Top 5000,top5000,n.,η πεθερά,mother-in-law,mother-in-law photo,generated
7616,13,Top 5000,Top 5000,top5000,n.,η προέλευση,origin,origin photo,generated
7617,13,Top 5000,Top 5000,top5000,n.,η λωρίδα,strip,strip photo,generated
7618,13,Top 5000,Top 5000,top5000,n.,ο επίσκοπος,bishop,bishop photo,generated
7619,13,Top 5000,Top 5000,top5000,n.,ο εκτυπωτής,printer,printer photo,generated
7620,13,Top 5000,Top 5000,top5000,v.,καταγράφω,register,register photo,generated
7621,13,Top 5000,Top 5000,top5000,n.,η αντιπαράθεση,confrontation,confrontation photo,generated
7622,13,Top 5000,Top 5000,top5000,adj.,κορυφαίος,leading,leading photo,generated
7623,13,Top 5000,Top 5000,top5000,n.,το καρότο,carrot,carrot photo,generated
7624,13,Top 5000,Top 5000,top5000,adj.,αποδεκτός,acceptable,acceptable photo,generated
7625,13,Top 5000,Top 5000,top5000,n.,η ακύρωση,cancellation,cancellation photo,generated
7626,13,Top 5000,Top 5000,top5000,n.,το σπίρτο,matchstick,matchstick photo,generated
7627,13,Top 5000,Top 5000,top5000,n.,το πρωτόκολλο,protocol,protocol photo,generated
7628,13,Top 5000,Top 5000,top5000,n.,η αίρεση,cult,cult photo,generated
7629,13,Top 5000,Top 5000,top5000,n.,ο θόλος,dome,dome photo,generated
7630,13,Top 5000,Top 5000,top5000,n.,η ανθρωπιά,humanity,humanity photo,generated
7631,13,Top 5000,Top 5000,top5000,n.,το επίδομα,income support,income support photo,generated
7632,13,Top 5000,Top 5000,top5000,v.,απομακρύνομαι,go away,go away photo,generated
7633,13,Top 5000,Top 5000,top5000,n.,η ανάρρωση,recuperation,recuperation photo,generated
7634,13,Top 5000,Top 5000,top5000,adj.,εφεδρικός,spare,spare photo,generated
7635,13,Top 5000,Top 5000,top5000,adv.,σταδιακά,gradually,gradually photo,generated
7636,13,Top 5000,Top 5000,top5000,n.,το τελωνείο,customs,customs photo,generated
7637,13,Top 5000,Top 5000,top5000,n.,η δυσλειτουργία,malfunction,malfunction photo,generated
7638,13,Top 5000,Top 5000,top5000,n.,η ακρόαση,audition,audition photo,generated
7639,13,Top 5000,Top 5000,top5000,v.,ανταλλάζω,(rare) Alternative form of ανταλλάσσω (antallásso),,needs_review
7640,13,Top 5000,Top 5000,top5000,n.,το κοράκι,crow,crow photo,generated
7641,13,Top 5000,Top 5000,top5000,n.,το τρυπάνι,drill,drill photo,generated
7642,13,Top 5000,Top 5000,top5000,v.,αποδέχομαι,admit,admit photo,generated
7643,13,Top 5000,Top 5000,top5000,v.,ανακρίνω,interrogate,interrogate photo,generated
7644,13,Top 5000,Top 5000,top5000,n.,η νυχτερίδα,the bat,,needs_review
7645,13,Top 5000,Top 5000,top5000,n.,το κύρος,status,status photo,generated
7646,13,Top 5000,Top 5000,top5000,n.,το κάρβουνο,coal,coal photo,generated
7647,13,Top 5000,Top 5000,top5000,n. pl.,τα απόβλητα,waste,waste photo,generated
7648,13,Top 5000,Top 5000,top5000,adj.,απαγορευμένος,prohibited,prohibited photo,generated
7649,13,Top 5000,Top 5000,top5000,v.,παραδίνομαι,sense,sense photo,generated
7650,13,Top 5000,Top 5000,top5000,v.,ανακατεύω,stir up,stir up photo,generated
7651,13,Top 5000,Top 5000,top5000,adj.,ηλικιωμένος,elderly man,elderly man photo,generated
7652,13,Top 5000,Top 5000,top5000,n.,το άχυρο,straw,straw photo,generated
7653,13,Top 5000,Top 5000,top5000,n.,η χήνα,goose,goose photo,generated
7654,13,Top 5000,Top 5000,top5000,v.,αναρρώνω,recover,recover photo,generated
7655,13,Top 5000,Top 5000,top5000,n.,η σπατάλη,waste,waste photo,generated
7656,13,Top 5000,Top 5000,top5000,n.,το διδακτορικό,doctorare,doctorare photo,generated
7657,13,Top 5000,Top 5000,top5000,num.,διακόσια,two hundred,two hundred photo,generated
7658,13,Top 5000,Top 5000,top5000,n.,το κομμωτήριο,hairdresser's,hairdresser's photo,generated
7659,13,Top 5000,Top 5000,top5000,n.,η πεδιάδα,plain,plain photo,generated
7660,13,Top 5000,Top 5000,top5000,n.,η ζήτηση,demand,demand photo,generated
7661,13,Top 5000,Top 5000,top5000,n.,η ρώγα,nipple,nipple photo,generated
7662,13,Top 5000,Top 5000,top5000,n.,ο γίγαντας,giant,giant photo,generated
7663,13,Top 5000,Top 5000,top5000,n.,το κρύωμα,cold,cold photo,generated
7664,13,Top 5000,Top 5000,top5000,n.,η επίγνωση,awareness,awareness photo,generated
7665,13,Top 5000,Top 5000,top5000,n.,η επανένωση,reunion,reunion photo,generated
7666,13,Top 5000,Top 5000,top5000,n.,η διδασκαλία,teaching,teaching photo,generated
7667,13,Top 5000,Top 5000,top5000,n.,το στίγμα,stigma,stigma photo,generated
7668,13,Top 5000,Top 5000,top5000,n.,το σμήνος,swarm,swarm photo,generated
7669,13,Top 5000,Top 5000,top5000,n.,η βιολογία,biology,biology photo,generated
7670,13,Top 5000,Top 5000,top5000,n.,η πολυθρόνα,armchair,armchair photo,generated
7671,13,Top 5000,Top 5000,top5000,n.,η εμβέλεια,range,range photo,generated
7672,13,Top 5000,Top 5000,top5000,n.,η αντιμετώπιση,handling,handling photo,generated
7673,13,Top 5000,Top 5000,top5000,n.,η διατήρηση,preservation,preservation photo,generated
7674,13,Top 5000,Top 5000,top5000,n. pl.,τα έσοδα,revenue,revenue photo,generated
7675,13,Top 5000,Top 5000,top5000,n.,το ξυπνητήρι,alarm clock,alarm clock photo,generated
7676,13,Top 5000,Top 5000,top5000,n.,ο πρόγονος,ancestor,ancestor photo,generated
7677,13,Top 5000,Top 5000,top5000,adj.,θαμμένος,am buried,am buried photo,generated
7678,13,Top 5000,Top 5000,top5000,v.,σκαρώνω,I get up to,,needs_review
7679,13,Top 5000,Top 5000,top5000,n.,ο πατριός,stepfather,stepfather photo,generated
7680,13,Top 5000,Top 5000,top5000,n.,ο σπασίκλας,nerd,nerd photo,generated
7681,13,Top 5000,Top 5000,top5000,n.,η φράουλα,strawberry,strawberry photo,generated
7682,13,Top 5000,Top 5000,top5000,n.,ο εκπαιδευτής,trainer,trainer photo,generated
7683,13,Top 5000,Top 5000,top5000,n.,η νοικοκυρά,housewife,housewife photo,generated
7684,13,Top 5000,Top 5000,top5000,adv.,απελπισμένα,desperately,desperately photo,generated
7685,13,Top 5000,Top 5000,top5000,n.,ο κωμικός,comedian,comedian photo,generated
7686,13,Top 5000,Top 5000,top5000,"adj,",στραβός,crooked,crooked photo,generated
7687,13,Top 5000,Top 5000,top5000,"adj,.",καταστροφικός,damaging,damaging photo,generated
7688,13,Top 5000,Top 5000,top5000,n.,η σέλα,saddle,saddle photo,generated
7689,13,Top 5000,Top 5000,top5000,adj.,εκλεκτός,fine,fine photo,generated
7690,13,Top 5000,Top 5000,top5000,n.,η παντόφλα,slipper,slipper photo,generated
7691,13,Top 5000,Top 5000,top5000,n.,ο δείκτης,rate,rate photo,generated
7692,13,Top 5000,Top 5000,top5000,adj.,ταπεινός,humble,humble photo,generated
7693,13,Top 5000,Top 5000,top5000,n.,ο ναύτης,sailor,sailor photo,generated
7694,13,Top 5000,Top 5000,top5000,adv.,αθόρυβα,silently,silently photo,generated
7695,13,Top 5000,Top 5000,top5000,n.,η παγωνιά,freezing cold,freezing cold photo,generated
7696,13,Top 5000,Top 5000,top5000,v.,ταΐζω,feed,feeding animals,override
7697,13,Top 5000,Top 5000,top5000,v.,μειώνω,reduce,reduce photo,generated
7698,13,Top 5000,Top 5000,top5000,adj.,αξιοπρεπής,dignified,dignified photo,generated
7699,13,Top 5000,Top 5000,top5000,n.,η ντομάτα,tomato,tomato photo,generated
7700,13,Top 5000,Top 5000,top5000,n.,το σταφύλι,grape,grape photo,generated
7701,13,Top 5000,Top 5000,top5000,n.,το βοδινό,beef,beef photo,generated
7702,13,Top 5000,Top 5000,top5000,adj.,ανύπαντρος,unmarried,unmarried photo,generated
7703,13,Top 5000,Top 5000,top5000,n.,η Ολλανδία,Netherlands,Netherlands photo,generated
7704,13,Top 5000,Top 5000,top5000,adj.,η ταλαιπωρία,inconvenience,inconvenience photo,generated
7705,13,Top 5000,Top 5000,top5000,n.,η κατάδυση,diving,diving photo,generated
7706,13,Top 5000,Top 5000,top5000,n.,η άγκυρα,anchor,anchor photo,generated
7707,13,Top 5000,Top 5000,top5000,n.,η κάβα,wine shop,wine shop photo,generated
7708,13,Top 5000,Top 5000,top5000,n.,το μετάξι,silk,silk photo,generated
7709,13,Top 5000,Top 5000,top5000,n.,η ακαταστασία,messiness,messiness photo,generated
7710,13,Top 5000,Top 5000,top5000,n.,η ανακαίνιση,restoration,restoration photo,generated
7711,13,Top 5000,Top 5000,top5000,n.,η αναισθησία,insensitivity,insensitivity photo,generated
7712,13,Top 5000,Top 5000,top5000,n.,ο βυθός,seabed,seabed photo,generated
7713,13,Top 5000,Top 5000,top5000,adj.,τρομοκρατημένος,terrorised,terrorised photo,generated
7714,13,Top 5000,Top 5000,top5000,v.,παγιδεύω,trap,trap photo,generated
7715,13,Top 5000,Top 5000,top5000,n.,η πεποίθηση,conviction,conviction photo,generated
7716,13,Top 5000,Top 5000,top5000,v.,ιπτάμενος,flying,flying photo,generated
7717,13,Top 5000,Top 5000,top5000,n.,το κόλλημα,fixation,fixation photo,generated
7718,13,Top 5000,Top 5000,top5000,v.,ασφαλίζω,,,no_english
7719,13,Top 5000,Top 5000,top5000,adj.,ξεκαρδιστικός,hilarious,hilarious photo,generated
7720,13,Top 5000,Top 5000,top5000,adj.,ανήθικος,immoral,immoral photo,generated
7721,13,Top 5000,Top 5000,top5000,n.,η προώθηση,promotion,promotion photo,generated
7722,13,Top 5000,Top 5000,top5000,n.,το τύμπανο,drum,drum photo,generated
7723,13,Top 5000,Top 5000,top5000,n.,η γραφειοκρατία,bureaucracy,bureaucracy photo,generated
7724,13,Top 5000,Top 5000,top5000,v.,σημαδεύω,scar,scar photo,generated
7725,13,Top 5000,Top 5000,top5000,v.,επενδύω,invest,invest photo,generated
7726,13,Top 5000,Top 5000,top5000,n.,η προϋπόθεση,premise,premise photo,generated
7727,13,Top 5000,Top 5000,top5000,adj.,σάπιος,rotten,rotten photo,generated
7728,13,Top 5000,Top 5000,top5000,n.,η αναλογία,ratio,ratio photo,generated
7729,13,Top 5000,Top 5000,top5000,adj.,διαβολικός,diabolical,diabolical photo,generated
7730,13,Top 5000,Top 5000,top5000,n.,η κατσαρόλα,saucepan,saucepan photo,generated
7731,13,Top 5000,Top 5000,top5000,n.,το μαστίγιο,whip,whip photo,generated
7732,13,Top 5000,Top 5000,top5000,v.,ξανασκέφτομαι,reconsider,reconsider photo,generated
7733,13,Top 5000,Top 5000,top5000,n.,η αφαίρεση,removal,removal photo,generated
7734,13,Top 5000,Top 5000,top5000,n.,η λατρεία,worship,worship photo,generated
7735,13,Top 5000,Top 5000,top5000,n.,η έξαψη,thrill,thrill photo,generated
7736,13,Top 5000,Top 5000,top5000,n.,το χειρόγραφο,manuscript,manuscript photo,generated
7737,13,Top 5000,Top 5000,top5000,adj.,καταραμένος,damned,damned photo,generated
7738,13,Top 5000,Top 5000,top5000,v.,θρηνώ,mourn,mourn photo,generated
7739,13,Top 5000,Top 5000,top5000,adj.,άκυρος,invalid,invalid photo,generated
7740,13,Top 5000,Top 5000,top5000,adj.,διακριτικός,discreet,discreet photo,generated
7741,13,Top 5000,Top 5000,top5000,v.,αναστενάζω,sigh,sigh photo,generated
7742,13,Top 5000,Top 5000,top5000,n.,ο πρόσφυγας,refugee,refugee photo,generated
7743,13,Top 5000,Top 5000,top5000,v.,ανταποδίδω,give back in return,give back in return photo,generated
7744,13,Top 5000,Top 5000,top5000,adj.,σχεδιασμένος,draw,draw photo,generated
7745,13,Top 5000,Top 5000,top5000,adj.,καμένος,burn,burn photo,generated
7746,13,Top 5000,Top 5000,top5000,adj.,ο εκατομμυριούχος,millionaire,millionaire photo,generated
7747,13,Top 5000,Top 5000,top5000,n.,το κορδόνι,cord,cord photo,generated
7748,13,Top 5000,Top 5000,top5000,v.,επαναφέρω,reset,reset photo,generated
7749,13,Top 5000,Top 5000,top5000,n.,η κατσαρίδα,cockroach,cockroach photo,generated
7750,13,Top 5000,Top 5000,top5000,n.,το πορτμπαγκάζ,car boot,car boot photo,generated
7751,13,Top 5000,Top 5000,top5000,n.,ο αστράγαλος,ankle,ankle photo,generated
7752,13,Top 5000,Top 5000,top5000,n.,η στοργή,the affection,,needs_review
7753,13,Top 5000,Top 5000,top5000,adj.,ευθύς,direct,direct photo,generated
7754,13,Top 5000,Top 5000,top5000,n.,το παρεκκλήσι,chapel,chapel photo,generated
7755,13,Top 5000,Top 5000,top5000,n.,το παγκάκι,bench,bench photo,generated
7756,13,Top 5000,Top 5000,top5000,n.,ο πίθηκος,the ape,,needs_review
7757,13,Top 5000,Top 5000,top5000,n.,ο γερανός,crane,crane photo,generated
7758,13,Top 5000,Top 5000,top5000,n.,το πλάτος,width,width photo,generated
7759,13,Top 5000,Top 5000,top5000,adj.,ανασφαλής,insecure,insecure photo,generated
7760,13,Top 5000,Top 5000,top5000,adv.,ολοταχώς,at full speed,at full speed photo,generated
7761,13,Top 5000,Top 5000,top5000,n.,ο βήχας,cough,cough photo,generated
7762,13,Top 5000,Top 5000,top5000,adv.,άσκοπα,aimlessly,aimlessly photo,generated
7763,13,Top 5000,Top 5000,top5000,v.,απολύομαι,am released,am released photo,generated
7764,13,Top 5000,Top 5000,top5000,n.,το πιπέρι,pepper,pepper photo,generated
7765,13,Top 5000,Top 5000,top5000,n.,το ξύρισμα,shave,shave photo,generated
7766,13,Top 5000,Top 5000,top5000,adj.,εξαντλημένος,exhausted,exhausted photo,generated
7767,13,Top 5000,Top 5000,top5000,adj.,κλεισμένος,closed,closed photo,generated
7768,13,Top 5000,Top 5000,top5000,n.,η κουκουβάγια,the owl,,needs_review
7769,13,Top 5000,Top 5000,top5000,adj.,μεγαλόσωμος,burly,burly photo,generated
7770,13,Top 5000,Top 5000,top5000,adj.,αντρικός,masculine,masculine photo,generated
7771,13,Top 5000,Top 5000,top5000,adj.,άοπλος,unarmed,unarmed photo,generated
7772,13,Top 5000,Top 5000,top5000,adj.,πρακτικός,practical,practical photo,generated
7773,13,Top 5000,Top 5000,top5000,n.,ο χωρικός,villager,villager photo,generated
7774,13,Top 5000,Top 5000,top5000,n.,ο παρατηρητής,observer,observer photo,generated
7775,13,Top 5000,Top 5000,top5000,n.,εξασφαλίζω,ensure,ensure photo,generated
7776,13,Top 5000,Top 5000,top5000,n.,η απασχόληση,employment,employment photo,generated
7777,13,Top 5000,Top 5000,top5000,n.,η διασημότητα,celebrity,celebrity photo,generated
7778,13,Top 5000,Top 5000,top5000,n.,το αντίκτυπο,fallout,fallout photo,generated
7779,13,Top 5000,Top 5000,top5000,adj.,απότομος,steep,steep photo,generated
7780,13,Top 5000,Top 5000,top5000,adj.,ολοφάνερος,patently obvious,patently obvious photo,generated
7781,13,Top 5000,Top 5000,top5000,n.,η λιακάδα,sunshine,sunshine photo,generated
7782,13,Top 5000,Top 5000,top5000,v.,στεγνώνω,I dry,,needs_review
7783,13,Top 5000,Top 5000,top5000,n.,η κηλίδα,speck,speck photo,generated
7784,13,Top 5000,Top 5000,top5000,n.,η κονσέρβα,the tin can,,needs_review
7785,13,Top 5000,Top 5000,top5000,n.,η πρόβλεψη,prediction,prediction photo,generated
7786,13,Top 5000,Top 5000,top5000,n.,η στοίβα,stack,stack photo,generated
7787,13,Top 5000,Top 5000,top5000,adj.,ανάπηρος,handicapped,handicapped photo,generated
7788,13,Top 5000,Top 5000,top5000,n.,ο ηλεκτρισμός,electricity,electricity photo,generated
7789,13,Top 5000,Top 5000,top5000,adj.,οικονόμος,housekeeper,housekeeper photo,generated
7790,13,Top 5000,Top 5000,top5000,adv.,αδέξια,awkwardly,awkwardly photo,generated
7791,13,Top 5000,Top 5000,top5000,v.,θεραπεύω,heal,heal photo,generated
7792,13,Top 5000,Top 5000,top5000,adj.,πειστικός,persuasive,persuasive photo,generated
7793,13,Top 5000,Top 5000,top5000,n.,η διατριβή,thesis,thesis photo,generated
7794,13,Top 5000,Top 5000,top5000,adj.,καταθλιπτικός,depressing,depressing photo,generated
7795,13,Top 5000,Top 5000,top5000,n.,το ρυάκι,stream,stream photo,generated
7796,13,Top 5000,Top 5000,top5000,n.,η αντανάκλαση,reflection,reflection photo,generated
7797,13,Top 5000,Top 5000,top5000,adj.,πεντανόστιμος,very tasty,very tasty photo,generated
7798,13,Top 5000,Top 5000,top5000,n.,θρησκευτικός,religious,religious photo,generated
7799,13,Top 5000,Top 5000,top5000,n.,ο νονός,godfather,godfather photo,generated
7800,13,Top 5000,Top 5000,top5000,n.,η δόνηση,vibration,vibration photo,generated
7801,13,Top 5000,Top 5000,top5000,n.,η επιβίβαση,boarding,boarding photo,generated
7802,13,Top 5000,Top 5000,top5000,v.,προγραμματίζω,plan,plan photo,generated
7803,13,Top 5000,Top 5000,top5000,n.,το εξάρτημα,component,component photo,generated
7804,13,Top 5000,Top 5000,top5000,adj.,παρκαρισμένος,park,park photo,generated
7805,13,Top 5000,Top 5000,top5000,adj.,τεμπέλης,lazy,lazy photo,generated
7806,13,Top 5000,Top 5000,top5000,n.,η γενειάδα,full beard,full beard photo,generated
7807,13,Top 5000,Top 5000,top5000,adj.,θαλάσσιος,relating to,relating to photo,generated
7808,13,Top 5000,Top 5000,top5000,adv.,εξαίσια,brilliantly,brilliantly photo,generated
7809,13,Top 5000,Top 5000,top5000,v.,αποσπώ,extort,extort photo,generated
7810,13,Top 5000,Top 5000,top5000,n.,η διάκριση,distinction,distinction photo,generated
7811,13,Top 5000,Top 5000,top5000,n.,ο φάρος,lighthouse,lighthouse photo,generated
7812,13,Top 5000,Top 5000,top5000,adv.,ιστορικά,historically,historically photo,generated
7813,13,Top 5000,Top 5000,top5000,n.,η ηχώ,echo,echo photo,generated
7814,13,Top 5000,Top 5000,top5000,n.,το αρπακτικό,predator,predator photo,generated
7815,13,Top 5000,Top 5000,top5000,adj.,άφθονος,plentiful,plentiful photo,generated
7816,13,Top 5000,Top 5000,top5000,n.,ο κηπουρός,gardener,gardener photo,generated
7817,13,Top 5000,Top 5000,top5000,v.,βράζω,boil,boil photo,generated
7818,13,Top 5000,Top 5000,top5000,n.,το δελφίνι,dolphin,dolphin photo,generated
7819,13,Top 5000,Top 5000,top5000,n.,η μάσα,grub,grub photo,generated
7820,13,Top 5000,Top 5000,top5000,v.,νοικιάζω,rent,rent photo,generated
7821,13,Top 5000,Top 5000,top5000,adj.,μπόλικος,plenty,plenty photo,generated
7822,13,Top 5000,Top 5000,top5000,adj.,επώδυνος,painful,painful photo,generated
7823,13,Top 5000,Top 5000,top5000,n.,η ψυχαγωγία,entertainment,entertainment photo,generated
7824,13,Top 5000,Top 5000,top5000,adj.,μολυσμένος,infected,infected photo,generated
7825,13,Top 5000,Top 5000,top5000,v.,σκοράρω,score,score photo,generated
7826,13,Top 5000,Top 5000,top5000,v.,κατασκοπεύω,spy,,needs_review
7827,13,Top 5000,Top 5000,top5000,n.,η πρέζα,sprinkle,sprinkle photo,generated
7828,13,Top 5000,Top 5000,top5000,n.,η σαύρα,lizard,lizard photo,generated
7829,13,Top 5000,Top 5000,top5000,v.,δανείζω,lend,lend photo,generated
7830,13,Top 5000,Top 5000,top5000,adj.,φορητός,portable,portable photo,generated
7831,13,Top 5000,Top 5000,top5000,n.,το τσίμπημα,sting,sting photo,generated
7832,13,Top 5000,Top 5000,top5000,v.,βάφω,paint,paint photo,generated
7833,13,Top 5000,Top 5000,top5000,adv.,ηθικά,morally,morally photo,generated
7834,13,Top 5000,Top 5000,top5000,v.,ανακτώ,regain,regain photo,generated
7835,13,Top 5000,Top 5000,top5000,adj.,δερμάτινος,leather,leather photo,generated
7836,13,Top 5000,Top 5000,top5000,n.,η πυραμίδα,pyramid,pyramid photo,generated
7837,13,Top 5000,Top 5000,top5000,n.,η κολοκύθα,pumpkin,pumpkin photo,generated
7838,13,Top 5000,Top 5000,top5000,n.,το καλάμι,reed,reed photo,generated
7839,13,Top 5000,Top 5000,top5000,n.,η ρύθμιση,regulation,regulation photo,generated
7840,13,Top 5000,Top 5000,top5000,n.,η σταθερότητα,solidity,solidity photo,generated
7841,13,Top 5000,Top 5000,top5000,n.,ο κόμπος,knot,knot photo,generated
7842,13,Top 5000,Top 5000,top5000,adj.,εκπαιδευμένος,educate,educate photo,generated
7843,13,Top 5000,Top 5000,top5000,n.,ο Ιρλανδός,Irish person,Irish person photo,generated
7844,13,Top 5000,Top 5000,top5000,n.,ο λαβύρινθος,maze,maze photo,generated
7845,13,Top 5000,Top 5000,top5000,v.,στηρίζω,uphold,uphold photo,generated
7846,13,Top 5000,Top 5000,top5000,adj.,αυριανός,tomorrow's,tomorrow's photo,generated
7847,13,Top 5000,Top 5000,top5000,n.,ο σκελετός,skeleton,skeleton photo,generated
7848,13,Top 5000,Top 5000,top5000,n.,η τριάδα,trio,trio photo,generated
7849,13,Top 5000,Top 5000,top5000,n. pl.,τα άπλυτα,dirty laundry,dirty laundry photo,generated
7850,13,Top 5000,Top 5000,top5000,n.,το κασκόλ,scarf,scarf photo,generated
7851,13,Top 5000,Top 5000,top5000,v.,νευριάζω,get angry,get angry photo,generated
7852,13,Top 5000,Top 5000,top5000,adv.,προκαταβολικά,beforehand,beforehand photo,generated
7853,13,Top 5000,Top 5000,top5000,adj.,ευφυής,intelligent,intelligent photo,generated
7854,13,Top 5000,Top 5000,top5000,adj.,νευριασμένος,angry,angry photo,generated
7855,13,Top 5000,Top 5000,top5000,v.,κολακεύω,flatter,flatter photo,generated
7856,13,Top 5000,Top 5000,top5000,adj.,γνήσιος,authentic,authentic photo,generated
7857,13,Top 5000,Top 5000,top5000,adj.,συνετός,prudent,prudent photo,generated
7858,13,Top 5000,Top 5000,top5000,adj.,πρωτόγονος,primitive,primitive photo,generated
7859,13,Top 5000,Top 5000,top5000,v.,συχνάζω,frequent,frequent photo,generated
7860,13,Top 5000,Top 5000,top5000,n.,ο σιδηρόδρομος,railway,railway photo,generated
7861,13,Top 5000,Top 5000,top5000,n.,η ενίσχυση,reinforcement,reinforcement photo,generated
7862,13,Top 5000,Top 5000,top5000,adj.,άσκοπος,aimless,aimless photo,generated
7863,13,Top 5000,Top 5000,top5000,v.,εκτελώ,carry out,carry out photo,generated
7864,13,Top 5000,Top 5000,top5000,n.,η παραίτηση,resignation,resignation photo,generated
7865,13,Top 5000,Top 5000,top5000,v.,συγκρίνω,compare,compare photo,generated
7866,13,Top 5000,Top 5000,top5000,adj.,αλλοδαπός,alien,alien photo,generated
7867,13,Top 5000,Top 5000,top5000,n.,η νότα,musical note,musical note photo,generated
7868,13,Top 5000,Top 5000,top5000,n.,η μεταμόρφωση,transformation,transformation photo,generated
7869,13,Top 5000,Top 5000,top5000,adj.,κοφτερός,sharp,sharp photo,generated
7870,13,Top 5000,Top 5000,top5000,adj.,θλιμμένος,showing saddness,showing saddness photo,generated
7871,13,Top 5000,Top 5000,top5000,n.,το έντερο,intestine,intestine photo,generated
7872,13,Top 5000,Top 5000,top5000,n.,η ερημιά,wilderness,wilderness photo,generated
7873,13,Top 5000,Top 5000,top5000,v.,πανικοβάλλομαι,be panic stricken,be panic stricken photo,generated
7874,13,Top 5000,Top 5000,top5000,n.,η κατανάλωση,consumption,consumption photo,generated
7875,13,Top 5000,Top 5000,top5000,n.,συμβολίζω,symbolise,symbolise photo,generated
7876,13,Top 5000,Top 5000,top5000,adv.,ευθέως,immediately,immediately photo,generated
7877,13,Top 5000,Top 5000,top5000,n.,ο εργαζόμενος,worker,worker photo,generated
7878,13,Top 5000,Top 5000,top5000,n.,η ταπείνωση,humiliation,humiliation photo,generated
7879,13,Top 5000,Top 5000,top5000,n.,η ύφεση,recession,recession photo,generated
7880,13,Top 5000,Top 5000,top5000,n.,ο ψαράς,fisherman,fisherman photo,generated
7881,13,Top 5000,Top 5000,top5000,v.,δικαιολογώ,justify,justify photo,generated
7882,13,Top 5000,Top 5000,top5000,v.,ορίζω,define,define photo,generated
7883,13,Top 5000,Top 5000,top5000,n.,ο λεκές,stain,stain photo,generated
7884,13,Top 5000,Top 5000,top5000,v.,αδειάζω,clear out,clear out photo,generated
7885,13,Top 5000,Top 5000,top5000,n.,η υστερία,hysteria,hysteria photo,generated
7886,13,Top 5000,Top 5000,top5000,adj.,χτυπημένος,beaten,beaten photo,generated
7887,13,Top 5000,Top 5000,top5000,v.,εκκενώνω,empty,empty photo,generated
7888,13,Top 5000,Top 5000,top5000,n.,η πλημμύρα,flood,flood photo,generated
7889,13,Top 5000,Top 5000,top5000,adv.,παραδόξως,paradoxically,paradoxically photo,generated
7890,13,Top 5000,Top 5000,top5000,v.,χειροκροτάω,clap,clap photo,generated
7891,13,Top 5000,Top 5000,top5000,n.,ο οικοδεσπότης,host,host photo,generated
7892,13,Top 5000,Top 5000,top5000,n.,η μετακόμιση,house move,house move photo,generated
7893,13,Top 5000,Top 5000,top5000,v.,στάζω,drip,drip photo,generated
7894,13,Top 5000,Top 5000,top5000,n.,ο αντίχειρας,thumb,thumb photo,generated
7895,13,Top 5000,Top 5000,top5000,n.,η λύτρωση,redemption,redemption photo,generated
7896,13,Top 5000,Top 5000,top5000,n.,το πετράδι,jewel,jewel photo,generated
7897,13,Top 5000,Top 5000,top5000,n.,η περιφρόνηση,contempt,contempt photo,generated
7898,13,Top 5000,Top 5000,top5000,n.,το ορεκτικό,starter,starter photo,generated
7899,13,Top 5000,Top 5000,top5000,v.,εκπληρώνω,fulfill,fulfill photo,generated
7900,13,Top 5000,Top 5000,top5000,adj.,ριψοκίνδυνος,risky,risky photo,generated
7901,13,Top 5000,Top 5000,top5000,v.,συμφέρω,to be bargain,to be bargain photo,generated
7902,13,Top 5000,Top 5000,top5000,adj.,τωρινός,current,current photo,generated
7903,13,Top 5000,Top 5000,top5000,adj.,γραφικός,written,written photo,generated
7904,13,Top 5000,Top 5000,top5000,adj.,ανυπόμονος,impatient,impatient photo,generated
7905,13,Top 5000,Top 5000,top5000,n.,η διακριτικότητα,discretion,discretion photo,generated
7906,13,Top 5000,Top 5000,top5000,adj.,ξεροκέφαλος,headstrong,headstrong photo,generated
7907,13,Top 5000,Top 5000,top5000,n.,η φούσκα,bubble,bubble photo,generated
7908,13,Top 5000,Top 5000,top5000,adj.,λειτουργικός,operational,operational photo,generated
7909,13,Top 5000,Top 5000,top5000,n.,η πεζοπορία,hike,hike photo,generated
7910,13,Top 5000,Top 5000,top5000,n.,η οικειότητα,intimacy,intimacy photo,generated
7911,13,Top 5000,Top 5000,top5000,v.,ζαλίζομαι,feel dizzy,feel dizzy photo,generated
7912,13,Top 5000,Top 5000,top5000,adj.,αιχμάλωτος,captured,captured photo,generated
7913,13,Top 5000,Top 5000,top5000,adj.,εργαζόμενος,employed,employed photo,generated
7914,13,Top 5000,Top 5000,top5000,n.,η χωματερή,rubbish dump,rubbish dump photo,generated
7915,13,Top 5000,Top 5000,top5000,n.,η ενότητα,unity,unity photo,generated
7916,13,Top 5000,Top 5000,top5000,adj.,άπληστος,greedy,greedy photo,generated
7917,13,Top 5000,Top 5000,top5000,n.,το αίσχος,outrage,outrage photo,generated
7918,13,Top 5000,Top 5000,top5000,v.,καθορίζω,determine,determine photo,generated
7919,13,Top 5000,Top 5000,top5000,adj.,ασυγχώρητος,unforgivable,unforgivable photo,generated
7920,13,Top 5000,Top 5000,top5000,adv.,καταρχήν,first of all,first of all photo,generated
7921,13,Top 5000,Top 5000,top5000,n.,ο ιθαγενής,indigenous person,indigenous person photo,generated
7922,13,Top 5000,Top 5000,top5000,n.,η εξορία,exile,exile photo,generated
7923,13,Top 5000,Top 5000,top5000,adv.,ταπεινά,humbly,humbly photo,generated
7924,13,Top 5000,Top 5000,top5000,v.,βυθίζομαι,sink,sink photo,generated
7925,13,Top 5000,Top 5000,top5000,v.,απατάω,cheat,cheat photo,generated
7926,13,Top 5000,Top 5000,top5000,adj.,ψύχραιμος,cool-headed,cool-headed photo,generated
7927,13,Top 5000,Top 5000,top5000,adj.,θεϊκός,divine,divine photo,generated
7928,13,Top 5000,Top 5000,top5000,adj.,πλαστός,invented,invented photo,generated
7929,13,Top 5000,Top 5000,top5000,n.,ο αστακός,lobster,lobster photo,generated
7930,13,Top 5000,Top 5000,top5000,adj.,αναμμένος,burning,burning photo,generated
7931,13,Top 5000,Top 5000,top5000,adj.,διπλωματικός,diplomatic,diplomatic photo,generated
7932,13,Top 5000,Top 5000,top5000,n.,η ενσωμάτωση,incorporation,incorporation photo,generated
7933,13,Top 5000,Top 5000,top5000,adv.,αποτελεσματικά,effectively,effectively photo,generated
7934,13,Top 5000,Top 5000,top5000,n.,η υπερβολή,exaggeration,exaggeration photo,generated
7935,13,Top 5000,Top 5000,top5000,adj.,αμυντικός,defensive,defensive photo,generated
7936,13,Top 5000,Top 5000,top5000,n.,ο κτηνίατρος,veterinarian,veterinarian photo,generated
7937,13,Top 5000,Top 5000,top5000,adj.,αμβλύς,blunt,blunt photo,generated
7938,13,Top 5000,Top 5000,top5000,"adj,",άψογος,impeccable,impeccable photo,generated
7939,13,Top 5000,Top 5000,top5000,n.,η κακοτυχία,bad luck,bad luck photo,generated
7940,13,Top 5000,Top 5000,top5000,n.,το επιχείρημα,reasoning,reasoning photo,generated
7941,13,Top 5000,Top 5000,top5000,n.,το είδωλο,idol,idol photo,generated
7942,13,Top 5000,Top 5000,top5000,adv.,ανώνυμα,anonymously,anonymously photo,generated
7943,13,Top 5000,Top 5000,top5000,v.,διαπερνώ,more formal variant of διαπερνάω (diapernáo),,needs_review
7944,13,Top 5000,Top 5000,top5000,v.,σαπίζω,(intransitive) rot,,needs_review
7945,13,Top 5000,Top 5000,top5000,n.,το αξιοθέατο,tourist attraction,tourist attraction photo,generated
7946,13,Top 5000,Top 5000,top5000,n.,το θήραμα,prey,prey photo,generated
7947,13,Top 5000,Top 5000,top5000,n.,η ύπαιθρος,countryside,countryside photo,generated
7948,13,Top 5000,Top 5000,top5000,n.,η σειρήνα,siren,siren photo,generated
7949,13,Top 5000,Top 5000,top5000,n.,ο αγκώνας,elbow,elbow photo,generated
7950,13,Top 5000,Top 5000,top5000,n.,πονηρός,tricky,tricky photo,generated
7951,13,Top 5000,Top 5000,top5000,adv.,συναρπαστικά,excitingly,excitingly photo,generated
7952,13,Top 5000,Top 5000,top5000,n.,ο αντιπρόσωπος,representative,representative photo,generated
7953,13,Top 5000,Top 5000,top5000,adj.,βασισμένος,base,base photo,generated
7954,13,Top 5000,Top 5000,top5000,adj.,ανήλικος,underage,underage photo,generated
7955,13,Top 5000,Top 5000,top5000,v.,υποκρίνομαι,pretend,pretend photo,generated
7956,13,Top 5000,Top 5000,top5000,adj.,λανθασμένος,incorrect,incorrect photo,generated
7957,13,Top 5000,Top 5000,top5000,adj.,παχύς,incrassate,incrassate photo,generated
7958,13,Top 5000,Top 5000,top5000,adj.,επιφανειακός,superficial,superficial photo,generated
7959,13,Top 5000,Top 5000,top5000,n.,η εκτύπωση,printing,printing photo,generated
7960,13,Top 5000,Top 5000,top5000,n.,η προεδρία,presidency,presidency photo,generated
7961,13,Top 5000,Top 5000,top5000,v.,ευλογώ,bless,bless photo,generated
7962,13,Top 5000,Top 5000,top5000,n.,ο κώδικας,code,code photo,generated
7963,13,Top 5000,Top 5000,top5000,n.,η αλαζονεία,arrogance,arrogance photo,generated
7964,13,Top 5000,Top 5000,top5000,adj.,λαμπερός,shining,shining photo,generated
7965,13,Top 5000,Top 5000,top5000,n.,η εγκατάλειψη,abandonment,abandonment photo,generated
7966,13,Top 5000,Top 5000,top5000,n.,το κατσαβίδι,screwdriver,screwdriver photo,generated
7967,13,Top 5000,Top 5000,top5000,adj.,ύπουλος,devious,devious photo,generated
7968,13,Top 5000,Top 5000,top5000,n.,ο μοχλός,lever,lever photo,generated
7969,13,Top 5000,Top 5000,top5000,v.,χρησιμεύω,am useful,am useful photo,generated
7970,13,Top 5000,Top 5000,top5000,n.,η επιμονή,persistence,persistence photo,generated
7971,13,Top 5000,Top 5000,top5000,n.,το πλήγμα,shock,shock photo,generated
7972,13,Top 5000,Top 5000,top5000,n.,το κέλυφος,shell,shell photo,generated
7973,13,Top 5000,Top 5000,top5000,adj.,εκπαιδευτικός,educational,educational photo,generated
7974,13,Top 5000,Top 5000,top5000,n.,το οικοτροφείο,boarding school,boarding school photo,generated
7975,13,Top 5000,Top 5000,top5000,n.,το ενθύμιο,souvenir,souvenir photo,generated
7976,13,Top 5000,Top 5000,top5000,adj.,αναγκασμένος,be compelled,be compelled photo,generated
7977,13,Top 5000,Top 5000,top5000,n.,ο εργοδότης,employer,employer photo,generated
7978,13,Top 5000,Top 5000,top5000,n.,ο συλλέκτης,collector,collector photo,generated
7979,13,Top 5000,Top 5000,top5000,n.,η πυκνότητα,density,density photo,generated
7980,13,Top 5000,Top 5000,top5000,adj.,τολμηρός,bold,bold photo,generated
7981,13,Top 5000,Top 5000,top5000,n.,το μούρο,berry,berry photo,generated
7982,13,Top 5000,Top 5000,top5000,adj.,άπειρος,inexperienced,inexperienced photo,generated
7983,13,Top 5000,Top 5000,top5000,v.,αποφοιτώ,graduate,graduate photo,generated
7984,13,Top 5000,Top 5000,top5000,v.,μεθάω,get drunk,get drunk photo,generated
7985,13,Top 5000,Top 5000,top5000,adj.,η ταφή,burial,burial photo,generated
7986,13,Top 5000,Top 5000,top5000,adj.,οργανωμένος,organised,organised photo,generated
7987,13,Top 5000,Top 5000,top5000,n.,η έμφαση,emphasis,emphasis photo,generated
7988,13,Top 5000,Top 5000,top5000,n.,το στρείδι,oyster,oyster photo,generated
7989,13,Top 5000,Top 5000,top5000,n.,η μονή,monastery,monastery photo,generated
7990,13,Top 5000,Top 5000,top5000,n.,η ανικανότητα,incompetence,incompetence photo,generated
7991,13,Top 5000,Top 5000,top5000,n.,η περιστροφή,rotation,rotation photo,generated
7992,13,Top 5000,Top 5000,top5000,n.,ο ορισμός,definition,definition photo,generated
7993,13,Top 5000,Top 5000,top5000,adj.,ωμός,shoulder,shoulder photo,generated
7994,13,Top 5000,Top 5000,top5000,n.,η τόλμη,boldness,boldness photo,generated
7995,13,Top 5000,Top 5000,top5000,v.,σκοτεινιάζω,darken,darken photo,generated
7996,13,Top 5000,Top 5000,top5000,adv.,πιστά,piste,piste photo,generated
7997,13,Top 5000,Top 5000,top5000,n.,το οικόπεδο,plot of land,plot of land photo,generated
7998,13,Top 5000,Top 5000,top5000,n.,το έντυπο,the form,,needs_review
7999,13,Top 5000,Top 5000,top5000,v.,διαρρέω,+accusative,+accusative photo,generated
8000,13,Top 5000,Top 5000,top5000,adj.,ψηφιακός,digital,digital photo,generated
8001,13,Top 5000,Top 5000,top5000,v.,παρακάνω,overdo it,overdo it photo,generated
8002,13,Top 5000,Top 5000,top5000,v.,βρίζω,insult,insult photo,generated
8003,13,Top 5000,Top 5000,top5000,adj.,ευάλωτος,vulnerable,vulnerable photo,generated
8004,13,Top 5000,Top 5000,top5000,adj.,αμέτρητος,innumerable,innumerable photo,generated
8005,13,Top 5000,Top 5000,top5000,adj.,βραστός,boiled,boiled photo,generated
8006,13,Top 5000,Top 5000,top5000,adj.,καλυμμένος,am covered,am covered photo,generated
8007,13,Top 5000,Top 5000,top5000,n.,ο μαραθώνιος,marathon,marathon photo,generated
8008,13,Top 5000,Top 5000,top5000,n.,το τρίμηνο,three-month period,three-month period photo,generated
8009,13,Top 5000,Top 5000,top5000,adv.,ομαλά,regular,regular photo,generated
8010,13,Top 5000,Top 5000,top5000,n.,η ταπετσαρία,wallpaper,wallpaper photo,generated
8011,13,Top 5000,Top 5000,top5000,n.,το κανό,canoe,canoe photo,generated
8012,13,Top 5000,Top 5000,top5000,n.,αγωνίζομαι,fight,fight photo,generated
8013,13,Top 5000,Top 5000,top5000,n.,το δίλημμα,dilemma,dilemma photo,generated
8014,13,Top 5000,Top 5000,top5000,n.,η απιστία,infidelity,infidelity photo,generated
8015,13,Top 5000,Top 5000,top5000,adj.,ισπανικός,Spanish,Spanish photo,generated
8016,13,Top 5000,Top 5000,top5000,adv.,εντυπωσιακά,impressive,impressive photo,generated
8017,13,Top 5000,Top 5000,top5000,n.,το τηγάνι,frying pan,frying pan photo,generated
8018,13,Top 5000,Top 5000,top5000,n.,η διάκριση,distinction,distinction photo,generated
8019,13,Top 5000,Top 5000,top5000,adj.,τυλιγμένος,wrapped,wrapped photo,generated
8020,13,Top 5000,Top 5000,top5000,adj.,πιωμένος,drink,drink photo,generated
8021,13,Top 5000,Top 5000,top5000,adj.,εύθραυστος,fragile,fragile photo,generated
8022,13,Top 5000,Top 5000,top5000,n.,το πορτμπαγκάζ,car boot,car boot photo,generated
8023,13,Top 5000,Top 5000,top5000,n.,η ρωγμή,crack,crack photo,generated
8024,13,Top 5000,Top 5000,top5000,adj.,διεφθαρμένος,corrupt,corrupt photo,generated
8025,13,Top 5000,Top 5000,top5000,adj.,καλλιτεχνικός,artistic,artistic photo,generated
8026,13,Top 5000,Top 5000,top5000,adj.,προγραμματισμένος,plan,plan photo,generated
8027,13,Top 5000,Top 5000,top5000,v.,περιφέρομαι,wander around,wander around photo,generated
8028,13,Top 5000,Top 5000,top5000,adj.,διεστραμμένος,perverted,perverted photo,generated
8029,13,Top 5000,Top 5000,top5000,n.,το σιτάρι,wheat,wheat photo,generated
8030,13,Top 5000,Top 5000,top5000,n.,ο κορμός,trunk,trunk photo,generated
8031,13,Top 5000,Top 5000,top5000,imp. v.,χιονίζει,it is snowing,it is snowing photo,generated
8032,13,Top 5000,Top 5000,top5000,n. pl.,οι ασυναρτησίες,ravings,ravings photo,generated
8033,13,Top 5000,Top 5000,top5000,adj.,έξοχος,superb,superb photo,generated
8034,13,Top 5000,Top 5000,top5000,adj.,παθιασμένος,passionate,passionate photo,generated
8035,13,Top 5000,Top 5000,top5000,adv.,εμπιστευτικά,confidentially,confidentially photo,generated
8036,13,Top 5000,Top 5000,top5000,n.,το ταμπλό,dashboard,dashboard photo,generated
8037,13,Top 5000,Top 5000,top5000,n.,η ζωντάνια,liveliness,liveliness photo,generated
8038,13,Top 5000,Top 5000,top5000,adv.,θερμά,warmly,warmly photo,generated
8039,13,Top 5000,Top 5000,top5000,n.,ο ρατσισμός,racism,racism photo,generated
8040,13,Top 5000,Top 5000,top5000,adj.,ρευστός,liquid,liquid photo,generated
8041,13,Top 5000,Top 5000,top5000,adj.,έμπειρος,experienced,experienced photo,generated
8042,13,Top 5000,Top 5000,top5000,n.,το καμάρι,pride,pride photo,generated
8043,13,Top 5000,Top 5000,top5000,n.,η αρχιτεκτονική,architecture,architecture photo,generated
8044,13,Top 5000,Top 5000,top5000,adj.,αξιολάτρευτος,adorable,adorable photo,generated
8045,13,Top 5000,Top 5000,top5000,n.,η βρωμιά,dirtiness,dirtiness photo,generated
8046,13,Top 5000,Top 5000,top5000,v.,επιταχύνω,accelerate,accelerate photo,generated
8047,13,Top 5000,Top 5000,top5000,n.,η αθανασία,immortality,immortality photo,generated
8048,13,Top 5000,Top 5000,top5000,n.,ο υποστηρικτής,supporter,supporter photo,generated
8049,13,Top 5000,Top 5000,top5000,adj.,εμπιστευτικός,confidential,confidential photo,generated
8050,13,Top 5000,Top 5000,top5000,n.,η παράταση,extra time,extra time photo,generated
8051,13,Top 5000,Top 5000,top5000,n.,το περίπτερο,kiosk,kiosk photo,generated
8052,13,Top 5000,Top 5000,top5000,n.,η νευρικότητα,nervousness,nervousness photo,generated
8053,13,Top 5000,Top 5000,top5000,adj.,ακραίος,extreme,extreme photo,generated
8054,13,Top 5000,Top 5000,top5000,adj.,εμφανής,evident,evident photo,generated
8055,13,Top 5000,Top 5000,top5000,n.,η προκατάληψη,prejudice,prejudice photo,generated
8056,13,Top 5000,Top 5000,top5000,n.,το φιλέτο,steak,steak photo,generated
8057,13,Top 5000,Top 5000,top5000,adj.,δημιουργικός,creative,creative photo,generated
8058,13,Top 5000,Top 5000,top5000,n.,το βαμβάκι,cotton,cotton photo,generated
8059,13,Top 5000,Top 5000,top5000,v.,ξεναγώ,show around,show around photo,generated
8060,13,Top 5000,Top 5000,top5000,adj.,τριπλός,triple,triple photo,generated
8061,13,Top 5000,Top 5000,top5000,num.,εβδομήντα,seventy,seventy photo,generated
8062,13,Top 5000,Top 5000,top5000,adj.,συγκλονιστικός,shocking,shocking photo,generated
8063,13,Top 5000,Top 5000,top5000,adj.,τρυφερός,tender,tender photo,generated
8064,13,Top 5000,Top 5000,top5000,n.,το άπειρο,infinity,infinity photo,generated
8065,13,Top 5000,Top 5000,top5000,adj.,διακριτικός,discreet,discreet photo,generated
8066,13,Top 5000,Top 5000,top5000,n.,η συντομία,brevity,brevity photo,generated
8067,13,Top 5000,Top 5000,top5000,n.,το επίτευγμα,achievement,achievement photo,generated
8068,13,Top 5000,Top 5000,top5000,v.,προορίζομαι,am intented for,am intented for photo,generated
8069,13,Top 5000,Top 5000,top5000,v.,μηνύω,(transitive) sue; file a lawsuit against somebody,,needs_review
8070,13,Top 5000,Top 5000,top5000,n.,το μοναχοπαίδι,only child,only child photo,generated
8071,13,Top 5000,Top 5000,top5000,n.,το ανέκδοτο,anecdote,anecdote photo,generated
8072,13,Top 5000,Top 5000,top5000,v.,παρασύρω,lead astray,lead astray photo,generated
8073,13,Top 5000,Top 5000,top5000,num.,ογδόντα,eighty,eighty photo,generated
8074,13,Top 5000,Top 5000,top5000,v.,σκουπίζω,sweep,sweep photo,generated
8075,13,Top 5000,Top 5000,top5000,v.,υποχωρώ,retreat,retreat photo,generated
8076,13,Top 5000,Top 5000,top5000,n.,το ναυάγιο,shipwreck,shipwreck photo,generated
8077,13,Top 5000,Top 5000,top5000,n.,η αναγέννηση,rebirth,rebirth photo,generated
8078,13,Top 5000,Top 5000,top5000,n.,ο ψυχάκιας,psycho,psycho photo,generated
8079,13,Top 5000,Top 5000,top5000,adj.,άτακτος,cheeky,cheeky photo,generated
8080,13,Top 5000,Top 5000,top5000,adj.,κατεστραμμένος,destroyed,destroyed photo,generated
8081,13,Top 5000,Top 5000,top5000,n.,ο καταρράκτης,waterfall,waterfall photo,generated
8082,13,Top 5000,Top 5000,top5000,n.,η προπαγάνδα,propaganda,propaganda photo,generated
8083,13,Top 5000,Top 5000,top5000,n.,η φέτα,slice,slice photo,generated
8084,13,Top 5000,Top 5000,top5000,n.,ο γάντζος,hook,hook photo,generated
8085,13,Top 5000,Top 5000,top5000,adj.,αλαζόνας,arrogant or haughty person,arrogant or haughty person photo,generated
8086,13,Top 5000,Top 5000,top5000,n.,η κουνιάδα,sister-in-law,sister-in-law photo,generated
8087,13,Top 5000,Top 5000,top5000,n.,το εγχείρημα,undertaking,undertaking photo,generated
8088,13,Top 5000,Top 5000,top5000,n.,η ευφυΐα,intelligence,intelligence photo,generated
8089,13,Top 5000,Top 5000,top5000,n.,ο τραπεζίτης,banker,banker photo,generated
8090,13,Top 5000,Top 5000,top5000,n.,το ισόγειο,ground floor,ground floor photo,generated
8091,13,Top 5000,Top 5000,top5000,adv.,αμήχανα,bewildered,bewildered photo,generated
8092,13,Top 5000,Top 5000,top5000,n.,το μειονέκτημα,disadvantage,disadvantage photo,generated
8093,13,Top 5000,Top 5000,top5000,n.,ο διάδοχος,successor,successor photo,generated
8094,13,Top 5000,Top 5000,top5000,adj.,εβραϊκός,Jewish,Jewish photo,generated
8095,13,Top 5000,Top 5000,top5000,n.,το πατίνι,skate,skate photo,generated
8096,13,Top 5000,Top 5000,top5000,n.,η κατάψυξη,freezer,freezer photo,generated
8097,13,Top 5000,Top 5000,top5000,adv.,έκτοτε,since then,since then photo,generated
8098,13,Top 5000,Top 5000,top5000,n.,η συγκομιδή,gathering,gathering photo,generated
8099,13,Top 5000,Top 5000,top5000,n.,η κοκαΐνη,cocaine,cocaine photo,generated
8100,13,Top 5000,Top 5000,top5000,n.,το χαστούκι,slap,slap photo,generated
8101,13,Top 5000,Top 5000,top5000,n.,το πούλημα,sale,sale photo,generated
8102,13,Top 5000,Top 5000,top5000,adj.,εξευτελιστικός,humiliating,humiliating photo,generated
8103,13,Top 5000,Top 5000,top5000,n.,η κούραση,tiredness,tiredness photo,generated
8104,13,Top 5000,Top 5000,top5000,v.,εκνευρίζω,irritate,irritate photo,generated
8105,13,Top 5000,Top 5000,top5000,n.,το υψόμετρο,altitude,altitude photo,generated
8106,13,Top 5000,Top 5000,top5000,n.,τα ζυμαρικά,pasta,pasta photo,generated
8107,13,Top 5000,Top 5000,top5000,adj.,υδραυλικός,hydraulic,hydraulic photo,generated
8108,13,Top 5000,Top 5000,top5000,n.,τα λάφυρα,plunder,plunder photo,generated
8109,13,Top 5000,Top 5000,top5000,adj.,γυάλινος,glass,glass photo,generated
8110,13,Top 5000,Top 5000,top5000,n.,το Βέλγιο,Belgium,Belgium photo,generated
8111,13,Top 5000,Top 5000,top5000,adv.,εσκεμμένα,intentionally,intentionally photo,generated
8112,13,Top 5000,Top 5000,top5000,adj.,δηλητηριώδης,poisonous,poisonous photo,generated
8113,13,Top 5000,Top 5000,top5000,n.,η τοποθέτηση,placement,placement photo,generated
8114,13,Top 5000,Top 5000,top5000,n.,ο υδραυλικός,plumber,plumber photo,generated
8115,13,Top 5000,Top 5000,top5000,v.,συγκεντρώνω,gather,gather photo,generated
8116,13,Top 5000,Top 5000,top5000,n.,ο εισβολέας,intruder,intruder photo,generated
8117,13,Top 5000,Top 5000,top5000,adv.,αντίστροφα,in reverse direction,in reverse direction photo,generated
8118,13,Top 5000,Top 5000,top5000,n.,το πένθος,mourning,mourning photo,generated
8119,13,Top 5000,Top 5000,top5000,n.,το σούρουπο,dusk,dusk photo,generated
8120,13,Top 5000,Top 5000,top5000,n.,ο εργολάβος,developer,developer photo,generated
8121,13,Top 5000,Top 5000,top5000,v.,σπουδάζω,study,study photo,generated
8122,13,Top 5000,Top 5000,top5000,n.,η μεταμφίεση,disguise,disguise photo,generated
8123,13,Top 5000,Top 5000,top5000,n.,η κανάτα,the jug,,needs_review
8124,13,Top 5000,Top 5000,top5000,n.,ο βουλευτής,member of parliament,member of parliament photo,generated
8125,13,Top 5000,Top 5000,top5000,adj.,συνδεδεμένος,am connected → and see συνδέω,am connected → and see συνδέω photo,generated
8126,13,Top 5000,Top 5000,top5000,adj.,εντυπωσιασμένος,impressed,impressed photo,generated
8127,13,Top 5000,Top 5000,top5000,adj.,ενδιάμεσος,intermediate,intermediate photo,generated
8128,13,Top 5000,Top 5000,top5000,adj.,υγιεινός,healthy,healthy photo,generated
8129,13,Top 5000,Top 5000,top5000,n.,το σαράβαλο,old banger,old banger photo,generated
8130,13,Top 5000,Top 5000,top5000,adj.,ζαλισμένος,feel dizzy,feel dizzy photo,generated
8131,13,Top 5000,Top 5000,top5000,adj.,λαϊκός,popular,popular photo,generated
8132,13,Top 5000,Top 5000,top5000,n.,η επιθετικότητα,aggression,aggression photo,generated
8133,13,Top 5000,Top 5000,top5000,n.,ο φανατικός,fanatic,fanatic photo,generated
8134,13,Top 5000,Top 5000,top5000,n.,η καμινάδα,chimney,chimney photo,generated
8135,13,Top 5000,Top 5000,top5000,n.,η αυταπάτη,delusion,delusion photo,generated
8136,13,Top 5000,Top 5000,top5000,v.,εκμεταλλεύομαι,exploit,exploit photo,generated
8137,13,Top 5000,Top 5000,top5000,n.,ο πόθος,lust,lust photo,generated
8138,13,Top 5000,Top 5000,top5000,n.,ο αναγνώστης,reader,reader photo,generated
8139,13,Top 5000,Top 5000,top5000,n.,ο ναρκομανής,drug addict,drug addict photo,generated
8140,13,Top 5000,Top 5000,top5000,n.,το τρελοκομείο,madhouse,madhouse photo,generated
8141,13,Top 5000,Top 5000,top5000,v.,προσαρμόζομαι,get used to,get used to photo,generated
8142,13,Top 5000,Top 5000,top5000,n.,ο ταμίας,cashier,cashier photo,generated
8143,13,Top 5000,Top 5000,top5000,adj.,φιλόδοξος,ambitious,ambitious photo,generated
8144,13,Top 5000,Top 5000,top5000,n.,ο εθισμός,addiction,addiction photo,generated
8145,13,Top 5000,Top 5000,top5000,n.,το ωράριο,work shift,work shift photo,generated
8146,13,Top 5000,Top 5000,top5000,n.,η μητρόπολη,metropolis,metropolis photo,generated
8147,13,Top 5000,Top 5000,top5000,adj.,αδιανόητος,unthinkable,unthinkable photo,generated
8148,13,Top 5000,Top 5000,top5000,n.,η απόλυση,redundancy,redundancy photo,generated
8149,13,Top 5000,Top 5000,top5000,n.,ο γάιδαρος,donkey,donkey photo,generated
8150,13,Top 5000,Top 5000,top5000,adj.,πρόωρος,premature,premature photo,generated
8151,13,Top 5000,Top 5000,top5000,n.,η υποκρισία,hypocrisy,hypocrisy photo,generated
8152,13,Top 5000,Top 5000,top5000,n.,η παροιμία,proverb,proverb photo,generated
8153,13,Top 5000,Top 5000,top5000,n. pl.,τα φύκια,seaweed,seaweed photo,generated
8154,13,Top 5000,Top 5000,top5000,n.,ο τζογαδόρος,gambler,gambler photo,generated
8155,13,Top 5000,Top 5000,top5000,n.,η υγιεινή,hygiene,hygiene photo,generated
8156,13,Top 5000,Top 5000,top5000,n.,ο προϊστάμενος,supervisor,supervisor photo,generated
8157,13,Top 5000,Top 5000,top5000,n.,η σοβαρότητα,seriousness,seriousness photo,generated
8158,13,Top 5000,Top 5000,top5000,n.,η ήπειρος,continent,continent photo,generated
8159,13,Top 5000,Top 5000,top5000,n.,η μάγισσα,witch,witch photo,generated
8160,13,Top 5000,Top 5000,top5000,n.,η συσκευασία,packaging,packaging photo,generated
8161,13,Top 5000,Top 5000,top5000,v.,διασχίζω,traverse,traverse photo,generated
8162,13,Top 5000,Top 5000,top5000,adv.,παραδοσιακά,traditional,traditional photo,generated
8163,13,Top 5000,Top 5000,top5000,n.,η αφθονία,abundance,abundance photo,generated
8164,13,Top 5000,Top 5000,top5000,adj.,κινούμενος,moving,moving photo,generated
8165,13,Top 5000,Top 5000,top5000,adj.,πεσμένος,fall,fall photo,generated
8166,13,Top 5000,Top 5000,top5000,n.,ο γρίφος,puzzle,puzzle photo,generated
8167,13,Top 5000,Top 5000,top5000,n.,το κοινοβούλιο,parliament,parliament photo,generated
8168,13,Top 5000,Top 5000,top5000,v.,χώνω,thrust into,thrust into photo,generated
8169,13,Top 5000,Top 5000,top5000,n.,η συνδρομή,subscription,subscription photo,generated
8170,13,Top 5000,Top 5000,top5000,adj.,φρόνιμος,sensible,sensible photo,generated
8171,13,Top 5000,Top 5000,top5000,n. pl.,οι ταραχές,rioting,rioting photo,generated
8172,13,Top 5000,Top 5000,top5000,n.,το ουρλιαχτό,howl,howl photo,generated
8173,13,Top 5000,Top 5000,top5000,n.,η κυψέλη,hive,hive photo,generated
8174,13,Top 5000,Top 5000,top5000,n.,το ζεύγος,pair,pair photo,generated
8175,13,Top 5000,Top 5000,top5000,adj.,υπάκουος,obedient,obedient photo,generated
8176,13,Top 5000,Top 5000,top5000,n.,η οντότητα,entity,entity photo,generated
8177,13,Top 5000,Top 5000,top5000,v.,περιστρέφομαι,revolve,revolve photo,generated
8178,13,Top 5000,Top 5000,top5000,n.,η προσθήκη,addition,addition photo,generated
8179,13,Top 5000,Top 5000,top5000,adj.,αξιοθαύμαστος,admirable,admirable photo,generated
8180,13,Top 5000,Top 5000,top5000,adj.,σοκαριστικός,shocking,shocking photo,generated
8181,13,Top 5000,Top 5000,top5000,v.,επιβραδύνω,slow down,slow down photo,generated
8182,13,Top 5000,Top 5000,top5000,v.,επινοώ,have idea,have idea photo,generated
8183,13,Top 5000,Top 5000,top5000,n.,ο αφρός,foam,foam photo,generated
8184,13,Top 5000,Top 5000,top5000,n.,ο γοφός,the hip,,needs_review
8185,13,Top 5000,Top 5000,top5000,n.,το θέρετρο,resort,resort photo,generated
8186,13,Top 5000,Top 5000,top5000,n.,η καθαριότητα,cleanliness,cleanliness photo,generated
8187,13,Top 5000,Top 5000,top5000,n.,η πίκλα,pickle,pickle photo,generated
8188,13,Top 5000,Top 5000,top5000,v.,κλωτσάω,kick,kick photo,generated
8189,13,Top 5000,Top 5000,top5000,n.,το φάσμα,spectrum,spectrum photo,generated
8190,13,Top 5000,Top 5000,top5000,adj.,προκαταρκτικός,preliminary,preliminary photo,generated
8191,13,Top 5000,Top 5000,top5000,n.,ο κτηνίατρος,veterinarian,veterinarian photo,generated
8192,13,Top 5000,Top 5000,top5000,n.,το κουνούπι,mosquito,mosquito photo,generated
8193,13,Top 5000,Top 5000,top5000,v.,ανακουφίζω,alleviate,alleviate photo,generated
8194,13,Top 5000,Top 5000,top5000,n.,ο πρωταγωνιστής,main character,main character photo,generated
8195,13,Top 5000,Top 5000,top5000,n.,η ηλιαχτίδα,sunray,sunray photo,generated
8196,13,Top 5000,Top 5000,top5000,n.,ο απόφοιτος,graduate,graduate photo,generated
8197,13,Top 5000,Top 5000,top5000,adj.,κακομαθημένος,spoiled,spoiled photo,generated
8198,13,Top 5000,Top 5000,top5000,n.,ο διαιτητής,referee,referee photo,generated
8199,13,Top 5000,Top 5000,top5000,v.,εξαπατάω,swindle,swindle photo,generated
8200,13,Top 5000,Top 5000,top5000,n.,ο κιμάς,mince meat,mince meat photo,generated
8201,13,Top 5000,Top 5000,top5000,adv.,σιωπηλά,silent,silent photo,generated
8202,13,Top 5000,Top 5000,top5000,v.,τριγυρίζω,wander around,wander around photo,generated
8203,13,Top 5000,Top 5000,top5000,n.,το καβούρι,crab,crab photo,generated
8204,13,Top 5000,Top 5000,top5000,v.,αποκοιμιέμαι,"nod off, fall asleep, drop off",,needs_review
8205,13,Top 5000,Top 5000,top5000,n.,η παρόρμηση,impulse,impulse photo,generated
8206,13,Top 5000,Top 5000,top5000,adj.,αιώνιος,eternal,eternal photo,generated
8207,13,Top 5000,Top 5000,top5000,v.,φυτεύω,plant,plant photo,generated
8208,13,Top 5000,Top 5000,top5000,v.,καθοδηγώ,guide,guide photo,generated
8209,13,Top 5000,Top 5000,top5000,n.,η βούρτσα,brush,brush photo,generated
8210,13,Top 5000,Top 5000,top5000,adj.,τρομαγμένος,frighten,frighten photo,generated
8211,13,Top 5000,Top 5000,top5000,n.,η ανυπομονησία,impatience,impatience photo,generated
8212,13,Top 5000,Top 5000,top5000,n.,η βίδα,screw,screw photo,generated
8213,13,Top 5000,Top 5000,top5000,n.,η εξώπορτα,front door,front door photo,generated
8214,13,Top 5000,Top 5000,top5000,n.,η συνοικία,district,district photo,generated
8215,13,Top 5000,Top 5000,top5000,adj.,αφάνταστος,unimaginable,unimaginable photo,generated
8216,13,Top 5000,Top 5000,top5000,v.,γερνώ,more formal variant of γερνάω (gernáo),,needs_review
8217,13,Top 5000,Top 5000,top5000,n.,η αποφασιστικότητα,determination,determination photo,generated
8218,13,Top 5000,Top 5000,top5000,v.,επιπλέω,float,float photo,generated
8219,13,Top 5000,Top 5000,top5000,adj.,αδέξιος,clumsy,clumsy photo,generated
8220,13,Top 5000,Top 5000,top5000,adj.,μελαχρινός,one who has black hair and/or eyes,one who has black hair and/or eyes photo,generated
8221,13,Top 5000,Top 5000,top5000,adj.,υπερφυσικός,supernatural,supernatural photo,generated
8222,13,Top 5000,Top 5000,top5000,n.,ο ρατσιστής,racist,racist photo,generated
8223,13,Top 5000,Top 5000,top5000,n.,η εξερεύνηση,exploration,exploration photo,generated
8224,13,Top 5000,Top 5000,top5000,n.,το γραμματόσημο,postage stamp,postage stamp photo,generated
8225,13,Top 5000,Top 5000,top5000,n.,το προσκήνιο,forefront,forefront photo,generated
8226,13,Top 5000,Top 5000,top5000,n.,πρόωρα,prematurely,prematurely photo,generated
8227,13,Top 5000,Top 5000,top5000,n.,ο φωτισμός,lighting,lighting photo,generated
8228,13,Top 5000,Top 5000,top5000,adj.,χλωμός,"(of a person): pale, wan, sallow",,needs_review
8229,13,Top 5000,Top 5000,top5000,n.,ο ταξιδιώτης,traveller,traveller photo,generated
8230,13,Top 5000,Top 5000,top5000,n.,η απομίμηση,imitation,imitation photo,generated
8231,13,Top 5000,Top 5000,top5000,adv.,οποτεδήποτε,whenever,whenever photo,generated
8232,13,Top 5000,Top 5000,top5000,n.,ο ταξιτζής,taxi driver,taxi driver photo,generated
8233,13,Top 5000,Top 5000,top5000,n.,η παρωδία,parody,parody photo,generated
8234,13,Top 5000,Top 5000,top5000,adj.,εκνευρισμένος,irritated,irritated photo,generated
8235,13,Top 5000,Top 5000,top5000,adv.,στιγμιαία,brief,brief photo,generated
8236,13,Top 5000,Top 5000,top5000,v.,τρέφομαι,feed,feeding animals,override
8237,13,Top 5000,Top 5000,top5000,adj.,φαλακρός,bald,bald photo,generated
8238,13,Top 5000,Top 5000,top5000,adv.,φανερά,overtly,overtly photo,generated
8239,13,Top 5000,Top 5000,top5000,adv.,φαινομενικά,ostensible,ostensible photo,generated
8240,13,Top 5000,Top 5000,top5000,v.,βουτάω,sink,sink photo,generated
8241,13,Top 5000,Top 5000,top5000,n.,το σφουγγάρι,spunge,spunge photo,generated
8242,13,Top 5000,Top 5000,top5000,n.,τα αραβικά,Arabic,Arabic photo,generated
8243,13,Top 5000,Top 5000,top5000,adj.,ρατσιστικός,racist,racist photo,generated
8244,13,Top 5000,Top 5000,top5000,n.,το σφύριγμα,whistle,whistle photo,generated
8245,13,Top 5000,Top 5000,top5000,adv.,επανειλημμένα,repeatedly,repeatedly photo,generated
8246,13,Top 5000,Top 5000,top5000,n.,η συνεισφορά,contribution,contribution photo,generated
8247,13,Top 5000,Top 5000,top5000,n.,η ματαιοδοξία,vanity,vanity photo,generated
8248,13,Top 5000,Top 5000,top5000,adj.,λεπτομερής,detailed,detailed photo,generated
8249,13,Top 5000,Top 5000,top5000,adj.,απομονωμένος,isolated,isolated photo,generated
8250,13,Top 5000,Top 5000,top5000,n.,η κόρνα,car horn,car horn photo,generated
8251,13,Top 5000,Top 5000,top5000,n.,η γενναιότητα,bravery,bravery photo,generated
8252,13,Top 5000,Top 5000,top5000,n.,η Δανία,Denmark,Denmark photo,generated
8253,13,Top 5000,Top 5000,top5000,n.,το σκαλοπάτι,rung,rung photo,generated
8254,13,Top 5000,Top 5000,top5000,adv.,αναγκαστικά,compulsory,compulsory photo,generated
8255,13,Top 5000,Top 5000,top5000,v.,στριμώχνω,cram in,cram in photo,generated
8256,13,Top 5000,Top 5000,top5000,n.,η ανατροπή,overthrow,overthrow photo,generated
8257,13,Top 5000,Top 5000,top5000,adj.,δελεαστικός,enticing,enticing photo,generated
8258,13,Top 5000,Top 5000,top5000,adj.,ταπεινωτικός,humiliating,humiliating photo,generated
8259,13,Top 5000,Top 5000,top5000,n.,ο χρήστης,user,user photo,generated
8260,13,Top 5000,Top 5000,top5000,n.,η έχθρα,animosity,animosity photo,generated
8261,13,Top 5000,Top 5000,top5000,adj.,συγκρατημένος,inhibited,inhibited photo,generated
8262,13,Top 5000,Top 5000,top5000,n.,το κατόρθωμα,achievement,achievement photo,generated
8263,13,Top 5000,Top 5000,top5000,n.,η φυσαλίδα,bubble,bubble photo,generated
8264,13,Top 5000,Top 5000,top5000,v.,υποβάλλω,submit,submit photo,generated
8265,13,Top 5000,Top 5000,top5000,adj.,πρόχειρος,handy,handy photo,generated
8266,13,Top 5000,Top 5000,top5000,n.,η κατάληψη,squat,squat photo,generated
8267,13,Top 5000,Top 5000,top5000,n.,η αναβάθμιση,upgrade,upgrade photo,generated
8268,13,Top 5000,Top 5000,top5000,adj.,τοξικός,toxic,toxic photo,generated
8269,13,Top 5000,Top 5000,top5000,n.,το σιντριβάνι,fountain,fountain photo,generated
8270,13,Top 5000,Top 5000,top5000,n.,ο φλοιός,bark,barking dog,override
8271,13,Top 5000,Top 5000,top5000,adj.,έβδομος,seventh,seventh photo,generated
8272,13,Top 5000,Top 5000,top5000,n.,η τρυφερότητα,tenderness,tenderness photo,generated
8273,13,Top 5000,Top 5000,top5000,adj.,περιοριστικός,restrictive,restrictive photo,generated
8274,13,Top 5000,Top 5000,top5000,v.,πακετάρω,Ι packet,Ι packet photo,generated
8275,13,Top 5000,Top 5000,top5000,n.,το χερούλι,door handle,door handle photo,generated
8276,13,Top 5000,Top 5000,top5000,v.,αποκαθιστώ,repair,repair photo,generated
8277,13,Top 5000,Top 5000,top5000,adj.,αφύσικος,unnatural,unnatural photo,generated
8278,13,Top 5000,Top 5000,top5000,adj.,στεναχωρημένος,worried,worried photo,generated
8279,13,Top 5000,Top 5000,top5000,n.,το φόντο,background,background photo,generated
8280,13,Top 5000,Top 5000,top5000,adj.,κυριλέ,posh,posh photo,generated
8281,13,Top 5000,Top 5000,top5000,n.,ο κλιματισμός,air-conditioning,air-conditioning photo,generated
8282,13,Top 5000,Top 5000,top5000,v.,τιμωρώ,punish,punish photo,generated
8283,13,Top 5000,Top 5000,top5000,n.,η διαδήλωση,rally,rally photo,generated
8284,13,Top 5000,Top 5000,top5000,n.,η ανάσταση,resurrection,resurrection photo,generated
8285,13,Top 5000,Top 5000,top5000,v.,παρασύρομαι,drift away,drift away photo,generated
8286,13,Top 5000,Top 5000,top5000,n.,ο γυρισμός,return,return photo,generated
8287,13,Top 5000,Top 5000,top5000,n.,το έμβλημα,emblem,emblem photo,generated
8288,13,Top 5000,Top 5000,top5000,v.,απελευθερώνω,set free,set free photo,generated
8289,13,Top 5000,Top 5000,top5000,adj.,δειλός,timid,timid photo,generated
8290,13,Top 5000,Top 5000,top5000,n.,το μπακάλικο,small food store,small food store photo,generated
8291,13,Top 5000,Top 5000,top5000,v.,στοιχίζω,cost,cost photo,generated
8292,13,Top 5000,Top 5000,top5000,n.,το αποκορύφωμα,highlight,highlight photo,generated
8293,13,Top 5000,Top 5000,top5000,adj.,επίμονος,persistent,persistent photo,generated
8294,13,Top 5000,Top 5000,top5000,n.,η εκμετάλλευση,exploitation,exploitation photo,generated
8295,13,Top 5000,Top 5000,top5000,adj.,υπέρτατος,utmost,utmost photo,generated
8296,13,Top 5000,Top 5000,top5000,n.,το κουπόνι,coupon,coupon photo,generated
8297,13,Top 5000,Top 5000,top5000,n.,ο φιλόσοφος,philosopher,philosopher photo,generated
8298,13,Top 5000,Top 5000,top5000,n.,το εργοτάξιο,construction site,construction site photo,generated
8299,13,Top 5000,Top 5000,top5000,n.,ο ιδρυτής,founder,founder photo,generated
8300,13,Top 5000,Top 5000,top5000,adj.,πικάντικος,spicy,spicy photo,generated
8301,13,Top 5000,Top 5000,top5000,adj.,φλεγόμενος,burning,burning photo,generated
8302,13,Top 5000,Top 5000,top5000,n.,η βλασφημία,blasphemy,blasphemy photo,generated
8303,13,Top 5000,Top 5000,top5000,adj.,αξιόλογος,remarkable,remarkable photo,generated
8304,13,Top 5000,Top 5000,top5000,v.,ντροπιάζω,shame,shame photo,generated
8305,13,Top 5000,Top 5000,top5000,adj.,θολός,dome,dome photo,generated
8306,13,Top 5000,Top 5000,top5000,n.,η διάλυση,disintegration,disintegration photo,generated
8307,13,Top 5000,Top 5000,top5000,v.,τιμώ,honour,honour photo,generated
8308,13,Top 5000,Top 5000,top5000,n.,το κατάλυμα,accomodation,accomodation photo,generated
8309,13,Top 5000,Top 5000,top5000,adj.,απρόσεκτος,heedless,heedless photo,generated
8310,13,Top 5000,Top 5000,top5000,n.,ο μοναχός,monk,monk photo,generated
8311,13,Top 5000,Top 5000,top5000,n.,η μούσα,muse,muse photo,generated
8312,13,Top 5000,Top 5000,top5000,adj.,πεταχτός,protruding,protruding photo,generated
8313,13,Top 5000,Top 5000,top5000,n.,η Βαρκελώνη,Barcelona,Barcelona photo,generated
8314,13,Top 5000,Top 5000,top5000,v.,σημειώνω,put mark as recognizing sign or reminder,put mark as recognizing sign or reminder photo,generated
8315,13,Top 5000,Top 5000,top5000,n.,ο δισταγμός,hesitation,hesitation photo,generated
8316,13,Top 5000,Top 5000,top5000,v.,περισσεύω,am left over,am left over photo,generated
8317,13,Top 5000,Top 5000,top5000,adj.,κοσμικός,secular,secular photo,generated
8318,13,Top 5000,Top 5000,top5000,n.,ο Μεσαίωνας,Middle Ages,Middle Ages photo,generated
8319,13,Top 5000,Top 5000,top5000,n.,η μούχλα,mould,mould photo,generated
8320,13,Top 5000,Top 5000,top5000,n.,η φωτογράφιση,photo shoot,photo shoot photo,generated
8321,13,Top 5000,Top 5000,top5000,adv.,ακαριαία,immediately,immediately photo,generated
8322,13,Top 5000,Top 5000,top5000,n.,τα λογιστικά,accounting,accounting photo,generated
8323,13,Top 5000,Top 5000,top5000,adj.,νοικιασμένος,rent,rent photo,generated
8324,13,Top 5000,Top 5000,top5000,adj.,χριστιανικός,Christian,Christian photo,generated
8325,13,Top 5000,Top 5000,top5000,n.,η υπόληψη,good reputation,good reputation photo,generated
8326,13,Top 5000,Top 5000,top5000,n.,η Κρήτη,Crete,Crete photo,generated
8327,13,Top 5000,Top 5000,top5000,n.,η σταυροφορία,crusade,crusade photo,generated
8328,13,Top 5000,Top 5000,top5000,adj.,ικανοποιητικός,fulfilling,fulfilling photo,generated
8329,13,Top 5000,Top 5000,top5000,adv.,επιτόπου,on spot,on spot photo,generated
8330,13,Top 5000,Top 5000,top5000,n.,η δεξιότητα,skill,skill photo,generated
8331,13,Top 5000,Top 5000,top5000,adj.,εκνευριστικός,irritating,irritating photo,generated
8332,13,Top 5000,Top 5000,top5000,n.,ο ατμός,steam,steam photo,generated
8333,13,Top 5000,Top 5000,top5000,v.,αποκλείω,block,block photo,generated
8334,13,Top 5000,Top 5000,top5000,n.,η φατρία,faction,faction photo,generated
8335,13,Top 5000,Top 5000,top5000,n.,η φυτεία,plantation,plantation photo,generated
8336,13,Top 5000,Top 5000,top5000,n.,ο προμηθευτής,supplier,supplier photo,generated
8337,13,Top 5000,Top 5000,top5000,n.,το κριτήριο,criteria,criteria photo,generated
8338,13,Top 5000,Top 5000,top5000,n.,το αναμνηστικό,souvenir,souvenir photo,generated
8339,13,Top 5000,Top 5000,top5000,n.,ο σκίουρος,squirrel,squirrel photo,generated
8340,13,Top 5000,Top 5000,top5000,n.,η πολυκατοικία,apartment building,apartment building photo,generated
8341,13,Top 5000,Top 5000,top5000,n.,το χρονόμετρο,timer,timer photo,generated
8342,13,Top 5000,Top 5000,top5000,n.,το τράβηγμα,pull,pull photo,generated
8343,13,Top 5000,Top 5000,top5000,adj.,ανεκτίμητος,priceless,priceless photo,generated
8344,13,Top 5000,Top 5000,top5000,n.,η ράμπα,ramp,ramp photo,generated
8345,13,Top 5000,Top 5000,top5000,v.,ικανοποιώ,satisfy,satisfy photo,generated
8346,13,Top 5000,Top 5000,top5000,n.,το ντουέτο,duet,duet photo,generated
8347,13,Top 5000,Top 5000,top5000,n.,ο συνταξιούχος,retiree,retiree photo,generated
8348,13,Top 5000,Top 5000,top5000,n.,το διάταγμα,decree,decree photo,generated
8349,13,Top 5000,Top 5000,top5000,n.,ο μύλος,mill,mill photo,generated
8350,13,Top 5000,Top 5000,top5000,adj.,άφραγκος,broke,broke photo,generated
8351,13,Top 5000,Top 5000,top5000,v.,αηδιάζω,disgust,disgust photo,generated
8352,13,Top 5000,Top 5000,top5000,n.,η Ανταρκτική,Antarctic,Antarctic photo,generated
8353,13,Top 5000,Top 5000,top5000,adj.,ζόρικος,tricky,tricky photo,generated
8354,13,Top 5000,Top 5000,top5000,n.,το φουστάνι,dress,dress photo,generated
8355,13,Top 5000,Top 5000,top5000,n. pl.,τα λουτρά,hot springs,hot springs photo,generated
8356,13,Top 5000,Top 5000,top5000,n. as adj.,αριστερόχειρας,left-handed person,left-handed person photo,generated
8357,13,Top 5000,Top 5000,top5000,v.,τονίζω,stress,stress photo,generated
8358,13,Top 5000,Top 5000,top5000,adj.,υπνωτικός,hypnotic,hypnotic photo,generated
8359,13,Top 5000,Top 5000,top5000,n.,η πολιορκία,siege,siege photo,generated
8360,13,Top 5000,Top 5000,top5000,n.,το κεράσι,cherry,cherry photo,generated
8361,13,Top 5000,Top 5000,top5000,n.,η Κέρκυρα,Corfu,Corfu photo,generated
8362,13,Top 5000,Top 5000,top5000,n.,ο διαδηλωτής,demonstrator,demonstrator photo,generated
8363,13,Top 5000,Top 5000,top5000,n.,το τσουνάμι,tsunami,tsunami photo,generated
8364,13,Top 5000,Top 5000,top5000,n.,η Νορβηγία,Norway,Norway photo,generated
8365,13,Top 5000,Top 5000,top5000,adv.,αμυντικά,defensively,defensively photo,generated
8366,13,Top 5000,Top 5000,top5000,v.,θυσιάζω,sacrifice,sacrifice photo,generated
8367,13,Top 5000,Top 5000,top5000,n.,η βαρεμάρα,boredom,boredom photo,generated
8368,13,Top 5000,Top 5000,top5000,n.,το παγάκι,ice cube,ice cube photo,generated
8369,13,Top 5000,Top 5000,top5000,n.,το πετσί,hide,hide photo,generated
8370,13,Top 5000,Top 5000,top5000,n.,ο νάνος,dwarf,dwarf photo,generated
8371,13,Top 5000,Top 5000,top5000,n.,η νοοτροπία,mentality,mentality photo,generated
8372,13,Top 5000,Top 5000,top5000,n.,το υποκατάστατο,substitute,substitute photo,generated
8373,13,Top 5000,Top 5000,top5000,n.,ο κατασκευαστής,maker,maker photo,generated
8374,13,Top 5000,Top 5000,top5000,n.,η λιμνούλα,pond,pond photo,generated
8375,13,Top 5000,Top 5000,top5000,n.,η πλαγιά,slope,slope photo,generated
8376,13,Top 5000,Top 5000,top5000,n.,η αντικατάσταση,replacement,replacement photo,generated
8377,13,Top 5000,Top 5000,top5000,adv.,θαρραλέα,courageous,courageous photo,generated
8378,13,Top 5000,Top 5000,top5000,n.,το παράδοξο,paradox,paradox photo,generated
8379,13,Top 5000,Top 5000,top5000,adj.,μετριόφρων,modest,modest photo,generated
8380,13,Top 5000,Top 5000,top5000,n.,το κειμήλιο,relic,relic photo,generated
8381,13,Top 5000,Top 5000,top5000,n.,η οσμή,scent,scent photo,generated
8382,13,Top 5000,Top 5000,top5000,n.,η τροποποίηση,modification,modification photo,generated
8383,13,Top 5000,Top 5000,top5000,v.,πλακώνω,fall down on,fall down on photo,generated
8384,13,Top 5000,Top 5000,top5000,n.,ο ισχυρισμός,claim,claim photo,generated
8385,13,Top 5000,Top 5000,top5000,n.,η φανέλα,sports shirt,sports shirt photo,generated
8386,13,Top 5000,Top 5000,top5000,n.,η Ρόδος,Rhodes,Rhodes photo,generated
8387,13,Top 5000,Top 5000,top5000,n.,ο σχεδιαστής,designer,designer photo,generated
8388,13,Top 5000,Top 5000,top5000,n.,το ανάστημα,height,height photo,generated
8389,13,Top 5000,Top 5000,top5000,adj.,σύμφωνος,agreed,agreed photo,generated
8390,13,Top 5000,Top 5000,top5000,n.,η μοτοσυκλέτα,motorbike,motorbike photo,generated
8391,13,Top 5000,Top 5000,top5000,adv.,διανοητικά,intellectually,intellectually photo,generated
8392,13,Top 5000,Top 5000,top5000,v.,κυβερνώ,rule,rule photo,generated
8393,13,Top 5000,Top 5000,top5000,n.,η νομοθεσία,legislation,legislation photo,generated
8394,13,Top 5000,Top 5000,top5000,adv.,επιθετικά,offensive,offensive photo,generated
8395,13,Top 5000,Top 5000,top5000,adj.,θαρραλέος,courageous,courageous photo,generated
8396,13,Top 5000,Top 5000,top5000,adj.,χωρισμένος,divided,divided photo,generated
8397,13,Top 5000,Top 5000,top5000,v.,διοικώ,administer,administer photo,generated
8398,13,Top 5000,Top 5000,top5000,v.,στοχεύω,target,target photo,generated
8399,13,Top 5000,Top 5000,top5000,n.,η συμφορά,calamity,calamity photo,generated
8400,13,Top 5000,Top 5000,top5000,n.,η λήξη,expiration,expiration photo,generated
8401,13,Top 5000,Top 5000,top5000,adv.,λεπτομερώς,in detail,in detail photo,generated
8402,13,Top 5000,Top 5000,top5000,n.,το μαρούλι,lettuce,lettuce photo,generated
8403,13,Top 5000,Top 5000,top5000,n.,η ζαλάδα,dizziness,dizziness photo,generated
8404,13,Top 5000,Top 5000,top5000,n.,ο πατριώτης,patriot,patriot photo,generated
8405,13,Top 5000,Top 5000,top5000,n.,το πλακάκι,tile,tile photo,generated
8406,13,Top 5000,Top 5000,top5000,n.,η σχάρα,grill,grill photo,generated
8407,13,Top 5000,Top 5000,top5000,adj.,δεξιός,right,right photo,generated
8408,13,Top 5000,Top 5000,top5000,n.,ο πουρές,pureé,pureé photo,generated
8409,13,Top 5000,Top 5000,top5000,n.,το χαλάκι,doormat,doormat photo,generated
8410,13,Top 5000,Top 5000,top5000,adj.,βάρβαρος,barbarian,barbarian photo,generated
8411,13,Top 5000,Top 5000,top5000,n.,το περιτύλιγμα,wrapper,wrapper photo,generated
8412,13,Top 5000,Top 5000,top5000,n.,η φιλοφρόνηση,compliment,compliment photo,generated
8413,13,Top 5000,Top 5000,top5000,adj.,σφραγισμένος,seal,seal photo,generated
8414,13,Top 5000,Top 5000,top5000,adj.,απάνθρωπος,inhuman,inhuman photo,generated
8415,13,Top 5000,Top 5000,top5000,n.,η καλλιέργεια,cultivation,cultivation photo,generated
8416,13,Top 5000,Top 5000,top5000,adj.,υποχρεωτικός,obligatory,obligatory photo,generated
8417,13,Top 5000,Top 5000,top5000,n.,η ισότητα,equality,equality photo,generated
8418,13,Top 5000,Top 5000,top5000,adj.,πολυτελής,luxurious,luxurious photo,generated
8419,13,Top 5000,Top 5000,top5000,adj.,ξεχασμένος,forgotten,forgotten photo,generated
8420,13,Top 5000,Top 5000,top5000,n.,η ορμή,urge,urge photo,generated
8421,13,Top 5000,Top 5000,top5000,v.,φτύνω,spit,spit photo,generated
8422,13,Top 5000,Top 5000,top5000,v.,χρεώνω,charge,charge photo,generated
8423,13,Top 5000,Top 5000,top5000,adj.,ζωηρός,lively,lively photo,generated
8424,13,Top 5000,Top 5000,top5000,n.,η γέμιση,filling,filling photo,generated
8425,13,Top 5000,Top 5000,top5000,adj.,αυξημένος,increase,increase photo,generated
8426,13,Top 5000,Top 5000,top5000,v.,ωριμάζω,mature,mature photo,generated
8427,13,Top 5000,Top 5000,top5000,adj.,ατέλειωτος,endless,endless photo,generated
8428,13,Top 5000,Top 5000,top5000,adj.,πιασμένος,to be caught,to be caught photo,generated
8429,13,Top 5000,Top 5000,top5000,n.,το σπρώξιμο,shove,shove photo,generated
8430,13,Top 5000,Top 5000,top5000,n.,το ροδάκινο,peach,peach photo,generated
8431,13,Top 5000,Top 5000,top5000,v.,αναβάλλω,postpone,postpone photo,generated
8432,13,Top 5000,Top 5000,top5000,n.,το μηχανάκι,motorbike,motorbike photo,generated
8433,13,Top 5000,Top 5000,top5000,v.,περιορίζω,confine,confine photo,generated
8434,13,Top 5000,Top 5000,top5000,v.,συμπληρώνω,fill,fill photo,generated
8435,13,Top 5000,Top 5000,top5000,v.,μεταδίδω,transmit,transmit photo,generated
8436,13,Top 5000,Top 5000,top5000,v.,κρεμάω,hang,hang photo,generated
8437,13,Top 5000,Top 5000,top5000,n.,το αγκάθι,thorn,thorn photo,generated
8438,13,Top 5000,Top 5000,top5000,n.,το τασάκι,ashtray,ashtray photo,generated
8439,13,Top 5000,Top 5000,top5000,adj.,αναζωογονητικός,revitalising,revitalising photo,generated
8440,13,Top 5000,Top 5000,top5000,n.,η σχισμή,slit,slit photo,generated
8441,13,Top 5000,Top 5000,top5000,n.,η αδιαφορία,indifference,indifference photo,generated
8442,13,Top 5000,Top 5000,top5000,adj.,αξιοσημείωτος,noteworthy,noteworthy photo,generated
8443,13,Top 5000,Top 5000,top5000,n.,η σκληρότητα,cruelty,cruelty photo,generated
8444,13,Top 5000,Top 5000,top5000,n.,ο συμπατριώτης,compatriot,compatriot photo,generated
8445,13,Top 5000,Top 5000,top5000,n.,τα θαλασσινά,seafood,seafood photo,override
8446,13,Top 5000,Top 5000,top5000,v.,εκδίδω,publish,publish photo,generated
8447,13,Top 5000,Top 5000,top5000,adj.,προστατευτικός,protectionist,protectionist photo,generated
8448,13,Top 5000,Top 5000,top5000,n.,μίζερος,miserable,miserable photo,generated
8449,13,Top 5000,Top 5000,top5000,n.,το γλυπτό,sculpture,sculpture photo,generated
8450,13,Top 5000,Top 5000,top5000,adj.,συμπαθητικός,sympathetic,sympathetic photo,generated
8451,13,Top 5000,Top 5000,top5000,adj.,υστερικός,hysterical,hysterical photo,generated
8452,13,Top 5000,Top 5000,top5000,n.,ο κρίκος,ring,ring photo,generated
8453,13,Top 5000,Top 5000,top5000,n.,η ευκολία,convenience,convenience photo,generated
8454,13,Top 5000,Top 5000,top5000,v.,φωτίζω,light,light photo,generated
8455,13,Top 5000,Top 5000,top5000,n.,η ηλιθιότητα,stupidity,stupidity photo,generated
8456,13,Top 5000,Top 5000,top5000,n.,το βάψιμο,painting,painting photo,generated
8457,13,Top 5000,Top 5000,top5000,n.,η νοσταλγία,nostalgia,nostalgia photo,generated
8458,13,Top 5000,Top 5000,top5000,n.,ο θαυμασμός,admiration,admiration photo,generated
8459,13,Top 5000,Top 5000,top5000,v.,απογειώνομαι,take off,take off photo,generated
8460,13,Top 5000,Top 5000,top5000,v.,περικυκλώνω,surround,surround photo,generated
8461,13,Top 5000,Top 5000,top5000,v.,εστιάζω,focus,focus photo,generated
8462,13,Top 5000,Top 5000,top5000,v.,μπλοφάρω,bluff,bluff photo,generated
8463,13,Top 5000,Top 5000,top5000,v.,τρίβω,grate,grate photo,generated
8464,13,Top 5000,Top 5000,top5000,adj.,κολακευτικός,flattering,flattering photo,generated
8465,13,Top 5000,Top 5000,top5000,adj.,άθικτος,untouched,untouched photo,generated
8466,13,Top 5000,Top 5000,top5000,adj.,οριστικός,final,final photo,generated
8467,13,Top 5000,Top 5000,top5000,v.,επιβλέπω,supervise,supervise photo,generated
8468,13,Top 5000,Top 5000,top5000,n.,ο οιωνός,omen,omen photo,generated
8469,13,Top 5000,Top 5000,top5000,adj.,προτιμότερος,preferable,preferable photo,generated
8470,13,Top 5000,Top 5000,top5000,v.,ιδρώνω,sweat,sweat photo,generated
8471,13,Top 5000,Top 5000,top5000,v.,περιπλανώμαι,wander,wander photo,generated
8472,13,Top 5000,Top 5000,top5000,n.,ο μουσουλμάνος,Muslim,Muslim photo,generated
8473,13,Top 5000,Top 5000,top5000,n.,ο θρίαμβος,triumph,triumph photo,generated
8474,13,Top 5000,Top 5000,top5000,adj.,ξεκλείδωτος,unlocked,unlocked photo,generated
8475,13,Top 5000,Top 5000,top5000,n.,η αισιοδοξία,optimism,optimism photo,generated
8476,13,Top 5000,Top 5000,top5000,n.,η ψησταριά,barbecue,barbecue photo,generated
8477,13,Top 5000,Top 5000,top5000,adv.,αναπόφευκτα,inevitably,inevitably photo,generated
8478,13,Top 5000,Top 5000,top5000,adj.,ολοκαίνουργιος,brand new,brand new photo,generated
8479,13,Top 5000,Top 5000,top5000,n.,το Αιγαίο,Aegean,Aegean photo,generated
8480,13,Top 5000,Top 5000,top5000,n.,η αντιγραφή,copying,copying photo,generated
8481,13,Top 5000,Top 5000,top5000,n.,το στήριγμα,support,support photo,generated
8482,13,Top 5000,Top 5000,top5000,n.,το αερόστατο,hot-air balloon,hot-air balloon photo,generated
8483,13,Top 5000,Top 5000,top5000,n.,η κατάκτηση,conquest,conquest photo,generated
8484,13,Top 5000,Top 5000,top5000,adj.,ηλιόλουστος,sun-drenched,sun-drenched photo,generated
8485,13,Top 5000,Top 5000,top5000,v.,τρυπάω,pierce,pierce photo,generated
8486,13,Top 5000,Top 5000,top5000,n.,ο υπόνομος,sewer,sewer photo,generated
8487,13,Top 5000,Top 5000,top5000,adj.,διπλάσιος,proportional number two-fold,proportional number two-fold photo,generated
8488,13,Top 5000,Top 5000,top5000,adj.,κερασμένος,treat,treat photo,generated
8489,13,Top 5000,Top 5000,top5000,adj.,σιχαμερός,vile,vile photo,generated
8490,13,Top 5000,Top 5000,top5000,v.,δέρνω,beat,beat photo,generated
8491,13,Top 5000,Top 5000,top5000,n.,η εξάρτηση,dependency,dependency photo,generated
8492,13,Top 5000,Top 5000,top5000,adv.,αεροπορικώς,"by air, aerially",,needs_review
8493,13,Top 5000,Top 5000,top5000,v.,βαραίνω,increase in weight,increase in weight photo,generated
8494,13,Top 5000,Top 5000,top5000,v.,διαπραγματεύομαι,negotiate,negotiate photo,generated
8495,13,Top 5000,Top 5000,top5000,n.,η ρυτίδα,wrinkle,wrinkle photo,generated
8496,13,Top 5000,Top 5000,top5000,adj.,εκτεταμένος,widespread,widespread photo,generated
8497,13,Top 5000,Top 5000,top5000,n.,η μάστιγα,scourge,scourge photo,generated
8498,13,Top 5000,Top 5000,top5000,n.,ο απόγονος,descendent,descendent photo,generated
8499,13,Top 5000,Top 5000,top5000,adj.,δυσαρεστημένος,dissatisfied,dissatisfied photo,generated
8500,13,Top 5000,Top 5000,top5000,v.,διακινδυνεύω,imperil,imperil photo,generated
8501,13,Top 5000,Top 5000,top5000,n.,ευχαριστιέμαι,am pleased,am pleased photo,generated
8502,13,Top 5000,Top 5000,top5000,n.,το μαύρισμα,suntan,suntan photo,generated
8503,13,Top 5000,Top 5000,top5000,num.,ενενήντα,ninety,ninety photo,generated
8504,13,Top 5000,Top 5000,top5000,n.,το μοντάζ,film editing,film editing photo,generated
8505,13,Top 5000,Top 5000,top5000,n.,το στιφάδο,stew,stew photo,generated
8506,13,Top 5000,Top 5000,top5000,n.,ο μεσίτης,real estate agent,real estate agent photo,generated
8507,13,Top 5000,Top 5000,top5000,n.,το καλαμάκι,drinking straw,drinking straw photo,generated
8508,13,Top 5000,Top 5000,top5000,adv.,τραγικά,tragic,tragic photo,generated
8509,13,Top 5000,Top 5000,top5000,n.,ο συμβιβασμός,compromise,compromise photo,generated
8510,13,Top 5000,Top 5000,top5000,n.,ο φασίστας,fascist,fascist photo,generated
8511,13,Top 5000,Top 5000,top5000,n.,επικείμενος,imminent,imminent photo,generated
8512,13,Top 5000,Top 5000,top5000,n.,το ερπετό,reptile,reptile photo,override
8513,13,Top 5000,Top 5000,top5000,n.,η παράγραφος,paragraph,paragraph photo,generated
8514,13,Top 5000,Top 5000,top5000,adv.,βολικά,comfortably,comfortably photo,generated
8515,13,Top 5000,Top 5000,top5000,adj.,τριχωτός,hairy,hairy photo,generated
8516,13,Top 5000,Top 5000,top5000,v.,αφιερώνω,devote,devote photo,generated
8517,13,Top 5000,Top 5000,top5000,n.,η διαύγεια,clarity,clarity photo,generated
8518,13,Top 5000,Top 5000,top5000,adj.,προχωρημένος,move,move photo,generated
8519,13,Top 5000,Top 5000,top5000,n.,ο δήμος,municipality,municipality photo,generated
8520,13,Top 5000,Top 5000,top5000,n.,η αναπηρία,disability,disability photo,generated
8521,13,Top 5000,Top 5000,top5000,n.,ο ύμνος,hymn,hymn photo,generated
8522,13,Top 5000,Top 5000,top5000,adj.,τροπικός,tropic,tropic photo,generated
8523,13,Top 5000,Top 5000,top5000,adv.,πρόθυμα,readily,readily photo,generated
8524,13,Top 5000,Top 5000,top5000,n.,το μπούτι,thigh,thigh photo,generated
8525,13,Top 5000,Top 5000,top5000,n.,η μυθολογία,mythology,mythology photo,generated
8526,13,Top 5000,Top 5000,top5000,v.,επιβάλλω,impose,impose photo,generated
8527,13,Top 5000,Top 5000,top5000,n.,υποσυνείδητος,subconscious,subconscious photo,generated
8528,13,Top 5000,Top 5000,top5000,adj.,εξωτικός,exotic,exotic photo,generated
8529,13,Top 5000,Top 5000,top5000,n.,η απεικόνιση,animation,animation photo,generated
8530,13,Top 5000,Top 5000,top5000,n.,το προσχέδιο,draft,draft photo,generated
8531,13,Top 5000,Top 5000,top5000,n.,η μέδουσα,jellyfish,jellyfish photo,generated
8532,13,Top 5000,Top 5000,top5000,adj.,συνεργάσιμος,cooperative,cooperative photo,generated
8533,13,Top 5000,Top 5000,top5000,n.,η δειλία,cowardice,cowardice photo,generated
8534,13,Top 5000,Top 5000,top5000,adj.,οργισμένος,to be enraged,to be enraged photo,generated
8535,13,Top 5000,Top 5000,top5000,adj.,αισχρός,dirty,dirty photo,generated
8536,13,Top 5000,Top 5000,top5000,v.,τσαντίζω,piss off,piss off photo,generated
8537,13,Top 5000,Top 5000,top5000,n. pl.,τα ιαπωνικά,Japanese,Japanese photo,generated
8538,13,Top 5000,Top 5000,top5000,adv.,νοτιοδυτικά,southwest,southwest photo,generated
8539,13,Top 5000,Top 5000,top5000,n.,η πανούκλα,plague,plague photo,generated
8540,13,Top 5000,Top 5000,top5000,n.,η ανοχή,tolerance,tolerance photo,generated
8541,13,Top 5000,Top 5000,top5000,v.,κατάγομαι,come from,come from photo,generated
8542,13,Top 5000,Top 5000,top5000,v.,υπακούω,obey,obey photo,generated
8543,13,Top 5000,Top 5000,top5000,n.,η πλοκή,plot,plot photo,generated
8544,13,Top 5000,Top 5000,top5000,n.,ο σκορπιός,scorpion,scorpion photo,generated
8545,13,Top 5000,Top 5000,top5000,adj.,γκρινιάρης,grumpy,grumpy photo,generated
8546,13,Top 5000,Top 5000,top5000,n.,η γεωργία,farming,farming photo,generated
8547,13,Top 5000,Top 5000,top5000,n.,το σταυροδρόμι,crossroad,crossroad photo,generated
8548,13,Top 5000,Top 5000,top5000,n.,ο νιπτήρας,bathroom sink,bathroom sink photo,generated
8549,13,Top 5000,Top 5000,top5000,adj.,σοκαρισμένος,shocked,shocked photo,generated
8550,13,Top 5000,Top 5000,top5000,adj.,κυνικός,cynical,cynical photo,generated
8551,13,Top 5000,Top 5000,top5000,v.,απαλλάσσω,release,release photo,generated
8552,13,Top 5000,Top 5000,top5000,adj.,συνεχόμενος,contiguous,contiguous photo,generated
8553,13,Top 5000,Top 5000,top5000,adj.,δέκατος,tenth,tenth photo,generated
8554,13,Top 5000,Top 5000,top5000,v.,χαραμίζω,waste,waste photo,generated
8555,13,Top 5000,Top 5000,top5000,n.,το ξύδι,vinegar,vinegar photo,generated
8556,13,Top 5000,Top 5000,top5000,v.,κυριαρχώ,conquer,conquer photo,generated
8557,13,Top 5000,Top 5000,top5000,adj.,ξηρός,"(literary) dry, dried, arid",,needs_review
8558,13,Top 5000,Top 5000,top5000,v.,πηγάζω,spring from,spring from photo,generated
8559,13,Top 5000,Top 5000,top5000,v.,τερματίζω,"end, terminate, conclude, wind up",,needs_review
8560,13,Top 5000,Top 5000,top5000,n.,το πτερύγιο,flap,flap photo,generated
8561,13,Top 5000,Top 5000,top5000,adj.,αποκρουστικός,repellant,repellant photo,generated
8562,13,Top 5000,Top 5000,top5000,adj.,απεριόριστος,unlimited,unlimited photo,generated
8563,13,Top 5000,Top 5000,top5000,n.,ο μαγνήτης,magnet,magnet photo,generated
8564,13,Top 5000,Top 5000,top5000,v.,κληρονομώ,inherit,inherit photo,generated
8565,13,Top 5000,Top 5000,top5000,n.,η περίληψη,summary,summary photo,generated
8566,13,Top 5000,Top 5000,top5000,adj.,εκθαμβωτικός,stunning,stunning photo,generated
8567,13,Top 5000,Top 5000,top5000,adj.,ανυπόφορος,unbearable,unbearable photo,generated
8568,13,Top 5000,Top 5000,top5000,v.,κατασκευάζω,make,make photo,generated
8569,13,Top 5000,Top 5000,top5000,v.,χαρίζω,give or offer as gift,give or offer as gift photo,generated
8570,13,Top 5000,Top 5000,top5000,adj.,νεογέννητος,newborn,newborn photo,generated
8571,13,Top 5000,Top 5000,top5000,adj.,κακόγουστος,tacky,tacky photo,generated
8572,13,Top 5000,Top 5000,top5000,n.,η θολούρα,haziness,haziness photo,generated
8573,13,Top 5000,Top 5000,top5000,n.,η Ουγγαρία,Hungary,Hungary photo,generated
8574,13,Top 5000,Top 5000,top5000,n.,το δέος,wonderment,wonderment photo,generated
8575,13,Top 5000,Top 5000,top5000,v.,ειδικεύομαι,specialise,specialise photo,generated
8576,13,Top 5000,Top 5000,top5000,adj.,συνήθης,usual,usual photo,generated
8577,13,Top 5000,Top 5000,top5000,n.,η σεξουαλικότητα,sexuality,sexuality photo,generated
8578,13,Top 5000,Top 5000,top5000,v.,φυτρώνω,grow roots,grow roots photo,generated
8579,13,Top 5000,Top 5000,top5000,n.,το χταπόδι,octopus,octopus photo,generated
