entry_id,theme_id,theme,category,type,subsection,lemma,primary_sense,query,query_status
1,1,Οικογένεια: ο θεσμός - οι δεσμοί,Ουσιαστικά,noun,,αγάπη,"love (affection, liking, attraction)",,needs_review
2,1,Οικογένεια: ο θεσμός - οι δεσμοί,Ουσιαστικά,noun,,αγόρι,boyfriend,boyfriend photo,generated
3,1,Οικογένεια: ο θεσμός - οι δεσμοί,Ουσιαστικά,noun,,αγωγή,treatment,treatment photo,generated
4,1,Οικογένεια: ο θεσμός - οι δεσμοί,Ουσιαστικά,noun,,αδελφή,sister,sister photo,generated
5,1,Οικογένεια: ο θεσμός - οι δεσμοί,Ουσιαστικά,noun,,αδέλφια,sibling,sibling photo,generated
6,1,Οικογένεια: ο θεσμός - οι δεσμοί,Ουσιαστικά,noun,,αδελφός,brother,brother photo,generated
7,1,Οικογένεια: ο θεσμός - οι δεσμοί,Ουσιαστικά,noun,,ανατροφή,upbringing,upbringing photo,generated
8,1,Οικογένεια: ο θεσμός - οι δεσμοί,Ουσιαστικά,noun,,ανιψιά,niece,niece photo,generated
9,1,Οικογένεια: ο θεσμός - οι δεσμοί,Ουσιαστικά,noun,,ανιψιός,nephew,nephew photo,generated
10,1,Οικογένεια: ο θεσμός - οι δεσμοί,Ουσιαστικά,noun,,αντρόγυνο,(colloquial) Alternative form of ανδρόγυνο (andrógyno),,needs_review
11,1,Οικογένεια: ο θεσμός - οι δεσμοί,Ουσιαστικά,noun,,αρραβώνας,engagement,engagement photo,generated
12,1,Οικογένεια: ο θεσμός - οι δεσμοί,Ουσιαστικά,noun,,βάφτιση,,,no_english
13,1,Οικογένεια: ο θεσμός - οι δεσμοί,Ουσιαστικά,noun,,βαφτίσια,,,no_english
14,1,Οικογένεια: ο θεσμός - οι δεσμοί,Ουσιαστικά,noun,,βέρα,wedding ring,wedding ring photo,generated
15,1,Οικογένεια: ο θεσμός - οι δεσμοί,Ουσιαστικά,noun,,βρέφος,baby,baby photo,generated
16,1,Οικογένεια: ο θεσμός - οι δεσμοί,Ουσιαστικά,noun,,γάμος,marriage,marriage photo,generated
17,1,Οικογένεια: ο θεσμός - οι δεσμοί,Ουσιαστικά,noun,,γαμπρός,son-in-law,son-in-law photo,generated
18,1,Οικογένεια: ο θεσμός - οι δεσμοί,Ουσιαστικά,noun,,γενέθλια,birthday,birthday photo,generated
19,1,Οικογένεια: ο θεσμός - οι δεσμοί,Ουσιαστικά,noun,,γέννηση,start,start photo,generated
20,1,Οικογένεια: ο θεσμός - οι δεσμοί,Ουσιαστικά,noun,,γεννητικότητα,,,no_english
21,1,Οικογένεια: ο θεσμός - οι δεσμοί,Ουσιαστικά,noun,,γεράματα,old age (latter part of life),,needs_review
22,1,Οικογένεια: ο θεσμός - οι δεσμοί,Ουσιαστικά,noun,,γιαγιά,grandmother,grandmother photo,generated
23,1,Οικογένεια: ο θεσμός - οι δεσμοί,Ουσιαστικά,noun,,γιος,"son, a male child",,needs_review
24,1,Οικογένεια: ο θεσμός - οι δεσμοί,Ουσιαστικά,noun,,γλέντι,,,no_english
25,1,Οικογένεια: ο θεσμός - οι δεσμοί,Ουσιαστικά,noun,,γνωριμία,acquaintance,acquaintance photo,generated
26,1,Οικογένεια: ο θεσμός - οι δεσμοί,Ουσιαστικά,noun,,γονείς,Nominative,Nominative photo,generated
27,1,Οικογένεια: ο θεσμός - οι δεσμοί,Ουσιαστικά,noun,,γονιός,parent,parent photo,generated
28,1,Οικογένεια: ο θεσμός - οι δεσμοί,Ουσιαστικά,noun,,δεσμός,bond,bond photo,generated
29,1,Οικογένεια: ο θεσμός - οι δεσμοί,Ουσιαστικά,noun,,δημαρχείο,town hall,town hall photo,generated
30,1,Οικογένεια: ο θεσμός - οι δεσμοί,Ουσιαστικά,noun,,διαζύγιο,divorce,divorce photo,generated
31,1,Οικογένεια: ο θεσμός - οι δεσμοί,Ουσιαστικά,noun,,διαθήκη,will,will photo,generated
32,1,Οικογένεια: ο θεσμός - οι δεσμοί,Ουσιαστικά,noun,,διατροφή,nutrition,nutrition photo,generated
33,1,Οικογένεια: ο θεσμός - οι δεσμοί,Ουσιαστικά,noun,,διαπαιδαγώγηση,edification,edification photo,generated
34,1,Οικογένεια: ο θεσμός - οι δεσμοί,Ουσιαστικά,noun,,δώρο,gift,gift photo,generated
35,1,Οικογένεια: ο θεσμός - οι δεσμοί,Ουσιαστικά,noun,,εγκυμοσύνη,pregnancy,pregnancy photo,generated
36,1,Οικογένεια: ο θεσμός - οι δεσμοί,Ουσιαστικά,noun,,έγκυος,pregnant,pregnant photo,generated
37,1,Οικογένεια: ο θεσμός - οι δεσμοί,Ουσιαστικά,noun,,εκκλησία,church,church photo,generated
38,1,Οικογένεια: ο θεσμός - οι δεσμοί,Ουσιαστικά,noun,,εμπιστοσύνη,trust,trust photo,generated
39,1,Οικογένεια: ο θεσμός - οι δεσμοί,Ουσιαστικά,noun,,επέτειοςγάμου,,,no_english
40,1,Οικογένεια: ο θεσμός - οι δεσμοί,Ουσιαστικά,noun,,επιμέλειαπαιδιού,,,no_english
41,1,Οικογένεια: ο θεσμός - οι δεσμοί,Ουσιαστικά,noun,,έρωτας,passion,passion photo,generated
42,1,Οικογένεια: ο θεσμός - οι δεσμοί,Ουσιαστικά,noun,,ζευγάρι,married or in romantic liaison,married or in romantic liaison photo,generated
43,1,Οικογένεια: ο θεσμός - οι δεσμοί,Ουσιαστικά,noun,,θάνατος,death,death photo,generated
44,1,Οικογένεια: ο θεσμός - οι δεσμοί,Ουσιαστικά,noun,,θεία,aunt,aunt photo,generated
45,1,Οικογένεια: ο θεσμός - οι δεσμοί,Ουσιαστικά,noun,,θείος,uncle,uncle photo,generated
46,1,Οικογένεια: ο θεσμός - οι δεσμοί,Ουσιαστικά,noun,,θηλασμός,breastfeeding,breastfeeding photo,generated
47,1,Οικογένεια: ο θεσμός - οι δεσμοί,Ουσιαστικά,noun,,καβγαδάκι,,,no_english
48,1,Οικογένεια: ο θεσμός - οι δεσμοί,Ουσιαστικά,noun,,καροτσάκι,baby buggy,baby buggy photo,generated
49,1,Οικογένεια: ο θεσμός - οι δεσμοί,Ουσιαστικά,noun,,κεράκι,candle,candle photo,generated
50,1,Οικογένεια: ο θεσμός - οι δεσμοί,Ουσιαστικά,noun,,κεραυνοβόλοςέρωτας,,,no_english
51,1,Οικογένεια: ο θεσμός - οι δεσμοί,Ουσιαστικά,noun,,κηδεία,funeral,funeral photo,generated
52,1,Οικογένεια: ο θεσμός - οι δεσμοί,Ουσιαστικά,noun,,κηδεμόνας,guardian,guardian photo,generated
53,1,Οικογένεια: ο θεσμός - οι δεσμοί,Ουσιαστικά,noun,,κοιμητήριο,cemetery,cemetery photo,generated
54,1,Οικογένεια: ο θεσμός - οι δεσμοί,Ουσιαστικά,noun,,κληρονόμος,heir,heir photo,generated
55,1,Οικογένεια: ο θεσμός - οι δεσμοί,Ουσιαστικά,noun,,κολυμβήθρα,,,no_english
56,1,Οικογένεια: ο θεσμός - οι δεσμοί,Ουσιαστικά,noun,,κόρη,daughter,daughter photo,generated
57,1,Οικογένεια: ο θεσμός - οι δεσμοί,Ουσιαστικά,noun,,κορίτσι,girl,girl photo,generated
58,1,Οικογένεια: ο θεσμός - οι δεσμοί,Ουσιαστικά,noun,,κοστούμι,suit,suit photo,generated
59,1,Οικογένεια: ο θεσμός - οι δεσμοί,Ουσιαστικά,noun,,κουμπάρα,one's best man,one's best man photo,generated
60,1,Οικογένεια: ο θεσμός - οι δεσμοί,Ουσιαστικά,noun,,κουμπάρος,one's best man,one's best man photo,generated
61,1,Οικογένεια: ο θεσμός - οι δεσμοί,Ουσιαστικά,noun,,κούνια,swing,swing photo,generated
62,1,Οικογένεια: ο θεσμός - οι δεσμοί,Ουσιαστικά,noun,,κουνιάδα,,,no_english
63,1,Οικογένεια: ο θεσμός - οι δεσμοί,Ουσιαστικά,noun,,κουνιάδος,brother-in-law,brother-in-law photo,generated
64,1,Οικογένεια: ο θεσμός - οι δεσμοί,Ουσιαστικά,noun,,κουφέτο,,,no_english
65,1,Οικογένεια: ο θεσμός - οι δεσμοί,Ουσιαστικά,noun,,ληξιαρχικήπράξηγέννησης,,,no_english
66,1,Οικογένεια: ο θεσμός - οι δεσμοί,Ουσιαστικά,noun,,ληξιαρχικήπράξηγάμου,,,no_english
67,1,Οικογένεια: ο θεσμός - οι δεσμοί,Ουσιαστικά,noun,,ληξιαρχικήπράξηθανάτου,,,no_english
68,1,Οικογένεια: ο θεσμός - οι δεσμοί,Ουσιαστικά,noun,,μαία,midwife,midwife photo,generated
69,1,Οικογένεια: ο θεσμός - οι δεσμοί,Ουσιαστικά,noun,,μαιευτήρας,,,no_english
70,1,Οικογένεια: ο θεσμός - οι δεσμοί,Ουσιαστικά,noun,,μαιευτήριο,maternity hospital,maternity hospital photo,generated
71,1,Οικογένεια: ο θεσμός - οι δεσμοί,Ουσιαστικά,noun,,μακαρίτης,,,no_english
72,1,Οικογένεια: ο θεσμός - οι δεσμοί,Ουσιαστικά,noun,,μακαρίτισσα,,,no_english
73,1,Οικογένεια: ο θεσμός - οι δεσμοί,Ουσιαστικά,noun,,μάλωμα,argument,argument photo,generated
74,1,Οικογένεια: ο θεσμός - οι δεσμοί,Ουσιαστικά,noun,,μαμά,vehicle with unmodified factory-built equipment.,vehicle with unmodified factory-built equipment. photo,generated
75,1,Οικογένεια: ο θεσμός - οι δεσμοί,Ουσιαστικά,noun,,μάνα,bank,bank photo,generated
76,1,Οικογένεια: ο θεσμός - οι δεσμοί,Ουσιαστικά,noun,,μανούλα,,,no_english
77,1,Οικογένεια: ο θεσμός - οι δεσμοί,Ουσιαστικά,noun,,μητέρα,mother,mother photo,generated
78,1,Οικογένεια: ο θεσμός - οι δεσμοί,Ουσιαστικά,noun,,μητρότητα,,,no_english
79,1,Οικογένεια: ο θεσμός - οι δεσμοί,Ουσιαστικά,noun,,μνήμα,grave,grave photo,generated
80,1,Οικογένεια: ο θεσμός - οι δεσμοί,Ουσιαστικά,noun,,μπαμπάς,baba,baba photo,generated
81,1,Οικογένεια: ο θεσμός - οι δεσμοί,Ουσιαστικά,noun,,μπαμπάκας,,,no_english
82,1,Οικογένεια: ο θεσμός - οι δεσμοί,Ουσιαστικά,noun,,μπατζανάκης,,,no_english
83,1,Οικογένεια: ο θεσμός - οι δεσμοί,Ουσιαστικά,noun,,μπιμπερό,baby bottle,baby bottle photo,generated
84,1,Οικογένεια: ο θεσμός - οι δεσμοί,Ουσιαστικά,noun,,μπομπονιέρα,,,no_english
85,1,Οικογένεια: ο θεσμός - οι δεσμοί,Ουσιαστικά,noun,,νεογέννητο,,,no_english
86,1,Οικογένεια: ο θεσμός - οι δεσμοί,Ουσιαστικά,noun,,νονός,godfather,godfather photo,generated
87,1,Οικογένεια: ο θεσμός - οι δεσμοί,Ουσιαστικά,noun,,νονά,godmother,godmother photo,generated
88,1,Οικογένεια: ο θεσμός - οι δεσμοί,Ουσιαστικά,noun,,νύφη,bride,bride photo,generated
89,1,Οικογένεια: ο θεσμός - οι δεσμοί,Ουσιαστικά,noun,,νυφικό,wedding dress,wedding dress photo,generated
90,1,Οικογένεια: ο θεσμός - οι δεσμοί,Ουσιαστικά,noun,,ξαδέλφη,cousin,cousin photo,generated
91,1,Οικογένεια: ο θεσμός - οι δεσμοί,Ουσιαστικά,noun,,ξαδέλφια,cousin,cousin photo,generated
92,1,Οικογένεια: ο θεσμός - οι δεσμοί,Ουσιαστικά,noun,,ξάδελφος,cousin,cousin photo,generated
93,1,Οικογένεια: ο θεσμός - οι δεσμοί,Ουσιαστικά,noun,,οικογένεια,family,family photo,generated
94,1,Οικογένεια: ο θεσμός - οι δεσμοί,Ουσιαστικά,noun,,οίκοςευγηρίας,,,no_english
95,1,Οικογένεια: ο θεσμός - οι δεσμοί,Ουσιαστικά,noun,,όνομα,name,name photo,generated
96,1,Οικογένεια: ο θεσμός - οι δεσμοί,Ουσιαστικά,noun,,ορφανή,Nominative,Nominative photo,generated
97,1,Οικογένεια: ο θεσμός - οι δεσμοί,Ουσιαστικά,noun,,ορφανό,orphan,orphan photo,generated
98,1,Οικογένεια: ο θεσμός - οι δεσμοί,Ουσιαστικά,noun,,ορφανοτροφείο,orphanage,orphanage photo,generated
99,1,Οικογένεια: ο θεσμός - οι δεσμοί,Ουσιαστικά,noun,,παιδί,child,child photo,generated
100,1,Οικογένεια: ο θεσμός - οι δεσμοί,Ουσιαστικά,noun,,παππούς,grandfather,grandfather photo,generated
101,1,Οικογένεια: ο θεσμός - οι δεσμοί,Ουσιαστικά,noun,,παρανυφάκι,,,no_english
102,1,Οικογένεια: ο θεσμός - οι δεσμοί,Ουσιαστικά,noun,,πατέρας,father,father photo,generated
103,1,Οικογένεια: ο θεσμός - οι δεσμοί,Ουσιαστικά,noun,,πεθερά,mother-in-law,mother-in-law photo,generated
104,1,Οικογένεια: ο θεσμός - οι δεσμοί,Ουσιαστικά,noun,,πεθερός,father-in-law,father-in-law photo,generated
105,1,Οικογένεια: ο θεσμός - οι δεσμοί,Ουσιαστικά,noun,,προξενιό,,,no_english
106,1,Οικογένεια: ο θεσμός - οι δεσμοί,Ουσιαστικά,noun,,προσκλητήριο,,,no_english
107,1,Οικογένεια: ο θεσμός - οι δεσμοί,Ουσιαστικά,noun,,σόι,family,family photo,generated
108,1,Οικογένεια: ο θεσμός - οι δεσμοί,Ουσιαστικά,noun,,στέφανα,,,no_english
109,1,Οικογένεια: ο θεσμός - οι δεσμοί,Ουσιαστικά,noun,,στοργή,deep love and affection,deep love and affection photo,generated
110,1,Οικογένεια: ο θεσμός - οι δεσμοί,Ουσιαστικά,noun,,συγγενής,related,related photo,generated
111,1,Οικογένεια: ο θεσμός - οι δεσμοί,Ουσιαστικά,noun,,σύζυγος,yokefellow,yokefellow photo,generated
112,1,Οικογένεια: ο θεσμός - οι δεσμοί,Ουσιαστικά,noun,,συμβίωση,,,no_english
113,1,Οικογένεια: ο θεσμός - οι δεσμοί,Ουσιαστικά,noun,,συμπεθέρα,female relation by marriage,female relation by marriage photo,generated
114,1,Οικογένεια: ο θεσμός - οι δεσμοί,Ουσιαστικά,noun,,συμπεθεριό,,,no_english
115,1,Οικογένεια: ο θεσμός - οι δεσμοί,Ουσιαστικά,noun,,συμπέθερος,relation by marriage,relation by marriage photo,generated
116,1,Οικογένεια: ο θεσμός - οι δεσμοί,Ουσιαστικά,noun,,συνυφάδα,,,no_english
117,1,Οικογένεια: ο θεσμός - οι δεσμοί,Ουσιαστικά,noun,,ταξίδιτουμέλιτος,,,no_english
118,1,Οικογένεια: ο θεσμός - οι δεσμοί,Ουσιαστικά,noun,,τιμωρία,punishment,punishment photo,generated
119,1,Οικογένεια: ο θεσμός - οι δεσμοί,Ουσιαστικά,noun,,τοκετός,confinement,confinement photo,generated
120,1,Οικογένεια: ο θεσμός - οι δεσμοί,Ουσιαστικά,noun,,τούρτα,cake with layers of filling and icing,cake with layers of filling and icing photo,generated
121,1,Οικογένεια: ο θεσμός - οι δεσμοί,Ουσιαστικά,noun,,τρυφερότητα,,,no_english
122,1,Οικογένεια: ο θεσμός - οι δεσμοί,Ουσιαστικά,noun,,υιοθεσία,,,no_english
123,1,Οικογένεια: ο θεσμός - οι δεσμοί,Ουσιαστικά,noun,,φατρία,faction,faction photo,generated
124,1,Οικογένεια: ο θεσμός - οι δεσμοί,Ουσιαστικά,noun,,φιλί,kiss,kiss photo,generated
125,1,Οικογένεια: ο θεσμός - οι δεσμοί,Ουσιαστικά,noun,,φροντίδα,attention,attention photo,generated
126,1,Οικογένεια: ο θεσμός - οι δεσμοί,Ουσιαστικά,noun,,χάδι,,,no_english
127,1,Οικογένεια: ο θεσμός - οι δεσμοί,Ουσιαστικά,noun,,χήρα,widow,widow photo,generated
128,1,Οικογένεια: ο θεσμός - οι δεσμοί,Ουσιαστικά,noun,,χήρος,widower,widower photo,generated
129,1,Οικογένεια: ο θεσμός - οι δεσμοί,Ουσιαστικά,noun,,χωρισμός,,,no_english
246,2,"Κατοικία: οι χώροι και η λειτουργία τους, καθημερινή ζωή",Ουσιαστικά,noun,,αποθήκη,storeroom,storeroom photo,generated
247,2,"Κατοικία: οι χώροι και η λειτουργία τους, καθημερινή ζωή",Ουσιαστικά,noun,,ασανσέρ,elevator,elevator photo,generated
248,2,"Κατοικία: οι χώροι και η λειτουργία τους, καθημερινή ζωή",Ουσιαστικά,noun,,αυλή,courtyard,courtyard photo,generated
249,2,"Κατοικία: οι χώροι και η λειτουργία τους, καθημερινή ζωή",Ουσιαστικά,noun,,αυλόπορτα,,,no_english
250,2,"Κατοικία: οι χώροι και η λειτουργία τους, καθημερινή ζωή",Ουσιαστικά,noun,,βρύση,public water source,public water source photo,generated
251,2,"Κατοικία: οι χώροι και η λειτουργία τους, καθημερινή ζωή",Ουσιαστικά,noun,,γκαρσονιέρα,single room apartment,single room apartment photo,generated
252,2,"Κατοικία: οι χώροι και η λειτουργία τους, καθημερινή ζωή",Ουσιαστικά,noun,,διακόπτης,switch,switch photo,generated
253,2,"Κατοικία: οι χώροι και η λειτουργία τους, καθημερινή ζωή",Ουσιαστικά,noun,,διαμέρισμα,apartment,apartment photo,generated
254,2,"Κατοικία: οι χώροι και η λειτουργία τους, καθημερινή ζωή",Ουσιαστικά,noun,,δυάρι,two-roomed apartment,two-roomed apartment photo,generated
255,2,"Κατοικία: οι χώροι και η λειτουργία τους, καθημερινή ζωή",Ουσιαστικά,noun,,δωμάτιο,room,room photo,generated
256,2,"Κατοικία: οι χώροι και η λειτουργία τους, καθημερινή ζωή",Ουσιαστικά,noun,,είσοδος,entrance,entrance photo,generated
257,2,"Κατοικία: οι χώροι και η λειτουργία τους, καθημερινή ζωή",Ουσιαστικά,noun,,εξοχικό,holiday home,holiday home photo,generated
258,2,"Κατοικία: οι χώροι και η λειτουργία τους, καθημερινή ζωή",Ουσιαστικά,noun,,έπαυλη,,,no_english
259,2,"Κατοικία: οι χώροι και η λειτουργία τους, καθημερινή ζωή",Ουσιαστικά,noun,,εσωτερικήσκάλα,,,no_english
260,2,"Κατοικία: οι χώροι και η λειτουργία τους, καθημερινή ζωή",Ουσιαστικά,noun,,θεμέλιο,foundation,foundation photo,generated
261,2,"Κατοικία: οι χώροι και η λειτουργία τους, καθημερινή ζωή",Ουσιαστικά,noun,,θέρμανση,heating,heating photo,generated
262,2,"Κατοικία: οι χώροι και η λειτουργία τους, καθημερινή ζωή",Ουσιαστικά,noun,,θυροτηλέφωνο,,,no_english
263,2,"Κατοικία: οι χώροι και η λειτουργία τους, καθημερινή ζωή",Ουσιαστικά,noun,,κάγκελο,rail,rail photo,generated
264,2,"Κατοικία: οι χώροι και η λειτουργία τους, καθημερινή ζωή",Ουσιαστικά,noun,,καγκελόπορτα,,,no_english
265,2,"Κατοικία: οι χώροι και η λειτουργία τους, καθημερινή ζωή",Ουσιαστικά,noun,,καθιστικό,sitting room,sitting room photo,generated
266,2,"Κατοικία: οι χώροι και η λειτουργία τους, καθημερινή ζωή",Ουσιαστικά,noun,,καλοριφέρ,,,no_english
267,2,"Κατοικία: οι χώροι και η λειτουργία τους, καθημερινή ζωή",Ουσιαστικά,noun,,καλύβα,hovel,hovel photo,generated
268,2,"Κατοικία: οι χώροι και η λειτουργία τους, καθημερινή ζωή",Ουσιαστικά,noun,,καπνοδόχος,chimney,chimney photo,generated
269,2,"Κατοικία: οι χώροι και η λειτουργία τους, καθημερινή ζωή",Ουσιαστικά,noun,,κατοικία,habitation,habitation photo,generated
270,2,"Κατοικία: οι χώροι και η λειτουργία τους, καθημερινή ζωή",Ουσιαστικά,noun,,κεραία,aerial,aerial photo,generated
271,2,"Κατοικία: οι χώροι και η λειτουργία τους, καθημερινή ζωή",Ουσιαστικά,noun,,κεραμίδι,terracotta,terracotta photo,generated
272,2,"Κατοικία: οι χώροι και η λειτουργία τους, καθημερινή ζωή",Ουσιαστικά,noun,,κουδούνι,bell,bell photo,generated
273,2,"Κατοικία: οι χώροι και η λειτουργία τους, καθημερινή ζωή",Ουσιαστικά,noun,,κουζίνα,kitchen,kitchen photo,generated
274,2,"Κατοικία: οι χώροι και η λειτουργία τους, καθημερινή ζωή",Ουσιαστικά,noun,,κρεβατοκάμαρα,,,no_english
275,2,"Κατοικία: οι χώροι και η λειτουργία τους, καθημερινή ζωή",Ουσιαστικά,noun,,λαβομάνο,,,no_english
276,2,"Κατοικία: οι χώροι και η λειτουργία τους, καθημερινή ζωή",Ουσιαστικά,noun,,λεκάνη,any large bowl,any large bowl photo,generated
277,2,"Κατοικία: οι χώροι και η λειτουργία τους, καθημερινή ζωή",Ουσιαστικά,noun,,μάρμαρο,marble,marble photo,generated
278,2,"Κατοικία: οι χώροι και η λειτουργία τους, καθημερινή ζωή",Ουσιαστικά,noun,,μεζονέτα,small house,small house photo,generated
279,2,"Κατοικία: οι χώροι και η λειτουργία τους, καθημερινή ζωή",Ουσιαστικά,noun,,μοκέτα,,,no_english
280,2,"Κατοικία: οι χώροι και η λειτουργία τους, καθημερινή ζωή",Ουσιαστικά,noun,,μονοκατοικία,,,no_english
281,2,"Κατοικία: οι χώροι και η λειτουργία τους, καθημερινή ζωή",Ουσιαστικά,noun,,μπαλκόνι,,,no_english
282,2,"Κατοικία: οι χώροι και η λειτουργία τους, καθημερινή ζωή",Ουσιαστικά,noun,,μπαλκονόπορτα,,,no_english
283,2,"Κατοικία: οι χώροι και η λειτουργία τους, καθημερινή ζωή",Ουσιαστικά,noun,,μπανιέρα,bathtub,bathtub photo,generated
284,2,"Κατοικία: οι χώροι και η λειτουργία τους, καθημερινή ζωή",Ουσιαστικά,noun,,μπάνιο,bath,bath photo,generated
285,2,"Κατοικία: οι χώροι και η λειτουργία τους, καθημερινή ζωή",Ουσιαστικά,noun,,νεροχύτης,sink,sink photo,generated
286,2,"Κατοικία: οι χώροι και η λειτουργία τους, καθημερινή ζωή",Ουσιαστικά,noun,,νιπτήρας,washbasin,washbasin photo,generated
287,2,"Κατοικία: οι χώροι και η λειτουργία τους, καθημερινή ζωή",Ουσιαστικά,noun,,νοικοκυρά,housewife,housewife photo,generated
288,2,"Κατοικία: οι χώροι και η λειτουργία τους, καθημερινή ζωή",Ουσιαστικά,noun,,νοικοκυριό,household,household photo,generated
289,2,"Κατοικία: οι χώροι και η λειτουργία τους, καθημερινή ζωή",Ουσιαστικά,noun,,νοικοκύρης,,,no_english
290,2,"Κατοικία: οι χώροι και η λειτουργία τους, καθημερινή ζωή",Ουσιαστικά,noun,,ντουζιέρα,,,no_english
291,2,"Κατοικία: οι χώροι και η λειτουργία τους, καθημερινή ζωή",Ουσιαστικά,noun,,οίκος,house,house photo,generated
292,2,"Κατοικία: οι χώροι και η λειτουργία τους, καθημερινή ζωή",Ουσιαστικά,noun,,όροφος,floor,floor photo,generated
293,2,"Κατοικία: οι χώροι και η λειτουργία τους, καθημερινή ζωή",Ουσιαστικά,noun,,παντζούρι,,,no_english
294,2,"Κατοικία: οι χώροι και η λειτουργία τους, καθημερινή ζωή",Ουσιαστικά,noun,,παράγκα,shack,shack photo,generated
295,2,"Κατοικία: οι χώροι και η λειτουργία τους, καθημερινή ζωή",Ουσιαστικά,noun,,παράθυρο,window,window photo,generated
296,2,"Κατοικία: οι χώροι και η λειτουργία τους, καθημερινή ζωή",Ουσιαστικά,noun,,παρκέ,,,no_english
297,2,"Κατοικία: οι χώροι και η λειτουργία τους, καθημερινή ζωή",Ουσιαστικά,noun,,πατάκι,,,no_english
298,2,"Κατοικία: οι χώροι και η λειτουργία τους, καθημερινή ζωή",Ουσιαστικά,noun,,πάτωμα,floor of room,floor of room photo,generated
299,2,"Κατοικία: οι χώροι και η λειτουργία τους, καθημερινή ζωή",Ουσιαστικά,noun,,πλακάκι,slab,slab photo,generated
300,2,"Κατοικία: οι χώροι και η λειτουργία τους, καθημερινή ζωή",Ουσιαστικά,noun,,πλατύσκαλο,,,no_english
301,2,"Κατοικία: οι χώροι και η λειτουργία τους, καθημερινή ζωή",Ουσιαστικά,noun,,πολυκατοικία,,,no_english
302,2,"Κατοικία: οι χώροι και η λειτουργία τους, καθημερινή ζωή",Ουσιαστικά,noun,,πόρτα,door,door photo,generated
303,2,"Κατοικία: οι χώροι και η λειτουργία τους, καθημερινή ζωή",Ουσιαστικά,noun,,πρίζα,wall socket,wall socket photo,generated
304,2,"Κατοικία: οι χώροι και η λειτουργία τους, καθημερινή ζωή",Ουσιαστικά,noun,,πρόσοψη,,,no_english
305,2,"Κατοικία: οι χώροι και η λειτουργία τους, καθημερινή ζωή",Ουσιαστικά,noun,,ρετιρέ,penthouse,penthouse photo,generated
306,2,"Κατοικία: οι χώροι και η λειτουργία τους, καθημερινή ζωή",Ουσιαστικά,noun,,σαλόνι,lounge,lounge photo,generated
307,2,"Κατοικία: οι χώροι και η λειτουργία τους, καθημερινή ζωή",Ουσιαστικά,noun,,σκάλα,ladder,ladder photo,generated
308,2,"Κατοικία: οι χώροι και η λειτουργία τους, καθημερινή ζωή",Ουσιαστικά,noun,,σκαλί,rung,rung photo,generated
309,2,"Κατοικία: οι χώροι και η λειτουργία τους, καθημερινή ζωή",Ουσιαστικά,noun,,σκεπή,roof,roof photo,generated
310,2,"Κατοικία: οι χώροι και η λειτουργία τους, καθημερινή ζωή",Ουσιαστικά,noun,,σόμπα,,,no_english
311,2,"Κατοικία: οι χώροι και η λειτουργία τους, καθημερινή ζωή",Ουσιαστικά,noun,,σπίτι,house,house photo,generated
312,2,"Κατοικία: οι χώροι και η λειτουργία τους, καθημερινή ζωή",Ουσιαστικά,noun,,στέγη,roof,roof photo,generated
313,2,"Κατοικία: οι χώροι και η λειτουργία τους, καθημερινή ζωή",Ουσιαστικά,noun,,ταβάνι,ceiling,ceiling photo,generated
314,2,"Κατοικία: οι χώροι και η λειτουργία τους, καθημερινή ζωή",Ουσιαστικά,noun,,ταπετσαρία,wallpaper,wallpaper photo,generated
315,2,"Κατοικία: οι χώροι και η λειτουργία τους, καθημερινή ζωή",Ουσιαστικά,noun,,ταράτσα,terrace,terrace photo,generated
316,2,"Κατοικία: οι χώροι και η λειτουργία τους, καθημερινή ζωή",Ουσιαστικά,noun,,τζάκι,fireplace,fireplace photo,generated
317,2,"Κατοικία: οι χώροι και η λειτουργία τους, καθημερινή ζωή",Ουσιαστικά,noun,,τοίχος,wall,wall photo,generated
318,2,"Κατοικία: οι χώροι και η λειτουργία τους, καθημερινή ζωή",Ουσιαστικά,noun,,τουαλέτα,toilet,toilet photo,generated
319,2,"Κατοικία: οι χώροι και η λειτουργία τους, καθημερινή ζωή",Ουσιαστικά,noun,,τραπεζαρία,dining room,dining room photo,generated
320,2,"Κατοικία: οι χώροι και η λειτουργία τους, καθημερινή ζωή",Ουσιαστικά,noun,,τριάρι,number three,number three photo,generated
321,2,"Κατοικία: οι χώροι και η λειτουργία τους, καθημερινή ζωή",Ουσιαστικά,noun,,υπνοδωμάτιο,,,no_english
322,2,"Κατοικία: οι χώροι και η λειτουργία τους, καθημερινή ζωή",Ουσιαστικά,noun,,υπόγειο,basement,basement photo,generated
323,2,"Κατοικία: οι χώροι και η λειτουργία τους, καθημερινή ζωή",Ουσιαστικά,noun,,χερούλι,doorknob,doorknob photo,generated
324,2,"Κατοικία: οι χώροι και η λειτουργία τους, καθημερινή ζωή",Ουσιαστικά,noun,,χολ,,,no_english
325,2,"Κατοικία: οι χώροι και η λειτουργία τους, καθημερινή ζωή",Ουσιαστικά,noun,,"έπιπλα,τα(τοέπιπλο)",,,no_english
326,2,"Κατοικία: οι χώροι και η λειτουργία τους, καθημερινή ζωή",Ουσιαστικά,noun,,βιβλιοθήκη,library,library photo,generated
327,2,"Κατοικία: οι χώροι και η λειτουργία τους, καθημερινή ζωή",Ουσιαστικά,noun,,γραφείο,desk,desk photo,generated
328,2,"Κατοικία: οι χώροι και η λειτουργία τους, καθημερινή ζωή",Ουσιαστικά,noun,,καναπές,sofa,sofa photo,generated
329,2,"Κατοικία: οι χώροι και η λειτουργία τους, καθημερινή ζωή",Ουσιαστικά,noun,,καρέκλα,chair,chair photo,generated
330,2,"Κατοικία: οι χώροι και η λειτουργία τους, καθημερινή ζωή",Ουσιαστικά,noun,,κομοδίνο,nightstand,nightstand photo,generated
331,2,"Κατοικία: οι χώροι και η λειτουργία τους, καθημερινή ζωή",Ουσιαστικά,noun,,κρεβάτι,marriage custom,marriage custom photo,generated
332,2,"Κατοικία: οι χώροι και η λειτουργία τους, καθημερινή ζωή",Ουσιαστικά,noun,,μπουφές,,,no_english
333,2,"Κατοικία: οι χώροι και η λειτουργία τους, καθημερινή ζωή",Ουσιαστικά,noun,,ντουλάπα,wardrobe,wardrobe photo,generated
334,2,"Κατοικία: οι χώροι και η λειτουργία τους, καθημερινή ζωή",Ουσιαστικά,noun,,ντουλάπι,cupboard,cupboard photo,generated
335,2,"Κατοικία: οι χώροι και η λειτουργία τους, καθημερινή ζωή",Ουσιαστικά,noun,,πολυθρόνα,armchair,armchair photo,generated
336,2,"Κατοικία: οι χώροι και η λειτουργία τους, καθημερινή ζωή",Ουσιαστικά,noun,,σκαμπό,,,no_english
337,2,"Κατοικία: οι χώροι και η λειτουργία τους, καθημερινή ζωή",Ουσιαστικά,noun,,σκρίνιο,,,no_english
338,2,"Κατοικία: οι χώροι και η λειτουργία τους, καθημερινή ζωή",Ουσιαστικά,noun,,συρτάρι,drawer,drawer photo,generated
339,2,"Κατοικία: οι χώροι και η λειτουργία τους, καθημερινή ζωή",Ουσιαστικά,noun,,τραπέζι,table,table photo,generated
340,2,"Κατοικία: οι χώροι και η λειτουργία τους, καθημερινή ζωή",Ουσιαστικά,noun,,τραπεζάκι,coffee table,coffee table photo,generated
341,2,"Κατοικία: οι χώροι και η λειτουργία τους, καθημερινή ζωή",Ουσιαστικά,noun,,ταηλεκτρικάείδη(τοείδος),,,no_english
342,2,"Κατοικία: οι χώροι και η λειτουργία τους, καθημερινή ζωή",Ουσιαστικά,noun,,απορροφητήρας,air filter,air filter photo,generated
343,2,"Κατοικία: οι χώροι και η λειτουργία τους, καθημερινή ζωή",Ουσιαστικά,noun,,βίντεο,video,video photo,generated
344,2,"Κατοικία: οι χώροι και η λειτουργία τους, καθημερινή ζωή",Ουσιαστικά,noun,,βιντεοκάμερα,videocamera,videocamera photo,generated
345,2,"Κατοικία: οι χώροι και η λειτουργία τους, καθημερινή ζωή",Ουσιαστικά,noun,,ηλεκτρικήκουζίνα,,,no_english
346,2,"Κατοικία: οι χώροι και η λειτουργία τους, καθημερινή ζωή",Ουσιαστικά,noun,,ηλεκτρικήσκούπα,,,no_english
347,2,"Κατοικία: οι χώροι και η λειτουργία τους, καθημερινή ζωή",Ουσιαστικά,noun,,"ηλεκτρικό,σίδερο,το",,,no_english
348,2,"Κατοικία: οι χώροι και η λειτουργία τους, καθημερινή ζωή",Ουσιαστικά,noun,,καταψύκτης,,,no_english
349,2,"Κατοικία: οι χώροι και η λειτουργία τους, καθημερινή ζωή",Ουσιαστικά,noun,,καφετιέρα,coffeemaker,coffeemaker photo,generated
350,2,"Κατοικία: οι χώροι και η λειτουργία τους, καθημερινή ζωή",Ουσιαστικά,noun,,κομπιούτερ,computer,computer photo,generated
351,2,"Κατοικία: οι χώροι και η λειτουργία τους, καθημερινή ζωή",Ουσιαστικά,noun,,μίξερ,,,no_english
352,2,"Κατοικία: οι χώροι και η λειτουργία τους, καθημερινή ζωή",Ουσιαστικά,noun,,πλυντήριοπιάτων,,,no_english
353,2,"Κατοικία: οι χώροι και η λειτουργία τους, καθημερινή ζωή",Ουσιαστικά,noun,,πλυντήριορούχων,,,no_english
354,2,"Κατοικία: οι χώροι και η λειτουργία τους, καθημερινή ζωή",Ουσιαστικά,noun,,ραδιόφωνο,radio,radio photo,generated
355,2,"Κατοικία: οι χώροι και η λειτουργία τους, καθημερινή ζωή",Ουσιαστικά,noun,,στέρεο,solid,solid photo,generated
356,2,"Κατοικία: οι χώροι και η λειτουργία τους, καθημερινή ζωή",Ουσιαστικά,noun,,στερεοφωνικό(συγκρότημα),,,no_english
357,2,"Κατοικία: οι χώροι και η λειτουργία τους, καθημερινή ζωή",Ουσιαστικά,noun,,τηλεόραση,television,television photo,generated
358,2,"Κατοικία: οι χώροι και η λειτουργία τους, καθημερινή ζωή",Ουσιαστικά,noun,,τοστιέρα,toaster,toaster photo,generated
359,2,"Κατοικία: οι χώροι και η λειτουργία τους, καθημερινή ζωή",Ουσιαστικά,noun,,υπολογιστής,self-seeker,self-seeker photo,generated
360,2,"Κατοικία: οι χώροι και η λειτουργία τους, καθημερινή ζωή",Ουσιαστικά,noun,,φούρνοςμικροκυμάτων,,,no_english
361,2,"Κατοικία: οι χώροι και η λειτουργία τους, καθημερινή ζωή",Ουσιαστικά,noun,,φριτέζα,,,no_english
362,2,"Κατοικία: οι χώροι και η λειτουργία τους, καθημερινή ζωή",Ουσιαστικά,noun,,ψυγείο,refrigerator,refrigerator photo,generated
363,2,"Κατοικία: οι χώροι και η λειτουργία τους, καθημερινή ζωή",Ουσιαστικά,noun,,"κουζινικάσκεύη,τα(τοσκεύος)",,,no_english
364,2,"Κατοικία: οι χώροι και η λειτουργία τους, καθημερινή ζωή",Ουσιαστικά,noun,,ανοιχτήρι,tin opener,tin opener photo,generated
365,2,"Κατοικία: οι χώροι και η λειτουργία τους, καθημερινή ζωή",Ουσιαστικά,noun,,κανάτα,"jug, pitcher (wide-mouthed vessel with ear handle)",,needs_review
366,2,"Κατοικία: οι χώροι και η λειτουργία τους, καθημερινή ζωή",Ουσιαστικά,noun,,κατσαρόλα,casserole,casserole photo,generated
367,2,"Κατοικία: οι χώροι και η λειτουργία τους, καθημερινή ζωή",Ουσιαστικά,noun,,καπάκι,"lid, top, cap, closure (of container)",,needs_review
368,2,"Κατοικία: οι χώροι και η λειτουργία τους, καθημερινή ζωή",Ουσιαστικά,noun,,κουτάλα,ladle,ladle photo,generated
369,2,"Κατοικία: οι χώροι και η λειτουργία τους, καθημερινή ζωή",Ουσιαστικά,noun,,κουτάλι,spoon,spoon photo,generated
370,2,"Κατοικία: οι χώροι και η λειτουργία τους, καθημερινή ζωή",Ουσιαστικά,noun,,μαχαίρι,knife,knife photo,generated
371,2,"Κατοικία: οι χώροι και η λειτουργία τους, καθημερινή ζωή",Ουσιαστικά,noun,,μπρίκι,briki,briki photo,generated
372,2,"Κατοικία: οι χώροι και η λειτουργία τους, καθημερινή ζωή",Ουσιαστικά,noun,,πηρούνα,,,no_english
373,2,"Κατοικία: οι χώροι και η λειτουργία τους, καθημερινή ζωή",Ουσιαστικά,noun,,πηρούνι,fork,fork photo,generated
374,2,"Κατοικία: οι χώροι και η λειτουργία τους, καθημερινή ζωή",Ουσιαστικά,noun,,πιατάκι,,,no_english
375,2,"Κατοικία: οι χώροι και η λειτουργία τους, καθημερινή ζωή",Ουσιαστικά,noun,,πιατέλα,,,no_english
376,2,"Κατοικία: οι χώροι και η λειτουργία τους, καθημερινή ζωή",Ουσιαστικά,noun,,πιάτο,plate,plate photo,generated
377,2,"Κατοικία: οι χώροι και η λειτουργία τους, καθημερινή ζωή",Ουσιαστικά,noun,,ποτήρι,glass,glass photo,generated
378,2,"Κατοικία: οι χώροι και η λειτουργία τους, καθημερινή ζωή",Ουσιαστικά,noun,,σαλατιέρα,,,no_english
379,2,"Κατοικία: οι χώροι και η λειτουργία τους, καθημερινή ζωή",Ουσιαστικά,noun,,σουρωτήρι,,,no_english
380,2,"Κατοικία: οι χώροι και η λειτουργία τους, καθημερινή ζωή",Ουσιαστικά,noun,,τηγάνι,frying pan,frying pan photo,generated
381,2,"Κατοικία: οι χώροι και η λειτουργία τους, καθημερινή ζωή",Ουσιαστικά,noun,,τρυπητό,,,no_english
382,2,"Κατοικία: οι χώροι και η λειτουργία τους, καθημερινή ζωή",Ουσιαστικά,noun,,τσαγιέρα,teapot,teapot photo,generated
383,2,"Κατοικία: οι χώροι και η λειτουργία τους, καθημερινή ζωή",Ουσιαστικά,noun,,φλυτζάνι,cup,,needs_review
384,2,"Κατοικία: οι χώροι και η λειτουργία τους, καθημερινή ζωή",Ουσιαστικά,noun,,φλυτζανάκι,,,no_english
385,2,"Κατοικία: οι χώροι και η λειτουργία τους, καθημερινή ζωή",Ουσιαστικά,noun,,χύτραταχύτητας,,,no_english
386,2,"Κατοικία: οι χώροι και η λειτουργία τους, καθημερινή ζωή",Ουσιαστικά,noun,,Λευκάείδη(είδηπροικός),,,no_english
387,2,"Κατοικία: οι χώροι και η λειτουργία τους, καθημερινή ζωή",Ουσιαστικά,noun,,εργόχειρο,,,no_english
388,2,"Κατοικία: οι χώροι και η λειτουργία τους, καθημερινή ζωή",Ουσιαστικά,noun,,καρέ,,,no_english
389,2,"Κατοικία: οι χώροι και η λειτουργία τους, καθημερινή ζωή",Ουσιαστικά,noun,,κουβέρτα,blanket,blanket photo,generated
390,2,"Κατοικία: οι χώροι και η λειτουργία τους, καθημερινή ζωή",Ουσιαστικά,noun,,κουρτίνα,curtain,curtain photo,generated
391,2,"Κατοικία: οι χώροι και η λειτουργία τους, καθημερινή ζωή",Ουσιαστικά,noun,,κουρτινάκι,,,no_english
392,2,"Κατοικία: οι χώροι και η λειτουργία τους, καθημερινή ζωή",Ουσιαστικά,noun,,μαξιλάρι,pillow,pillow photo,generated
393,2,"Κατοικία: οι χώροι και η λειτουργία τους, καθημερινή ζωή",Ουσιαστικά,noun,,μαξιλαροθήκη,,,no_english
394,2,"Κατοικία: οι χώροι και η λειτουργία τους, καθημερινή ζωή",Ουσιαστικά,noun,,πάπλωμα,quilt,quilt photo,generated
395,2,"Κατοικία: οι χώροι και η λειτουργία τους, καθημερινή ζωή",Ουσιαστικά,noun,,πετσέτα,towel,towel photo,generated
396,2,"Κατοικία: οι χώροι και η λειτουργία τους, καθημερινή ζωή",Ουσιαστικά,noun,,πετσετάκι,,,no_english
397,2,"Κατοικία: οι χώροι και η λειτουργία τους, καθημερινή ζωή",Ουσιαστικά,noun,,σεμέν,,,no_english
398,2,"Κατοικία: οι χώροι και η λειτουργία τους, καθημερινή ζωή",Ουσιαστικά,noun,,σεντόνι,sheet,sheet photo,generated
399,2,"Κατοικία: οι χώροι και η λειτουργία τους, καθημερινή ζωή",Ουσιαστικά,noun,,τραπεζομάντιλο,tablecloth,tablecloth photo,generated
400,2,"Κατοικία: οι χώροι και η λειτουργία τους, καθημερινή ζωή",Ουσιαστικά,noun,,χαλάκι,doormat,doormat photo,generated
401,2,"Κατοικία: οι χώροι και η λειτουργία τους, καθημερινή ζωή",Ουσιαστικά,noun,,χαλί,carpet,carpet photo,generated
402,2,"Κατοικία: οι χώροι και η λειτουργία τους, καθημερινή ζωή",Ουσιαστικά,noun,,"Άλλαείδη-αντικείμενα.εργασίες,κ.λπ..",,,no_english
403,2,"Κατοικία: οι χώροι και η λειτουργία τους, καθημερινή ζωή",Ουσιαστικά,noun,,αγοράακινήτου(σπιτιού),,,no_english
404,2,"Κατοικία: οι χώροι και η λειτουργία τους, καθημερινή ζωή",Ουσιαστικά,noun,,ακίνητο,real estate,real estate photo,generated
405,2,"Κατοικία: οι χώροι και η λειτουργία τους, καθημερινή ζωή",Ουσιαστικά,noun,,ανθοδοχείο,flower vase,flower vase photo,generated
406,2,"Κατοικία: οι χώροι και η λειτουργία τους, καθημερινή ζωή",Ουσιαστικά,noun,,άπλωμα,spreading out,spreading out photo,generated
407,2,"Κατοικία: οι χώροι και η λειτουργία τους, καθημερινή ζωή",Ουσιαστικά,noun,,απλώστρα,drying area/yard/loft,drying area/yard/loft photo,generated
408,2,"Κατοικία: οι χώροι και η λειτουργία τους, καθημερινή ζωή",Ουσιαστικά,noun,,απορρυπαντικό,detergent,detergent photo,generated
409,2,"Κατοικία: οι χώροι και η λειτουργία τους, καθημερινή ζωή",Ουσιαστικά,noun,,αφρόςξυρίσματος,,,no_english
410,2,"Κατοικία: οι χώροι και η λειτουργία τους, καθημερινή ζωή",Ουσιαστικά,noun,,βάζο,vase,vase photo,generated
411,2,"Κατοικία: οι χώροι και η λειτουργία τους, καθημερινή ζωή",Ουσιαστικά,noun,,βούρτσα,broom,broom photo,generated
412,2,"Κατοικία: οι χώροι και η λειτουργία τους, καθημερινή ζωή",Ουσιαστικά,noun,,γλάστρα,decorative showgirl,decorative showgirl photo,generated
413,2,"Κατοικία: οι χώροι και η λειτουργία τους, καθημερινή ζωή",Ουσιαστικά,noun,,γραμματοκιβώτιο,letterbox,letterbox photo,generated
414,2,"Κατοικία: οι χώροι και η λειτουργία τους, καθημερινή ζωή",Ουσιαστικά,noun,,γραφείο,desk,desk photo,generated
415,2,"Κατοικία: οι χώροι και η λειτουργία τους, καθημερινή ζωή",Ουσιαστικά,noun,,διακόσμηση,,,no_english
416,2,"Κατοικία: οι χώροι και η λειτουργία τους, καθημερινή ζωή",Ουσιαστικά,noun,,διακοσμητής,,,no_english
417,2,"Κατοικία: οι χώροι και η λειτουργία τους, καθημερινή ζωή",Ουσιαστικά,noun,,δουλειέςτουσπιτιού,,,no_english
418,2,"Κατοικία: οι χώροι και η λειτουργία τους, καθημερινή ζωή",Ουσιαστικά,noun,,ενοικιαστής,hirer,hirer photo,generated
419,2,"Κατοικία: οι χώροι και η λειτουργία τους, καθημερινή ζωή",Ουσιαστικά,noun,,ενοικιάστρια,hirer,hirer photo,generated
420,2,"Κατοικία: οι χώροι και η λειτουργία τους, καθημερινή ζωή",Ουσιαστικά,noun,,θυρωρός,,,no_english
421,2,"Κατοικία: οι χώροι και η λειτουργία τους, καθημερινή ζωή",Ουσιαστικά,noun,,θυροτηλέφωνο,,,no_english
422,2,"Κατοικία: οι χώροι και η λειτουργία τους, καθημερινή ζωή",Ουσιαστικά,noun,,ιδιοκτήτης,proprietor,proprietor photo,generated
423,2,"Κατοικία: οι χώροι και η λειτουργία τους, καθημερινή ζωή",Ουσιαστικά,noun,,ιδιοκτήτρια,proprietress,proprietress photo,generated
424,2,"Κατοικία: οι χώροι και η λειτουργία τους, καθημερινή ζωή",Ουσιαστικά,noun,,κάδρο,frame,frame photo,generated
425,2,"Κατοικία: οι χώροι και η λειτουργία τους, καθημερινή ζωή",Ουσιαστικά,noun,,καθάρισμα,cleaning,cleaning photo,generated
426,2,"Κατοικία: οι χώροι και η λειτουργία τους, καθημερινή ζωή",Ουσιαστικά,noun,,καθαριστής,cleaner,cleaner photo,generated
427,2,"Κατοικία: οι χώροι και η λειτουργία τους, καθημερινή ζωή",Ουσιαστικά,noun,,καθαρίστρια,female cleaner,female cleaner photo,generated
428,2,"Κατοικία: οι χώροι και η λειτουργία τους, καθημερινή ζωή",Ουσιαστικά,noun,,καθρέφτης,mirror,mirror photo,generated
429,2,"Κατοικία: οι χώροι και η λειτουργία τους, καθημερινή ζωή",Ουσιαστικά,noun,,κηροπήγιο,candlestick,candlestick photo,generated
430,2,"Κατοικία: οι χώροι και η λειτουργία τους, καθημερινή ζωή",Ουσιαστικά,noun,,κοινόχρηστα,,,no_english
431,2,"Κατοικία: οι χώροι και η λειτουργία τους, καθημερινή ζωή",Ουσιαστικά,noun,,κουβάς,Cuba,Cuba photo,generated
432,2,"Κατοικία: οι χώροι και η λειτουργία τους, καθημερινή ζωή",Ουσιαστικά,noun,,λάμπα,lamp,lamp photo,generated
433,2,"Κατοικία: οι χώροι και η λειτουργία τους, καθημερινή ζωή",Ουσιαστικά,noun,,λογαριασμός,bill,bill photo,generated
434,2,"Κατοικία: οι χώροι και η λειτουργία τους, καθημερινή ζωή",Ουσιαστικά,noun,,λούσιμο,,,no_english
435,2,"Κατοικία: οι χώροι και η λειτουργία τους, καθημερινή ζωή",Ουσιαστικά,noun,,μανταλάκι,clothes peg,clothes peg photo,generated
436,2,"Κατοικία: οι χώροι και η λειτουργία τους, καθημερινή ζωή",Ουσιαστικά,noun,,μαγείρεμα,,,no_english
437,2,"Κατοικία: οι χώροι και η λειτουργία τους, καθημερινή ζωή",Ουσιαστικά,noun,,μεσιτικόγραφείο,,,no_english
438,2,"Κατοικία: οι χώροι και η λειτουργία τους, καθημερινή ζωή",Ουσιαστικά,noun,,νοίκι,,,no_english
439,2,"Κατοικία: οι χώροι και η λειτουργία τους, καθημερινή ζωή",Ουσιαστικά,noun,,ξεσκόνισμα,,,no_english
440,2,"Κατοικία: οι χώροι και η λειτουργία τους, καθημερινή ζωή",Ουσιαστικά,noun,,ξεσκονόπανο,,,no_english
441,2,"Κατοικία: οι χώροι και η λειτουργία τους, καθημερινή ζωή",Ουσιαστικά,noun,,ξύπνημα,awakening,awakening photo,generated
442,2,"Κατοικία: οι χώροι και η λειτουργία τους, καθημερινή ζωή",Ουσιαστικά,noun,,ξυπνητήρι,alarm clock,alarm clock photo,generated
443,2,"Κατοικία: οι χώροι και η λειτουργία τους, καθημερινή ζωή",Ουσιαστικά,noun,,τοξυραφάκι,,,no_english
444,2,"Κατοικία: οι χώροι και η λειτουργία τους, καθημερινή ζωή",Ουσιαστικά,noun,,ξύρισμα,shave,shave photo,generated
445,2,"Κατοικία: οι χώροι και η λειτουργία τους, καθημερινή ζωή",Ουσιαστικά,noun,,οδοντόβουρτσα,toothbrush,toothbrush photo,generated
446,2,"Κατοικία: οι χώροι και η λειτουργία τους, καθημερινή ζωή",Ουσιαστικά,noun,,οδοντόκρεμα,toothpaste,toothpaste photo,generated
447,2,"Κατοικία: οι χώροι και η λειτουργία τους, καθημερινή ζωή",Ουσιαστικά,noun,,οικιακήβοηθός,,,no_english
448,2,"Κατοικία: οι χώροι και η λειτουργία τους, καθημερινή ζωή",Ουσιαστικά,noun,,πλύσιμο,washing,washing photo,generated
449,2,"Κατοικία: οι χώροι και η λειτουργία τους, καθημερινή ζωή",Ουσιαστικά,noun,,πώλησηακινήτου,,,no_english
450,2,"Κατοικία: οι χώροι και η λειτουργία τους, καθημερινή ζωή",Ουσιαστικά,noun,,ρολόι,Nominative and vocative plural,Nominative and vocative plural photo,generated
451,2,"Κατοικία: οι χώροι και η λειτουργία τους, καθημερινή ζωή",Ουσιαστικά,noun,,σαμπουάν,shampoo,shampoo photo,generated
452,2,"Κατοικία: οι χώροι και η λειτουργία τους, καθημερινή ζωή",Ουσιαστικά,noun,,σαπούνι,soap,soap photo,generated
453,2,"Κατοικία: οι χώροι και η λειτουργία τους, καθημερινή ζωή",Ουσιαστικά,noun,,"σεσουάρ,το(τοπιστολάκιγιαταμαλλιά)",,,no_english
454,2,"Κατοικία: οι χώροι και η λειτουργία τους, καθημερινή ζωή",Ουσιαστικά,noun,,σίδερο,iron,iron photo,generated
455,2,"Κατοικία: οι χώροι και η λειτουργία τους, καθημερινή ζωή",Ουσιαστικά,noun,,σιδέρωμα,,,no_english
456,2,"Κατοικία: οι χώροι και η λειτουργία τους, καθημερινή ζωή",Ουσιαστικά,noun,,σιδερώστρα,,,no_english
457,2,"Κατοικία: οι χώροι και η λειτουργία τους, καθημερινή ζωή",Ουσιαστικά,noun,,σκόνηκαθαρισμού,,,no_english
458,2,"Κατοικία: οι χώροι και η λειτουργία τους, καθημερινή ζωή",Ουσιαστικά,noun,,σκούπα,broom,broom photo,generated
459,2,"Κατοικία: οι χώροι και η λειτουργία τους, καθημερινή ζωή",Ουσιαστικά,noun,,σκούπισμα,,,no_english
460,2,"Κατοικία: οι χώροι και η λειτουργία τους, καθημερινή ζωή",Ουσιαστικά,noun,,σταχτοδοχείο,ashtray,ashtray photo,generated
461,2,"Κατοικία: οι χώροι και η λειτουργία τους, καθημερινή ζωή",Ουσιαστικά,noun,,στεγαστικόδάνειο,,,no_english
462,2,"Κατοικία: οι χώροι και η λειτουργία τους, καθημερινή ζωή",Ουσιαστικά,noun,,συμβόλαιο,contract,contract photo,generated
463,2,"Κατοικία: οι χώροι και η λειτουργία τους, καθημερινή ζωή",Ουσιαστικά,noun,,συμβολαιογράφος,notary,notary photo,generated
464,2,"Κατοικία: οι χώροι και η λειτουργία τους, καθημερινή ζωή",Ουσιαστικά,noun,,συνεργείοκαθαρισμού,,,no_english
465,2,"Κατοικία: οι χώροι και η λειτουργία τους, καθημερινή ζωή",Ουσιαστικά,noun,,σφουγγάρι,sponge,sponge photo,generated
466,2,"Κατοικία: οι χώροι και η λειτουργία τους, καθημερινή ζωή",Ουσιαστικά,noun,,σφουγγάρισμα,,,no_english
467,2,"Κατοικία: οι χώροι και η λειτουργία τους, καθημερινή ζωή",Ουσιαστικά,noun,,σφουγγαρίστρα,,,no_english
468,2,"Κατοικία: οι χώροι και η λειτουργία τους, καθημερινή ζωή",Ουσιαστικά,noun,,σφουγγαρόπανο,mop head,mop head photo,generated
469,2,"Κατοικία: οι χώροι και η λειτουργία τους, καθημερινή ζωή",Ουσιαστικά,noun,,τακτοποίηση,,,no_english
470,2,"Κατοικία: οι χώροι και η λειτουργία τους, καθημερινή ζωή",Ουσιαστικά,noun,,τασάκι,ashtray,ashtray photo,generated
471,2,"Κατοικία: οι χώροι και η λειτουργία τους, καθημερινή ζωή",Ουσιαστικά,noun,,τηλέφωνο,telephone,telephone photo,generated
472,2,"Κατοικία: οι χώροι και η λειτουργία τους, καθημερινή ζωή",Ουσιαστικά,noun,,ύπνος,sleep,sleep photo,generated
473,2,"Κατοικία: οι χώροι και η λειτουργία τους, καθημερινή ζωή",Ουσιαστικά,noun,,φαγητό,food,food photo,generated
474,2,"Κατοικία: οι χώροι και η λειτουργία τους, καθημερινή ζωή",Ουσιαστικά,noun,,φωτιστικό,Nominative,Nominative photo,generated
475,2,"Κατοικία: οι χώροι και η λειτουργία τους, καθημερινή ζωή",Ουσιαστικά,noun,,χτένισμα,hairstyle,hairstyle photo,generated
476,2,"Κατοικία: οι χώροι και η λειτουργία τους, καθημερινή ζωή",Ουσιαστικά,noun,,χτένα,comb,comb photo,generated
477,2,"Κατοικία: οι χώροι και η λειτουργία τους, καθημερινή ζωή",Ουσιαστικά,noun,,ψώνια,shopping,shopping photo,generated
556,3,Η γειτονιά μου - Χωροταξικά,Ουσιαστικά,noun,,αδιέξοδο,dead-end,dead-end photo,generated
557,3,Η γειτονιά μου - Χωροταξικά,Ουσιαστικά,noun,,αθλητικόκέντρο,,,no_english
558,3,Η γειτονιά μου - Χωροταξικά,Ουσιαστικά,noun,,ανθοπωλείο,florist's,florist's photo,generated
559,3,Η γειτονιά μου - Χωροταξικά,Ουσιαστικά,noun,,απορριμματοφόρο(όχημα),dust cart,dust cart photo,generated
560,3,Η γειτονιά μου - Χωροταξικά,Ουσιαστικά,noun,,ασθενοφόρο,ambulance,ambulance photo,generated
561,3,Η γειτονιά μου - Χωροταξικά,Ουσιαστικά,noun,,αστυφιλία,rural exodus,rural exodus photo,generated
562,3,Η γειτονιά μου - Χωροταξικά,Ουσιαστικά,noun,,αστυνομία,police,police photo,generated
563,3,Η γειτονιά μου - Χωροταξικά,Ουσιαστικά,noun,,αστυνομικότμήμα,,,no_english
564,3,Η γειτονιά μου - Χωροταξικά,Ουσιαστικά,noun,,άσφαλτος,free from errors,free from errors photo,generated
565,3,Η γειτονιά μου - Χωροταξικά,Ουσιαστικά,noun,,βιβλιοπωλείο,bookshop,bookshop photo,generated
566,3,Η γειτονιά μου - Χωροταξικά,Ουσιαστικά,noun,,βιβλιοπώλης,bookseller,bookseller photo,generated
567,3,Η γειτονιά μου - Χωροταξικά,Ουσιαστικά,noun,,γαλατάδικο,dairy shop,dairy shop photo,generated
568,3,Η γειτονιά μου - Χωροταξικά,Ουσιαστικά,noun,,γαλακτοπωλείο,dairy shop,dairy shop photo,generated
569,3,Η γειτονιά μου - Χωροταξικά,Ουσιαστικά,noun,,γαλακτοπώλης,,,no_english
570,3,Η γειτονιά μου - Χωροταξικά,Ουσιαστικά,noun,,γαλατάς,milkman,milkman photo,generated
571,3,Η γειτονιά μου - Χωροταξικά,Ουσιαστικά,noun,,γειτονιά,neighbourhood,neighbourhood photo,generated
572,3,Η γειτονιά μου - Χωροταξικά,Ουσιαστικά,noun,,γείτονας,neighbour,neighbour photo,generated
573,3,Η γειτονιά μου - Χωροταξικά,Ουσιαστικά,noun,,γειτόνισσα,neighbour,neighbour photo,generated
574,3,Η γειτονιά μου - Χωροταξικά,Ουσιαστικά,noun,,γήπεδο,ground,ground photo,generated
575,3,Η γειτονιά μου - Χωροταξικά,Ουσιαστικά,noun,,γκαράζ,garage,garage photo,generated
576,3,Η γειτονιά μου - Χωροταξικά,Ουσιαστικά,noun,,γωνία,angle,angle photo,generated
577,3,Η γειτονιά μου - Χωροταξικά,Ουσιαστικά,noun,,δημαρχείο,town hall,town hall photo,generated
578,3,Η γειτονιά μου - Χωροταξικά,Ουσιαστικά,noun,,δήμαρχος,mayor,mayor photo,generated
579,3,Η γειτονιά μου - Χωροταξικά,Ουσιαστικά,noun,,δήμος,people,people photo,generated
580,3,Η γειτονιά μου - Χωροταξικά,Ουσιαστικά,noun,,δημοτικήβιβλιοθήκη,,,no_english
581,3,Η γειτονιά μου - Χωροταξικά,Ουσιαστικά,noun,,διάβαση,pedestrian crossing,pedestrian crossing photo,generated
582,3,Η γειτονιά μου - Χωροταξικά,Ουσιαστικά,noun,,διασταύρωση,hybridisation,hybridisation photo,generated
583,3,Η γειτονιά μου - Χωροταξικά,Ουσιαστικά,noun,,δρόμος,roadway,roadway photo,generated
584,3,Η γειτονιά μου - Χωροταξικά,Ουσιαστικά,noun,,εισιτήριο,ticket for bus,ticket for bus photo,generated
585,3,Η γειτονιά μου - Χωροταξικά,Ουσιαστικά,noun,,εκκλησία,church,church photo,generated
586,3,Η γειτονιά μου - Χωροταξικά,Ουσιαστικά,noun,,εμπορικόκέντρο,,,no_english
587,3,Η γειτονιά μου - Χωροταξικά,Ουσιαστικά,noun,,εφορία,tax office,tax office photo,generated
588,3,Η γειτονιά μου - Χωροταξικά,Ουσιαστικά,noun,,ηχορύπανση,,,no_english
589,3,Η γειτονιά μου - Χωροταξικά,Ουσιαστικά,noun,,θάλαμος(τηλεφωνικός),room,room photo,generated
590,3,Η γειτονιά μου - Χωροταξικά,Ουσιαστικά,noun,,θόρυβος,noise,noise photo,generated
591,3,Η γειτονιά μου - Χωροταξικά,Ουσιαστικά,noun,,ιχθυοπωλείο,,,no_english
592,3,Η γειτονιά μου - Χωροταξικά,Ουσιαστικά,noun,,ιχθυοπώλης,fishmonger,fishmonger photo,generated
593,3,Η γειτονιά μου - Χωροταξικά,Ουσιαστικά,noun,,κάδοςαπορριμάτων,,,no_english
594,3,Η γειτονιά μου - Χωροταξικά,Ουσιαστικά,noun,,καθαριστήριο,,,no_english
595,3,Η γειτονιά μου - Χωροταξικά,Ουσιαστικά,noun,,καρτοτηλέφωνο,,,no_english
596,3,Η γειτονιά μου - Χωροταξικά,Ουσιαστικά,noun,,κατάστημα,shop,shop photo,generated
597,3,Η γειτονιά μου - Χωροταξικά,Ουσιαστικά,noun,,καυσαέριο,,,no_english
598,3,Η γειτονιά μου - Χωροταξικά,Ουσιαστικά,noun,,κέντρο,centre,centre photo,generated
599,3,Η γειτονιά μου - Χωροταξικά,Ουσιαστικά,noun,,κομμωτήριο,hairdresser's,hairdresser's photo,generated
600,3,Η γειτονιά μου - Χωροταξικά,Ουσιαστικά,noun,,κομμωτής,hairdresser,hairdresser photo,generated
601,3,Η γειτονιά μου - Χωροταξικά,Ουσιαστικά,noun,,κομμώτρια,hairdresser,hairdresser photo,generated
602,3,Η γειτονιά μου - Χωροταξικά,Ουσιαστικά,noun,,κορνάρισμα,beeping,beeping photo,generated
603,3,Η γειτονιά μου - Χωροταξικά,Ουσιαστικά,noun,,κρεοπωλείο,butcher's,butcher's photo,generated
604,3,Η γειτονιά μου - Χωροταξικά,Ουσιαστικά,noun,,κρεοπώλης,butcher,butcher photo,generated
605,3,Η γειτονιά μου - Χωροταξικά,Ουσιαστικά,noun,,κυκλοφορία,circulation,circulation photo,generated
606,3,Η γειτονιά μου - Χωροταξικά,Ουσιαστικά,noun,,"κώδικαςοδικήςκυκλοφορίας,ο(ΚΟΚ)",,,no_english
607,3,Η γειτονιά μου - Χωροταξικά,Ουσιαστικά,noun,,λαϊκήαγορά,,,no_english
608,3,Η γειτονιά μου - Χωροταξικά,Ουσιαστικά,noun,,λεωφορείο,"(transport) bus, omnibus",,needs_review
609,3,Η γειτονιά μου - Χωροταξικά,Ουσιαστικά,noun,,μαγαζί,shop,shop photo,generated
610,3,Η γειτονιά μου - Χωροταξικά,Ουσιαστικά,noun,,μανάβης,greengrocer,greengrocer photo,generated
611,3,Η γειτονιά μου - Χωροταξικά,Ουσιαστικά,noun,,μανάβικο,greengrocer's,greengrocer's photo,generated
612,3,Η γειτονιά μου - Χωροταξικά,Ουσιαστικά,noun,,μετρό,underground railway,underground railway photo,generated
613,3,Η γειτονιά μου - Χωροταξικά,Ουσιαστικά,noun,,μνημείο,memorial,memorial photo,generated
614,3,Η γειτονιά μου - Χωροταξικά,Ουσιαστικά,noun,,μπακάλης,grocer,grocer photo,generated
615,3,Η γειτονιά μου - Χωροταξικά,Ουσιαστικά,noun,,μποτιλιάρισμα,traffic jam,traffic jam photo,generated
616,3,Η γειτονιά μου - Χωροταξικά,Ουσιαστικά,noun,,νοσοκομείο,hospital,hospital photo,generated
617,3,Η γειτονιά μου - Χωροταξικά,Ουσιαστικά,noun,,οδικάσήματα,,,no_english
618,3,Η γειτονιά μου - Χωροταξικά,Ουσιαστικά,noun,,οδός,street,street photo,generated
619,3,Η γειτονιά μου - Χωροταξικά,Ουσιαστικά,noun,,παιδικήχαρά,,,no_english
620,3,Η γειτονιά μου - Χωροταξικά,Ουσιαστικά,noun,,παντοπωλείο,grocer's shop,grocer's shop photo,generated
621,3,Η γειτονιά μου - Χωροταξικά,Ουσιαστικά,noun,,παράκαμψη,detour,detour photo,generated
622,3,Η γειτονιά μου - Χωροταξικά,Ουσιαστικά,noun,,παρκάρισμα,,,no_english
623,3,Η γειτονιά μου - Χωροταξικά,Ουσιαστικά,noun,,πάρκινγκ,parking,parking photo,generated
624,3,Η γειτονιά μου - Χωροταξικά,Ουσιαστικά,noun,,πάρκο,park,park photo,generated
625,3,Η γειτονιά μου - Χωροταξικά,Ουσιαστικά,noun,,παρκόμετρο,parking meter,parking meter photo,generated
626,3,Η γειτονιά μου - Χωροταξικά,Ουσιαστικά,noun,,περίπτερο,kiosk,kiosk photo,generated
627,3,Η γειτονιά μου - Χωροταξικά,Ουσιαστικά,noun,,πεζοδρόμιο,footpath,footpath photo,generated
628,3,Η γειτονιά μου - Χωροταξικά,Ουσιαστικά,noun,,πεζόδρομος,traffic-free street,traffic-free street photo,generated
629,3,Η γειτονιά μου - Χωροταξικά,Ουσιαστικά,noun,,πεζός,on foot,on foot photo,generated
630,3,Η γειτονιά μου - Χωροταξικά,Ουσιαστικά,noun,,περιοχή,region,region photo,generated
631,3,Η γειτονιά μου - Χωροταξικά,Ουσιαστικά,noun,,περιπολικό,patrol car,patrol car photo,generated
632,3,Η γειτονιά μου - Χωροταξικά,Ουσιαστικά,noun,,περιφερειακόςδρομος,,,no_english
633,3,Η γειτονιά μου - Χωροταξικά,Ουσιαστικά,noun,,πιάτσα(ταξί),market,market photo,generated
634,3,Η γειτονιά μου - Χωροταξικά,Ουσιαστικά,noun,,πινακίδα,plaque,plaque photo,generated
635,3,Η γειτονιά μου - Χωροταξικά,Ουσιαστικά,noun,,πλατεία,town square,town square photo,generated
636,3,Η γειτονιά μου - Χωροταξικά,Ουσιαστικά,noun,,πληθυσμός,population,population photo,generated
637,3,Η γειτονιά μου - Χωροταξικά,Ουσιαστικά,noun,,ποδηλατοδρόμος,cycle path,cycle path photo,generated
638,3,Η γειτονιά μου - Χωροταξικά,Ουσιαστικά,noun,,πολεοδομικόσχέδιο,,,no_english
639,3,Η γειτονιά μου - Χωροταξικά,Ουσιαστικά,noun,,πολιτιστικόκέντρο,,,no_english
640,3,Η γειτονιά μου - Χωροταξικά,Ουσιαστικά,noun,,πολυκατοικία,,,no_english
641,3,Η γειτονιά μου - Χωροταξικά,Ουσιαστικά,noun,,πολυκοσμία,,,no_english
642,3,Η γειτονιά μου - Χωροταξικά,Ουσιαστικά,noun,,προάστιο,suburb,suburb photo,generated
643,3,Η γειτονιά μου - Χωροταξικά,Ουσιαστικά,noun,,προτεραιότητα,,,no_english
644,3,Η γειτονιά μου - Χωροταξικά,Ουσιαστικά,noun,,πυροσβεστική(υπηρεσία),fire brigade,fire brigade photo,generated
645,3,Η γειτονιά μου - Χωροταξικά,Ουσιαστικά,noun,,πυροσβεστικόόχημα,,,no_english
646,3,Η γειτονιά μου - Χωροταξικά,Ουσιαστικά,noun,,ρυμοτομία,,,no_english
647,3,Η γειτονιά μου - Χωροταξικά,Ουσιαστικά,noun,,στάση,position,position photo,generated
648,3,Η γειτονιά μου - Χωροταξικά,Ουσιαστικά,noun,,στροφή,bend,bend photo,generated
649,3,Η γειτονιά μου - Χωροταξικά,Ουσιαστικά,noun,,σηματοδότης,,,no_english
650,3,Η γειτονιά μου - Χωροταξικά,Ουσιαστικά,noun,,σηματοδότηση,,,no_english
651,3,Η γειτονιά μου - Χωροταξικά,Ουσιαστικά,noun,,σκουπίδι,rubbish,rubbish photo,generated
652,3,Η γειτονιά μου - Χωροταξικά,Ουσιαστικά,noun,,στάθμευση,parking,parking photo,generated
653,3,Η γειτονιά μου - Χωροταξικά,Ουσιαστικά,noun,,στενό,Nominative,Nominative photo,generated
654,3,Η γειτονιά μου - Χωροταξικά,Ουσιαστικά,noun,,σούπερμάρκετ,supermarket,supermarket photo,generated
655,3,Η γειτονιά μου - Χωροταξικά,Ουσιαστικά,noun,,συγκοινωνία,transport,transport photo,generated
656,3,Η γειτονιά μου - Χωροταξικά,Ουσιαστικά,noun,,συνοικία,district,district photo,generated
657,3,Η γειτονιά μου - Χωροταξικά,Ουσιαστικά,noun,,σχέδιοπόλης,,,no_english
658,3,Η γειτονιά μου - Χωροταξικά,Ουσιαστικά,noun,,ταξί,taxi,taxi photo,generated
659,3,Η γειτονιά μου - Χωροταξικά,Ουσιαστικά,noun,,ταχυδρομείο,post office,post office photo,generated
660,3,Η γειτονιά μου - Χωροταξικά,Ουσιαστικά,noun,,τηλεκάρτα,,,no_english
661,3,Η γειτονιά μου - Χωροταξικά,Ουσιαστικά,noun,,τραμ,tram,tram photo,generated
662,3,Η γειτονιά μου - Χωροταξικά,Ουσιαστικά,noun,,τράπεζα,bank,bank photo,generated
663,3,Η γειτονιά μου - Χωροταξικά,Ουσιαστικά,noun,,τρόλεϊ,trolley bus,trolley bus photo,generated
664,3,Η γειτονιά μου - Χωροταξικά,Ουσιαστικά,noun,,τροχονόμος,traffic policeman/policewoman,traffic policeman/policewoman photo,generated
665,3,Η γειτονιά μου - Χωροταξικά,Ουσιαστικά,noun,,τσαγκάρης,maker or repairer of shoes or sandals,maker or repairer of shoes or sandals photo,generated
666,3,Η γειτονιά μου - Χωροταξικά,Ουσιαστικά,noun,,φαρμακείο,pharmacy,pharmacy photo,generated
667,3,Η γειτονιά μου - Χωροταξικά,Ουσιαστικά,noun,,φασαρία,noise,noise photo,generated
668,3,Η γειτονιά μου - Χωροταξικά,Ουσιαστικά,noun,,φουρνάρης,baker,baker photo,generated
669,3,Η γειτονιά μου - Χωροταξικά,Ουσιαστικά,noun,,φούρνος,oven,oven photo,generated
670,3,Η γειτονιά μου - Χωροταξικά,Ουσιαστικά,noun,,φωταγώγηση,,,no_english
671,3,Η γειτονιά μου - Χωροταξικά,Ουσιαστικά,noun,,χασάπης,butcher,butcher photo,generated
672,3,Η γειτονιά μου - Χωροταξικά,Ουσιαστικά,noun,,χασάπικο,butcher's shop,butcher's shop photo,generated
673,3,Η γειτονιά μου - Χωροταξικά,Ουσιαστικά,noun,,ψαράς,fisherman,fisherman photo,generated
674,3,Η γειτονιά μου - Χωροταξικά,Ουσιαστικά,noun,,ψιλικά,,,no_english
675,3,Η γειτονιά μου - Χωροταξικά,Ουσιαστικά,noun,,ψιλικατζής,,,no_english
676,3,Η γειτονιά μου - Χωροταξικά,Ουσιαστικά,noun,,τοψιλικατζίδικο,,,no_english
677,3,Η γειτονιά μου - Χωροταξικά,Ουσιαστικά,noun,,ψωμάς,colloquial baker,colloquial baker photo,generated
721,4,Σχολείο - Εκπαίδευση,Ουσιαστικά,noun,,αίθουσα,room,room photo,generated
722,4,Σχολείο - Εκπαίδευση,Ουσιαστικά,noun,,ανάγνωση,oral presentation of text,oral presentation of text photo,generated
723,4,Σχολείο - Εκπαίδευση,Ουσιαστικά,noun,,αναγνωστικό,primer,primer photo,generated
724,4,Σχολείο - Εκπαίδευση,Ουσιαστικά,noun,,ανακοίνωση,announcement,announcement photo,generated
725,4,Σχολείο - Εκπαίδευση,Ουσιαστικά,noun,,ανθρωπολογία,anthropology,anthropology photo,generated
726,4,Σχολείο - Εκπαίδευση,Ουσιαστικά,noun,,ανθρωπολογος,anthropologist,anthropologist photo,generated
727,4,Σχολείο - Εκπαίδευση,Ουσιαστικά,noun,,αντιγραφή,act of copying,act of copying photo,generated
728,4,Σχολείο - Εκπαίδευση,Ουσιαστικά,noun,,αποδυτήρχα,,,no_english
729,4,Σχολείο - Εκπαίδευση,Ουσιαστικά,noun,,απολυτήριο,discharge papers,discharge papers photo,generated
730,4,Σχολείο - Εκπαίδευση,Ουσιαστικά,noun,,αποτυχία,failure,failure photo,generated
731,4,Σχολείο - Εκπαίδευση,Ουσιαστικά,noun,,αποχή,landing net,landing net photo,generated
732,4,Σχολείο - Εκπαίδευση,Ουσιαστικά,noun,,αριθμητική,arithmetic,arithmetic photo,generated
733,4,Σχολείο - Εκπαίδευση,Ουσιαστικά,noun,,άσκηση,drill,drill photo,generated
734,4,Σχολείο - Εκπαίδευση,Ουσιαστικά,noun,,άτλαντας,atlas,atlas photo,generated
735,4,Σχολείο - Εκπαίδευση,Ουσιαστικά,noun,,αφαίρεση,subtraction,subtraction photo,generated
736,4,Σχολείο - Εκπαίδευση,Ουσιαστικά,noun,,βαθμολογία,,,no_english
737,4,Σχολείο - Εκπαίδευση,Ουσιαστικά,noun,,βαθμός,grade,grade photo,generated
738,4,Σχολείο - Εκπαίδευση,Ουσιαστικά,noun,,βιβλίο,book,book photo,generated
739,4,Σχολείο - Εκπαίδευση,Ουσιαστικά,noun,,βιβλιοθήκη,library,library photo,generated
740,4,Σχολείο - Εκπαίδευση,Ουσιαστικά,noun,,βοήθημα,help,help photo,generated
741,4,Σχολείο - Εκπαίδευση,Ουσιαστικά,noun,,γεωγραφία,geography,geography photo,generated
742,4,Σχολείο - Εκπαίδευση,Ουσιαστικά,noun,,γιορτή,celebration,celebration photo,generated
743,4,Σχολείο - Εκπαίδευση,Ουσιαστικά,noun,,γραπτό,anything filled in written examinations,anything filled in written examinations photo,generated
744,4,Σχολείο - Εκπαίδευση,Ουσιαστικά,noun,,γραφείο,desk,desk photo,generated
745,4,Σχολείο - Εκπαίδευση,Ουσιαστικά,noun,,γράψιμο,writing,writing photo,generated
746,4,Σχολείο - Εκπαίδευση,Ουσιαστικά,noun,,γυμνασιάρχης,,,no_english
747,4,Σχολείο - Εκπαίδευση,Ουσιαστικά,noun,,γυμνάσιο,middle school,middle school photo,generated
748,4,Σχολείο - Εκπαίδευση,Ουσιαστικά,noun,,γυμναστήριο,gymnasium,gymnasium photo,generated
749,4,Σχολείο - Εκπαίδευση,Ουσιαστικά,noun,,γυμναστής,gymnast,gymnast photo,generated
750,4,Σχολείο - Εκπαίδευση,Ουσιαστικά,noun,,γυμνάστρια,gymnast,gymnast photo,generated
751,4,Σχολείο - Εκπαίδευση,Ουσιαστικά,noun,,γυμναστική,gymnastics,gymnastics photo,generated
752,4,Σχολείο - Εκπαίδευση,Ουσιαστικά,noun,,δασκάλα,female teacher,female teacher photo,generated
753,4,Σχολείο - Εκπαίδευση,Ουσιαστικά,noun,,δάσκαλος,teacher,teacher photo,generated
754,4,Σχολείο - Εκπαίδευση,Ουσιαστικά,noun,,δημοτικό,primary school,primary school photo,generated
755,4,Σχολείο - Εκπαίδευση,Ουσιαστικά,noun,,διά(:),"by, for, through",,needs_review
756,4,Σχολείο - Εκπαίδευση,Ουσιαστικά,noun,,διάβασμα,,,no_english
757,4,Σχολείο - Εκπαίδευση,Ουσιαστικά,noun,,διαβήτης,pair of compasses,pair of compasses photo,generated
758,4,Σχολείο - Εκπαίδευση,Ουσιαστικά,noun,,διαγωγή,behaviour,behaviour photo,generated
759,4,Σχολείο - Εκπαίδευση,Ουσιαστικά,noun,,διαγώνισμα,test,test photo,generated
760,4,Σχολείο - Εκπαίδευση,Ουσιαστικά,noun,,διάδρομος,corridor,corridor photo,generated
761,4,Σχολείο - Εκπαίδευση,Ουσιαστικά,noun,,διαίρεση,division,division photo,generated
762,4,Σχολείο - Εκπαίδευση,Ουσιαστικά,noun,,διακοπές,Nominative,Nominative photo,generated
763,4,Σχολείο - Εκπαίδευση,Ουσιαστικά,noun,,διάλειμμα,pause,pause photo,generated
764,4,Σχολείο - Εκπαίδευση,Ουσιαστικά,noun,,διδακτέαύλη,,,no_english
765,4,Σχολείο - Εκπαίδευση,Ουσιαστικά,noun,,διευθυντής,manager,manager photo,generated
766,4,Σχολείο - Εκπαίδευση,Ουσιαστικά,noun,,έδρα,platform,platform photo,generated
767,4,Σχολείο - Εκπαίδευση,Ουσιαστικά,noun,,είσοδος,entrance,entrance photo,generated
768,4,Σχολείο - Εκπαίδευση,Ουσιαστικά,noun,,εκδρομή,excursion,excursion photo,generated
769,4,Σχολείο - Εκπαίδευση,Ουσιαστικά,noun,,εκπαίδευση,instruction,instruction photo,generated
770,4,Σχολείο - Εκπαίδευση,Ουσιαστικά,noun,,"εκπαιδευτικός,ή,ό",,,no_english
771,4,Σχολείο - Εκπαίδευση,Ουσιαστικά,noun,,έλεγχος,control,control photo,generated
772,4,Σχολείο - Εκπαίδευση,Ουσιαστικά,noun,,έναρξη,initialisation,initialisation photo,generated
773,4,Σχολείο - Εκπαίδευση,Ουσιαστικά,noun,,ενδεικτικό,,,no_english
774,4,Σχολείο - Εκπαίδευση,Ουσιαστικά,noun,,εξάμηνο,,,no_english
775,4,Σχολείο - Εκπαίδευση,Ουσιαστικά,noun,,εξετάσεις,Nominative,Nominative photo,generated
776,4,Σχολείο - Εκπαίδευση,Ουσιαστικά,noun,,έξοδος,exit,exit photo,generated
777,4,Σχολείο - Εκπαίδευση,Ουσιαστικά,noun,,έξοδοςκινδύνου,,,no_english
778,4,Σχολείο - Εκπαίδευση,Ουσιαστικά,noun,,επάγγελμα,profession,profession photo,generated
779,4,Σχολείο - Εκπαίδευση,Ουσιαστικά,noun,,επαγγελματικόςπροσανατολισμός,,,no_english
780,4,Σχολείο - Εκπαίδευση,Ουσιαστικά,noun,,επί(φορές)(Χ),times,times photo,generated
781,4,Σχολείο - Εκπαίδευση,Ουσιαστικά,noun,,επιστάτης,foreman,foreman photo,generated
782,4,Σχολείο - Εκπαίδευση,Ουσιαστικά,noun,,επιστάτρια,forewoman,forewoman photo,generated
783,4,Σχολείο - Εκπαίδευση,Ουσιαστικά,noun,,επιτυχία,success,success photo,generated
784,4,Σχολείο - Εκπαίδευση,Ουσιαστικά,noun,,ετικέτα,,,no_english
785,4,Σχολείο - Εκπαίδευση,Ουσιαστικά,noun,,έτος,year,year photo,generated
786,4,Σχολείο - Εκπαίδευση,Ουσιαστικά,noun,,ζωολογία,zoology,zoology photo,generated
787,4,Σχολείο - Εκπαίδευση,Ουσιαστικά,noun,,ζωολόγος,,,no_english
788,4,Σχολείο - Εκπαίδευση,Ουσιαστικά,noun,,θεολόγος,theologian,theologian photo,generated
789,4,Σχολείο - Εκπαίδευση,Ουσιαστικά,noun,,θρανίο,,,no_english
790,4,Σχολείο - Εκπαίδευση,Ουσιαστικά,noun,,θρησκευτικά,Nominative,Nominative photo,generated
791,4,Σχολείο - Εκπαίδευση,Ουσιαστικά,noun,,θυρωρείο,,,no_english
792,4,Σχολείο - Εκπαίδευση,Ουσιαστικά,noun,,θυρωρός,,,no_english
793,4,Σχολείο - Εκπαίδευση,Ουσιαστικά,noun,,ιστορία,history,history photo,generated
794,4,Σχολείο - Εκπαίδευση,Ουσιαστικά,noun,,ιστορικός,historical,historical photo,generated
795,4,Σχολείο - Εκπαίδευση,Ουσιαστικά,noun,,καθηγητής,professor,professor photo,generated
796,4,Σχολείο - Εκπαίδευση,Ουσιαστικά,noun,,καθηγήτρια,professor,professor photo,generated
797,4,Σχολείο - Εκπαίδευση,Ουσιαστικά,noun,,και(+),also,also photo,generated
798,4,Σχολείο - Εκπαίδευση,Ουσιαστικά,noun,,καρέκλα,chair,chair photo,generated
799,4,Σχολείο - Εκπαίδευση,Ουσιαστικά,noun,,κασετίνα,,,no_english
800,4,Σχολείο - Εκπαίδευση,Ουσιαστικά,noun,,κιμωλία,chalk,chalk photo,generated
801,4,Σχολείο - Εκπαίδευση,Ουσιαστικά,noun,,κόλλα,glue,glue photo,generated
802,4,Σχολείο - Εκπαίδευση,Ουσιαστικά,noun,,κυλικείο,,,no_english
803,4,Σχολείο - Εκπαίδευση,Ουσιαστικά,noun,,κοινωνιολόγος,,,no_english
804,4,Σχολείο - Εκπαίδευση,Ουσιαστικά,noun,,κολλητικήταινία,,,no_english
805,4,Σχολείο - Εκπαίδευση,Ουσιαστικά,noun,,κουδούνι,bell,bell photo,generated
806,4,Σχολείο - Εκπαίδευση,Ουσιαστικά,noun,,κτίριο,building,building photo,generated
807,4,Σχολείο - Εκπαίδευση,Ουσιαστικά,noun,,λήξη,expiration,expiration photo,generated
808,4,Σχολείο - Εκπαίδευση,Ουσιαστικά,noun,,λυκειάρχης,,,no_english
809,4,Σχολείο - Εκπαίδευση,Ουσιαστικά,noun,,λύκειο,secondary school,secondary school photo,generated
810,4,Σχολείο - Εκπαίδευση,Ουσιαστικά,noun,,λύση,answer,answer photo,generated
811,4,Σχολείο - Εκπαίδευση,Ουσιαστικά,noun,,μάθημα,lesson,lesson photo,generated
812,4,Σχολείο - Εκπαίδευση,Ουσιαστικά,noun,,μαθηματικά,mathematics,mathematics photo,generated
813,4,Σχολείο - Εκπαίδευση,Ουσιαστικά,noun,,μαθηματικός,mathematical,mathematical photo,generated
814,4,Σχολείο - Εκπαίδευση,Ουσιαστικά,noun,,μάθηση,learning,learning photo,generated
815,4,Σχολείο - Εκπαίδευση,Ουσιαστικά,noun,,μαθητής,pupil,pupil photo,generated
816,4,Σχολείο - Εκπαίδευση,Ουσιαστικά,noun,,μαθήτρια,pupil,pupil photo,generated
817,4,Σχολείο - Εκπαίδευση,Ουσιαστικά,noun,,μαρκαδόρος,felt-tip pen,felt-tip pen photo,generated
818,4,Σχολείο - Εκπαίδευση,Ουσιαστικά,noun,,μείον(-),minus,minus photo,generated
819,4,Σχολείο - Εκπαίδευση,Ουσιαστικά,noun,,μολύβι,pencil,pencil photo,generated
820,4,Σχολείο - Εκπαίδευση,Ουσιαστικά,noun,,μπογιές,paint,paint photo,generated
821,4,Σχολείο - Εκπαίδευση,Ουσιαστικά,noun,,μπλοκ,,,no_english
822,4,Σχολείο - Εκπαίδευση,Ουσιαστικά,noun,,μπλοκζωγραφικής,,,no_english
823,4,Σχολείο - Εκπαίδευση,Ουσιαστικά,noun,,νηπιαγωγείο,nursery school,nursery school photo,generated
824,4,Σχολείο - Εκπαίδευση,Ουσιαστικά,noun,,ντοσιέ,,,no_english
825,4,Σχολείο - Εκπαίδευση,Ουσιαστικά,noun,,ξένεςγλώσσες,,,no_english
826,4,Σχολείο - Εκπαίδευση,Ουσιαστικά,noun,,ξύστρα,pencil sharpener,pencil sharpener photo,generated
827,4,Σχολείο - Εκπαίδευση,Ουσιαστικά,noun,,οικονομία,economy,economy photo,generated
828,4,Σχολείο - Εκπαίδευση,Ουσιαστικά,noun,,οικονομολόγος,,,no_english
829,4,Σχολείο - Εκπαίδευση,Ουσιαστικά,noun,,ορθογραφία,spelling,spelling photo,generated
830,4,Σχολείο - Εκπαίδευση,Ουσιαστικά,noun,,παιδαγωγός,educationalist,educationalist photo,generated
831,4,Σχολείο - Εκπαίδευση,Ουσιαστικά,noun,,παιδεία,learning,learning photo,generated
832,4,Σχολείο - Εκπαίδευση,Ουσιαστικά,noun,,πανεπιστήμιο,university,university photo,generated
833,4,Σχολείο - Εκπαίδευση,Ουσιαστικά,noun,,παράθυρο,window,window photo,generated
834,4,Σχολείο - Εκπαίδευση,Ουσιαστικά,noun,,περίπατος,walk,walk photo,generated
835,4,Σχολείο - Εκπαίδευση,Ουσιαστικά,noun,,πίνακας,table of values,table of values photo,generated
836,4,Σχολείο - Εκπαίδευση,Ουσιαστικά,noun,,πλην(-),minus sign,minus sign photo,generated
837,4,Σχολείο - Εκπαίδευση,Ουσιαστικά,noun,,πολιτικήαγωγή,,,no_english
838,4,Σχολείο - Εκπαίδευση,Ουσιαστικά,noun,,πολλαπλασιασμός,proliferation,proliferation photo,generated
839,4,Σχολείο - Εκπαίδευση,Ουσιαστικά,noun,,προαύλιο,yard,yard photo,generated
840,4,Σχολείο - Εκπαίδευση,Ουσιαστικά,noun,,πρόβλημα,problem,problem photo,generated
841,4,Σχολείο - Εκπαίδευση,Ουσιαστικά,noun,,πρόγραμμα,schedule,schedule photo,generated
842,4,Σχολείο - Εκπαίδευση,Ουσιαστικά,noun,,πρόοδος,progress,progress photo,generated
843,4,Σχολείο - Εκπαίδευση,Ουσιαστικά,noun,,πρόσθεση,addition,addition photo,generated
844,4,Σχολείο - Εκπαίδευση,Ουσιαστικά,noun,,πτυχίο,academic degree,academic degree photo,generated
845,4,Σχολείο - Εκπαίδευση,Ουσιαστικά,noun,,σβήστρα,eraser,eraser photo,generated
846,4,Σχολείο - Εκπαίδευση,Ουσιαστικά,noun,,σκαλί,rung,rung photo,generated
847,4,Σχολείο - Εκπαίδευση,Ουσιαστικά,noun,,σκασιαρχείο,,,no_english
848,4,Σχολείο - Εκπαίδευση,Ουσιαστικά,noun,,σπόγγος,,,no_english
849,4,Σχολείο - Εκπαίδευση,Ουσιαστικά,noun,,σπουδαστής,schoolboy,schoolboy photo,generated
850,4,Σχολείο - Εκπαίδευση,Ουσιαστικά,noun,,σπουδάστρια,schoolgirl,schoolgirl photo,generated
851,4,Σχολείο - Εκπαίδευση,Ουσιαστικά,noun,,στυλό,"pen, ballpoint, biro",,needs_review
852,4,Σχολείο - Εκπαίδευση,Ουσιαστικά,noun,,συμμαθητής,,,no_english
853,4,Σχολείο - Εκπαίδευση,Ουσιαστικά,noun,,συμμαθήτρια,,,no_english
854,4,Σχολείο - Εκπαίδευση,Ουσιαστικά,noun,,συνδετήρας,paper clip,paper clip photo,generated
855,4,Σχολείο - Εκπαίδευση,Ουσιαστικά,noun,,συντακτικό,,,no_english
856,4,Σχολείο - Εκπαίδευση,Ουσιαστικά,noun,,σφουγγάρι,sponge,sponge photo,generated
857,4,Σχολείο - Εκπαίδευση,Ουσιαστικά,noun,,σχολείο,school,school photo,generated
858,4,Σχολείο - Εκπαίδευση,Ουσιαστικά,noun,,σχολικό(λεωφορείο),,,no_english
859,4,Σχολείο - Εκπαίδευση,Ουσιαστικά,noun,,σχολικόςσύμβουλος,,,no_english
860,4,Σχολείο - Εκπαίδευση,Ουσιαστικά,noun,,τάξη,class,class photo,generated
861,4,Σχολείο - Εκπαίδευση,Ουσιαστικά,noun,,τεστ,test,test photo,generated
862,4,Σχολείο - Εκπαίδευση,Ουσιαστικά,noun,,τετράδιο,notebook,notebook photo,generated
863,4,Σχολείο - Εκπαίδευση,Ουσιαστικά,noun,,τεχνικήσχολή,,,no_english
864,4,Σχολείο - Εκπαίδευση,Ουσιαστικά,noun,,τουαλέτα,toilet,toilet photo,generated
865,4,Σχολείο - Εκπαίδευση,Ουσιαστικά,noun,,τρίμηνο,trimester,trimester photo,generated
866,4,Σχολείο - Εκπαίδευση,Ουσιαστικά,noun,,τσάντα,"bag, purse, handbag",,needs_review
867,4,Σχολείο - Εκπαίδευση,Ουσιαστικά,noun,,φιλόλογος,philologist,philologist photo,generated
868,4,Σχολείο - Εκπαίδευση,Ουσιαστικά,noun,,φοιτητής,undergraduate,undergraduate photo,generated
869,4,Σχολείο - Εκπαίδευση,Ουσιαστικά,noun,,φοιτήτρια,undergraduate,undergraduate photo,generated
870,4,Σχολείο - Εκπαίδευση,Ουσιαστικά,noun,,φυσική,physics,physics photo,generated
871,4,Σχολείο - Εκπαίδευση,Ουσιαστικά,noun,,φυσικήιστορία,,,no_english
872,4,Σχολείο - Εκπαίδευση,Ουσιαστικά,noun,,φυσικός,natural,natural photo,generated
873,4,Σχολείο - Εκπαίδευση,Ουσιαστικά,noun,,χάρακας,rule,rule photo,generated
874,4,Σχολείο - Εκπαίδευση,Ουσιαστικά,noun,,χάρτης,charter,charter photo,generated
875,4,Σχολείο - Εκπαίδευση,Ουσιαστικά,noun,,χειροτεχνία,,,no_english
876,4,Σχολείο - Εκπαίδευση,Ουσιαστικά,noun,,χημεία,chemistry,chemistry photo,generated
877,4,Σχολείο - Εκπαίδευση,Ουσιαστικά,noun,,χημικός,chemical,chemical photo,generated
878,4,Σχολείο - Εκπαίδευση,Ουσιαστικά,noun,,ψαλίδι,scissors,scissors photo,generated
879,4,Σχολείο - Εκπαίδευση,Ουσιαστικά,noun,,ψυχολόγος,psychologist,psychologist photo,generated
962,5,Επαγγέλματα - Εργασιακός χώρος,Ουσιαστικά,noun,,άδεια,permission,permission photo,generated
963,5,Επαγγέλματα - Εργασιακός χώρος,Ουσιαστικά,noun,,άνεργη,Nominative,Nominative photo,generated
964,5,Επαγγέλματα - Εργασιακός χώρος,Ουσιαστικά,noun,,ανεργία,unemployment,unemployment photo,generated
965,5,Επαγγέλματα - Εργασιακός χώρος,Ουσιαστικά,noun,,άνεργος,unemployed,unemployed photo,generated
966,5,Επαγγέλματα - Εργασιακός χώρος,Ουσιαστικά,noun,,αξιόλογηση,evaluation,evaluation photo,generated
967,5,Επαγγέλματα - Εργασιακός χώρος,Ουσιαστικά,noun,,απεργία,strike,strike photo,generated
968,5,Επαγγέλματα - Εργασιακός χώρος,Ουσιαστικά,noun,,αποζημίωση,compensation,compensation photo,generated
969,5,Επαγγέλματα - Εργασιακός χώρος,Ουσιαστικά,noun,,απόλυση,dismissal,dismissal photo,generated
970,5,Επαγγέλματα - Εργασιακός χώρος,Ουσιαστικά,noun,,αποχή,landing net,landing net photo,generated
971,5,Επαγγέλματα - Εργασιακός χώρος,Ουσιαστικά,noun,,αργία,bank holiday,bank holiday photo,generated
972,5,Επαγγέλματα - Εργασιακός χώρος,Ουσιαστικά,noun,,ασφάλεια,security,security photo,generated
973,5,Επαγγέλματα - Εργασιακός χώρος,Ουσιαστικά,noun,,αφεντικό,owner,owner photo,generated
974,5,Επαγγέλματα - Εργασιακός χώρος,Ουσιαστικά,noun,,βιογραφικόσημείωμα,,,no_english
975,5,Επαγγέλματα - Εργασιακός χώρος,Ουσιαστικά,noun,,βιοπαλαιστής,,,no_english
976,5,Επαγγέλματα - Εργασιακός χώρος,Ουσιαστικά,noun,,βιοπάλη,,,no_english
977,5,Επαγγέλματα - Εργασιακός χώρος,Ουσιαστικά,noun,,βιομηχανία,industry,industry photo,generated
978,5,Επαγγέλματα - Εργασιακός χώρος,Ουσιαστικά,noun,,βιομήχανος,industrialist,industrialist photo,generated
979,5,Επαγγέλματα - Εργασιακός χώρος,Ουσιαστικά,noun,,δάνειο,loan,loan photo,generated
980,5,Επαγγέλματα - Εργασιακός χώρος,Ουσιαστικά,noun,,δημόσιαυπάλληλος,,,no_english
981,5,Επαγγέλματα - Εργασιακός χώρος,Ουσιαστικά,noun,,δημόσιοςυπάλληλος,,,no_english
982,5,Επαγγέλματα - Εργασιακός χώρος,Ουσιαστικά,noun,,διευθυντής,manager,manager photo,generated
983,5,Επαγγέλματα - Εργασιακός χώρος,Ουσιαστικά,noun,,διευθύντρια,headmistress,headmistress photo,generated
984,5,Επαγγέλματα - Εργασιακός χώρος,Ουσιαστικά,noun,,δώρο,gift,gift photo,generated
985,5,Επαγγέλματα - Εργασιακός χώρος,Ουσιαστικά,noun,,ελεύθερηεπαγγελματίας,,,no_english
986,5,Επαγγέλματα - Εργασιακός χώρος,Ουσιαστικά,noun,,ελεύθεροςεπαγγελματίας,,,no_english
987,5,Επαγγέλματα - Εργασιακός χώρος,Ουσιαστικά,noun,,εμπόριο,trade,trade photo,generated
988,5,Επαγγέλματα - Εργασιακός χώρος,Ουσιαστικά,noun,,ένσημο,,,no_english
989,5,Επαγγέλματα - Εργασιακός χώρος,Ουσιαστικά,noun,,επάγγελμα,profession,profession photo,generated
990,5,Επαγγέλματα - Εργασιακός χώρος,Ουσιαστικά,noun,,επαγγελματικήδεοντολογία,,,no_english
991,5,Επαγγέλματα - Εργασιακός χώρος,Ουσιαστικά,noun,,επαγγελματικόςπροσανατολισμός,,,no_english
992,5,Επαγγέλματα - Εργασιακός χώρος,Ουσιαστικά,noun,,επίδομαανεργίας,,,no_english
993,5,Επαγγέλματα - Εργασιακός χώρος,Ουσιαστικά,noun,,επίδομαπαιδιών,,,no_english
994,5,Επαγγέλματα - Εργασιακός χώρος,Ουσιαστικά,noun,,επίδοματοκετού,,,no_english
995,5,Επαγγέλματα - Εργασιακός χώρος,Ουσιαστικά,noun,,εργαζόμενη,employed,employed photo,generated
996,5,Επαγγέλματα - Εργασιακός χώρος,Ουσιαστικά,noun,,εργαζόμενος,employed,employed photo,generated
997,5,Επαγγέλματα - Εργασιακός χώρος,Ουσιαστικά,noun,,εργασία,task,task photo,generated
998,5,Επαγγέλματα - Εργασιακός χώρος,Ουσιαστικά,noun,,εργάτης,male worker,male worker photo,generated
999,5,Επαγγέλματα - Εργασιακός χώρος,Ουσιαστικά,noun,,εργατικότητα,industry,industry photo,generated
1000,5,Επαγγέλματα - Εργασιακός χώρος,Ουσιαστικά,noun,,εργάτρια,female worker,female worker photo,generated
1001,5,Επαγγέλματα - Εργασιακός χώρος,Ουσιαστικά,noun,,εργοστάσιο,factory,factory photo,generated
1002,5,Επαγγέλματα - Εργασιακός χώρος,Ουσιαστικά,noun,,εταιρεία,association,association photo,generated
1003,5,Επαγγέλματα - Εργασιακός χώρος,Ουσιαστικά,noun,,ετήσιοεισόδημα,,,no_english
1004,5,Επαγγέλματα - Εργασιακός χώρος,Ουσιαστικά,noun,,ημερομίσθιο,day's pay,day's pay photo,generated
1005,5,Επαγγέλματα - Εργασιακός χώρος,Ουσιαστικά,noun,,ημιαργία,,,no_english
1006,5,Επαγγέλματα - Εργασιακός χώρος,Ουσιαστικά,noun,,ιδιωτικήυπάλληλος,,,no_english
1007,5,Επαγγέλματα - Εργασιακός χώρος,Ουσιαστικά,noun,,ιδιωτικόςυπάλληλος,,,no_english
1008,5,Επαγγέλματα - Εργασιακός χώρος,Ουσιαστικά,noun,,καριέρα,career,career photo,generated
1009,5,Επαγγέλματα - Εργασιακός χώρος,Ουσιαστικά,noun,,κοινωνικήασφάλεια,,,no_english
1010,5,Επαγγέλματα - Εργασιακός χώρος,Ουσιαστικά,noun,,κρατήσεις,booking,booking photo,generated
1011,5,Επαγγέλματα - Εργασιακός χώρος,Ουσιαστικά,noun,,κρίση,judgment,judgment photo,generated
1012,5,Επαγγέλματα - Εργασιακός χώρος,Ουσιαστικά,noun,,μάστορας,craftsman,craftsman photo,generated
1013,5,Επαγγέλματα - Εργασιακός χώρος,Ουσιαστικά,noun,,μαστόρισσα,craftsman,craftsman photo,generated
1014,5,Επαγγέλματα - Εργασιακός χώρος,Ουσιαστικά,noun,,μεροκάματο,day's pay,day's pay photo,generated
1015,5,Επαγγέλματα - Εργασιακός χώρος,Ουσιαστικά,noun,,μισθός,salary,salary photo,generated
1016,5,Επαγγέλματα - Εργασιακός χώρος,Ουσιαστικά,noun,,παραγωγικότητα,productivity,productivity photo,generated
1017,5,Επαγγέλματα - Εργασιακός χώρος,Ουσιαστικά,noun,,παραίτηση,resignation,resignation photo,generated
1018,5,Επαγγέλματα - Εργασιακός χώρος,Ουσιαστικά,noun,,πελατεία,patronage,patronage photo,generated
1019,5,Επαγγέλματα - Εργασιακός χώρος,Ουσιαστικά,noun,,πελάτης,customer,customer photo,generated
1020,5,Επαγγέλματα - Εργασιακός χώρος,Ουσιαστικά,noun,,πελάτισσα,female customer,female customer photo,generated
1021,5,Επαγγέλματα - Εργασιακός χώρος,Ουσιαστικά,noun,,προϊστάμενος,one that has higher rank in division of corporation,one that has higher rank in division of corporation photo,generated
1022,5,Επαγγέλματα - Εργασιακός χώρος,Ουσιαστικά,noun,,πρόσληψη,,,no_english
1023,5,Επαγγέλματα - Εργασιακός χώρος,Ουσιαστικά,noun,,προσωπικό,Nominative,Nominative photo,generated
1024,5,Επαγγέλματα - Εργασιακός χώρος,Ουσιαστικά,noun,,σταδιοδρομία,career,career photo,generated
1025,5,Επαγγέλματα - Εργασιακός χώρος,Ουσιαστικά,noun,,στέλεχος,official,official photo,generated
1026,5,Επαγγέλματα - Εργασιακός χώρος,Ουσιαστικά,noun,,σύμβασηεργασίας,,,no_english
1027,5,Επαγγέλματα - Εργασιακός χώρος,Ουσιαστικά,noun,,σύνταξη,syntax,syntax photo,generated
1028,5,Επαγγέλματα - Εργασιακός χώρος,Ουσιαστικά,noun,,συνταξιούχος,pensioner,pensioner photo,generated
1029,5,Επαγγέλματα - Εργασιακός χώρος,Ουσιαστικά,noun,,ταμείοανεργίας,,,no_english
1030,5,Επαγγέλματα - Εργασιακός χώρος,Ουσιαστικά,noun,,υπερωρία,overtime work,overtime work photo,generated
1031,5,Επαγγέλματα - Εργασιακός χώρος,Ουσιαστικά,noun,,υπεύθυνος-η(καταστήματος),responsible,responsible photo,generated
1032,5,Επαγγέλματα - Εργασιακός χώρος,Ουσιαστικά,noun,,φορολογία,taxation,taxation photo,generated
1033,5,Επαγγέλματα - Εργασιακός χώρος,Ουσιαστικά,noun,,φόρος,tribute,tribute photo,generated
1034,5,Επαγγέλματα - Εργασιακός χώρος,Ουσιαστικά,noun,,φορολογούμενος,,,no_english
1035,5,Επαγγέλματα - Εργασιακός χώρος,Ουσιαστικά,noun,,ταεπαγγέλματα,,,no_english
1036,5,Επαγγέλματα - Εργασιακός χώρος,Ουσιαστικά,noun,,αγρότης,farmer,farmer photo,generated
1037,5,Επαγγέλματα - Εργασιακός χώρος,Ουσιαστικά,noun,,αγρότισσα,farmer,farmer photo,generated
1038,5,Επαγγέλματα - Εργασιακός χώρος,Ουσιαστικά,noun,,αεοσυνοδός,,,no_english
1039,5,Επαγγέλματα - Εργασιακός χώρος,Ουσιαστικά,noun,,αισθητικός,aesthetic,aesthetic photo,generated
1040,5,Επαγγέλματα - Εργασιακός χώρος,Ουσιαστικά,noun,,ανθοπώλης,florist,florist photo,generated
1041,5,Επαγγέλματα - Εργασιακός χώρος,Ουσιαστικά,noun,,ανθοπώλισσα,florist,florist photo,generated
1042,5,Επαγγέλματα - Εργασιακός χώρος,Ουσιαστικά,noun,,αρτοποιός,baker,baker photo,generated
1043,5,Επαγγέλματα - Εργασιακός χώρος,Ουσιαστικά,noun,,αρχιτέκτονας,architect,architect photo,generated
1044,5,Επαγγέλματα - Εργασιακός χώρος,Ουσιαστικά,noun,,αρχιτεκτόνισσα,architect,architect photo,generated
1045,5,Επαγγέλματα - Εργασιακός χώρος,Ουσιαστικά,noun,,βιβλιοπώλης,bookseller,bookseller photo,generated
1046,5,Επαγγέλματα - Εργασιακός χώρος,Ουσιαστικά,noun,,βιομήχανος,industrialist,industrialist photo,generated
1047,5,Επαγγέλματα - Εργασιακός χώρος,Ουσιαστικά,noun,,βιοτέχνης,craftsman,craftsman photo,generated
1048,5,Επαγγέλματα - Εργασιακός χώρος,Ουσιαστικά,noun,,γαζωτής,,,no_english
1049,5,Επαγγέλματα - Εργασιακός χώρος,Ουσιαστικά,noun,,γαζώτρια,,,no_english
1050,5,Επαγγέλματα - Εργασιακός χώρος,Ουσιαστικά,noun,,γιατρός,doctor,doctor photo,generated
1051,5,Επαγγέλματα - Εργασιακός χώρος,Ουσιαστικά,noun,,γουναράς,,,no_english
1052,5,Επαγγέλματα - Εργασιακός χώρος,Ουσιαστικά,noun,,γραμματέας,secretary,secretary photo,generated
1053,5,Επαγγέλματα - Εργασιακός χώρος,Ουσιαστικά,noun,,γραφίστας,,,no_english
1054,5,Επαγγέλματα - Εργασιακός χώρος,Ουσιαστικά,noun,,γυμναστής,gymnast,gymnast photo,generated
1055,5,Επαγγέλματα - Εργασιακός χώρος,Ουσιαστικά,noun,,γυμνάστρια,gymnast,gymnast photo,generated
1056,5,Επαγγέλματα - Εργασιακός χώρος,Ουσιαστικά,noun,,δακτυλογράφος,typist,typist photo,generated
1057,5,Επαγγέλματα - Εργασιακός χώρος,Ουσιαστικά,noun,,δασκάλα,female teacher,female teacher photo,generated
1058,5,Επαγγέλματα - Εργασιακός χώρος,Ουσιαστικά,noun,,δάσκαλος,teacher,teacher photo,generated
1059,5,Επαγγέλματα - Εργασιακός χώρος,Ουσιαστικά,noun,,δημοσιογράφος,journalist,journalist photo,generated
1060,5,Επαγγέλματα - Εργασιακός χώρος,Ουσιαστικά,noun,,διακοσμητής,,,no_english
1061,5,Επαγγέλματα - Εργασιακός χώρος,Ουσιαστικά,noun,,διακοσμήτρια,,,no_english
1062,5,Επαγγέλματα - Εργασιακός χώρος,Ουσιαστικά,noun,,διαφημιστής,advertiser,advertiser photo,generated
1063,5,Επαγγέλματα - Εργασιακός χώρος,Ουσιαστικά,noun,,διαφημίστρια,advertiser,advertiser photo,generated
1064,5,Επαγγέλματα - Εργασιακός χώρος,Ουσιαστικά,noun,,διερμηνέας,interpreter,interpreter photo,generated
1065,5,Επαγγέλματα - Εργασιακός χώρος,Ουσιαστικά,noun,,δικαστής,judge,judge photo,generated
1066,5,Επαγγέλματα - Εργασιακός χώρος,Ουσιαστικά,noun,,δικηγόρος,attorney,attorney photo,generated
1067,5,Επαγγέλματα - Εργασιακός χώρος,Ουσιαστικά,noun,,εισαγωγέας,,,no_english
1068,5,Επαγγέλματα - Εργασιακός χώρος,Ουσιαστικά,noun,,εισπράκτορας,ticket collector,ticket collector photo,generated
1069,5,Επαγγέλματα - Εργασιακός χώρος,Ουσιαστικά,noun,,ελεγκτής,auditor,auditor photo,generated
1070,5,Επαγγέλματα - Εργασιακός χώρος,Ουσιαστικά,noun,,εξαγωγέας,,,no_english
1071,5,Επαγγέλματα - Εργασιακός χώρος,Ουσιαστικά,noun,,εμπορικόςαντιπρόσωπος,,,no_english
1072,5,Επαγγέλματα - Εργασιακός χώρος,Ουσιαστικά,noun,,έμπορος,merchant,merchant photo,generated
1073,5,Επαγγέλματα - Εργασιακός χώρος,Ουσιαστικά,noun,,εμπόρισσα,merchant,merchant photo,generated
1074,5,Επαγγέλματα - Εργασιακός χώρος,Ουσιαστικά,noun,,επιπλοποιός,cabinet maker,cabinet maker photo,generated
1075,5,Επαγγέλματα - Εργασιακός χώρος,Ουσιαστικά,noun,,επιχειρηματίας,businessman,businessman photo,generated
1076,5,Επαγγέλματα - Εργασιακός χώρος,Ουσιαστικά,noun,,εργάτης,male worker,male worker photo,generated
1077,5,Επαγγέλματα - Εργασιακός χώρος,Ουσιαστικά,noun,,εργάτρια,female worker,female worker photo,generated
1078,5,Επαγγέλματα - Εργασιακός χώρος,Ουσιαστικά,noun,,ζαχαροπλάστης,confectioner,confectioner photo,generated
1079,5,Επαγγέλματα - Εργασιακός χώρος,Ουσιαστικά,noun,,ζωγράφος,painter,painter photo,generated
1080,5,Επαγγέλματα - Εργασιακός χώρος,Ουσιαστικά,noun,,ηθοποιός,actor,actor photo,generated
1081,5,Επαγγέλματα - Εργασιακός χώρος,Ουσιαστικά,noun,,ηλεκτρολόγος,electrician,electrician photo,generated
1082,5,Επαγγέλματα - Εργασιακός χώρος,Ουσιαστικά,noun,,ηλεκτρονικός,electronic,electronic photo,generated
1083,5,Επαγγέλματα - Εργασιακός χώρος,Ουσιαστικά,noun,,ηχολήπτης,,,no_english
1084,5,Επαγγέλματα - Εργασιακός χώρος,Ουσιαστικά,noun,,ηχολήπτρια,,,no_english
1085,5,Επαγγέλματα - Εργασιακός χώρος,Ουσιαστικά,noun,,"θυρωρός,ο,η .",,,no_english
1086,5,Επαγγέλματα - Εργασιακός χώρος,Ουσιαστικά,noun,,ιχθυοπώλης,fishmonger,fishmonger photo,generated
1087,5,Επαγγέλματα - Εργασιακός χώρος,Ουσιαστικά,noun,,καθηγητής,professor,professor photo,generated
1088,5,Επαγγέλματα - Εργασιακός χώρος,Ουσιαστικά,noun,,καθηγήτρια,professor,professor photo,generated
1089,5,Επαγγέλματα - Εργασιακός χώρος,Ουσιαστικά,noun,,καπετάνιος,captain,captain photo,generated
1090,5,Επαγγέλματα - Εργασιακός χώρος,Ουσιαστικά,noun,,καφεπώλης,,,no_english
1091,5,Επαγγέλματα - Εργασιακός χώρος,Ουσιαστικά,noun,,κλητήρας,,,no_english
1092,5,Επαγγέλματα - Εργασιακός χώρος,Ουσιαστικά,noun,,κοινωνιολόγος,,,no_english
1093,5,Επαγγέλματα - Εργασιακός χώρος,Ουσιαστικά,noun,,κομμωτής,hairdresser,hairdresser photo,generated
1094,5,Επαγγέλματα - Εργασιακός χώρος,Ουσιαστικά,noun,,κομμώτρια,hairdresser,hairdresser photo,generated
1095,5,Επαγγέλματα - Εργασιακός χώρος,Ουσιαστικά,noun,,κουρέας,barber,barber photo,generated
1096,5,Επαγγέλματα - Εργασιακός χώρος,Ουσιαστικά,noun,,κρεοπώλης,butcher,butcher photo,generated
1097,5,Επαγγέλματα - Εργασιακός χώρος,Ουσιαστικά,noun,,λογιστής,accountant,accountant photo,generated
1098,5,Επαγγέλματα - Εργασιακός χώρος,Ουσιαστικά,noun,,λογίστρια,accountant,accountant photo,generated
1099,5,Επαγγέλματα - Εργασιακός χώρος,Ουσιαστικά,noun,,μάγειρας,cook,cook photo,generated
1100,5,Επαγγέλματα - Εργασιακός χώρος,Ουσιαστικά,noun,,μαγείρισσα,cook,cook photo,generated
1101,5,Επαγγέλματα - Εργασιακός χώρος,Ουσιαστικά,noun,,μαέστρος,conductor,conductor photo,generated
1102,5,Επαγγέλματα - Εργασιακός χώρος,Ουσιαστικά,noun,,μανάβης,greengrocer,greengrocer photo,generated
1103,5,Επαγγέλματα - Εργασιακός χώρος,Ουσιαστικά,noun,,μανάβισσα,female greengrocer,female greengrocer photo,generated
1104,5,Επαγγέλματα - Εργασιακός χώρος,Ουσιαστικά,noun,,μάστορας,craftsman,craftsman photo,generated
1105,5,Επαγγέλματα - Εργασιακός χώρος,Ουσιαστικά,noun,,μεταφραστής,translator,translator photo,generated
1106,5,Επαγγέλματα - Εργασιακός χώρος,Ουσιαστικά,noun,,μεταφράστρια,translator,translator photo,generated
1107,5,Επαγγέλματα - Εργασιακός χώρος,Ουσιαστικά,noun,,μηχανικός,mechanical,mechanical photo,generated
1108,5,Επαγγέλματα - Εργασιακός χώρος,Ουσιαστικά,noun,,μοδίστρα,tailor,tailor photo,generated
1109,5,Επαγγέλματα - Εργασιακός χώρος,Ουσιαστικά,noun,,μόδιστρος,,,no_english
1110,5,Επαγγέλματα - Εργασιακός χώρος,Ουσιαστικά,noun,,μουσικός,musical,musical photo,generated
1111,5,Επαγγέλματα - Εργασιακός χώρος,Ουσιαστικά,noun,,μπακάλης,grocer,grocer photo,generated
1112,5,Επαγγέλματα - Εργασιακός χώρος,Ουσιαστικά,noun,,ναυτικός,marine,marine photo,generated
1113,5,Επαγγέλματα - Εργασιακός χώρος,Ουσιαστικά,noun,,νηπιαγωγός,nursery nurse,nursery nurse photo,generated
1114,5,Επαγγέλματα - Εργασιακός χώρος,Ουσιαστικά,noun,,νομικόςσύμβουλος,,,no_english
1115,5,Επαγγέλματα - Εργασιακός χώρος,Ουσιαστικά,noun,,νοσοκόμα,nurse,nurse photo,generated
1116,5,Επαγγέλματα - Εργασιακός χώρος,Ουσιαστικά,noun,,νοσοκόμος,male nurse,male nurse photo,generated
1117,5,Επαγγέλματα - Εργασιακός χώρος,Ουσιαστικά,noun,,ξεναγός,guide,guide photo,generated
1118,5,Επαγγέλματα - Εργασιακός χώρος,Ουσιαστικά,noun,,ξενοδόχος,hotelier,hotelier photo,generated
1119,5,Επαγγέλματα - Εργασιακός χώρος,Ουσιαστικά,noun,,οδηγός,driver,driver photo,generated
1120,5,Επαγγέλματα - Εργασιακός χώρος,Ουσιαστικά,noun,,οδοντίατρος,dentist,dentist photo,generated
1121,5,Επαγγέλματα - Εργασιακός χώρος,Ουσιαστικά,noun,,οδοντοτεχνίτης,,,no_english
1122,5,Επαγγέλματα - Εργασιακός χώρος,Ουσιαστικά,noun,,οικοδόμος,builder,builder photo,generated
1123,5,Επαγγέλματα - Εργασιακός χώρος,Ουσιαστικά,noun,,οικονομολόγος,,,no_english
1124,5,Επαγγέλματα - Εργασιακός χώρος,Ουσιαστικά,noun,,παντοπώλης,grocer,grocer photo,generated
1125,5,Επαγγέλματα - Εργασιακός χώρος,Ουσιαστικά,noun,,περιπτεράς,kiosk owner,kiosk owner photo,generated
1126,5,Επαγγέλματα - Εργασιακός χώρος,Ουσιαστικά,noun,,περιπτερού,kiosk owner,kiosk owner photo,generated
1127,5,Επαγγέλματα - Εργασιακός χώρος,Ουσιαστικά,noun,,πιλότος,pilot,pilot photo,generated
1128,5,Επαγγέλματα - Εργασιακός χώρος,Ουσιαστικά,noun,,πλασιέ,salesman,salesman photo,generated
1129,5,Επαγγέλματα - Εργασιακός χώρος,Ουσιαστικά,noun,,πλοίαρχος,captain in Royal Navy and in US navy,captain in Royal Navy and in US navy photo,generated
1130,5,Επαγγέλματα - Εργασιακός χώρος,Ουσιαστικά,noun,,πολιτικόςμηχανικός,,,no_english
1131,5,Επαγγέλματα - Εργασιακός χώρος,Ουσιαστικά,noun,,πωλητής,seller,seller photo,generated
1132,5,Επαγγέλματα - Εργασιακός χώρος,Ουσιαστικά,noun,,πωλήτρια,seller,seller photo,generated
1133,5,Επαγγέλματα - Εργασιακός χώρος,Ουσιαστικά,noun,,ράφτης,,,no_english
1134,5,Επαγγέλματα - Εργασιακός χώρος,Ουσιαστικά,noun,,ράφτρα,,,no_english
1135,5,Επαγγέλματα - Εργασιακός χώρος,Ουσιαστικά,noun,,σερβιτόρα,female waiter,female waiter photo,generated
1136,5,Επαγγέλματα - Εργασιακός χώρος,Ουσιαστικά,noun,,σερβιτόρος,male waiter,male waiter photo,generated
1137,5,Επαγγέλματα - Εργασιακός χώρος,Ουσιαστικά,noun,,σεφ,,,no_english
1138,5,Επαγγέλματα - Εργασιακός χώρος,Ουσιαστικά,noun,,σκηνογράφος,,,no_english
1139,5,Επαγγέλματα - Εργασιακός χώρος,Ουσιαστικά,noun,,σκηνοθέτης,director,director photo,generated
1140,5,Επαγγέλματα - Εργασιακός χώρος,Ουσιαστικά,noun,,στρατιωτικός,military,military photo,generated
1141,5,Επαγγέλματα - Εργασιακός χώρος,Ουσιαστικά,noun,,συγγραφέας,writer,writer photo,generated
1142,5,Επαγγέλματα - Εργασιακός χώρος,Ουσιαστικά,noun,,συνεργείοκαθαρισμού,,,no_english
1143,5,Επαγγέλματα - Εργασιακός χώρος,Ουσιαστικά,noun,,σχεδιαστής,designer,designer photo,generated
1144,5,Επαγγέλματα - Εργασιακός χώρος,Ουσιαστικά,noun,,σχεδιάστρια,designer,designer photo,generated
1145,5,Επαγγέλματα - Εργασιακός χώρος,Ουσιαστικά,noun,,ταμίας,cashier,cashier photo,generated
1146,5,Επαγγέλματα - Εργασιακός χώρος,Ουσιαστικά,noun,,ταξιτζής,taxi driver,taxi driver photo,generated
1147,5,Επαγγέλματα - Εργασιακός χώρος,Ουσιαστικά,noun,,ταξιτζού,taxi driver,taxi driver photo,generated
1148,5,Επαγγέλματα - Εργασιακός χώρος,Ουσιαστικά,noun,,τεχνίτης,technician,technician photo,generated
1149,5,Επαγγέλματα - Εργασιακός χώρος,Ουσιαστικά,noun,,τηλεπαρουσιαστής,,,no_english
1150,5,Επαγγέλματα - Εργασιακός χώρος,Ουσιαστικά,noun,,τηλεπαρουσιάστρια,,,no_english
1151,5,Επαγγέλματα - Εργασιακός χώρος,Ουσιαστικά,noun,,τραγουδιστής,singer,singer photo,generated
1152,5,Επαγγέλματα - Εργασιακός χώρος,Ουσιαστικά,noun,,τραγουδίστρια,singer,singer photo,generated
1153,5,Επαγγέλματα - Εργασιακός χώρος,Ουσιαστικά,noun,,τσαγκάρης,maker or repairer of shoes or sandals,maker or repairer of shoes or sandals photo,generated
1154,5,Επαγγέλματα - Εργασιακός χώρος,Ουσιαστικά,noun,,υδραυλικός,hydraulic,hydraulic photo,generated
1155,5,Επαγγέλματα - Εργασιακός χώρος,Ουσιαστικά,noun,,φυσικοθεραπευτής,,,no_english
1156,5,Επαγγέλματα - Εργασιακός χώρος,Ουσιαστικά,noun,,φυσικοθεραπεύτρια,,,no_english
1157,5,Επαγγέλματα - Εργασιακός χώρος,Ουσιαστικά,noun,,φωτογράφος,photographer,photographer photo,generated
1158,5,Επαγγέλματα - Εργασιακός χώρος,Ουσιαστικά,noun,,χασάπης,butcher,butcher photo,generated
1159,5,Επαγγέλματα - Εργασιακός χώρος,Ουσιαστικά,noun,,χορευτής,dancer,dancer photo,generated
1160,5,Επαγγέλματα - Εργασιακός χώρος,Ουσιαστικά,noun,,χορεύτρια,dancer,dancer photo,generated
1161,5,Επαγγέλματα - Εργασιακός χώρος,Ουσιαστικά,noun,,χρυσοχόος,goldsmith,goldsmith photo,generated
1162,5,Επαγγέλματα - Εργασιακός χώρος,Ουσιαστικά,noun,,ψαράς,fisherman,fisherman photo,generated
1163,5,Επαγγέλματα - Εργασιακός χώρος,Ουσιαστικά,noun,,ψιλικατζής,,,no_english
1164,5,Επαγγέλματα - Εργασιακός χώρος,Ουσιαστικά,noun,,ψιλικατζού,,,no_english
1165,5,Επαγγέλματα - Εργασιακός χώρος,Ουσιαστικά,noun,,ψυχολόγος,psychologist,psychologist photo,generated
1254,6,Διατροφή,Ουσιαστικά,noun,,αλάτι,common salt,common salt photo,generated
1255,6,Διατροφή,Ουσιαστικά,noun,,αλατοπίπερο,salt and pepper,salt and pepper photo,generated
1256,6,Διατροφή,Ουσιαστικά,noun,,άνηθος,dill,dill photo,generated
1257,6,Διατροφή,Ουσιαστικά,noun,,αλεύρι,flour,flour photo,generated
1258,6,Διατροφή,Ουσιαστικά,noun,,αρνάκι,lamb,lamb photo,generated
1259,6,Διατροφή,Ουσιαστικά,noun,,αρνί,lamb,lamb photo,generated
1260,6,Διατροφή,Ουσιαστικά,noun,,αυγό,(literary) Alternative form of αβγό (avgó),,needs_review
1261,6,Διατροφή,Ουσιαστικά,noun,,βοδινό,beef,beef photo,generated
1262,6,Διατροφή,Ουσιαστικά,noun,,βραδινό,evening meal,evening meal photo,generated
1263,6,Διατροφή,Ουσιαστικά,noun,,γαλοπούλα,Nominative,Nominative photo,generated
1264,6,Διατροφή,Ουσιαστικά,noun,,γεύμα,meal,meal photo,generated
1265,6,Διατροφή,Ουσιαστικά,noun,,γεύση,taste,taste photo,generated
1266,6,Διατροφή,Ουσιαστικά,noun,,δάφνη,laurel,laurel photo,generated
1267,6,Διατροφή,Ουσιαστικά,noun,,δείπνο,evening meal,evening meal photo,generated
1268,6,Διατροφή,Ουσιαστικά,noun,,ελιά,olive,olive photo,generated
1269,6,Διατροφή,Ουσιαστικά,noun,,επιδόρπιο,dessert,dessert photo,generated
1270,6,Διατροφή,Ουσιαστικά,noun,,εστιατόριο,restaurant,restaurant photo,generated
1271,6,Διατροφή,Ουσιαστικά,noun,,ζάχαρη,sugar,sugar photo,generated
1272,6,Διατροφή,Ουσιαστικά,noun,,ζυμαρικά,Nominative,Nominative photo,generated
1273,6,Διατροφή,Ουσιαστικά,noun,,κατάλογος,catalogue,catalogue photo,generated
1274,6,Διατροφή,Ουσιαστικά,noun,,κατσικάκι,goat meat,goat meat photo,generated
1275,6,Διατροφή,Ουσιαστικά,noun,,κέτσαπ,ketchup,ketchup photo,generated
1276,6,Διατροφή,Ουσιαστικά,noun,,κιμάς,mince,mince photo,generated
1277,6,Διατροφή,Ουσιαστικά,noun,,κολατσό,snack,snack photo,generated
1278,6,Διατροφή,Ουσιαστικά,noun,,κότα,chicken,chicken photo,generated
1279,6,Διατροφή,Ουσιαστικά,noun,,κοτόπουλο,chicken,chicken photo,generated
1280,6,Διατροφή,Ουσιαστικά,noun,,κουζίνα,kitchen,kitchen photo,generated
1281,6,Διατροφή,Ουσιαστικά,noun,,κουταλάκι,small spoon,small spoon photo,generated
1282,6,Διατροφή,Ουσιαστικά,noun,,κουτάλι,spoon,spoon photo,generated
1283,6,Διατροφή,Ουσιαστικά,noun,,κρεατικά,,,no_english
1284,6,Διατροφή,Ουσιαστικά,noun,,κρέπα,,,no_english
1285,6,Διατροφή,Ουσιαστικά,noun,,κριθαράκι,orzo pasta,orzo pasta photo,generated
1286,6,Διατροφή,Ουσιαστικά,noun,,κρύοπιάτο,,,no_english
1287,6,Διατροφή,Ουσιαστικά,noun,,κύμινο,cumin,cumin photo,generated
1288,6,Διατροφή,Ουσιαστικά,noun,,κυνήγι,hunting,hunting photo,generated
1289,6,Διατροφή,Ουσιαστικά,noun,,λαγός,hare,hare photo,generated
1290,6,Διατροφή,Ουσιαστικά,noun,,λάδι,olive,olive photo,generated
1291,6,Διατροφή,Ουσιαστικά,noun,,λογαριασμός,bill,bill photo,generated
1292,6,Διατροφή,Ουσιαστικά,noun,,μαγιονέζα,mayonnaise,mayonnaise photo,generated
1293,6,Διατροφή,Ουσιαστικά,noun,,μαϊντανός,parsley,parsley photo,generated
1294,6,Διατροφή,Ουσιαστικά,noun,,μακαρόνια,Nominative,Nominative photo,generated
1295,6,Διατροφή,Ουσιαστικά,noun,,μαρμελάδα,jam; marmalade,,needs_review
1296,6,Διατροφή,Ουσιαστικά,noun,,μαχαίρι,knife,knife photo,generated
1297,6,Διατροφή,Ουσιαστικά,noun,,μαχαιροτιήρουνο,,,no_english
1298,6,Διατροφή,Ουσιαστικά,noun,,μελάτο,Nominative,Nominative photo,generated
1299,6,Διατροφή,Ουσιαστικά,noun,,μενού,menu,menu photo,generated
1300,6,Διατροφή,Ουσιαστικά,noun,,μεσημεριανό,lunch,lunch photo,generated
1301,6,Διατροφή,Ουσιαστικά,noun,,μοσχαράκι,,,no_english
1302,6,Διατροφή,Ουσιαστικά,noun,,μοσχάρι,calf,calf photo,generated
1303,6,Διατροφή,Ουσιαστικά,noun,,μουστάρδα,mustard,mustard photo,generated
1304,6,Διατροφή,Ουσιαστικά,noun,,μπαχαρικό,spice,spice photo,generated
1305,6,Διατροφή,Ουσιαστικά,noun,,μπούτι,thigh,thigh photo,generated
1306,6,Διατροφή,Ουσιαστικά,noun,,μπριζόλα,steak,steak photo,generated
1307,6,Διατροφή,Ουσιαστικά,noun,,ξίδι,vinegar,vinegar photo,generated
1308,6,Διατροφή,Ουσιαστικά,noun,,ορεκτικό,starter,starter photo,generated
1309,6,Διατροφή,Ουσιαστικά,noun,,πάπια,duck,duck photo,generated
1310,6,Διατροφή,Ουσιαστικά,noun,,πιπεράτος,,,no_english
1311,6,Διατροφή,Ουσιαστικά,noun,,πουλερικά,poultry,poultry photo,generated
1312,6,Διατροφή,Ουσιαστικά,noun,,πρόγευμα,breakfast,breakfast photo,generated
1313,6,Διατροφή,Ουσιαστικά,noun,,πρωινό,morning,morning photo,generated
1314,6,Διατροφή,Ουσιαστικά,noun,,ρίγανη,oregano,oregano photo,generated
1315,6,Διατροφή,Ουσιαστικά,noun,,σάλτσα,sauce,sauce photo,generated
1316,6,Διατροφή,Ουσιαστικά,noun,,σάντουιτς,sandwich,sandwich photo,generated
1317,6,Διατροφή,Ουσιαστικά,noun,,σέλινο,celery,celery photo,generated
1318,6,Διατροφή,Ουσιαστικά,noun,,σουβλάκι,souvlaki,souvlaki photo,generated
1319,6,Διατροφή,Ουσιαστικά,noun,,σουβλατζίδικο,souvlaki shop,souvlaki shop photo,generated
1320,6,Διατροφή,Ουσιαστικά,noun,,στήθος,chest,chest photo,generated
1321,6,Διατροφή,Ουσιαστικά,noun,,συκωταριά,,,no_english
1322,6,Διατροφή,Ουσιαστικά,noun,,"συνταγή,η.",,,no_english
1323,6,Διατροφή,Ουσιαστικά,noun,,ταβέρνα,taverna,taverna photo,generated
1324,6,Διατροφή,Ουσιαστικά,noun,,τοστ,toasted sandwich,toasted sandwich photo,generated
1325,6,Διατροφή,Ουσιαστικά,noun,,τραπέζι,table,table photo,generated
1326,6,Διατροφή,Ουσιαστικά,noun,,τραπεζομάντιλο,tablecloth,tablecloth photo,generated
1327,6,Διατροφή,Ουσιαστικά,noun,,φαγητό,food,food photo,generated
1328,6,Διατροφή,Ουσιαστικά,noun,,φασιανός,pheasant,pheasant photo,generated
1329,6,Διατροφή,Ουσιαστικά,noun,,φαστφου(ν)τάδικο,,,no_english
1330,6,Διατροφή,Ουσιαστικά,noun,,φιδές,,,no_english
1331,6,Διατροφή,Ουσιαστικά,noun,,φιλέτο,,,no_english
1332,6,Διατροφή,Ουσιαστικά,noun,,φτερό,wing,wing photo,generated
1333,6,Διατροφή,Ουσιαστικά,noun,,χάμπουργκερ,hamburger,hamburger photo,generated
1334,6,Διατροφή,Ουσιαστικά,noun,,χαρτοπετσέτα,paper towel,paper towel photo,generated
1335,6,Διατροφή,Ουσιαστικά,noun,,ψωμί,bread,bread photo,generated
1336,6,Διατροφή,Ουσιαστικά,noun,,ταθαλασσινά,,,no_english
1337,6,Διατροφή,Ουσιαστικά,noun,,αστακός,lobster,lobster photo,generated
1338,6,Διατροφή,Ουσιαστικά,noun,,γαρίδα,shrimp,shrimp photo,generated
1339,6,Διατροφή,Ουσιαστικά,noun,,σουπιά,cuttlefish,cuttlefish photo,generated
1340,6,Διατροφή,Ουσιαστικά,noun,,κάβουρας,plumber wrench,plumber wrench photo,generated
1341,6,Διατροφή,Ουσιαστικά,noun,,καβούρι,crab,crab photo,generated
1342,6,Διατροφή,Ουσιαστικά,noun,,καλαμαράκι,,,no_english
1343,6,Διατροφή,Ουσιαστικά,noun,,καλαμάρι,squid,squid photo,generated
1344,6,Διατροφή,Ουσιαστικά,noun,,καραβίδα,,,no_english
1345,6,Διατροφή,Ουσιαστικά,noun,,μύδι,mussel,mussel photo,generated
1346,6,Διατροφή,Ουσιαστικά,noun,,στρείδι,,,no_english
1347,6,Διατροφή,Ουσιαστικά,noun,,χταπόδι,octopus,octopus photo,generated
1348,6,Διατροφή,Ουσιαστικά,noun,,ταψάρια(τοψάρι),,,no_english
1349,6,Διατροφή,Ουσιαστικά,noun,,γάβρος,,,no_english
1350,6,Διατροφή,Ουσιαστικά,noun,,λαβράκι,,,no_english
1351,6,Διατροφή,Ουσιαστικά,noun,,λιθρίνι,common pandora,common pandora photo,generated
1352,6,Διατροφή,Ουσιαστικά,noun,,μαρίδα,,,no_english
1353,6,Διατροφή,Ουσιαστικά,noun,,μπακαλιάρος,cod (marine fish of the family Gadidae),,needs_review
1354,6,Διατροφή,Ουσιαστικά,noun,,μπαρμπούνι,mullet,mullet photo,generated
1355,6,Διατροφή,Ουσιαστικά,noun,,σαρδέλα,sardine,sardine photo,generated
1356,6,Διατροφή,Ουσιαστικά,noun,,τόνος,΄ tonos,΄ tonos photo,generated
1357,6,Διατροφή,Ουσιαστικά,noun,,τσιπούρα,tsipouro,tsipouro photo,generated
1358,6,Διατροφή,Ουσιαστικά,noun,,ταλαχανικά(τολαχανικό),,,no_english
1359,6,Διατροφή,Ουσιαστικά,noun,,αγγινάρα,artichoke,artichoke photo,generated
1360,6,Διατροφή,Ουσιαστικά,noun,,αγγούρι,cucumber,cucumber photo,generated
1361,6,Διατροφή,Ουσιαστικά,noun,,αρακάς,mangetout,mangetout photo,generated
1362,6,Διατροφή,Ουσιαστικά,noun,,καρότο,carrot,carrot photo,generated
1363,6,Διατροφή,Ουσιαστικά,noun,,κολοκυθάκι,courgette,courgette photo,generated
1364,6,Διατροφή,Ουσιαστικά,noun,,κολοκύθι,squash,squash photo,generated
1365,6,Διατροφή,Ουσιαστικά,noun,,κουκιά,broad bean,broad bean photo,generated
1366,6,Διατροφή,Ουσιαστικά,noun,,κουνουπίδι,cauliflower,cauliflower photo,generated
1367,6,Διατροφή,Ουσιαστικά,noun,,κρεμμυδάκι,spring onion,spring onion photo,generated
1368,6,Διατροφή,Ουσιαστικά,noun,,κρεμμυδάκι,spring onion,spring onion photo,generated
1369,6,Διατροφή,Ουσιαστικά,noun,,κρεμμύδι,onion,onion photo,generated
1370,6,Διατροφή,Ουσιαστικά,noun,,λάχανο,cabbage,cabbage photo,generated
1371,6,Διατροφή,Ουσιαστικά,noun,,μαρούλι,lettuce,lettuce photo,generated
1372,6,Διατροφή,Ουσιαστικά,noun,,μελιτζάνα,aubergine,aubergine photo,generated
1373,6,Διατροφή,Ουσιαστικά,noun,,μπάμιες,Nominative,Nominative photo,generated
1374,6,Διατροφή,Ουσιαστικά,noun,,μπρόκολο,broccoli,broccoli photo,generated
1375,6,Διατροφή,Ουσιαστικά,noun,,ντομάτα,tomato,tomato photo,generated
1376,6,Διατροφή,Ουσιαστικά,noun,,παντζάρια,beetroot,beetroot photo,generated
1377,6,Διατροφή,Ουσιαστικά,noun,,πατάτα,potato,potato photo,generated
1378,6,Διατροφή,Ουσιαστικά,noun,,πιπεριά,pepper,pepper photo,generated
1379,6,Διατροφή,Ουσιαστικά,noun,,πράσσο,leek,leek photo,generated
1380,6,Διατροφή,Ουσιαστικά,noun,,σκόρδο,garlic,garlic photo,generated
1381,6,Διατροφή,Ουσιαστικά,noun,,σπανάκι,spinach,spinach photo,generated
1382,6,Διατροφή,Ουσιαστικά,noun,,φασολάκια,,,no_english
1383,6,Διατροφή,Ουσιαστικά,noun,,χόρτα,greens,greens photo,generated
1384,6,Διατροφή,Ουσιαστικά,noun,,ταόσπρια(τοόσπριο),,,no_english
1385,6,Διατροφή,Ουσιαστικά,noun,,κουκιά,broad bean,broad bean photo,generated
1386,6,Διατροφή,Ουσιαστικά,noun,,ρεβύθια,chickpea,chickpea photo,generated
1387,6,Διατροφή,Ουσιαστικά,noun,,ρύζι,rice,rice photo,generated
1388,6,Διατροφή,Ουσιαστικά,noun,,φάβα,,,no_english
1389,6,Διατροφή,Ουσιαστικά,noun,,φακή,lentil,lentil photo,generated
1390,6,Διατροφή,Ουσιαστικά,noun,,φασόλια,bean plant,bean plant photo,generated
1391,6,Διατροφή,Ουσιαστικά,noun,,ταφρούτα(τοφρούτο),,,no_english
1392,6,Διατροφή,Ουσιαστικά,noun,,ανανάς,pineapple,pineapple photo,generated
1393,6,Διατροφή,Ουσιαστικά,noun,,αχλάδι,pear,pear photo,generated
1394,6,Διατροφή,Ουσιαστικά,noun,,βερίκοκο,apricot,apricot photo,generated
1395,6,Διατροφή,Ουσιαστικά,noun,,καρπούζι,watermelon,watermelon photo,generated
1396,6,Διατροφή,Ουσιαστικά,noun,,κεράσι,cherry,cherry photo,generated
1397,6,Διατροφή,Ουσιαστικά,noun,,λεμόνι,lemon,lemon photo,generated
1398,6,Διατροφή,Ουσιαστικά,noun,,τομήλο,,,no_english
1399,6,Διατροφή,Ουσιαστικά,noun,,μανταρίνι,tangerine,tangerine photo,generated
1400,6,Διατροφή,Ουσιαστικά,noun,,μπανάνα,banana,banana photo,generated
1401,6,Διατροφή,Ουσιαστικά,noun,,πεπόνι,melon,melon photo,generated
1402,6,Διατροφή,Ουσιαστικά,noun,,πορτοκάλι,orange,orange photo,generated
1403,6,Διατροφή,Ουσιαστικά,noun,,ροδάκινο,peach,peach photo,generated
1404,6,Διατροφή,Ουσιαστικά,noun,,σταφύλι,grape,grape photo,generated
1405,6,Διατροφή,Ουσιαστικά,noun,,φράουλα,strawberry,strawberry photo,generated
1406,6,Διατροφή,Ουσιαστικά,noun,,ταγλυκά(τογλυκό),,,no_english
1407,6,Διατροφή,Ουσιαστικά,noun,,γαλακτομπούρεκο,dessert of phyllo dough and custard,dessert of phyllo dough and custard photo,generated
1408,6,Διατροφή,Ουσιαστικά,noun,,γλυκότουκουταλιού,,,no_english
1409,6,Διατροφή,Ουσιαστικά,noun,,κανταΐφι,,,no_english
1410,6,Διατροφή,Ουσιαστικά,noun,,καρυδόπιτα,,,no_english
1411,6,Διατροφή,Ουσιαστικά,noun,,κέικ,baked cake of various flavours,baked cake of various flavours photo,generated
1412,6,Διατροφή,Ουσιαστικά,noun,,κρέμακαραμελέ,,,no_english
1413,6,Διατροφή,Ουσιαστικά,noun,,λουκούμι,Turkish delight,Turkish delight photo,generated
1414,6,Διατροφή,Ουσιαστικά,noun,,μελομακάρονο,melomakarono,melomakarono photo,generated
1415,6,Διατροφή,Ουσιαστικά,noun,,μηλόπιτα,,,no_english
1416,6,Διατροφή,Ουσιαστικά,noun,,μπακλαβάς,baklava,baklava photo,generated
1417,6,Διατροφή,Ουσιαστικά,noun,,παγωτό,ice cream,ice cream photo,generated
1418,6,Διατροφή,Ουσιαστικά,noun,,πάστα,layered cake with cream,layered cake with cream photo,generated
1419,6,Διατροφή,Ουσιαστικά,noun,,προφιτερόλ,,,no_english
1420,6,Διατροφή,Ουσιαστικά,noun,,ρεβανί,,,no_english
1421,6,Διατροφή,Ουσιαστικά,noun,,τάρτα,,,no_english
1422,6,Διατροφή,Ουσιαστικά,noun,,τούρτα,cake with layers of filling and icing,cake with layers of filling and icing photo,generated
1423,6,Διατροφή,Ουσιαστικά,noun,,φρουτοσαλάτα,,,no_english
1424,6,Διατροφή,Ουσιαστικά,noun,,χαλβάς,halva,halva photo,generated
1425,6,Διατροφή,Ουσιαστικά,noun,,τααλλαντικά,,,no_english
1426,6,Διατροφή,Ουσιαστικά,noun,,ζαμπόν,ham (cured pork),,needs_review
1427,6,Διατροφή,Ουσιαστικά,noun,,"καπνιστήμπριζόλα,ηλουκάνικο,το",,,no_english
1428,6,Διατροφή,Ουσιαστικά,noun,,"μορταδέλα,ηπαστουρμάς,ο",,,no_english
1429,6,Διατροφή,Ουσιαστικά,noun,,σαλάμι,salami,salami photo,generated
1430,6,Διατροφή,Ουσιαστικά,noun,,ταγαλακτοκομικάπροϊόντα,,,no_english
1431,6,Διατροφή,Ουσιαστικά,noun,,βούτυρο,butter,butter photo,generated
1432,6,Διατροφή,Ουσιαστικά,noun,,γάλα,milk,cow milking,override
1433,6,Διατροφή,Ουσιαστικά,noun,,γιαούρτι,yogurt,yogurt photo,generated
1434,6,Διατροφή,Ουσιαστικά,noun,,κασέρι,,,no_english
1435,6,Διατροφή,Ουσιαστικά,noun,,κρέμαγάλακτος,,,no_english
1436,6,Διατροφή,Ουσιαστικά,noun,,τυρί,cheese,cheese photo,generated
1437,6,Διατροφή,Ουσιαστικά,noun,,φέτα,slice,slice photo,generated
1438,6,Διατροφή,Ουσιαστικά,noun,,διάφορεςονομασίεςφατητών,,,no_english
1439,6,Διατροφή,Ουσιαστικά,noun,,αρνάκι«στησούβλα»,,,no_english
1440,6,Διατροφή,Ουσιαστικά,noun,,γεμιστά,stuffed vegetables,stuffed vegetables photo,generated
1441,6,Διατροφή,Ουσιαστικά,noun,,γιαπράκια,,,no_english
1442,6,Διατροφή,Ουσιαστικά,noun,,ιμάμμπαϊλντί,,,no_english
1443,6,Διατροφή,Ουσιαστικά,noun,,καλαμαράκιατηγανιτά,,,no_english
1444,6,Διατροφή,Ουσιαστικά,noun,,κεφτεδάκια,Nominative,Nominative photo,generated
1445,6,Διατροφή,Ουσιαστικά,noun,,κοτόπουλομεπατάτεςστοφούρνο,,,no_english
1446,6,Διατροφή,Ουσιαστικά,noun,,κοτόπουλοπιλάφι,,,no_english
1447,6,Διατροφή,Ουσιαστικά,noun,,κοτόσουπα,,,no_english
1448,6,Διατροφή,Ουσιαστικά,noun,,κρεατόσουπα,,,no_english
1449,6,Διατροφή,Ουσιαστικά,noun,,κρέαςκοκκινιστό,,,no_english
1450,6,Διατροφή,Ουσιαστικά,noun,,κροκέτες,,,no_english
1451,6,Διατροφή,Ουσιαστικά,noun,,λαχανοντολμάδες,,,no_english
1452,6,Διατροφή,Ουσιαστικά,noun,,μακαρόνιαμεκιμά,,,no_english
1453,6,Διατροφή,Ουσιαστικά,noun,,μεζέδες,Nominative,Nominative photo,generated
1454,6,Διατροφή,Ουσιαστικά,noun,,μουσακάς,moussaka,moussaka photo,generated
1455,6,Διατροφή,Ουσιαστικά,noun,,μπιφτέκι,,,no_english
1456,6,Διατροφή,Ουσιαστικά,noun,,μπριζόλα,steak,steak photo,generated
1457,6,Διατροφή,Ουσιαστικά,noun,,μπριζόλαστακάρβουνα,,,no_english
1458,6,Διατροφή,Ουσιαστικά,noun,,μύδιασαχανάκι,,,no_english
1459,6,Διατροφή,Ουσιαστικά,noun,,μύδιατηγανιτά,,,no_english
1460,6,Διατροφή,Ουσιαστικά,noun,,ντολμαδάκιαγιαλαντζί,,,no_english
1461,6,Διατροφή,Ουσιαστικά,noun,,παπουτσάκια,Nominative,Nominative photo,generated
1462,6,Διατροφή,Ουσιαστικά,noun,,παστίτσιο,,,no_english
1463,6,Διατροφή,Ουσιαστικά,noun,,πατάτεςγιαχνί,,,no_english
1464,6,Διατροφή,Ουσιαστικά,noun,,πατάτεςπουρέ,,,no_english
1465,6,Διατροφή,Ουσιαστικά,noun,,πιλάφι,,,no_english
1466,6,Διατροφή,Ουσιαστικά,noun,,σουβλάκι,souvlaki,souvlaki photo,generated
1467,6,Διατροφή,Ουσιαστικά,noun,,στιφάδο,stifado,stifado photo,generated
1468,6,Διατροφή,Ουσιαστικά,noun,,τηγανιτέςπατάτες,,,no_english
1469,6,Διατροφή,Ουσιαστικά,noun,,χορτόσουπα,,,no_english
1470,6,Διατροφή,Ουσιαστικά,noun,,φαγητά«τηςώρας»,,,no_english
1471,6,Διατροφή,Ουσιαστικά,noun,,φασολάδα,bean soup,bean soup photo,generated
1472,6,Διατροφή,Ουσιαστικά,noun,,ψαρόσουπα,,,no_english
1473,6,Διατροφή,Ουσιαστικά,noun,,σαλάτες,Nominative,Nominative photo,generated
1474,6,Διατροφή,Ουσιαστικά,noun,,κουνουπίδι,cauliflower,cauliflower photo,generated
1475,6,Διατροφή,Ουσιαστικά,noun,,λάχανο,cabbage,cabbage photo,generated
1476,6,Διατροφή,Ουσιαστικά,noun,,μαρουλοσαλάτα,lettuce salad,lettuce salad photo,generated
1477,6,Διατροφή,Ουσιαστικά,noun,,μελιτζανοσαλάτα,aubergine purée,aubergine purée photo,generated
1478,6,Διατροφή,Ουσιαστικά,noun,,μπρόκολο,broccoli,broccoli photo,generated
1479,6,Διατροφή,Ουσιαστικά,noun,,ντοματοσαλάτα,tomato salad,tomato salad photo,generated
1480,6,Διατροφή,Ουσιαστικά,noun,,πατατοσαλάτα,,,no_english
1481,6,Διατροφή,Ουσιαστικά,noun,,πολίτικη,politics,politics photo,generated
1482,6,Διατροφή,Ουσιαστικά,noun,,ρώσικη,Russian,Russian photo,generated
1483,6,Διατροφή,Ουσιαστικά,noun,,σαλάταεποχής,,,no_english
1484,6,Διατροφή,Ουσιαστικά,noun,,τζατζίκι,tzatziki,tzatziki photo,generated
1485,6,Διατροφή,Ουσιαστικά,noun,,τυροσαλάτα,,,no_english
1486,6,Διατροφή,Ουσιαστικά,noun,,χόρτα,greens,greens photo,generated
1487,6,Διατροφή,Ουσιαστικά,noun,,χτυπητή,,,no_english
1488,6,Διατροφή,Ουσιαστικά,noun,,χωριάτικη,Nominative,Nominative photo,generated
1489,6,Διατροφή,Ουσιαστικά,noun,,πίτες,Nominative,Nominative photo,generated
1490,6,Διατροφή,Ουσιαστικά,noun,,κολοκυθόπιτα,pumpkin pie,pumpkin pie photo,generated
1491,6,Διατροφή,Ουσιαστικά,noun,,κρεατόπιτα,,,no_english
1492,6,Διατροφή,Ουσιαστικά,noun,,πίτσα,pizza,pizza photo,generated
1493,6,Διατροφή,Ουσιαστικά,noun,,πρασόπιτα,,,no_english
1494,6,Διατροφή,Ουσιαστικά,noun,,σπανακόπιτα,spanakotiropita,spanakotiropita photo,generated
1495,6,Διατροφή,Ουσιαστικά,noun,,τυρόπιτα,cheese pie,cheese pie photo,generated
1496,6,Διατροφή,Ουσιαστικά,noun,,αλκοολούχαποτά,,,no_english
1497,6,Διατροφή,Ουσιαστικά,noun,,βότκα,vodka,vodka photo,generated
1498,6,Διατροφή,Ουσιαστικά,noun,,"κρασιά(λευκό,κόκκινο,ροζέ),το",,,no_english
1499,6,Διατροφή,Ουσιαστικά,noun,,λικέρ,liqueur,liqueur photo,generated
1500,6,Διατροφή,Ουσιαστικά,noun,,μπίρα,beer,beer photo,generated
1501,6,Διατροφή,Ουσιαστικά,noun,,ούζο,ouzo,ouzo photo,generated
1502,6,Διατροφή,Ουσιαστικά,noun,,ουίσκι,whisky,whisky photo,generated
1503,6,Διατροφή,Ουσιαστικά,noun,,ρετσίνα,retsina,retsina photo,generated
1504,6,Διατροφή,Ουσιαστικά,noun,,σαμπάνια,champagne,champagne photo,generated
1505,6,Διατροφή,Ουσιαστικά,noun,,τσίπουρο,tsipouro,tsipouro photo,generated
1506,6,Διατροφή,Ουσιαστικά,noun,,Μηαλκοολούχαποτά:τααναψυκτικά,,,no_english
1507,6,Διατροφή,Ουσιαστικά,noun,,λεμονάδα,lemonade,lemonade photo,generated
1508,6,Διατροφή,Ουσιαστικά,noun,,πορτοκαλάδα,orange juice,orange juice photo,generated
1509,6,Διατροφή,Ουσιαστικά,noun,,σόδα,soda,soda photo,generated
1510,6,Διατροφή,Ουσιαστικά,noun,,σπράιτ,,,no_english
1511,6,Διατροφή,Ουσιαστικά,noun,,χυμόςφρούτων,,,no_english
1512,6,Διατροφή,Ουσιαστικά,noun,,αφεψήματα,,,no_english
1513,6,Διατροφή,Ουσιαστικά,noun,,δίκταμο,dittany,dittany photo,generated
1514,6,Διατροφή,Ουσιαστικά,noun,,μαύροτσάι,,,no_english
1515,6,Διατροφή,Ουσιαστικά,noun,,τσάιτουβουνού,,,no_english
1516,6,Διατροφή,Ουσιαστικά,noun,,φασκόμηλο,sage,sage photo,generated
1517,6,Διατροφή,Ουσιαστικά,noun,,χαμομήλι,camomile,camomile photo,generated
1518,6,Διατροφή,Ουσιαστικά,noun,,ροφήματα,,,no_english
1519,6,Διατροφή,Ουσιαστικά,noun,,ελληνικόςκαφές,,,no_english
1520,6,Διατροφή,Ουσιαστικά,noun,,εσπρέσο,espresso,espresso photo,generated
1521,6,Διατροφή,Ουσιαστικά,noun,,καπουτσίνο,Capuchin,Capuchin photo,generated
1522,6,Διατροφή,Ουσιαστικά,noun,,καφές,cup of coffee,cup of coffee photo,generated
1523,6,Διατροφή,Ουσιαστικά,noun,,καφέςφίλτρου(γαλλικός),,,no_english
1524,6,Διατροφή,Ουσιαστικά,noun,,καφέςφραπέ,,,no_english
1525,6,Διατροφή,Ουσιαστικά,noun,,νες,hot instant coffee drink,hot instant coffee drink photo,generated
1526,6,Διατροφή,Ουσιαστικά,noun,,σοκολάτα,chocolate,chocolate photo,generated
1527,6,Διατροφή,Ουσιαστικά,noun,,άλλεςλέξεις,,,no_english
1528,6,Διατροφή,Ουσιαστικά,noun,,ανορεξία,(colloquial) Alternative form of ανορεξία (anorexía),,needs_review
1529,6,Διατροφή,Ουσιαστικά,noun,,βουλιμία,,,no_english
1530,6,Διατροφή,Ουσιαστικά,noun,,δίαιτα,diet,diet photo,generated
1531,6,Διατροφή,Ουσιαστικά,noun,,διατροφή,nutrition,nutrition photo,generated
1532,6,Διατροφή,Ουσιαστικά,noun,,θερμίδα,calorie,calorie photo,generated
1533,6,Διατροφή,Ουσιαστικά,noun,,κιλό,kilo,kilo photo,generated
1534,6,Διατροφή,Ουσιαστικά,noun,,μεταβολισμός,metabolism,metabolism photo,generated
1535,6,Διατροφή,Ουσιαστικά,noun,,νερό,water,water photo,generated
1536,6,Διατροφή,Ουσιαστικά,noun,,όρεξη,appetite,appetite photo,generated
1537,6,Διατροφή,Ουσιαστικά,noun,,παγάκι,ice cube,ice cube photo,generated
1538,6,Διατροφή,Ουσιαστικά,noun,,πάχος,thickness,thickness photo,generated
1539,6,Διατροφή,Ουσιαστικά,noun,,παχυσαρκία,obesity,obesity photo,generated
1540,6,Διατροφή,Ουσιαστικά,noun,,πέψη,digestion,digestion photo,generated
1541,6,Διατροφή,Ουσιαστικά,noun,,χώνεψη,,,no_english
1621,7,Ενδυμασία - Προσωπικά αντικείμενα - Αγορά,Ουσιαστικά,noun,,αδιάβροχο,raincoat,raincoat photo,generated
1622,7,Ενδυμασία - Προσωπικά αντικείμενα - Αγορά,Ουσιαστικά,noun,,αθλητικάπαπούτσια,,,no_english
1623,7,Ενδυμασία - Προσωπικά αντικείμενα - Αγορά,Ουσιαστικά,noun,,αναπτήρας,cigarette lighter,cigarette lighter photo,generated
1624,7,Ενδυμασία - Προσωπικά αντικείμενα - Αγορά,Ουσιαστικά,noun,,αξεσουάρ,accessory,accessory photo,generated
1625,7,Ενδυμασία - Προσωπικά αντικείμενα - Αγορά,Ουσιαστικά,noun,,άρωμα,perfume,perfume photo,generated
1626,7,Ενδυμασία - Προσωπικά αντικείμενα - Αγορά,Ουσιαστικά,noun,,ατζέντα,,,no_english
1627,7,Ενδυμασία - Προσωπικά αντικείμενα - Αγορά,Ουσιαστικά,noun,,γάντι,glove,glove photo,generated
1628,7,Ενδυμασία - Προσωπικά αντικείμενα - Αγορά,Ουσιαστικά,noun,,γιακάς,collar,collar photo,generated
1629,7,Ενδυμασία - Προσωπικά αντικείμενα - Αγορά,Ουσιαστικά,noun,,γιλέκο,waistcoat,waistcoat photo,generated
1630,7,Ενδυμασία - Προσωπικά αντικείμενα - Αγορά,Ουσιαστικά,noun,,γόβα,court shoe,court shoe photo,generated
1631,7,Ενδυμασία - Προσωπικά αντικείμενα - Αγορά,Ουσιαστικά,noun,,γραβάτα,"(clothing) tie, necktie",,needs_review
1632,7,Ενδυμασία - Προσωπικά αντικείμενα - Αγορά,Ουσιαστικά,noun,,ένδυμα,garment,garment photo,generated
1633,7,Ενδυμασία - Προσωπικά αντικείμενα - Αγορά,Ουσιαστικά,noun,,ενδυμασία,costume,costume photo,generated
1634,7,Ενδυμασία - Προσωπικά αντικείμενα - Αγορά,Ουσιαστικά,noun,,εσώρουχο,underwear,underwear photo,generated
1635,7,Ενδυμασία - Προσωπικά αντικείμενα - Αγορά,Ουσιαστικά,noun,,ζακέτα,cardigan,cardigan photo,generated
1636,7,Ενδυμασία - Προσωπικά αντικείμενα - Αγορά,Ουσιαστικά,noun,,ζευγάρι,married or in romantic liaison,married or in romantic liaison photo,generated
1637,7,Ενδυμασία - Προσωπικά αντικείμενα - Αγορά,Ουσιαστικά,noun,,ζώνη,belt,belt photo,generated
1638,7,Ενδυμασία - Προσωπικά αντικείμενα - Αγορά,Ουσιαστικά,noun,,καθρέφτης,mirror,mirror photo,generated
1639,7,Ενδυμασία - Προσωπικά αντικείμενα - Αγορά,Ουσιαστικά,noun,,καλλυντικά,cosmetic,cosmetic photo,generated
1640,7,Ενδυμασία - Προσωπικά αντικείμενα - Αγορά,Ουσιαστικά,noun,,κάλτσα,sock,sock photo,generated
1641,7,Ενδυμασία - Προσωπικά αντικείμενα - Αγορά,Ουσιαστικά,noun,,καμπαρτίνα,,,no_english
1642,7,Ενδυμασία - Προσωπικά αντικείμενα - Αγορά,Ουσιαστικά,noun,,καπέλο,something hat-shaped,something hat-shaped photo,generated
1643,7,Ενδυμασία - Προσωπικά αντικείμενα - Αγορά,Ουσιαστικά,noun,,κασκόλ,scarf,scarf photo,generated
1644,7,Ενδυμασία - Προσωπικά αντικείμενα - Αγορά,Ουσιαστικά,noun,,κινητό(τηλέφωνο),Nominative,Nominative photo,generated
1645,7,Ενδυμασία - Προσωπικά αντικείμενα - Αγορά,Ουσιαστικά,noun,,κοκαλάκι(γιαμαλλιά),,,no_english
1646,7,Ενδυμασία - Προσωπικά αντικείμενα - Αγορά,Ουσιαστικά,noun,,κόκαλο(γιαπαπούτσια),bone,bone photo,generated
1647,7,Ενδυμασία - Προσωπικά αντικείμενα - Αγορά,Ουσιαστικά,noun,,κολόνια,eau de Cologne,eau de Cologne photo,generated
1648,7,Ενδυμασία - Προσωπικά αντικείμενα - Αγορά,Ουσιαστικά,noun,,κορδόνι,,,no_english
1649,7,Ενδυμασία - Προσωπικά αντικείμενα - Αγορά,Ουσιαστικά,noun,,κοστούμι,suit,suit photo,generated
1650,7,Ενδυμασία - Προσωπικά αντικείμενα - Αγορά,Ουσιαστικά,noun,,κουκούλα,hood,hood photo,generated
1651,7,Ενδυμασία - Προσωπικά αντικείμενα - Αγορά,Ουσιαστικά,noun,,κουμπί,button,button photo,generated
1652,7,Ενδυμασία - Προσωπικά αντικείμενα - Αγορά,Ουσιαστικά,noun,,κουμπότρυπα,buttonhole,buttonhole photo,generated
1653,7,Ενδυμασία - Προσωπικά αντικείμενα - Αγορά,Ουσιαστικά,noun,,μανίκι,sleeve,sleeve photo,generated
1654,7,Ενδυμασία - Προσωπικά αντικείμενα - Αγορά,Ουσιαστικά,noun,,μπλούζα,blouse,blouse photo,generated
1655,7,Ενδυμασία - Προσωπικά αντικείμενα - Αγορά,Ουσιαστικά,noun,,μπότα,boot,boot photo,generated
1656,7,Ενδυμασία - Προσωπικά αντικείμενα - Αγορά,Ουσιαστικά,noun,,μποτάκι,,,no_english
1657,7,Ενδυμασία - Προσωπικά αντικείμενα - Αγορά,Ουσιαστικά,noun,,μπουρνούζι,bathrobe,bathrobe photo,generated
1658,7,Ενδυμασία - Προσωπικά αντικείμενα - Αγορά,Ουσιαστικά,noun,,μπουφάν,puffer jacket,puffer jacket photo,generated
1659,7,Ενδυμασία - Προσωπικά αντικείμενα - Αγορά,Ουσιαστικά,noun,,νυχοκόπτης,,,no_english
1660,7,Ενδυμασία - Προσωπικά αντικείμενα - Αγορά,Ουσιαστικά,noun,,νυχτικιά,,,no_english
1661,7,Ενδυμασία - Προσωπικά αντικείμενα - Αγορά,Ουσιαστικά,noun,,νυχτικό,,,no_english
1662,7,Ενδυμασία - Προσωπικά αντικείμενα - Αγορά,Ουσιαστικά,noun,,παλτό,coat,coat photo,generated
1663,7,Ενδυμασία - Προσωπικά αντικείμενα - Αγορά,Ουσιαστικά,noun,,παντελόνι,trousers,trousers photo,generated
1664,7,Ενδυμασία - Προσωπικά αντικείμενα - Αγορά,Ουσιαστικά,noun,,παντόφλα,slipper,slipper photo,generated
1665,7,Ενδυμασία - Προσωπικά αντικείμενα - Αγορά,Ουσιαστικά,noun,,πανωφόρι,coat,coat photo,generated
1666,7,Ενδυμασία - Προσωπικά αντικείμενα - Αγορά,Ουσιαστικά,noun,,παπούτσι,shoe,shoe photo,generated
1667,7,Ενδυμασία - Προσωπικά αντικείμενα - Αγορά,Ουσιαστικά,noun,,πέδιλο,sandal,sandal photo,generated
1668,7,Ενδυμασία - Προσωπικά αντικείμενα - Αγορά,Ουσιαστικά,noun,,πίπα,tobacco pipe,tobacco pipe photo,generated
1669,7,Ενδυμασία - Προσωπικά αντικείμενα - Αγορά,Ουσιαστικά,noun,,πιτζάμες,,,no_english
1670,7,Ενδυμασία - Προσωπικά αντικείμενα - Αγορά,Ουσιαστικά,noun,,πορτοφόλι,wallet,wallet photo,generated
1671,7,Ενδυμασία - Προσωπικά αντικείμενα - Αγορά,Ουσιαστικά,noun,,πουκάμισο,shirt,shirt photo,generated
1672,7,Ενδυμασία - Προσωπικά αντικείμενα - Αγορά,Ουσιαστικά,noun,,πουλόβερ,pullover,pullover photo,generated
1673,7,Ενδυμασία - Προσωπικά αντικείμενα - Αγορά,Ουσιαστικά,noun,,ρολόι,Nominative and vocative plural,Nominative and vocative plural photo,generated
1674,7,Ενδυμασία - Προσωπικά αντικείμενα - Αγορά,Ουσιαστικά,noun,,ρόμπα,dressing gown,dressing gown photo,generated
1675,7,Ενδυμασία - Προσωπικά αντικείμενα - Αγορά,Ουσιαστικά,noun,,ρούχο,garment,garment photo,generated
1676,7,Ενδυμασία - Προσωπικά αντικείμενα - Αγορά,Ουσιαστικά,noun,,σακκάκι,,,no_english
1677,7,Ενδυμασία - Προσωπικά αντικείμενα - Αγορά,Ουσιαστικά,noun,,σκούφος,knitted cap or hat,knitted cap or hat photo,generated
1678,7,Ενδυμασία - Προσωπικά αντικείμενα - Αγορά,Ουσιαστικά,noun,,σλιπ,,,no_english
1679,7,Ενδυμασία - Προσωπικά αντικείμενα - Αγορά,Ουσιαστικά,noun,,σουτιέν,brassiere,brassiere photo,generated
1680,7,Ενδυμασία - Προσωπικά αντικείμενα - Αγορά,Ουσιαστικά,noun,,στηθόδεσμος,brassiere,brassiere photo,generated
1681,7,Ενδυμασία - Προσωπικά αντικείμενα - Αγορά,Ουσιαστικά,noun,,στυλό,"pen, ballpoint, biro",,needs_review
1682,7,Ενδυμασία - Προσωπικά αντικείμενα - Αγορά,Ουσιαστικά,noun,,ταγιέρ,,,no_english
1683,7,Ενδυμασία - Προσωπικά αντικείμενα - Αγορά,Ουσιαστικά,noun,,τακούνι,heel,heel photo,generated
1684,7,Ενδυμασία - Προσωπικά αντικείμενα - Αγορά,Ουσιαστικά,noun,,τιράντα,,,no_english
1685,7,Ενδυμασία - Προσωπικά αντικείμενα - Αγορά,Ουσιαστικά,noun,,τσάντα,"bag, purse, handbag",,needs_review
1686,7,Ενδυμασία - Προσωπικά αντικείμενα - Αγορά,Ουσιαστικά,noun,,τσαντάκι,small bag ),small bag ) photo,generated
1687,7,Ενδυμασία - Προσωπικά αντικείμενα - Αγορά,Ουσιαστικά,noun,,τσέπη,pocket,pocket photo,generated
1688,7,Ενδυμασία - Προσωπικά αντικείμενα - Αγορά,Ουσιαστικά,noun,,τσιγάρο,cigarette,cigarette photo,generated
1689,7,Ενδυμασία - Προσωπικά αντικείμενα - Αγορά,Ουσιαστικά,noun,,τσόκαρο,,,no_english
1690,7,Ενδυμασία - Προσωπικά αντικείμενα - Αγορά,Ουσιαστικά,noun,,ύφασμα,fabric,fabric photo,generated
1691,7,Ενδυμασία - Προσωπικά αντικείμενα - Αγορά,Ουσιαστικά,noun,,φανελάκι,vest,vest photo,generated
1692,7,Ενδυμασία - Προσωπικά αντικείμενα - Αγορά,Ουσιαστικά,noun,,φόρεμα,dress,dress photo,generated
1693,7,Ενδυμασία - Προσωπικά αντικείμενα - Αγορά,Ουσιαστικά,noun,,φουλάρι,,,no_english
1694,7,Ενδυμασία - Προσωπικά αντικείμενα - Αγορά,Ουσιαστικά,noun,,φούστα,skirt,skirt photo,generated
1695,7,Ενδυμασία - Προσωπικά αντικείμενα - Αγορά,Ουσιαστικά,noun,,χτένα,comb,comb photo,generated
1696,7,Ενδυμασία - Προσωπικά αντικείμενα - Αγορά,Ουσιαστικά,noun,,τακοσμήματα,,,no_english
1697,7,Ενδυμασία - Προσωπικά αντικείμενα - Αγορά,Ουσιαστικά,noun,,ακρίβεια,dearness,dearness photo,generated
1698,7,Ενδυμασία - Προσωπικά αντικείμενα - Αγορά,Ουσιαστικά,noun,,δαχτυλίδι,ring for finger,ring for finger photo,generated
1699,7,Ενδυμασία - Προσωπικά αντικείμενα - Αγορά,Ουσιαστικά,noun,,βραχιόλι,bracelet,bracelet photo,generated
1700,7,Ενδυμασία - Προσωπικά αντικείμενα - Αγορά,Ουσιαστικά,noun,,καρφίτσα,"pin (small nail, etc)",,needs_review
1701,7,Ενδυμασία - Προσωπικά αντικείμενα - Αγορά,Ουσιαστικά,noun,,κολιέ,necklace,necklace photo,generated
1702,7,Ενδυμασία - Προσωπικά αντικείμενα - Αγορά,Ουσιαστικά,noun,,σκουλαρίκι,earring,earring photo,generated
1703,7,Ενδυμασία - Προσωπικά αντικείμενα - Αγορά,Ουσιαστικά,noun,,αγορά,agora,agora photo,generated
1704,7,Ενδυμασία - Προσωπικά αντικείμενα - Αγορά,Ουσιαστικά,noun,,αγορά,agora,agora photo,generated
1705,7,Ενδυμασία - Προσωπικά αντικείμενα - Αγορά,Ουσιαστικά,noun,,αξία,value,value photo,generated
1706,7,Ενδυμασία - Προσωπικά αντικείμενα - Αγορά,Ουσιαστικά,noun,,απόδειξη,proof,proof photo,generated
1707,7,Ενδυμασία - Προσωπικά αντικείμενα - Αγορά,Ουσιαστικά,noun,,βόλτα,turn,turn photo,generated
1708,7,Ενδυμασία - Προσωπικά αντικείμενα - Αγορά,Ουσιαστικά,noun,,βιτρίνα,shop window,shop window photo,generated
1709,7,Ενδυμασία - Προσωπικά αντικείμενα - Αγορά,Ουσιαστικά,noun,,διαφήμιση,advertisement,advertisement photo,generated
1710,7,Ενδυμασία - Προσωπικά αντικείμενα - Αγορά,Ουσιαστικά,noun,,δοκιμαστήριο,fitting room,fitting room photo,generated
1711,7,Ενδυμασία - Προσωπικά αντικείμενα - Αγορά,Ουσιαστικά,noun,,δόση,dose,dose photo,generated
1712,7,Ενδυμασία - Προσωπικά αντικείμενα - Αγορά,Ουσιαστικά,noun,,εκποίηση,,,no_english
1713,7,Ενδυμασία - Προσωπικά αντικείμενα - Αγορά,Ουσιαστικά,noun,,εκπτώσεις,Nominative,Nominative photo,generated
1714,7,Ενδυμασία - Προσωπικά αντικείμενα - Αγορά,Ουσιαστικά,noun,,εξόφληση,,,no_english
1715,7,Ενδυμασία - Προσωπικά αντικείμενα - Αγορά,Ουσιαστικά,noun,,επιταγή,cheque,cheque photo,generated
1716,7,Ενδυμασία - Προσωπικά αντικείμενα - Αγορά,Ουσιαστικά,noun,,ευκαρία,,,no_english
1717,7,Ενδυμασία - Προσωπικά αντικείμενα - Αγορά,Ουσιαστικά,noun,,κατανάλωση,,,no_english
1718,7,Ενδυμασία - Προσωπικά αντικείμενα - Αγορά,Ουσιαστικά,noun,,κατάστημα,shop,shop photo,generated
1719,7,Ενδυμασία - Προσωπικά αντικείμενα - Αγορά,Ουσιαστικά,noun,,κέρδος,profit,profit photo,generated
1720,7,Ενδυμασία - Προσωπικά αντικείμενα - Αγορά,Ουσιαστικά,noun,,κοινό,Nominative,Nominative photo,generated
1721,7,Ενδυμασία - Προσωπικά αντικείμενα - Αγορά,Ουσιαστικά,noun,,κόστος,cost,cost photo,generated
1722,7,Ενδυμασία - Προσωπικά αντικείμενα - Αγορά,Ουσιαστικά,noun,,μαγαζί,shop,shop photo,generated
1723,7,Ενδυμασία - Προσωπικά αντικείμενα - Αγορά,Ουσιαστικά,noun,,μετρητά,cash,cash photo,generated
1724,7,Ενδυμασία - Προσωπικά αντικείμενα - Αγορά,Ουσιαστικά,noun,,ξεπούλημα,,,no_english
1725,7,Ενδυμασία - Προσωπικά αντικείμενα - Αγορά,Ουσιαστικά,noun,,πίστωση,credit,credit photo,generated
1726,7,Ενδυμασία - Προσωπικά αντικείμενα - Αγορά,Ουσιαστικά,noun,,πιστωτικήκάρτα,,,no_english
1727,7,Ενδυμασία - Προσωπικά αντικείμενα - Αγορά,Ουσιαστικά,noun,,ποιότητα,"quality, attribute (differentiating property)",,needs_review
1728,7,Ενδυμασία - Προσωπικά αντικείμενα - Αγορά,Ουσιαστικά,noun,,ποσοστό,percentage,percentage photo,generated
1729,7,Ενδυμασία - Προσωπικά αντικείμενα - Αγορά,Ουσιαστικά,noun,,προκαταβολή,deposit,deposit photo,generated
1730,7,Ενδυμασία - Προσωπικά αντικείμενα - Αγορά,Ουσιαστικά,noun,,προσφορά,offer,offer photo,generated
1731,7,Ενδυμασία - Προσωπικά αντικείμενα - Αγορά,Ουσιαστικά,noun,,πωλητής,seller,seller photo,generated
1732,7,Ενδυμασία - Προσωπικά αντικείμενα - Αγορά,Ουσιαστικά,noun,,πωλήτρια,seller,seller photo,generated
1733,7,Ενδυμασία - Προσωπικά αντικείμενα - Αγορά,Ουσιαστικά,noun,,ρέστα,change,change photo,generated
1734,7,Ενδυμασία - Προσωπικά αντικείμενα - Αγορά,Ουσιαστικά,noun,,ταμειακήμηχανή,,,no_english
1735,7,Ενδυμασία - Προσωπικά αντικείμενα - Αγορά,Ουσιαστικά,noun,,ταμείο,cash desk,cash desk photo,generated
1736,7,Ενδυμασία - Προσωπικά αντικείμενα - Αγορά,Ουσιαστικά,noun,,τιμή,price,price photo,generated
1737,7,Ενδυμασία - Προσωπικά αντικείμενα - Αγορά,Ουσιαστικά,noun,,φθήνια,,,no_english
1738,7,Ενδυμασία - Προσωπικά αντικείμενα - Αγορά,Ουσιαστικά,noun,,φόρος,tribute,tribute photo,generated
1739,7,Ενδυμασία - Προσωπικά αντικείμενα - Αγορά,Ουσιαστικά,noun,,ωράριο,work hours,work hours photo,generated
1826,8,Ελεύθερος χρόνος: παιχνίδια - χόμπι - διασκέδαση - άθληση,Ουσιαστικά,noun,,ανάγνωση,oral presentation of text,oral presentation of text photo,generated
1827,8,Ελεύθερος χρόνος: παιχνίδια - χόμπι - διασκέδαση - άθληση,Ουσιαστικά,noun,,ανέκδοτο,anecdote,anecdote photo,generated
1828,8,Ελεύθερος χρόνος: παιχνίδια - χόμπι - διασκέδαση - άθληση,Ουσιαστικά,noun,,αρκουδάκι,,,no_english
1829,8,Ελεύθερος χρόνος: παιχνίδια - χόμπι - διασκέδαση - άθληση,Ουσιαστικά,noun,,αίνιγμα,riddle,riddle photo,generated
1830,8,Ελεύθερος χρόνος: παιχνίδια - χόμπι - διασκέδαση - άθληση,Ουσιαστικά,noun,,αυτοκινητάκι,toy car,,needs_review
1831,8,Ελεύθερος χρόνος: παιχνίδια - χόμπι - διασκέδαση - άθληση,Ουσιαστικά,noun,,βιβλίο,book,book photo,generated
1832,8,Ελεύθερος χρόνος: παιχνίδια - χόμπι - διασκέδαση - άθληση,Ουσιαστικά,noun,,βιβλιοθήκη,library,library photo,generated
1833,8,Ελεύθερος χρόνος: παιχνίδια - χόμπι - διασκέδαση - άθληση,Ουσιαστικά,noun,,βιβλιοπωλείο,bookshop,bookshop photo,generated
1834,8,Ελεύθερος χρόνος: παιχνίδια - χόμπι - διασκέδαση - άθληση,Ουσιαστικά,noun,,«γκρινιάρης»,,,no_english
1835,8,Ελεύθερος χρόνος: παιχνίδια - χόμπι - διασκέδαση - άθληση,Ουσιαστικά,noun,,διαδίκτυο,internet,internet photo,generated
1836,8,Ελεύθερος χρόνος: παιχνίδια - χόμπι - διασκέδαση - άθληση,Ουσιαστικά,noun,,διασκέδαση,amusement,amusement photo,generated
1837,8,Ελεύθερος χρόνος: παιχνίδια - χόμπι - διασκέδαση - άθληση,Ουσιαστικά,noun,,διήγημα,,,no_english
1838,8,Ελεύθερος χρόνος: παιχνίδια - χόμπι - διασκέδαση - άθληση,Ουσιαστικά,noun,,επιτραπέζιοπαιχνίδι,,,no_english
1839,8,Ελεύθερος χρόνος: παιχνίδια - χόμπι - διασκέδαση - άθληση,Ουσιαστικά,noun,,ζωγραφιά,illustration,illustration photo,generated
1840,8,Ελεύθερος χρόνος: παιχνίδια - χόμπι - διασκέδαση - άθληση,Ουσιαστικά,noun,,ζωγραφική,painting,painting photo,generated
1841,8,Ελεύθερος χρόνος: παιχνίδια - χόμπι - διασκέδαση - άθληση,Ουσιαστικά,noun,,ηλεκτρονικάπαιχνίδια,,,no_english
1842,8,Ελεύθερος χρόνος: παιχνίδια - χόμπι - διασκέδαση - άθληση,Ουσιαστικά,noun,,ηλεκτρονικόςυπολογιστής,,,no_english
1843,8,Ελεύθερος χρόνος: παιχνίδια - χόμπι - διασκέδαση - άθληση,Ουσιαστικά,noun,,ιντερνέτ,internet,internet photo,generated
1844,8,Ελεύθερος χρόνος: παιχνίδια - χόμπι - διασκέδαση - άθληση,Ουσιαστικά,noun,,καβαλέτο,easel,easel photo,generated
1845,8,Ελεύθερος χρόνος: παιχνίδια - χόμπι - διασκέδαση - άθληση,Ουσιαστικά,noun,,κανόνας,canon,canon photo,generated
1846,8,Ελεύθερος χρόνος: παιχνίδια - χόμπι - διασκέδαση - άθληση,Ουσιαστικά,noun,,κερομπογιές,,,no_english
1847,8,Ελεύθερος χρόνος: παιχνίδια - χόμπι - διασκέδαση - άθληση,Ουσιαστικά,noun,,κόμικ,,,no_english
1848,8,Ελεύθερος χρόνος: παιχνίδια - χόμπι - διασκέδαση - άθληση,Ουσιαστικά,noun,,κομπιούτερ,computer,computer photo,generated
1849,8,Ελεύθερος χρόνος: παιχνίδια - χόμπι - διασκέδαση - άθληση,Ουσιαστικά,noun,,κούκλα,doll,doll photo,generated
1850,8,Ελεύθερος χρόνος: παιχνίδια - χόμπι - διασκέδαση - άθληση,Ουσιαστικά,noun,,κουτσό,hopscotch,hopscotch photo,generated
1851,8,Ελεύθερος χρόνος: παιχνίδια - χόμπι - διασκέδαση - άθληση,Ουσιαστικά,noun,,κρυφτό,hide and seek,hide and seek photo,generated
1852,8,Ελεύθερος χρόνος: παιχνίδια - χόμπι - διασκέδαση - άθληση,Ουσιαστικά,noun,,κυνηγητό,hunt,hunt photo,generated
1853,8,Ελεύθερος χρόνος: παιχνίδια - χόμπι - διασκέδαση - άθληση,Ουσιαστικά,noun,,μπλοκζωγραφικής,,,no_english
1854,8,Ελεύθερος χρόνος: παιχνίδια - χόμπι - διασκέδαση - άθληση,Ουσιαστικά,noun,,μπογιές,paint,paint photo,generated
1855,8,Ελεύθερος χρόνος: παιχνίδια - χόμπι - διασκέδαση - άθληση,Ουσιαστικά,noun,,μυθιστόρημα,novel,novel photo,generated
1856,8,Ελεύθερος χρόνος: παιχνίδια - χόμπι - διασκέδαση - άθληση,Ουσιαστικά,noun,,νερομπογιές,Nominative,Nominative photo,generated
1857,8,Ελεύθερος χρόνος: παιχνίδια - χόμπι - διασκέδαση - άθληση,Ουσιαστικά,noun,,ντόμινο,,,no_english
1858,8,Ελεύθερος χρόνος: παιχνίδια - χόμπι - διασκέδαση - άθληση,Ουσιαστικά,noun,,χόμπυ,,,no_english
1859,8,Ελεύθερος χρόνος: παιχνίδια - χόμπι - διασκέδαση - άθληση,Ουσιαστικά,noun,,παιχνίδι,game,game photo,generated
1860,8,Ελεύθερος χρόνος: παιχνίδια - χόμπι - διασκέδαση - άθληση,Ουσιαστικά,noun,,«μήλα»,,,no_english
1861,8,Ελεύθερος χρόνος: παιχνίδια - χόμπι - διασκέδαση - άθληση,Ουσιαστικά,noun,,«μονόπολι»,,,no_english
1862,8,Ελεύθερος χρόνος: παιχνίδια - χόμπι - διασκέδαση - άθληση,Ουσιαστικά,noun,,μπαλόνι,balloon,balloon photo,generated
1863,8,Ελεύθερος χρόνος: παιχνίδια - χόμπι - διασκέδαση - άθληση,Ουσιαστικά,noun,,ξυλομπογιές,,,no_english
1864,8,Ελεύθερος χρόνος: παιχνίδια - χόμπι - διασκέδαση - άθληση,Ουσιαστικά,noun,,οθόνη,monitor,monitor photo,generated
1865,8,Ελεύθερος χρόνος: παιχνίδια - χόμπι - διασκέδαση - άθληση,Ουσιαστικά,noun,,ομαδικόπαιχνίδι,,,no_english
1866,8,Ελεύθερος χρόνος: παιχνίδια - χόμπι - διασκέδαση - άθληση,Ουσιαστικά,noun,,παραμύθι,fairy tale,fairy tale photo,generated
1867,8,Ελεύθερος χρόνος: παιχνίδια - χόμπι - διασκέδαση - άθληση,Ουσιαστικά,noun,,περιοδικό,Nominative,Nominative photo,generated
1868,8,Ελεύθερος χρόνος: παιχνίδια - χόμπι - διασκέδαση - άθληση,Ουσιαστικά,noun,,πινέλο,artist's or decorator's brush,artist's or decorator's brush photo,generated
1869,8,Ελεύθερος χρόνος: παιχνίδια - χόμπι - διασκέδαση - άθληση,Ουσιαστικά,noun,,ποίημα,poem,poem photo,generated
1870,8,Ελεύθερος χρόνος: παιχνίδια - χόμπι - διασκέδαση - άθληση,Ουσιαστικά,noun,,«ποντίκι»,,,no_english
1871,8,Ελεύθερος χρόνος: παιχνίδια - χόμπι - διασκέδαση - άθληση,Ουσιαστικά,noun,,σκάκι,chess,chess photo,generated
1872,8,Ελεύθερος χρόνος: παιχνίδια - χόμπι - διασκέδαση - άθληση,Ουσιαστικά,noun,,σπαζοκεφαλιά,,,no_english
1873,8,Ελεύθερος χρόνος: παιχνίδια - χόμπι - διασκέδαση - άθληση,Ουσιαστικά,noun,,σταυρόλεξο,crossword,crossword photo,generated
1874,8,Ελεύθερος χρόνος: παιχνίδια - χόμπι - διασκέδαση - άθληση,Ουσιαστικά,noun,,τόπι,ball,ball photo,generated
1875,8,Ελεύθερος χρόνος: παιχνίδια - χόμπι - διασκέδαση - άθληση,Ουσιαστικά,noun,,«φιδάκι»,,,no_english
1876,8,Ελεύθερος χρόνος: παιχνίδια - χόμπι - διασκέδαση - άθληση,Ουσιαστικά,noun,,χρώματα,colour,colour photo,generated
1877,8,Ελεύθερος χρόνος: παιχνίδια - χόμπι - διασκέδαση - άθληση,Ουσιαστικά,noun,,ασημί,silver,silver photo,generated
1878,8,Ελεύθερος χρόνος: παιχνίδια - χόμπι - διασκέδαση - άθληση,Ουσιαστικά,noun,,άσπρος-η-ο,white,white photo,generated
1879,8,Ελεύθερος χρόνος: παιχνίδια - χόμπι - διασκέδαση - άθληση,Ουσιαστικά,noun,,βεραμάν,,,no_english
1880,8,Ελεύθερος χρόνος: παιχνίδια - χόμπι - διασκέδαση - άθληση,Ουσιαστικά,noun,,γαλάζιος-η-ο,sky blue,sky blue photo,generated
1881,8,Ελεύθερος χρόνος: παιχνίδια - χόμπι - διασκέδαση - άθληση,Ουσιαστικά,noun,,γκρι,grey,grey photo,generated
1882,8,Ελεύθερος χρόνος: παιχνίδια - χόμπι - διασκέδαση - άθληση,Ουσιαστικά,noun,,εκρού,,,no_english
1883,8,Ελεύθερος χρόνος: παιχνίδια - χόμπι - διασκέδαση - άθληση,Ουσιαστικά,noun,,θαλασσής-ιά-ί,sea blue,sea blue photo,generated
1884,8,Ελεύθερος χρόνος: παιχνίδια - χόμπι - διασκέδαση - άθληση,Ουσιαστικά,noun,,καφέ,brown,brown photo,generated
1885,8,Ελεύθερος χρόνος: παιχνίδια - χόμπι - διασκέδαση - άθληση,Ουσιαστικά,noun,,κίτρινος-η-ο,yellow,yellow photo,generated
1886,8,Ελεύθερος χρόνος: παιχνίδια - χόμπι - διασκέδαση - άθληση,Ουσιαστικά,noun,,κόκκινος-η-ο,red (colour),,needs_review
1887,8,Ελεύθερος χρόνος: παιχνίδια - χόμπι - διασκέδαση - άθληση,Ουσιαστικά,noun,,μαύρος-η-ο,black,black photo,generated
1888,8,Ελεύθερος χρόνος: παιχνίδια - χόμπι - διασκέδαση - άθληση,Ουσιαστικά,noun,,μοβ,mauve,mauve photo,generated
1889,8,Ελεύθερος χρόνος: παιχνίδια - χόμπι - διασκέδαση - άθληση,Ουσιαστικά,noun,,μπεζ,beige,beige photo,generated
1890,8,Ελεύθερος χρόνος: παιχνίδια - χόμπι - διασκέδαση - άθληση,Ουσιαστικά,noun,,μπλε,blue,blue photo,generated
1891,8,Ελεύθερος χρόνος: παιχνίδια - χόμπι - διασκέδαση - άθληση,Ουσιαστικά,noun,,ουρανής-ιά-ί,sky blue,sky blue photo,generated
1892,8,Ελεύθερος χρόνος: παιχνίδια - χόμπι - διασκέδαση - άθληση,Ουσιαστικά,noun,,πορτοκαλής-ιά-ί,orange,orange photo,generated
1893,8,Ελεύθερος χρόνος: παιχνίδια - χόμπι - διασκέδαση - άθληση,Ουσιαστικά,noun,,πράσινος-η-ο,green,green photo,generated
1894,8,Ελεύθερος χρόνος: παιχνίδια - χόμπι - διασκέδαση - άθληση,Ουσιαστικά,noun,,ροζ,pink,pink photo,generated
1895,8,Ελεύθερος χρόνος: παιχνίδια - χόμπι - διασκέδαση - άθληση,Ουσιαστικά,noun,,σοκολατής-ιά-ί,,,no_english
1896,8,Ελεύθερος χρόνος: παιχνίδια - χόμπι - διασκέδαση - άθληση,Ουσιαστικά,noun,,σομόν,,,no_english
1897,8,Ελεύθερος χρόνος: παιχνίδια - χόμπι - διασκέδαση - άθληση,Ουσιαστικά,noun,,χακί,of khaki colour,of khaki colour photo,generated
1898,8,Ελεύθερος χρόνος: παιχνίδια - χόμπι - διασκέδαση - άθληση,Ουσιαστικά,noun,,χρυσός-η-ο,gold,gold photo,generated
1899,8,Ελεύθερος χρόνος: παιχνίδια - χόμπι - διασκέδαση - άθληση,Ουσιαστικά,noun,,ταχυδρομείο,post office,post office photo,generated
1900,8,Ελεύθερος χρόνος: παιχνίδια - χόμπι - διασκέδαση - άθληση,Ουσιαστικά,noun,,αποστολέας,sender,sender photo,generated
1901,8,Ελεύθερος χρόνος: παιχνίδια - χόμπι - διασκέδαση - άθληση,Ουσιαστικά,noun,,γράμμα,letter,letter photo,generated
1902,8,Ελεύθερος χρόνος: παιχνίδια - χόμπι - διασκέδαση - άθληση,Ουσιαστικά,noun,,γραμματόσημο,postage stamp,postage stamp photo,generated
1903,8,Ελεύθερος χρόνος: παιχνίδια - χόμπι - διασκέδαση - άθληση,Ουσιαστικά,noun,,διεύθυνση,management,management photo,generated
1904,8,Ελεύθερος χρόνος: παιχνίδια - χόμπι - διασκέδαση - άθληση,Ουσιαστικά,noun,,επιταγή,cheque,cheque photo,generated
1905,8,Ελεύθερος χρόνος: παιχνίδια - χόμπι - διασκέδαση - άθληση,Ουσιαστικά,noun,,κόλλααλληλογραφίας,,,no_english
1906,8,Ελεύθερος χρόνος: παιχνίδια - χόμπι - διασκέδαση - άθληση,Ουσιαστικά,noun,,παραλήπτης,recipient,recipient photo,generated
1907,8,Ελεύθερος χρόνος: παιχνίδια - χόμπι - διασκέδαση - άθληση,Ουσιαστικά,noun,,συλλογήγραμματοσήμων,,,no_english
1908,8,Ελεύθερος χρόνος: παιχνίδια - χόμπι - διασκέδαση - άθληση,Ουσιαστικά,noun,,συστημένο(γράμμα),,,no_english
1909,8,Ελεύθερος χρόνος: παιχνίδια - χόμπι - διασκέδαση - άθληση,Ουσιαστικά,noun,,ταχυδρόμος,postwoman,postwoman photo,generated
1910,8,Ελεύθερος χρόνος: παιχνίδια - χόμπι - διασκέδαση - άθληση,Ουσιαστικά,noun,,φάκελος,envelope,envelope photo,generated
1911,8,Ελεύθερος χρόνος: παιχνίδια - χόμπι - διασκέδαση - άθληση,Ουσιαστικά,noun,,φιλοτελισμός,,,no_english
1912,8,Ελεύθερος χρόνος: παιχνίδια - χόμπι - διασκέδαση - άθληση,Ουσιαστικά,noun,,ηφωτογραφία,,,no_english
1913,8,Ελεύθερος χρόνος: παιχνίδια - χόμπι - διασκέδαση - άθληση,Ουσιαστικά,noun,,αρνητικό,disapproving,disapproving photo,generated
1914,8,Ελεύθερος χρόνος: παιχνίδια - χόμπι - διασκέδαση - άθληση,Ουσιαστικά,noun,,εκτύπωση,,,no_english
1915,8,Ελεύθερος χρόνος: παιχνίδια - χόμπι - διασκέδαση - άθληση,Ουσιαστικά,noun,,εμφάνιση,,,no_english
1916,8,Ελεύθερος χρόνος: παιχνίδια - χόμπι - διασκέδαση - άθληση,Ουσιαστικά,noun,,στάση,position,position photo,generated
1917,8,Ελεύθερος χρόνος: παιχνίδια - χόμπι - διασκέδαση - άθληση,Ουσιαστικά,noun,,φακός,lens,lens photo,generated
1918,8,Ελεύθερος χρόνος: παιχνίδια - χόμπι - διασκέδαση - άθληση,Ουσιαστικά,noun,,φιλμ,film,film photo,generated
1919,8,Ελεύθερος χρόνος: παιχνίδια - χόμπι - διασκέδαση - άθληση,Ουσιαστικά,noun,,φωτογραφικήμηχανή,,,no_english
1920,8,Ελεύθερος χρόνος: παιχνίδια - χόμπι - διασκέδαση - άθληση,Ουσιαστικά,noun,,"ημουσική,τοραδιόφωνο ,ητηλεόραση",,,no_english
1921,8,Ελεύθερος χρόνος: παιχνίδια - χόμπι - διασκέδαση - άθληση,Ουσιαστικά,noun,,ακροατής,listener,listener photo,generated
1922,8,Ελεύθερος χρόνος: παιχνίδια - χόμπι - διασκέδαση - άθληση,Ουσιαστικά,noun,,ακροάτρια,listener,listener photo,generated
1923,8,Ελεύθερος χρόνος: παιχνίδια - χόμπι - διασκέδαση - άθληση,Ουσιαστικά,noun,,"δελτίο(ειδήσεων,καιρού),το",,,no_english
1924,8,Ελεύθερος χρόνος: παιχνίδια - χόμπι - διασκέδαση - άθληση,Ουσιαστικά,noun,,δημοσιογράφος,journalist,journalist photo,generated
1925,8,Ελεύθερος χρόνος: παιχνίδια - χόμπι - διασκέδαση - άθληση,Ουσιαστικά,noun,,δίαυλος,,,no_english
1926,8,Ελεύθερος χρόνος: παιχνίδια - χόμπι - διασκέδαση - άθληση,Ουσιαστικά,noun,,δισκάδικο,,,no_english
1927,8,Ελεύθερος χρόνος: παιχνίδια - χόμπι - διασκέδαση - άθληση,Ουσιαστικά,noun,,δισκοθήκη,,,no_english
1928,8,Ελεύθερος χρόνος: παιχνίδια - χόμπι - διασκέδαση - άθληση,Ουσιαστικά,noun,,δισκοπωλείο,,,no_english
1929,8,Ελεύθερος χρόνος: παιχνίδια - χόμπι - διασκέδαση - άθληση,Ουσιαστικά,noun,,δίσκος,record,record photo,generated
1930,8,Ελεύθερος χρόνος: παιχνίδια - χόμπι - διασκέδαση - άθληση,Ουσιαστικά,noun,,δορυφόρος,satellite,satellite photo,generated
1931,8,Ελεύθερος χρόνος: παιχνίδια - χόμπι - διασκέδαση - άθληση,Ουσιαστικά,noun,,ειδήσεις,news item,news item photo,generated
1932,8,Ελεύθερος χρόνος: παιχνίδια - χόμπι - διασκέδαση - άθληση,Ουσιαστικά,noun,,"εικονολήπτης,ο(κάμεραμαν)",,,no_english
1933,8,Ελεύθερος χρόνος: παιχνίδια - χόμπι - διασκέδαση - άθληση,Ουσιαστικά,noun,,εκπαιδευτικήτηλεόραση,,,no_english
1934,8,Ελεύθερος χρόνος: παιχνίδια - χόμπι - διασκέδαση - άθληση,Ουσιαστικά,noun,,εκπομπή,programme,programme photo,generated
1935,8,Ελεύθερος χρόνος: παιχνίδια - χόμπι - διασκέδαση - άθληση,Ουσιαστικά,noun,,ηχείο,loudspeaker,loudspeaker photo,generated
1936,8,Ελεύθερος χρόνος: παιχνίδια - χόμπι - διασκέδαση - άθληση,Ουσιαστικά,noun,,ηχολήπτης,,,no_english
1937,8,Ελεύθερος χρόνος: παιχνίδια - χόμπι - διασκέδαση - άθληση,Ουσιαστικά,noun,,ηχολήπτρια,,,no_english
1938,8,Ελεύθερος χρόνος: παιχνίδια - χόμπι - διασκέδαση - άθληση,Ουσιαστικά,noun,,κανάλι,canal,canal photo,generated
1939,8,Ελεύθερος χρόνος: παιχνίδια - χόμπι - διασκέδαση - άθληση,Ουσιαστικά,noun,,κασέτα,,,no_english
1940,8,Ελεύθερος χρόνος: παιχνίδια - χόμπι - διασκέδαση - άθληση,Ουσιαστικά,noun,,κασετόφωνο,,,no_english
1941,8,Ελεύθερος χρόνος: παιχνίδια - χόμπι - διασκέδαση - άθληση,Ουσιαστικά,noun,,κεραία,aerial,aerial photo,generated
1942,8,Ελεύθερος χρόνος: παιχνίδια - χόμπι - διασκέδαση - άθληση,Ουσιαστικά,noun,,κινούμενασχέδια,,,no_english
1943,8,Ελεύθερος χρόνος: παιχνίδια - χόμπι - διασκέδαση - άθληση,Ουσιαστικά,noun,,κοντσέρτο,concerto,concerto photo,generated
1944,8,Ελεύθερος χρόνος: παιχνίδια - χόμπι - διασκέδαση - άθληση,Ουσιαστικά,noun,,μαέστρος,conductor,conductor photo,generated
1945,8,Ελεύθερος χρόνος: παιχνίδια - χόμπι - διασκέδαση - άθληση,Ουσιαστικά,noun,,μέγαρομουσικής,,,no_english
1946,8,Ελεύθερος χρόνος: παιχνίδια - χόμπι - διασκέδαση - άθληση,Ουσιαστικά,noun,,μεγάφωνο,loudspeaker,loudspeaker photo,generated
1947,8,Ελεύθερος χρόνος: παιχνίδια - χόμπι - διασκέδαση - άθληση,Ουσιαστικά,noun,,μικρόφωνο,,,no_english
1948,8,Ελεύθερος χρόνος: παιχνίδια - χόμπι - διασκέδαση - άθληση,Ουσιαστικά,noun,,μοντάζ,montage,montage photo,generated
1949,8,Ελεύθερος χρόνος: παιχνίδια - χόμπι - διασκέδαση - άθληση,Ουσιαστικά,noun,,ντοκιμαντέρ,documentary,documentary photo,generated
1950,8,Ελεύθερος χρόνος: παιχνίδια - χόμπι - διασκέδαση - άθληση,Ουσιαστικά,noun,,ορχήστρα,orchestra,orchestra photo,generated
1951,8,Ελεύθερος χρόνος: παιχνίδια - χόμπι - διασκέδαση - άθληση,Ουσιαστικά,noun,,παραγωγός,producer,producer photo,generated
1952,8,Ελεύθερος χρόνος: παιχνίδια - χόμπι - διασκέδαση - άθληση,Ουσιαστικά,noun,,παρτιτούρα,score,score photo,generated
1953,8,Ελεύθερος χρόνος: παιχνίδια - χόμπι - διασκέδαση - άθληση,Ουσιαστικά,noun,,πλατό,stage,stage photo,generated
1954,8,Ελεύθερος χρόνος: παιχνίδια - χόμπι - διασκέδαση - άθληση,Ουσιαστικά,noun,,πρόγραμμα,schedule,schedule photo,generated
1955,8,Ελεύθερος χρόνος: παιχνίδια - χόμπι - διασκέδαση - άθληση,Ουσιαστικά,noun,,ραδιόφωνο,radio,radio photo,generated
1956,8,Ελεύθερος χρόνος: παιχνίδια - χόμπι - διασκέδαση - άθληση,Ουσιαστικά,noun,,ραδιοφωνικόςσταθμός,,,no_english
1957,8,Ελεύθερος χρόνος: παιχνίδια - χόμπι - διασκέδαση - άθληση,Ουσιαστικά,noun,,σιντι,,,no_english
1958,8,Ελεύθερος χρόνος: παιχνίδια - χόμπι - διασκέδαση - άθληση,Ουσιαστικά,noun,,σίριαλ,serial,serial photo,generated
1959,8,Ελεύθερος χρόνος: παιχνίδια - χόμπι - διασκέδαση - άθληση,Ουσιαστικά,noun,,σκηνοθεσία,,,no_english
1960,8,Ελεύθερος χρόνος: παιχνίδια - χόμπι - διασκέδαση - άθληση,Ουσιαστικά,noun,,σκηνοθέτης,director,director photo,generated
1961,8,Ελεύθερος χρόνος: παιχνίδια - χόμπι - διασκέδαση - άθληση,Ουσιαστικά,noun,,σταθμός,station,station photo,generated
1962,8,Ελεύθερος χρόνος: παιχνίδια - χόμπι - διασκέδαση - άθληση,Ουσιαστικά,noun,,στέρεο,solid,solid photo,generated
1963,8,Ελεύθερος χρόνος: παιχνίδια - χόμπι - διασκέδαση - άθληση,Ουσιαστικά,noun,,στερεοφωνικόσυγκρότημα,,,no_english
1964,8,Ελεύθερος χρόνος: παιχνίδια - χόμπι - διασκέδαση - άθληση,Ουσιαστικά,noun,,στούντιο,studio,studio photo,generated
1965,8,Ελεύθερος χρόνος: παιχνίδια - χόμπι - διασκέδαση - άθληση,Ουσιαστικά,noun,,συναυλία,concert,concert photo,generated
1966,8,Ελεύθερος χρόνος: παιχνίδια - χόμπι - διασκέδαση - άθληση,Ουσιαστικά,noun,,τηλεθεατής,viewer,viewer photo,generated
1967,8,Ελεύθερος χρόνος: παιχνίδια - χόμπι - διασκέδαση - άθληση,Ουσιαστικά,noun,,τηλεοπτικήσειρά,,,no_english
1968,8,Ελεύθερος χρόνος: παιχνίδια - χόμπι - διασκέδαση - άθληση,Ουσιαστικά,noun,,τηλεοπτικόςσταθμός,,,no_english
1969,8,Ελεύθερος χρόνος: παιχνίδια - χόμπι - διασκέδαση - άθληση,Ουσιαστικά,noun,,τηλεπαρουσιαστής,,,no_english
1970,8,Ελεύθερος χρόνος: παιχνίδια - χόμπι - διασκέδαση - άθληση,Ουσιαστικά,noun,,τηλεπαρουσιάστρια,,,no_english
1971,8,Ελεύθερος χρόνος: παιχνίδια - χόμπι - διασκέδαση - άθληση,Ουσιαστικά,noun,,τηλεχειριστήριο(τηλεκοντρόλ),remote control,remote control photo,generated
1972,8,Ελεύθερος χρόνος: παιχνίδια - χόμπι - διασκέδαση - άθληση,Ουσιαστικά,noun,,ταμουσικάόργανα,,,no_english
1973,8,Ελεύθερος χρόνος: παιχνίδια - χόμπι - διασκέδαση - άθληση,Ουσιαστικά,noun,,ακορντεόν,accordion,accordion photo,generated
1974,8,Ελεύθερος χρόνος: παιχνίδια - χόμπι - διασκέδαση - άθληση,Ουσιαστικά,noun,,αρμόνιο,,,no_english
1975,8,Ελεύθερος χρόνος: παιχνίδια - χόμπι - διασκέδαση - άθληση,Ουσιαστικά,noun,,άρπα,harp,harp photo,generated
1976,8,Ελεύθερος χρόνος: παιχνίδια - χόμπι - διασκέδαση - άθληση,Ουσιαστικά,noun,,βιόλα,viola,viola photo,generated
1977,8,Ελεύθερος χρόνος: παιχνίδια - χόμπι - διασκέδαση - άθληση,Ουσιαστικά,noun,,βιολί,violin,violin photo,generated
1978,8,Ελεύθερος χρόνος: παιχνίδια - χόμπι - διασκέδαση - άθληση,Ουσιαστικά,noun,,βιολοντσέλο,cello,cello photo,generated
1979,8,Ελεύθερος χρόνος: παιχνίδια - χόμπι - διασκέδαση - άθληση,Ουσιαστικά,noun,,έγχορδα,,,no_english
1980,8,Ελεύθερος χρόνος: παιχνίδια - χόμπι - διασκέδαση - άθληση,Ουσιαστικά,noun,,κιθάρα,guitar,guitar photo,generated
1981,8,Ελεύθερος χρόνος: παιχνίδια - χόμπι - διασκέδαση - άθληση,Ουσιαστικά,noun,,κλαρινέτο,clarinet,clarinet photo,generated
1982,8,Ελεύθερος χρόνος: παιχνίδια - χόμπι - διασκέδαση - άθληση,Ουσιαστικά,noun,,κλαρίνο,clarinet,clarinet photo,generated
1983,8,Ελεύθερος χρόνος: παιχνίδια - χόμπι - διασκέδαση - άθληση,Ουσιαστικά,noun,,κρουστά,of or related to percussion instruments,of or related to percussion instruments photo,generated
1984,8,Ελεύθερος χρόνος: παιχνίδια - χόμπι - διασκέδαση - άθληση,Ουσιαστικά,noun,,μαντολίνο,mandolin,mandolin photo,generated
1985,8,Ελεύθερος χρόνος: παιχνίδια - χόμπι - διασκέδαση - άθληση,Ουσιαστικά,noun,,μπαγλαμάς,baglamas,baglamas photo,generated
1986,8,Ελεύθερος χρόνος: παιχνίδια - χόμπι - διασκέδαση - άθληση,Ουσιαστικά,noun,,μπουζούκι,bouzouki,bouzouki photo,generated
1987,8,Ελεύθερος χρόνος: παιχνίδια - χόμπι - διασκέδαση - άθληση,Ουσιαστικά,noun,,ντραμς,,,no_english
1988,8,Ελεύθερος χρόνος: παιχνίδια - χόμπι - διασκέδαση - άθληση,Ουσιαστικά,noun,,όμποε,oboe,oboe photo,generated
1989,8,Ελεύθερος χρόνος: παιχνίδια - χόμπι - διασκέδαση - άθληση,Ουσιαστικά,noun,,ούτι,,,no_english
1990,8,Ελεύθερος χρόνος: παιχνίδια - χόμπι - διασκέδαση - άθληση,Ουσιαστικά,noun,,πιάνο,piano,piano photo,generated
1991,8,Ελεύθερος χρόνος: παιχνίδια - χόμπι - διασκέδαση - άθληση,Ουσιαστικά,noun,,πνευστά,Nominative,Nominative photo,generated
1992,8,Ελεύθερος χρόνος: παιχνίδια - χόμπι - διασκέδαση - άθληση,Ουσιαστικά,noun,,σαξόφωνο,saxophone,saxophone photo,generated
1993,8,Ελεύθερος χρόνος: παιχνίδια - χόμπι - διασκέδαση - άθληση,Ουσιαστικά,noun,,φλάουτο,flute,flute photo,generated
1994,8,Ελεύθερος χρόνος: παιχνίδια - χόμπι - διασκέδαση - άθληση,Ουσιαστικά,noun,,φυσαρμόνικα,harmonica,harmonica photo,generated
1995,8,Ελεύθερος χρόνος: παιχνίδια - χόμπι - διασκέδαση - άθληση,Ουσιαστικά,noun,,ταθεάματα,,,no_english
1996,8,Ελεύθερος χρόνος: παιχνίδια - χόμπι - διασκέδαση - άθληση,Ουσιαστικά,noun,,αίθουσα,room,room photo,generated
1997,8,Ελεύθερος χρόνος: παιχνίδια - χόμπι - διασκέδαση - άθληση,Ουσιαστικά,noun,,ακροβασία,acrobatics,acrobatics photo,generated
1998,8,Ελεύθερος χρόνος: παιχνίδια - χόμπι - διασκέδαση - άθληση,Ουσιαστικά,noun,,ακροβάτης,acrobat,acrobat photo,generated
1999,8,Ελεύθερος χρόνος: παιχνίδια - χόμπι - διασκέδαση - άθληση,Ουσιαστικά,noun,,ακροβάτρια,,,no_english
2000,8,Ελεύθερος χρόνος: παιχνίδια - χόμπι - διασκέδαση - άθληση,Ουσιαστικά,noun,,αυλαία,,,no_english
2001,8,Ελεύθερος χρόνος: παιχνίδια - χόμπι - διασκέδαση - άθληση,Ουσιαστικά,noun,,αυτόγραφο,autograph,autograph photo,generated
2002,8,Ελεύθερος χρόνος: παιχνίδια - χόμπι - διασκέδαση - άθληση,Ουσιαστικά,noun,,βεστιάριο,,,no_english
2003,8,Ελεύθερος χρόνος: παιχνίδια - χόμπι - διασκέδαση - άθληση,Ουσιαστικά,noun,,γύρισμα,revolve,revolve photo,generated
2004,8,Ελεύθερος χρόνος: παιχνίδια - χόμπι - διασκέδαση - άθληση,Ουσιαστικά,noun,,διάλειμμα,pause,pause photo,generated
2005,8,Ελεύθερος χρόνος: παιχνίδια - χόμπι - διασκέδαση - άθληση,Ουσιαστικά,noun,,δράμα,drama,drama photo,generated
2006,8,Ελεύθερος χρόνος: παιχνίδια - χόμπι - διασκέδαση - άθληση,Ουσιαστικά,noun,,εισιτήριο,ticket for bus,ticket for bus photo,generated
2007,8,Ελεύθερος χρόνος: παιχνίδια - χόμπι - διασκέδαση - άθληση,Ουσιαστικά,noun,,εξώστης,balcony of building,balcony of building photo,generated
2008,8,Ελεύθερος χρόνος: παιχνίδια - χόμπι - διασκέδαση - άθληση,Ουσιαστικά,noun,,επιθεώρηση,,,no_english
2009,8,Ελεύθερος χρόνος: παιχνίδια - χόμπι - διασκέδαση - άθληση,Ουσιαστικά,noun,,έργο,film,film photo,generated
2010,8,Ελεύθερος χρόνος: παιχνίδια - χόμπι - διασκέδαση - άθληση,Ουσιαστικά,noun,,θεατής,spectator,spectator photo,generated
2011,8,Ελεύθερος χρόνος: παιχνίδια - χόμπι - διασκέδαση - άθληση,Ουσιαστικά,noun,,θέατρο,theatre building,theatre building photo,generated
2012,8,Ελεύθερος χρόνος: παιχνίδια - χόμπι - διασκέδαση - άθληση,Ουσιαστικά,noun,,θέση,position,position photo,generated
2013,8,Ελεύθερος χρόνος: παιχνίδια - χόμπι - διασκέδαση - άθληση,Ουσιαστικά,noun,,θεωρείο,"box, loge, gallery at a theatre, concert hall, parliament",,needs_review
2014,8,Ελεύθερος χρόνος: παιχνίδια - χόμπι - διασκέδαση - άθληση,Ουσιαστικά,noun,,θηριοδαμαστής,tamer,tamer photo,generated
2015,8,Ελεύθερος χρόνος: παιχνίδια - χόμπι - διασκέδαση - άθληση,Ουσιαστικά,noun,,θρίλερ,thriller,thriller photo,generated
2016,8,Ελεύθερος χρόνος: παιχνίδια - χόμπι - διασκέδαση - άθληση,Ουσιαστικά,noun,,καμαρίνι,dressing room,dressing room photo,generated
2017,8,Ελεύθερος χρόνος: παιχνίδια - χόμπι - διασκέδαση - άθληση,Ουσιαστικά,noun,,κινηματογράφος,(colloquial) Alternative form of κινηματογράφος (kinimatográfos),,needs_review
2018,8,Ελεύθερος χρόνος: παιχνίδια - χόμπι - διασκέδαση - άθληση,Ουσιαστικά,noun,,κλόουν,clown,clown photo,generated
2019,8,Ελεύθερος χρόνος: παιχνίδια - χόμπι - διασκέδαση - άθληση,Ουσιαστικά,noun,,κοινό,Nominative,Nominative photo,generated
2020,8,Ελεύθερος χρόνος: παιχνίδια - χόμπι - διασκέδαση - άθληση,Ουσιαστικά,noun,,κούνια,swing,swing photo,generated
2021,8,Ελεύθερος χρόνος: παιχνίδια - χόμπι - διασκέδαση - άθληση,Ουσιαστικά,noun,,κωμωδία,comedy,comedy photo,generated
2022,8,Ελεύθερος χρόνος: παιχνίδια - χόμπι - διασκέδαση - άθληση,Ουσιαστικά,noun,,λούναπαρκ,,,no_english
2023,8,Ελεύθερος χρόνος: παιχνίδια - χόμπι - διασκέδαση - άθληση,Ουσιαστικά,noun,,μαλλίτηςγριάς,,,no_english
2024,8,Ελεύθερος χρόνος: παιχνίδια - χόμπι - διασκέδαση - άθληση,Ουσιαστικά,noun,,μπαλέτο,ballet,ballet photo,generated
2025,8,Ελεύθερος χρόνος: παιχνίδια - χόμπι - διασκέδαση - άθληση,Ουσιαστικά,noun,,νούμερο,numeral,numeral photo,generated
2026,8,Ελεύθερος χρόνος: παιχνίδια - χόμπι - διασκέδαση - άθληση,Ουσιαστικά,noun,,οθόνη,monitor,monitor photo,generated
2027,8,Ελεύθερος χρόνος: παιχνίδια - χόμπι - διασκέδαση - άθληση,Ουσιαστικά,noun,,όπερα,opera,opera photo,generated
2028,8,Ελεύθερος χρόνος: παιχνίδια - χόμπι - διασκέδαση - άθληση,Ουσιαστικά,noun,,παρασκήνια,,,no_english
2029,8,Ελεύθερος χρόνος: παιχνίδια - χόμπι - διασκέδαση - άθληση,Ουσιαστικά,noun,,πλατεία,town square,town square photo,generated
2030,8,Ελεύθερος χρόνος: παιχνίδια - χόμπι - διασκέδαση - άθληση,Ουσιαστικά,noun,,προβολέας,spotlight,spotlight photo,generated
2031,8,Ελεύθερος χρόνος: παιχνίδια - χόμπι - διασκέδαση - άθληση,Ουσιαστικά,noun,,πρωταγωνιστής,protagonist,protagonist photo,generated
2032,8,Ελεύθερος χρόνος: παιχνίδια - χόμπι - διασκέδαση - άθληση,Ουσιαστικά,noun,,πρωταγωνίστρια,protagonist,protagonist photo,generated
2033,8,Ελεύθερος χρόνος: παιχνίδια - χόμπι - διασκέδαση - άθληση,Ουσιαστικά,noun,,πυροτέχνημα,firework,firework photo,generated
2034,8,Ελεύθερος χρόνος: παιχνίδια - χόμπι - διασκέδαση - άθληση,Ουσιαστικά,noun,,ρόλος,role,role photo,generated
2035,8,Ελεύθερος χρόνος: παιχνίδια - χόμπι - διασκέδαση - άθληση,Ουσιαστικά,noun,,σινεμά,cinema,cinema photo,generated
2036,8,Ελεύθερος χρόνος: παιχνίδια - χόμπι - διασκέδαση - άθληση,Ουσιαστικά,noun,,σκηνή,skene,skene photo,generated
2037,8,Ελεύθερος χρόνος: παιχνίδια - χόμπι - διασκέδαση - άθληση,Ουσιαστικά,noun,,σκοποβολή,,,no_english
2038,8,Ελεύθερος χρόνος: παιχνίδια - χόμπι - διασκέδαση - άθληση,Ουσιαστικά,noun,,στόχος,target,target photo,generated
2039,8,Ελεύθερος χρόνος: παιχνίδια - χόμπι - διασκέδαση - άθληση,Ουσιαστικά,noun,,συγκρουόμενα(αυτοκινητάκια),Nominative,Nominative photo,generated
2040,8,Ελεύθερος χρόνος: παιχνίδια - χόμπι - διασκέδαση - άθληση,Ουσιαστικά,noun,,ταχυδακτυλουργός,magician,magician photo,generated
2041,8,Ελεύθερος χρόνος: παιχνίδια - χόμπι - διασκέδαση - άθληση,Ουσιαστικά,noun,,τραγωδία,tragedy,tragedy photo,generated
2042,8,Ελεύθερος χρόνος: παιχνίδια - χόμπι - διασκέδαση - άθληση,Ουσιαστικά,noun,,τσίρκο,circus,circus photo,generated
2043,8,Ελεύθερος χρόνος: παιχνίδια - χόμπι - διασκέδαση - άθληση,Ουσιαστικά,noun,,χειροκρότημα,applause,applause photo,generated
2044,8,Ελεύθερος χρόνος: παιχνίδια - χόμπι - διασκέδαση - άθληση,Ουσιαστικά,noun,,χορευτής,dancer,dancer photo,generated
2045,8,Ελεύθερος χρόνος: παιχνίδια - χόμπι - διασκέδαση - άθληση,Ουσιαστικά,noun,,χορεύτρια,dancer,dancer photo,generated
2046,8,Ελεύθερος χρόνος: παιχνίδια - χόμπι - διασκέδαση - άθληση,Ουσιαστικά,noun,,χορογραφία,choreography,choreography photo,generated
2047,8,Ελεύθερος χρόνος: παιχνίδια - χόμπι - διασκέδαση - άθληση,Ουσιαστικά,noun,,χορογράφος,choreographer,choreographer photo,generated
2048,8,Ελεύθερος χρόνος: παιχνίδια - χόμπι - διασκέδαση - άθληση,Ουσιαστικά,noun,,χορός,dance,dance photo,generated
2049,8,Ελεύθερος χρόνος: παιχνίδια - χόμπι - διασκέδαση - άθληση,Ουσιαστικά,noun,,τααθλήματα,,,no_english
2050,8,Ελεύθερος χρόνος: παιχνίδια - χόμπι - διασκέδαση - άθληση,Ουσιαστικά,noun,,αερόμπικ,aerobics,aerobics photo,generated
2051,8,Ελεύθερος χρόνος: παιχνίδια - χόμπι - διασκέδαση - άθληση,Ουσιαστικά,noun,,βατραχοπέδιλα,swim fin,swimming animal,override
2052,8,Ελεύθερος χρόνος: παιχνίδια - χόμπι - διασκέδαση - άθληση,Ουσιαστικά,noun,,βόλεϊ,,,no_english
2053,8,Ελεύθερος χρόνος: παιχνίδια - χόμπι - διασκέδαση - άθληση,Ουσιαστικά,noun,,γκολφ,golf,golf photo,generated
2054,8,Ελεύθερος χρόνος: παιχνίδια - χόμπι - διασκέδαση - άθληση,Ουσιαστικά,noun,,γυμναστήριο,gymnasium,gymnasium photo,generated
2055,8,Ελεύθερος χρόνος: παιχνίδια - χόμπι - διασκέδαση - άθληση,Ουσιαστικά,noun,,γυμναστής,gymnast,gymnast photo,generated
2056,8,Ελεύθερος χρόνος: παιχνίδια - χόμπι - διασκέδαση - άθληση,Ουσιαστικά,noun,,γυμνάστρια,gymnast,gymnast photo,generated
2057,8,Ελεύθερος χρόνος: παιχνίδια - χόμπι - διασκέδαση - άθληση,Ουσιαστικά,noun,,δύτης,,,no_english
2058,8,Ελεύθερος χρόνος: παιχνίδια - χόμπι - διασκέδαση - άθληση,Ουσιαστικά,noun,,ενόργανηγυμναστική,,,no_english
2059,8,Ελεύθερος χρόνος: παιχνίδια - χόμπι - διασκέδαση - άθληση,Ουσιαστικά,noun,,κατάδυση,dive,dive photo,generated
2060,8,Ελεύθερος χρόνος: παιχνίδια - χόμπι - διασκέδαση - άθληση,Ουσιαστικά,noun,,κολύμβηση,swimming,swimming photo,generated
2061,8,Ελεύθερος χρόνος: παιχνίδια - χόμπι - διασκέδαση - άθληση,Ουσιαστικά,noun,,κολυμβητής,,,no_english
2062,8,Ελεύθερος χρόνος: παιχνίδια - χόμπι - διασκέδαση - άθληση,Ουσιαστικά,noun,,κολυμβήτρια,,,no_english
2063,8,Ελεύθερος χρόνος: παιχνίδια - χόμπι - διασκέδαση - άθληση,Ουσιαστικά,noun,,κωπηλασία,,,no_english
2064,8,Ελεύθερος χρόνος: παιχνίδια - χόμπι - διασκέδαση - άθληση,Ουσιαστικά,noun,,κωπηλάτης,oarsman,oarsman photo,generated
2065,8,Ελεύθερος χρόνος: παιχνίδια - χόμπι - διασκέδαση - άθληση,Ουσιαστικά,noun,,μπάλα,ball,ball photo,generated
2066,8,Ελεύθερος χρόνος: παιχνίδια - χόμπι - διασκέδαση - άθληση,Ουσιαστικά,noun,,μπάσκετ,basketball,basketball photo,generated
2067,8,Ελεύθερος χρόνος: παιχνίδια - χόμπι - διασκέδαση - άθληση,Ουσιαστικά,noun,,μπασκετμπολίστας,,,no_english
2068,8,Ελεύθερος χρόνος: παιχνίδια - χόμπι - διασκέδαση - άθληση,Ουσιαστικά,noun,,μπασκετμπολίστρια,,,no_english
2069,8,Ελεύθερος χρόνος: παιχνίδια - χόμπι - διασκέδαση - άθληση,Ουσιαστικά,noun,,ξιφασκία,,,no_english
2070,8,Ελεύθερος χρόνος: παιχνίδια - χόμπι - διασκέδαση - άθληση,Ουσιαστικά,noun,,ορειβασία,,,no_english
2071,8,Ελεύθερος χρόνος: παιχνίδια - χόμπι - διασκέδαση - άθληση,Ουσιαστικά,noun,,ορειβάτης,,,no_english
2072,8,Ελεύθερος χρόνος: παιχνίδια - χόμπι - διασκέδαση - άθληση,Ουσιαστικά,noun,,ορειβάτισσα,,,no_english
2073,8,Ελεύθερος χρόνος: παιχνίδια - χόμπι - διασκέδαση - άθληση,Ουσιαστικά,noun,,παγοπέδιλο,,,no_english
2074,8,Ελεύθερος χρόνος: παιχνίδια - χόμπι - διασκέδαση - άθληση,Ουσιαστικά,noun,,πατινάζ,,,no_english
2075,8,Ελεύθερος χρόνος: παιχνίδια - χόμπι - διασκέδαση - άθληση,Ουσιαστικά,noun,,πέδιλατουσκι,,,no_english
2076,8,Ελεύθερος χρόνος: παιχνίδια - χόμπι - διασκέδαση - άθληση,Ουσιαστικά,noun,,πισίνα,buttocks,buttocks photo,generated
2077,8,Ελεύθερος χρόνος: παιχνίδια - χόμπι - διασκέδαση - άθληση,Ουσιαστικά,noun,,πίστα,piste,piste photo,generated
2078,8,Ελεύθερος χρόνος: παιχνίδια - χόμπι - διασκέδαση - άθληση,Ουσιαστικά,noun,,ποδήλατο,bicycle,bicycle photo,generated
2079,8,Ελεύθερος χρόνος: παιχνίδια - χόμπι - διασκέδαση - άθληση,Ουσιαστικά,noun,,ποδηλάτης,cyclist,cyclist photo,generated
2080,8,Ελεύθερος χρόνος: παιχνίδια - χόμπι - διασκέδαση - άθληση,Ουσιαστικά,noun,,ποδηλάτισσα,cyclist,cyclist photo,generated
2081,8,Ελεύθερος χρόνος: παιχνίδια - χόμπι - διασκέδαση - άθληση,Ουσιαστικά,noun,,ποδόσφαιρο,football,football photo,generated
2082,8,Ελεύθερος χρόνος: παιχνίδια - χόμπι - διασκέδαση - άθληση,Ουσιαστικά,noun,,ποδοσφαιριστής,footballer,footballer photo,generated
2083,8,Ελεύθερος χρόνος: παιχνίδια - χόμπι - διασκέδαση - άθληση,Ουσιαστικά,noun,,πόλο,water polo,water polo photo,generated
2084,8,Ελεύθερος χρόνος: παιχνίδια - χόμπι - διασκέδαση - άθληση,Ουσιαστικά,noun,,ρακέτα,,,no_english
2085,8,Ελεύθερος χρόνος: παιχνίδια - χόμπι - διασκέδαση - άθληση,Ουσιαστικά,noun,,ρυθμικήγυμναστική,,,no_english
2086,8,Ελεύθερος χρόνος: παιχνίδια - χόμπι - διασκέδαση - άθληση,Ουσιαστικά,noun,,σκι,skiing,skiing photo,generated
2087,8,Ελεύθερος χρόνος: παιχνίδια - χόμπι - διασκέδαση - άθληση,Ουσιαστικά,noun,,σκιέρ,,,no_english
2088,8,Ελεύθερος χρόνος: παιχνίδια - χόμπι - διασκέδαση - άθληση,Ουσιαστικά,noun,,τένις,tennis,tennis photo,generated
2089,8,Ελεύθερος χρόνος: παιχνίδια - χόμπι - διασκέδαση - άθληση,Ουσιαστικά,noun,,τενίστας,female tennis player,female tennis player photo,generated
2090,8,Ελεύθερος χρόνος: παιχνίδια - χόμπι - διασκέδαση - άθληση,Ουσιαστικά,noun,,τενίστρια,female tennis player,female tennis player photo,generated
2091,8,Ελεύθερος χρόνος: παιχνίδια - χόμπι - διασκέδαση - άθληση,Ουσιαστικά,noun,,χόκεϊ,,,no_english
2092,8,Ελεύθερος χρόνος: παιχνίδια - χόμπι - διασκέδαση - άθληση,Ουσιαστικά,noun,,οκλασικόςαθλητισμός,,,no_english
2093,8,Ελεύθερος χρόνος: παιχνίδια - χόμπι - διασκέδαση - άθληση,Ουσιαστικά,noun,,αγώνας,fight,fight photo,generated
2094,8,Ελεύθερος χρόνος: παιχνίδια - χόμπι - διασκέδαση - άθληση,Ουσιαστικά,noun,,αθλητής,athlete,athlete photo,generated
2095,8,Ελεύθερος χρόνος: παιχνίδια - χόμπι - διασκέδαση - άθληση,Ουσιαστικά,noun,,αθλήτρια,female athlete,female athlete photo,generated
2096,8,Ελεύθερος χρόνος: παιχνίδια - χόμπι - διασκέδαση - άθληση,Ουσιαστικά,noun,,άμιλλα,friendly rivalry,friendly rivalry photo,generated
2097,8,Ελεύθερος χρόνος: παιχνίδια - χόμπι - διασκέδαση - άθληση,Ουσιαστικά,noun,,ακοντισμός,javelin throwing,javelin throwing photo,generated
2098,8,Ελεύθερος χρόνος: παιχνίδια - χόμπι - διασκέδαση - άθληση,Ουσιαστικά,noun,,άλμαεπίκοντώ,,,no_english
2099,8,Ελεύθερος χρόνος: παιχνίδια - χόμπι - διασκέδαση - άθληση,Ουσιαστικά,noun,,άλμαειςμήκος,,,no_english
2100,8,Ελεύθερος χρόνος: παιχνίδια - χόμπι - διασκέδαση - άθληση,Ουσιαστικά,noun,,άλμαειςύψος,,,no_english
2101,8,Ελεύθερος χρόνος: παιχνίδια - χόμπι - διασκέδαση - άθληση,Ουσιαστικά,noun,,αποκλεισμός,exclusion,exclusion photo,generated
2102,8,Ελεύθερος χρόνος: παιχνίδια - χόμπι - διασκέδαση - άθληση,Ουσιαστικά,noun,,αποτέλεσμα,result,result photo,generated
2103,8,Ελεύθερος χρόνος: παιχνίδια - χόμπι - διασκέδαση - άθληση,Ουσιαστικά,noun,,βαθμολογία,,,no_english
2104,8,Ελεύθερος χρόνος: παιχνίδια - χόμπι - διασκέδαση - άθληση,Ουσιαστικά,noun,,γήπεδο,ground,ground photo,generated
2105,8,Ελεύθερος χρόνος: παιχνίδια - χόμπι - διασκέδαση - άθληση,Ουσιαστικά,noun,,διαιτητής,referee,referee photo,generated
2106,8,Ελεύθερος χρόνος: παιχνίδια - χόμπι - διασκέδαση - άθληση,Ουσιαστικά,noun,,δισκοβολία,,,no_english
2107,8,Ελεύθερος χρόνος: παιχνίδια - χόμπι - διασκέδαση - άθληση,Ουσιαστικά,noun,,δίχτυ,"net (mesh of string, cord or rope)",,needs_review
2108,8,Ελεύθερος χρόνος: παιχνίδια - χόμπι - διασκέδαση - άθληση,Ουσιαστικά,noun,,έδρα,platform,platform photo,generated
2109,8,Ελεύθερος χρόνος: παιχνίδια - χόμπι - διασκέδαση - άθληση,Ουσιαστικά,noun,,ημίχρονο,one half of game.,one half of game. photo,generated
2110,8,Ελεύθερος χρόνος: παιχνίδια - χόμπι - διασκέδαση - άθληση,Ουσιαστικά,noun,,ήττα,defeat,defeat photo,generated
2111,8,Ελεύθερος χρόνος: παιχνίδια - χόμπι - διασκέδαση - άθληση,Ουσιαστικά,noun,,ισοπαλία,"tie, draw (in any contest)",,needs_review
2112,8,Ελεύθερος χρόνος: παιχνίδια - χόμπι - διασκέδαση - άθληση,Ουσιαστικά,noun,,κερκίδα,radius,radius photo,generated
2113,8,Ελεύθερος χρόνος: παιχνίδια - χόμπι - διασκέδαση - άθληση,Ουσιαστικά,noun,,κόουτς,,,no_english
2114,8,Ελεύθερος χρόνος: παιχνίδια - χόμπι - διασκέδαση - άθληση,Ουσιαστικά,noun,,κόρνερ,,,no_english
2115,8,Ελεύθερος χρόνος: παιχνίδια - χόμπι - διασκέδαση - άθληση,Ουσιαστικά,noun,,κριτής,,,no_english
2116,8,Ελεύθερος χρόνος: παιχνίδια - χόμπι - διασκέδαση - άθληση,Ουσιαστικά,noun,,κύπελλο,goblet,goblet photo,generated
2117,8,Ελεύθερος χρόνος: παιχνίδια - χόμπι - διασκέδαση - άθληση,Ουσιαστικά,noun,,μαραθώνιος,of or relating to Marathon,of or relating to Marathon photo,generated
2118,8,Ελεύθερος χρόνος: παιχνίδια - χόμπι - διασκέδαση - άθληση,Ουσιαστικά,noun,,ματς,match,match photo,generated
2119,8,Ελεύθερος χρόνος: παιχνίδια - χόμπι - διασκέδαση - άθληση,Ουσιαστικά,noun,,μετάλλιο,,,no_english
2120,8,Ελεύθερος χρόνος: παιχνίδια - χόμπι - διασκέδαση - άθληση,Ουσιαστικά,noun,,νίκη,victory,victory photo,generated
2121,8,Ελεύθερος χρόνος: παιχνίδια - χόμπι - διασκέδαση - άθληση,Ουσιαστικά,noun,,νικητής,winner,winner photo,generated
2122,8,Ελεύθερος χρόνος: παιχνίδια - χόμπι - διασκέδαση - άθληση,Ουσιαστικά,noun,,νικήτρια,winner,winner photo,generated
2123,8,Ελεύθερος χρόνος: παιχνίδια - χόμπι - διασκέδαση - άθληση,Ουσιαστικά,noun,,ολυμπιακοίαγώνες,,,no_english
2124,8,Ελεύθερος χρόνος: παιχνίδια - χόμπι - διασκέδαση - άθληση,Ουσιαστικά,noun,,οπαδός,supporter,supporter photo,generated
2125,8,Ελεύθερος χρόνος: παιχνίδια - χόμπι - διασκέδαση - άθληση,Ουσιαστικά,noun,,παίκτης,player,player photo,generated
2126,8,Ελεύθερος χρόνος: παιχνίδια - χόμπι - διασκέδαση - άθληση,Ουσιαστικά,noun,,παιχνίδι,game,game photo,generated
2127,8,Ελεύθερος χρόνος: παιχνίδια - χόμπι - διασκέδαση - άθληση,Ουσιαστικά,noun,,πέναλτι,penalty,penalty photo,generated
2128,8,Ελεύθερος χρόνος: παιχνίδια - χόμπι - διασκέδαση - άθληση,Ουσιαστικά,noun,,πρόκριση,,,no_english
2129,8,Ελεύθερος χρόνος: παιχνίδια - χόμπι - διασκέδαση - άθληση,Ουσιαστικά,noun,,προπόνηση,training,training photo,generated
2130,8,Ελεύθερος χρόνος: παιχνίδια - χόμπι - διασκέδαση - άθληση,Ουσιαστικά,noun,,προπονητής,coach,coach photo,generated
2131,8,Ελεύθερος χρόνος: παιχνίδια - χόμπι - διασκέδαση - άθληση,Ουσιαστικά,noun,,προπονήτρια,coach,coach photo,generated
2132,8,Ελεύθερος χρόνος: παιχνίδια - χόμπι - διασκέδαση - άθληση,Ουσιαστικά,noun,,πρωτάθλημα,championship,championship photo,generated
2133,8,Ελεύθερος χρόνος: παιχνίδια - χόμπι - διασκέδαση - άθληση,Ουσιαστικά,noun,,πρωταθλητής,champion,champion photo,generated
2134,8,Ελεύθερος χρόνος: παιχνίδια - χόμπι - διασκέδαση - άθληση,Ουσιαστικά,noun,,πρωταθλητισμός,,,no_english
2135,8,Ελεύθερος χρόνος: παιχνίδια - χόμπι - διασκέδαση - άθληση,Ουσιαστικά,noun,,πρωταθλήτρια,champion,champion photo,generated
2136,8,Ελεύθερος χρόνος: παιχνίδια - χόμπι - διασκέδαση - άθληση,Ουσιαστικά,noun,,ρεβάνς,,,no_english
2137,8,Ελεύθερος χρόνος: παιχνίδια - χόμπι - διασκέδαση - άθληση,Ουσιαστικά,noun,,ρεκόρ,record,record photo,generated
2138,8,Ελεύθερος χρόνος: παιχνίδια - χόμπι - διασκέδαση - άθληση,Ουσιαστικά,noun,,ριμπάουντ,,,no_english
2139,8,Ελεύθερος χρόνος: παιχνίδια - χόμπι - διασκέδαση - άθληση,Ουσιαστικά,noun,,σκόρερ,,,no_english
2140,8,Ελεύθερος χρόνος: παιχνίδια - χόμπι - διασκέδαση - άθληση,Ουσιαστικά,noun,,σκυταλοδρομία,,,no_english
2141,8,Ελεύθερος χρόνος: παιχνίδια - χόμπι - διασκέδαση - άθληση,Ουσιαστικά,noun,,στάδιο,stadium,stadium photo,generated
2142,8,Ελεύθερος χρόνος: παιχνίδια - χόμπι - διασκέδαση - άθληση,Ουσιαστικά,noun,,τερματοφύλακας,goalkeeper,goalkeeper photo,generated
2143,8,Ελεύθερος χρόνος: παιχνίδια - χόμπι - διασκέδαση - άθληση,Ουσιαστικά,noun,,φάουλ,foul,foul photo,generated
2144,8,Ελεύθερος χρόνος: παιχνίδια - χόμπι - διασκέδαση - άθληση,Ουσιαστικά,noun,,φίλαθλος,loving sport,loving sport photo,generated
2221,9,Ο χρόνος και οι εποχές - Ο καιρός,Ουσιαστικά,noun,,ανατολή,east,east photo,generated
2222,9,Ο χρόνος και οι εποχές - Ο καιρός,Ουσιαστικά,noun,,απόγευμα,afternoon,afternoon photo,generated
2223,9,Ο χρόνος και οι εποχές - Ο καιρός,Ουσιαστικά,noun,,αυγή,dawn,dawn photo,generated
2224,9,Ο χρόνος και οι εποχές - Ο καιρός,Ουσιαστικά,noun,,βδομάδα,week,week photo,generated
2225,9,Ο χρόνος και οι εποχές - Ο καιρός,Ουσιαστικά,noun,,βράδυ,at night,at night photo,generated
2226,9,Ο χρόνος και οι εποχές - Ο καιρός,Ουσιαστικά,noun,,δεκάλεπτο,ten-minutes,ten-minutes photo,generated
2227,9,Ο χρόνος και οι εποχές - Ο καιρός,Ουσιαστικά,noun,,δευτερόλεπτο,second,second photo,generated
2228,9,Ο χρόνος και οι εποχές - Ο καιρός,Ουσιαστικά,noun,,δείκτης,indicator,indicator photo,generated
2229,9,Ο χρόνος και οι εποχές - Ο καιρός,Ουσιαστικά,noun,,δεκαπενθήμερο,fifteen days,fifteen days photo,generated
2230,9,Ο χρόνος και οι εποχές - Ο καιρός,Ουσιαστικά,noun,,δίμηνο,,,no_english
2231,9,Ο χρόνος και οι εποχές - Ο καιρός,Ουσιαστικά,noun,,δίωρο,two hours,two hours photo,generated
2232,9,Ο χρόνος και οι εποχές - Ο καιρός,Ουσιαστικά,noun,,δύση,west,west photo,generated
2233,9,Ο χρόνος και οι εποχές - Ο καιρός,Ουσιαστικά,noun,,δύσητουήλιου,,,no_english
2234,9,Ο χρόνος και οι εποχές - Ο καιρός,Ουσιαστικά,noun,,εβδομάδα,week,week photo,generated
2235,9,Ο χρόνος και οι εποχές - Ο καιρός,Ουσιαστικά,noun,,εξάμηνο,,,no_english
2236,9,Ο χρόνος και οι εποχές - Ο καιρός,Ουσιαστικά,noun,,έτος,year,year photo,generated
2237,9,Ο χρόνος και οι εποχές - Ο καιρός,Ουσιαστικά,noun,,ηλιοβασίλεμα,sunset,sunset photo,generated
2238,9,Ο χρόνος και οι εποχές - Ο καιρός,Ουσιαστικά,noun,,ημέρα,hours of daylight,hours of daylight photo,generated
2239,9,Ο χρόνος και οι εποχές - Ο καιρός,Ουσιαστικά,noun,,ημερομηνία,date,date photo,generated
2240,9,Ο χρόνος και οι εποχές - Ο καιρός,Ουσιαστικά,noun,,λεπτό,Nominative,Nominative photo,generated
2241,9,Ο χρόνος και οι εποχές - Ο καιρός,Ουσιαστικά,noun,,λεπτοδείκτης,,,no_english
2242,9,Ο χρόνος και οι εποχές - Ο καιρός,Ουσιαστικά,noun,,μέρα,hours of daylight,hours of daylight photo,generated
2243,9,Ο χρόνος και οι εποχές - Ο καιρός,Ουσιαστικά,noun,,μεσημέρι,midday,midday photo,generated
2244,9,Ο χρόνος και οι εποχές - Ο καιρός,Ουσιαστικά,noun,,μήνας,month,month photo,generated
2245,9,Ο χρόνος και οι εποχές - Ο καιρός,Ουσιαστικά,noun,,μισάωρο,half-hour,half-hour photo,generated
2246,9,Ο χρόνος και οι εποχές - Ο καιρός,Ουσιαστικά,noun,,νύχτα,night,night photo,generated
2247,9,Ο χρόνος και οι εποχές - Ο καιρός,Ουσιαστικά,noun,,ξημέρωμα,dawn,dawn photo,generated
2248,9,Ο χρόνος και οι εποχές - Ο καιρός,Ουσιαστικά,noun,,πενθήμερο,five-day,five-day photo,generated
2249,9,Ο χρόνος και οι εποχές - Ο καιρός,Ουσιαστικά,noun,,πεντάλεπτο,,,no_english
2250,9,Ο χρόνος και οι εποχές - Ο καιρός,Ουσιαστικά,noun,,πρωί,morning,morning photo,generated
2251,9,Ο χρόνος και οι εποχές - Ο καιρός,Ουσιαστικά,noun,,πρωτομηνιά,,,no_english
2252,9,Ο χρόνος και οι εποχές - Ο καιρός,Ουσιαστικά,noun,,ρολόι,Nominative and vocative plural,Nominative and vocative plural photo,generated
2253,9,Ο χρόνος και οι εποχές - Ο καιρός,Ουσιαστικά,noun,,σαββατόβραδο,,,no_english
2254,9,Ο χρόνος και οι εποχές - Ο καιρός,Ουσιαστικά,noun,,σαββατοκύριακο,weekend,weekend photo,generated
2255,9,Ο χρόνος και οι εποχές - Ο καιρός,Ουσιαστικά,noun,,σούρουπο,dusk,dusk photo,generated
2256,9,Ο χρόνος και οι εποχές - Ο καιρός,Ουσιαστικά,noun,,τέταρτο,quarter,quarter photo,generated
2257,9,Ο χρόνος και οι εποχές - Ο καιρός,Ουσιαστικά,noun,,τρίμηνο,trimester,trimester photo,generated
2258,9,Ο χρόνος και οι εποχές - Ο καιρός,Ουσιαστικά,noun,,ώρα,hour,hour photo,generated
2259,9,Ο χρόνος και οι εποχές - Ο καιρός,Ουσιαστικά,noun,,ωροδείκτης,,,no_english
2260,9,Ο χρόνος και οι εποχές - Ο καιρός,Ουσιαστικά,noun,,ωρολόι,,,no_english
2261,9,Ο χρόνος και οι εποχές - Ο καιρός,Ουσιαστικά,noun,,οιμέρεςτηςεβδομάδας,,,no_english
2262,9,Ο χρόνος και οι εποχές - Ο καιρός,Ουσιαστικά,noun,,η∆ευτέρα,,,no_english
2263,9,Ο χρόνος και οι εποχές - Ο καιρός,Ουσιαστικά,noun,,ηΤρίτη,,,no_english
2264,9,Ο χρόνος και οι εποχές - Ο καιρός,Ουσιαστικά,noun,,ηΤετάρτη,,,no_english
2265,9,Ο χρόνος και οι εποχές - Ο καιρός,Ουσιαστικά,noun,,ηΠέμπτη,,,no_english
2266,9,Ο χρόνος και οι εποχές - Ο καιρός,Ουσιαστικά,noun,,ηΠαρασκευή,,,no_english
2267,9,Ο χρόνος και οι εποχές - Ο καιρός,Ουσιαστικά,noun,,τοΣάββατο,,,no_english
2268,9,Ο χρόνος και οι εποχές - Ο καιρός,Ουσιαστικά,noun,,ηΚυριακή,,,no_english
2269,9,Ο χρόνος και οι εποχές - Ο καιρός,Ουσιαστικά,noun,,οι12μήνεςτουγρόνου,,,no_english
2270,9,Ο χρόνος και οι εποχές - Ο καιρός,Ουσιαστικά,noun,,οΙανουάριος,,,no_english
2271,9,Ο χρόνος και οι εποχές - Ο καιρός,Ουσιαστικά,noun,,οΦεβρουάριος,,,no_english
2272,9,Ο χρόνος και οι εποχές - Ο καιρός,Ουσιαστικά,noun,,οΜάρτιος,,,no_english
2273,9,Ο χρόνος και οι εποχές - Ο καιρός,Ουσιαστικά,noun,,οΑπρίλιος,,,no_english
2274,9,Ο χρόνος και οι εποχές - Ο καιρός,Ουσιαστικά,noun,,οΜάιος,,,no_english
2275,9,Ο χρόνος και οι εποχές - Ο καιρός,Ουσιαστικά,noun,,οΙούνιος,,,no_english
2276,9,Ο χρόνος και οι εποχές - Ο καιρός,Ουσιαστικά,noun,,οΙούλιος,,,no_english
2277,9,Ο χρόνος και οι εποχές - Ο καιρός,Ουσιαστικά,noun,,οΑύγουστος,,,no_english
2278,9,Ο χρόνος και οι εποχές - Ο καιρός,Ουσιαστικά,noun,,οΣεπτέμβριος,,,no_english
2279,9,Ο χρόνος και οι εποχές - Ο καιρός,Ουσιαστικά,noun,,οΟκτώβριος,,,no_english
2280,9,Ο χρόνος και οι εποχές - Ο καιρός,Ουσιαστικά,noun,,οΝοέμβριος,,,no_english
2281,9,Ο χρόνος και οι εποχές - Ο καιρός,Ουσιαστικά,noun,,ο∆εκέμβριος,,,no_english
2282,9,Ο χρόνος και οι εποχές - Ο καιρός,Ουσιαστικά,noun,,διαίρεσηχρόνου,,,no_english
2283,9,Ο χρόνος και οι εποχές - Ο καιρός,Ουσιαστικά,noun,,αιώνας,century,century photo,generated
2284,9,Ο χρόνος και οι εποχές - Ο καιρός,Ουσιαστικά,noun,,δεκαετία,decade,decade photo,generated
2285,9,Ο χρόνος και οι εποχές - Ο καιρός,Ουσιαστικά,noun,,διετία,biennium,biennium photo,generated
2286,9,Ο χρόνος και οι εποχές - Ο καιρός,Ουσιαστικά,noun,,εξάμηνο,,,no_english
2287,9,Ο χρόνος και οι εποχές - Ο καιρός,Ουσιαστικά,noun,,έτος,year,year photo,generated
2288,9,Ο χρόνος και οι εποχές - Ο καιρός,Ουσιαστικά,noun,,πενταετία,,,no_english
2289,9,Ο χρόνος και οι εποχές - Ο καιρός,Ουσιαστικά,noun,,χρόνος,see colloquial genitive χρονών,see colloquial genitive χρονών photo,generated
2290,9,Ο χρόνος και οι εποχές - Ο καιρός,Ουσιαστικά,noun,,χιλιετερίδα,,,no_english
2291,9,Ο χρόνος και οι εποχές - Ο καιρός,Ουσιαστικά,noun,,χιλιετία,millennium,millennium photo,generated
2292,9,Ο χρόνος και οι εποχές - Ο καιρός,Ουσιαστικά,noun,,τοηλιακόσύστημα,,,no_english
2293,9,Ο χρόνος και οι εποχές - Ο καιρός,Ουσιαστικά,noun,,ακτίνα,light ray,light ray photo,generated
2294,9,Ο χρόνος και οι εποχές - Ο καιρός,Ουσιαστικά,noun,,άξονας,axis,axis photo,generated
2295,9,Ο χρόνος και οι εποχές - Ο καιρός,Ουσιαστικά,noun,,αστέρι,star,star photo,generated
2296,9,Ο χρόνος και οι εποχές - Ο καιρός,Ουσιαστικά,noun,,γη,world,world photo,generated
2297,9,Ο χρόνος και οι εποχές - Ο καιρός,Ουσιαστικά,noun,,έκλειψηηλίου,,,no_english
2298,9,Ο χρόνος και οι εποχές - Ο καιρός,Ουσιαστικά,noun,,έκλειψησελήνης,,,no_english
2299,9,Ο χρόνος και οι εποχές - Ο καιρός,Ουσιαστικά,noun,,ήλιος,sunlight,sunlight photo,generated
2300,9,Ο χρόνος και οι εποχές - Ο καιρός,Ουσιαστικά,noun,,πανσέληνος,full moon,full moon photo,generated
2301,9,Ο χρόνος και οι εποχές - Ο καιρός,Ουσιαστικά,noun,,πλανήτης,planet,planet photo,generated
2302,9,Ο χρόνος και οι εποχές - Ο καιρός,Ουσιαστικά,noun,,σελήνη,Moon,Moon photo,generated
2303,9,Ο χρόνος και οι εποχές - Ο καιρός,Ουσιαστικά,noun,,στροφή,bend,bend photo,generated
2304,9,Ο χρόνος και οι εποχές - Ο καιρός,Ουσιαστικά,noun,,φεγγάρι,Moon,Moon photo,generated
2305,9,Ο χρόνος και οι εποχές - Ο καιρός,Ουσιαστικά,noun,,τοημερολόγιο,,,no_english
2306,9,Ο χρόνος και οι εποχές - Ο καιρός,Ουσιαστικά,noun,,αύριο,tomorrow,tomorrow photo,generated
2307,9,Ο χρόνος και οι εποχές - Ο καιρός,Ουσιαστικά,noun,,ημερομηνία,date,date photo,generated
2308,9,Ο χρόνος και οι εποχές - Ο καιρός,Ουσιαστικά,noun,,μεθαύριο,day after tomorrow,day after tomorrow photo,generated
2309,9,Ο χρόνος και οι εποχές - Ο καιρός,Ουσιαστικά,noun,,μέλλον,future,future photo,generated
2310,9,Ο χρόνος και οι εποχές - Ο καιρός,Ουσιαστικά,noun,,παρελθόν,past,past photo,generated
2311,9,Ο χρόνος και οι εποχές - Ο καιρός,Ουσιαστικά,noun,,παρόν,Nominative,Nominative photo,generated
2312,9,Ο χρόνος και οι εποχές - Ο καιρός,Ουσιαστικά,noun,,προχθές,two days ago,two days ago photo,generated
2313,9,Ο χρόνος και οι εποχές - Ο καιρός,Ουσιαστικά,noun,,σήμερα,today,today photo,generated
2314,9,Ο χρόνος και οι εποχές - Ο καιρός,Ουσιαστικά,noun,,χθες,yesterday,yesterday photo,generated
2315,9,Ο χρόνος και οι εποχές - Ο καιρός,Ουσιαστικά,noun,,χρονολογία,system of dating,system of dating photo,generated
2316,9,Ο χρόνος και οι εποχές - Ο καιρός,Ουσιαστικά,noun,,Τατέσσερασημείατουορίζοντα,,,no_english
2317,9,Ο χρόνος και οι εποχές - Ο καιρός,Ουσιαστικά,noun,,οΒορράς(οΒοριάς),,,no_english
2318,9,Ο χρόνος και οι εποχές - Ο καιρός,Ουσιαστικά,noun,,οΝότος,,,no_english
2319,9,Ο χρόνος και οι εποχές - Ο καιρός,Ουσιαστικά,noun,,η∆ύση,,,no_english
2320,9,Ο χρόνος και οι εποχές - Ο καιρός,Ουσιαστικά,noun,,ηΑνατολή,,,no_english
2321,9,Ο χρόνος και οι εποχές - Ο καιρός,Ουσιαστικά,noun,,οιτέσσεριςεποχέςτονχρόνου,,,no_english
2322,9,Ο χρόνος και οι εποχές - Ο καιρός,Ουσιαστικά,noun,,ηάνοιξη,,,no_english
2323,9,Ο χρόνος και οι εποχές - Ο καιρός,Ουσιαστικά,noun,,τοκαλοκαίρι,,,no_english
2324,9,Ο χρόνος και οι εποχές - Ο καιρός,Ουσιαστικά,noun,,τοφθινόπωρο,,,no_english
2325,9,Ο χρόνος και οι εποχές - Ο καιρός,Ουσιαστικά,noun,,οχειμώνας,,,no_english
2326,9,Ο χρόνος και οι εποχές - Ο καιρός,Ουσιαστικά,noun,,οκαιρός,,,no_english
2327,9,Ο χρόνος και οι εποχές - Ο καιρός,Ουσιαστικά,noun,,αεράκι,wind,wind photo,generated
2328,9,Ο χρόνος και οι εποχές - Ο καιρός,Ουσιαστικά,noun,,αέρας,wind,wind photo,generated
2329,9,Ο χρόνος και οι εποχές - Ο καιρός,Ουσιαστικά,noun,,ανεμοθύελλα,windstorm,windstorm photo,generated
2330,9,Ο χρόνος και οι εποχές - Ο καιρός,Ουσιαστικά,noun,,άνεμος,wind,wind photo,generated
2331,9,Ο χρόνος και οι εποχές - Ο καιρός,Ουσιαστικά,noun,,άνοδος(θερμοκρασίας),increase,increase photo,generated
2332,9,Ο χρόνος και οι εποχές - Ο καιρός,Ουσιαστικά,noun,,άπνοια,calmness,calmness photo,generated
2333,9,Ο χρόνος και οι εποχές - Ο καιρός,Ουσιαστικά,noun,,αστραπή,lightning,lightning photo,generated
2334,9,Ο χρόνος και οι εποχές - Ο καιρός,Ουσιαστικά,noun,,ατμόσφαιρα,atmosphere,atmosphere photo,generated
2335,9,Ο χρόνος και οι εποχές - Ο καιρός,Ουσιαστικά,noun,,βαθμός,grade,grade photo,generated
2336,9,Ο χρόνος και οι εποχές - Ο καιρός,Ουσιαστικά,noun,,βοριάς,north wind,north wind photo,generated
2337,9,Ο χρόνος και οι εποχές - Ο καιρός,Ουσιαστικά,noun,,βροντή,thunder,thunder photo,generated
2338,9,Ο χρόνος και οι εποχές - Ο καιρός,Ουσιαστικά,noun,,βροχή,rain,rain photo,generated
2339,9,Ο χρόνος και οι εποχές - Ο καιρός,Ουσιαστικά,noun,,βροχοπτώσεις,,,no_english
2340,9,Ο χρόνος και οι εποχές - Ο καιρός,Ουσιαστικά,noun,,δελτίοκαιρού,,,no_english
2341,9,Ο χρόνος και οι εποχές - Ο καιρός,Ουσιαστικά,noun,,δελτίοθυέλλης,,,no_english
2342,9,Ο χρόνος και οι εποχές - Ο καιρός,Ουσιαστικά,noun,,δροσιά,,,no_english
2343,9,Ο χρόνος και οι εποχές - Ο καιρός,Ουσιαστικά,noun,,ζέστη,heat,heat photo,generated
2344,9,Ο χρόνος και οι εποχές - Ο καιρός,Ουσιαστικά,noun,,ηλιαχτίδα,sunbeam,sunbeam photo,generated
2345,9,Ο χρόνος και οι εποχές - Ο καιρός,Ουσιαστικά,noun,,ηλιοφάνεια,sunshine,sunshine photo,generated
2346,9,Ο χρόνος και οι εποχές - Ο καιρός,Ουσιαστικά,noun,,θάλασσα,storm,storm photo,generated
2347,9,Ο χρόνος και οι εποχές - Ο καιρός,Ουσιαστικά,noun,,θαλασσοταραχή,,,no_english
2348,9,Ο χρόνος και οι εποχές - Ο καιρός,Ουσιαστικά,noun,,θερμοκρασία,temperature,temperature photo,generated
2349,9,Ο χρόνος και οι εποχές - Ο καιρός,Ουσιαστικά,noun,,θερμόμετρο,thermometer,thermometer photo,generated
2350,9,Ο χρόνος και οι εποχές - Ο καιρός,Ουσιαστικά,noun,,καιρικέςσυνθήκες,,,no_english
2351,9,Ο χρόνος και οι εποχές - Ο καιρός,Ουσιαστικά,noun,,κακοκαιρία,,,no_english
2352,9,Ο χρόνος και οι εποχές - Ο καιρός,Ουσιαστικά,noun,,καλοκαιρία,summertime,summertime photo,generated
2353,9,Ο χρόνος και οι εποχές - Ο καιρός,Ουσιαστικά,noun,,καταιγίδα,thunderstorm,thunderstorm photo,generated
2354,9,Ο χρόνος και οι εποχές - Ο καιρός,Ουσιαστικά,noun,,καύσωνας,heatwave,heatwave photo,generated
2355,9,Ο χρόνος και οι εποχές - Ο καιρός,Ουσιαστικά,noun,,Κέλσιος,,,no_english
2356,9,Ο χρόνος και οι εποχές - Ο καιρός,Ουσιαστικά,noun,,κεραυνός,thunderbolt,thunderbolt photo,generated
2357,9,Ο χρόνος και οι εποχές - Ο καιρός,Ουσιαστικά,noun,,κλίμα,climate,climate photo,generated
2358,9,Ο χρόνος και οι εποχές - Ο καιρός,Ουσιαστικά,noun,,κρύο,cold,cold photo,generated
2359,9,Ο χρόνος και οι εποχές - Ο καιρός,Ουσιαστικά,noun,,κύμα,wave,wave photo,generated
2360,9,Ο χρόνος και οι εποχές - Ο καιρός,Ουσιαστικά,noun,,λιακάδα,,,no_english
2361,9,Ο χρόνος και οι εποχές - Ο καιρός,Ουσιαστικά,noun,,λίβας,libecchio,libecchio photo,generated
2362,9,Ο χρόνος και οι εποχές - Ο καιρός,Ουσιαστικά,noun,,μελτέμι,meltemi,meltemi photo,generated
2363,9,Ο χρόνος και οι εποχές - Ο καιρός,Ουσιαστικά,noun,,μετεωρολόγος,,,no_english
2364,9,Ο χρόνος και οι εποχές - Ο καιρός,Ουσιαστικά,noun,,μόλυνση,contagion,contagion photo,generated
2365,9,Ο χρόνος και οι εποχές - Ο καιρός,Ουσιαστικά,noun,,μπόρα,,,no_english
2366,9,Ο χρόνος και οι εποχές - Ο καιρός,Ουσιαστικά,noun,,μπουρίνι,,,no_english
2367,9,Ο χρόνος και οι εποχές - Ο καιρός,Ουσιαστικά,noun,,νιφάδαχιονιού,,,no_english
2368,9,Ο χρόνος και οι εποχές - Ο καιρός,Ουσιαστικά,noun,,νοτιάς,ostro,ostro photo,generated
2369,9,Ο χρόνος και οι εποχές - Ο καιρός,Ουσιαστικά,noun,,ξαστεριά,,,no_english
2370,9,Ο χρόνος και οι εποχές - Ο καιρός,Ουσιαστικά,noun,,ομίχλη,fog,,needs_review
2371,9,Ο χρόνος και οι εποχές - Ο καιρός,Ουσιαστικά,noun,,ουράνιοτόξο,,,no_english
2372,9,Ο χρόνος και οι εποχές - Ο καιρός,Ουσιαστικά,noun,,ουρανός,roof,roof photo,generated
2373,9,Ο χρόνος και οι εποχές - Ο καιρός,Ουσιαστικά,noun,,παγετός,,,no_english
2374,9,Ο χρόνος και οι εποχές - Ο καιρός,Ουσιαστικά,noun,,περιβάλλον,environment,environment photo,generated
2375,9,Ο χρόνος και οι εποχές - Ο καιρός,Ουσιαστικά,noun,,πρόβλεψη,,,no_english
2376,9,Ο χρόνος και οι εποχές - Ο καιρός,Ουσιαστικά,noun,,πτώσηθερμοκρασίας,,,no_english
2377,9,Ο χρόνος και οι εποχές - Ο καιρός,Ουσιαστικά,noun,,ρεύμα,air current,air current photo,generated
2378,9,Ο χρόνος και οι εποχές - Ο καιρός,Ουσιαστικά,noun,,ρύπανση,pollution,pollution photo,generated
2379,9,Ο χρόνος και οι εποχές - Ο καιρός,Ουσιαστικά,noun,,σταγόνα,drop,drop photo,generated
2380,9,Ο χρόνος και οι εποχές - Ο καιρός,Ουσιαστικά,noun,,συννεφιά,,,no_english
2381,9,Ο χρόνος και οι εποχές - Ο καιρός,Ουσιαστικά,noun,,σύννεφο,cloud,cloud photo,generated
2382,9,Ο χρόνος και οι εποχές - Ο καιρός,Ουσιαστικά,noun,,τρικυμία,,,no_english
2383,9,Ο χρόνος και οι εποχές - Ο καιρός,Ουσιαστικά,noun,,υγρασία,moisture,moisture photo,generated
2384,9,Ο χρόνος και οι εποχές - Ο καιρός,Ουσιαστικά,noun,,υδράργυρος,mercury,mercury photo,generated
2385,9,Ο χρόνος και οι εποχές - Ο καιρός,Ουσιαστικά,noun,,φουρτούνα,rough sea,rough sea photo,generated
2386,9,Ο χρόνος και οι εποχές - Ο καιρός,Ουσιαστικά,noun,,χαλάζι,hail,hail photo,generated
2387,9,Ο χρόνος και οι εποχές - Ο καιρός,Ουσιαστικά,noun,,χιόνι,snow,snow photo,generated
2388,9,Ο χρόνος και οι εποχές - Ο καιρός,Ουσιαστικά,noun,,χιονοθύελλα,blizzard,blizzard photo,generated
2389,9,Ο χρόνος και οι εποχές - Ο καιρός,Ουσιαστικά,noun,,χιονόπτωση,,,no_english
2390,9,Ο χρόνος και οι εποχές - Ο καιρός,Ουσιαστικά,noun,,ψιχάλα,,,no_english
2391,9,Ο χρόνος και οι εποχές - Ο καιρός,Ουσιαστικά,noun,,ψύχρα,cold,cold photo,generated
2392,9,Ο χρόνος και οι εποχές - Ο καιρός,Ουσιαστικά,noun,,οικολογία,ecology,ecology photo,generated
2393,9,Ο χρόνος και οι εποχές - Ο καιρός,Ουσιαστικά,noun,,ανακύκλωση,recycling,recycling photo,generated
2394,9,Ο χρόνος και οι εποχές - Ο καιρός,Ουσιαστικά,noun,,ατμόσφαιρα,atmosphere,atmosphere photo,generated
2395,9,Ο χρόνος και οι εποχές - Ο καιρός,Ουσιαστικά,noun,,βιολογικάπροϊόντα,,,no_english
2396,9,Ο χρόνος και οι εποχές - Ο καιρός,Ουσιαστικά,noun,,βιολογικόςκαθαρισμός,,,no_english
2397,9,Ο χρόνος και οι εποχές - Ο καιρός,Ουσιαστικά,noun,,ηχορύπανση,,,no_english
2398,9,Ο χρόνος και οι εποχές - Ο καιρός,Ουσιαστικά,noun,,καθαρισμός,scouring,scouring photo,generated
2399,9,Ο χρόνος και οι εποχές - Ο καιρός,Ουσιαστικά,noun,,καθαριότητα,cleanliness,cleanliness photo,generated
2400,9,Ο χρόνος και οι εποχές - Ο καιρός,Ουσιαστικά,noun,,λίπασμα,fertilizer,fertilizer photo,generated
2401,9,Ο χρόνος και οι εποχές - Ο καιρός,Ουσιαστικά,noun,,μόλυνσητουπεριβάλλοντος,,,no_english
2402,9,Ο χρόνος και οι εποχές - Ο καιρός,Ουσιαστικά,noun,,νέφος,smog,smog photo,generated
2403,9,Ο χρόνος και οι εποχές - Ο καιρός,Ουσιαστικά,noun,,περιβάλλον,environment,environment photo,generated
2404,9,Ο χρόνος και οι εποχές - Ο καιρός,Ουσιαστικά,noun,,προστασίαπεριβάλλοντος,,,no_english
2405,9,Ο χρόνος και οι εποχές - Ο καιρός,Ουσιαστικά,noun,,προστασίατωνζώων,,,no_english
2406,9,Ο χρόνος και οι εποχές - Ο καιρός,Ουσιαστικά,noun,,ραδιενέργεια,radioactivity,radioactivity photo,generated
2407,9,Ο χρόνος και οι εποχές - Ο καιρός,Ουσιαστικά,noun,,ρύπανση,pollution,pollution photo,generated
2408,9,Ο χρόνος και οι εποχές - Ο καιρός,Ουσιαστικά,noun,,τρύπατουόζοντος,,,no_english
2545,10,Μεταφορικά μέσα - Ταξίδια,Ουσιαστικά,noun,,άγκυρα,anchor,anchor photo,generated
2546,10,Μεταφορικά μέσα - Ταξίδια,Ουσιαστικά,noun,,άδεια,permission,permission photo,generated
2547,10,Μεταφορικά μέσα - Ταξίδια,Ουσιαστικά,noun,,άδειαπαραμονής,,,no_english
2548,10,Μεταφορικά μέσα - Ταξίδια,Ουσιαστικά,noun,,αεροδρόμιο,airport,airport photo,generated
2549,10,Μεταφορικά μέσα - Ταξίδια,Ουσιαστικά,noun,,αεροπειρατεία,highjacking,highjacking photo,generated
2550,10,Μεταφορικά μέσα - Ταξίδια,Ουσιαστικά,noun,,αεροπλάνο,(more colloquial) Alternative form of αεροπλάνο (aeropláno),,needs_review
2551,10,Μεταφορικά μέσα - Ταξίδια,Ουσιαστικά,noun,,αεροπορικήεταιρεία,,,no_english
2552,10,Μεταφορικά μέσα - Ταξίδια,Ουσιαστικά,noun,,αερόστατο,gas-filled balloon,gas-filled balloon photo,generated
2553,10,Μεταφορικά μέσα - Ταξίδια,Ουσιαστικά,noun,,αεροσυνοδός,flight attendant,flight attendant photo,generated
2554,10,Μεταφορικά μέσα - Ταξίδια,Ουσιαστικά,noun,,αίθουσα,room,room photo,generated
2555,10,Μεταφορικά μέσα - Ταξίδια,Ουσιαστικά,noun,,αίθουσααναμονής,,,no_english
2556,10,Μεταφορικά μέσα - Ταξίδια,Ουσιαστικά,noun,,ακύρωση,annulment,annulment photo,generated
2557,10,Μεταφορικά μέσα - Ταξίδια,Ουσιαστικά,noun,,αναβολή,postponement,postponement photo,generated
2558,10,Μεταφορικά μέσα - Ταξίδια,Ουσιαστικά,noun,,αναγγελία,notice,notice photo,generated
2559,10,Μεταφορικά μέσα - Ταξίδια,Ουσιαστικά,noun,,αναμονή,wait,wait photo,generated
2560,10,Μεταφορικά μέσα - Ταξίδια,Ουσιαστικά,noun,,ανανέωση,renewal,renewal photo,generated
2561,10,Μεταφορικά μέσα - Ταξίδια,Ουσιαστικά,noun,,αναχώρηση,departure,departure photo,generated
2562,10,Μεταφορικά μέσα - Ταξίδια,Ουσιαστικά,noun,,αντίσκηνο,small tent,small tent photo,generated
2563,10,Μεταφορικά μέσα - Ταξίδια,Ουσιαστικά,noun,,αξιοθέατο,Nominative,Nominative photo,generated
2564,10,Μεταφορικά μέσα - Ταξίδια,Ουσιαστικά,noun,,αποβάθρα,quay,quay photo,generated
2565,10,Μεταφορικά μέσα - Ταξίδια,Ουσιαστικά,noun,,απογείωση,takeoff,takeoff photo,generated
2566,10,Μεταφορικά μέσα - Ταξίδια,Ουσιαστικά,noun,,αποσκευές,Nominative,Nominative photo,generated
2567,10,Μεταφορικά μέσα - Ταξίδια,Ουσιαστικά,noun,,απωλεσθέντααντικείμενα,,,no_english
2568,10,Μεταφορικά μέσα - Ταξίδια,Ουσιαστικά,noun,,άσφαλτος,free from errors,free from errors photo,generated
2569,10,Μεταφορικά μέσα - Ταξίδια,Ουσιαστικά,noun,,ατμομηχανή,steam engine,steam engine photo,generated
2570,10,Μεταφορικά μέσα - Ταξίδια,Ουσιαστικά,noun,,αυτοκινητάμαξα,,,no_english
2571,10,Μεταφορικά μέσα - Ταξίδια,Ουσιαστικά,noun,,αυτοκινητιστής,,,no_english
2572,10,Μεταφορικά μέσα - Ταξίδια,Ουσιαστικά,noun,,αυτοκίνητο,"car, motorcar, automobile",,needs_review
2573,10,Μεταφορικά μέσα - Ταξίδια,Ουσιαστικά,noun,,αυτοκινητόδρομος,motorway,motorway photo,generated
2574,10,Μεταφορικά μέσα - Ταξίδια,Ουσιαστικά,noun,,αυτόματοςπιλότος,,,no_english
2575,10,Μεταφορικά μέσα - Ταξίδια,Ουσιαστικά,noun,,άφιξη,arrival,arrival photo,generated
2576,10,Μεταφορικά μέσα - Ταξίδια,Ουσιαστικά,noun,,βαγόνι,carriage,carriage photo,generated
2577,10,Μεταφορικά μέσα - Ταξίδια,Ουσιαστικά,noun,,βαλίτσα,suitcase,suitcase photo,generated
2578,10,Μεταφορικά μέσα - Ταξίδια,Ουσιαστικά,noun,,βάρκα,small boat or launch,small boat or launch photo,generated
2579,10,Μεταφορικά μέσα - Ταξίδια,Ουσιαστικά,noun,,βέσπα,motor scooter,motor scooter photo,generated
2580,10,Μεταφορικά μέσα - Ταξίδια,Ουσιαστικά,noun,,βίζα,visa,visa photo,generated
2581,10,Μεταφορικά μέσα - Ταξίδια,Ουσιαστικά,noun,,βουνό,mountain,mountain photo,generated
2582,10,Μεταφορικά μέσα - Ταξίδια,Ουσιαστικά,noun,,διαβατήριο,passport,passport photo,generated
2583,10,Μεταφορικά μέσα - Ταξίδια,Ουσιαστικά,noun,,διακοπές,Nominative,Nominative photo,generated
2584,10,Μεταφορικά μέσα - Ταξίδια,Ουσιαστικά,noun,,διανυκτέρευση,overnight,overnight photo,generated
2585,10,Μεταφορικά μέσα - Ταξίδια,Ουσιαστικά,noun,,διατροφή,nutrition,nutrition photo,generated
2586,10,Μεταφορικά μέσα - Ταξίδια,Ουσιαστικά,noun,,διόδια,toll,toll photo,generated
2587,10,Μεταφορικά μέσα - Ταξίδια,Ουσιαστικά,noun,,δρομολόγιο,itinerary,itinerary photo,generated
2588,10,Μεταφορικά μέσα - Ταξίδια,Ουσιαστικά,noun,,δωμάτιο,room,room photo,generated
2589,10,Μεταφορικά μέσα - Ταξίδια,Ουσιαστικά,noun,,"εισιτήριο(απλό,μεεπιστροφή),το",,,no_english
2590,10,Μεταφορικά μέσα - Ταξίδια,Ουσιαστικά,noun,,εισπράκτορας,ticket collector,ticket collector photo,generated
2591,10,Μεταφορικά μέσα - Ταξίδια,Ουσιαστικά,noun,,ελεγκτής,auditor,auditor photo,generated
2592,10,Μεταφορικά μέσα - Ταξίδια,Ουσιαστικά,noun,,έλεγχος,control,control photo,generated
2593,10,Μεταφορικά μέσα - Ταξίδια,Ουσιαστικά,noun,,εκδρομή,excursion,excursion photo,generated
2594,10,Μεταφορικά μέσα - Ταξίδια,Ουσιαστικά,noun,,έκθεμα,exhibit,exhibit photo,generated
2595,10,Μεταφορικά μέσα - Ταξίδια,Ουσιαστικά,noun,,έλικας,propeller,propeller photo,generated
2596,10,Μεταφορικά μέσα - Ταξίδια,Ουσιαστικά,noun,,ελικόπτερο,helicopter,helicopter photo,generated
2597,10,Μεταφορικά μέσα - Ταξίδια,Ουσιαστικά,noun,,ενθύμιο,souvenir,souvenir photo,generated
2598,10,Μεταφορικά μέσα - Ταξίδια,Ουσιαστικά,noun,,εξοχή,protrusion,protrusion photo,generated
2599,10,Μεταφορικά μέσα - Ταξίδια,Ουσιαστικά,noun,,επιβάτης,passenger,passenger photo,generated
2600,10,Μεταφορικά μέσα - Ταξίδια,Ουσιαστικά,noun,,επίσκεψη,visit,visit photo,generated
2601,10,Μεταφορικά μέσα - Ταξίδια,Ουσιαστικά,noun,,ζώνηασφαλείας,,,no_english
2602,10,Μεταφορικά μέσα - Ταξίδια,Ουσιαστικά,noun,,ημιδιατροφή,,,no_english
2603,10,Μεταφορικά μέσα - Ταξίδια,Ουσιαστικά,noun,,θάλασσα,storm,storm photo,generated
2604,10,Μεταφορικά μέσα - Ταξίδια,Ουσιαστικά,noun,,θέρετρο,resort,resort photo,generated
2605,10,Μεταφορικά μέσα - Ταξίδια,Ουσιαστικά,noun,,θέση,position,position photo,generated
2606,10,Μεταφορικά μέσα - Ταξίδια,Ουσιαστικά,noun,,θεώρηση,authentication,authentication photo,generated
2607,10,Μεταφορικά μέσα - Ταξίδια,Ουσιαστικά,noun,,ιπτάμενοδελφίνι,,,no_english
2608,10,Μεταφορικά μέσα - Ταξίδια,Ουσιαστικά,noun,,ιστιοφόρο,sailing boat,sailing boat photo,generated
2609,10,Μεταφορικά μέσα - Ταξίδια,Ουσιαστικά,noun,,κάθισμα,seat,seat photo,generated
2610,10,Μεταφορικά μέσα - Ταξίδια,Ουσιαστικά,noun,,καθυστέρηση,,,no_english
2611,10,Μεταφορικά μέσα - Ταξίδια,Ουσιαστικά,noun,,καμπίνα,ship's cabin,ship's cabin photo,generated
2612,10,Μεταφορικά μέσα - Ταξίδια,Ουσιαστικά,noun,,κάμπινγκ,,,no_english
2613,10,Μεταφορικά μέσα - Ταξίδια,Ουσιαστικά,noun,,καπετάνιος,captain,captain photo,generated
2614,10,Μεταφορικά μέσα - Ταξίδια,Ουσιαστικά,noun,,καπνιστής,smoker,smoker photo,generated
2615,10,Μεταφορικά μέσα - Ταξίδια,Ουσιαστικά,noun,,καπνίστρια,smoker,smoker photo,generated
2616,10,Μεταφορικά μέσα - Ταξίδια,Ουσιαστικά,noun,,καράβι,ship,ship photo,generated
2617,10,Μεταφορικά μέσα - Ταξίδια,Ουσιαστικά,noun,,κάρτα,card,card photo,generated
2618,10,Μεταφορικά μέσα - Ταξίδια,Ουσιαστικά,noun,,κατασκήνωση,camp,camp photo,generated
2619,10,Μεταφορικά μέσα - Ταξίδια,Ουσιαστικά,noun,,κατάστρωμα,deck,deck photo,generated
2620,10,Μεταφορικά μέσα - Ταξίδια,Ουσιαστικά,noun,,κινητήρας,engine,engine photo,generated
2621,10,Μεταφορικά μέσα - Ταξίδια,Ουσιαστικά,noun,,κουκέτα,,,no_english
2622,10,Μεταφορικά μέσα - Ταξίδια,Ουσιαστικά,noun,,κουπί,"oar, paddle, scull",,needs_review
2623,10,Μεταφορικά μέσα - Ταξίδια,Ουσιαστικά,noun,,κράνος,helmet,helmet photo,generated
2624,10,Μεταφορικά μέσα - Ταξίδια,Ουσιαστικά,noun,,κράτηση,booking,booking photo,generated
2625,10,Μεταφορικά μέσα - Ταξίδια,Ουσιαστικά,noun,,κρουαζιέρα,cruise,cruise photo,generated
2626,10,Μεταφορικά μέσα - Ταξίδια,Ουσιαστικά,noun,,κρουαζιερόπλοιο,cruise liner,cruise liner photo,generated
2627,10,Μεταφορικά μέσα - Ταξίδια,Ουσιαστικά,noun,,κυβερνήτης,governor,governor photo,generated
2628,10,Μεταφορικά μέσα - Ταξίδια,Ουσιαστικά,noun,,λαθρεπιβάτης,,,no_english
2629,10,Μεταφορικά μέσα - Ταξίδια,Ουσιαστικά,noun,,λαθρεπιβάτισσα,,,no_english
2630,10,Μεταφορικά μέσα - Ταξίδια,Ουσιαστικά,noun,,λεωφορείο,"(transport) bus, omnibus",,needs_review
2631,10,Μεταφορικά μέσα - Ταξίδια,Ουσιαστικά,noun,,λιμάνι,harbour,harbour photo,generated
2632,10,Μεταφορικά μέσα - Ταξίδια,Ουσιαστικά,noun,,μηκαπνιστής,,,no_english
2633,10,Μεταφορικά μέσα - Ταξίδια,Ουσιαστικά,noun,,μηχανάκι,meatgrinder,meatgrinder photo,generated
2634,10,Μεταφορικά μέσα - Ταξίδια,Ουσιαστικά,noun,,μηχανή,machine,machine photo,generated
2635,10,Μεταφορικά μέσα - Ταξίδια,Ουσιαστικά,noun,,μηχανόβιος,,,no_english
2636,10,Μεταφορικά μέσα - Ταξίδια,Ουσιαστικά,noun,,μηχανοδηγός,,,no_english
2637,10,Μεταφορικά μέσα - Ταξίδια,Ουσιαστικά,noun,,μοτοποδήλατο,scooter,scooter photo,generated
2638,10,Μεταφορικά μέσα - Ταξίδια,Ουσιαστικά,noun,,μοτοσικλετιστής,,,no_english
2639,10,Μεταφορικά μέσα - Ταξίδια,Ουσιαστικά,noun,,μουσείο,museum,museum photo,generated
2640,10,Μεταφορικά μέσα - Ταξίδια,Ουσιαστικά,noun,,ναύλα,fare,fare photo,generated
2641,10,Μεταφορικά μέσα - Ταξίδια,Ουσιαστικά,noun,,ναύτης,sailor,sailor photo,generated
2642,10,Μεταφορικά μέσα - Ταξίδια,Ουσιαστικά,noun,,ναυτία,nausea,nausea photo,generated
2643,10,Μεταφορικά μέσα - Ταξίδια,Ουσιαστικά,noun,,ξενάγηση,,,no_english
2644,10,Μεταφορικά μέσα - Ταξίδια,Ουσιαστικά,noun,,ξεναγός,guide,guide photo,generated
2645,10,Μεταφορικά μέσα - Ταξίδια,Ουσιαστικά,noun,,ξενοδοχείο,hotel,hotel photo,generated
2646,10,Μεταφορικά μέσα - Ταξίδια,Ουσιαστικά,noun,,ξενοδόχος,hotelier,hotelier photo,generated
2647,10,Μεταφορικά μέσα - Ταξίδια,Ουσιαστικά,noun,,ξενώνας,guest room,guest room photo,generated
2648,10,Μεταφορικά μέσα - Ταξίδια,Ουσιαστικά,noun,,οδηγός,driver,driver photo,generated
2649,10,Μεταφορικά μέσα - Ταξίδια,Ουσιαστικά,noun,,οδικόδίκτυο,,,no_english
2650,10,Μεταφορικά μέσα - Ταξίδια,Ουσιαστικά,noun,,οδός,street,street photo,generated
2651,10,Μεταφορικά μέσα - Ταξίδια,Ουσιαστικά,noun,,οδόστρωμα,,,no_english
2652,10,Μεταφορικά μέσα - Ταξίδια,Ουσιαστικά,noun,,πανδοχείο,"inn, guesthouse",,needs_review
2653,10,Μεταφορικά μέσα - Ταξίδια,Ουσιαστικά,noun,,πανσιόν,pension,pension photo,generated
2654,10,Μεταφορικά μέσα - Ταξίδια,Ουσιαστικά,noun,,παπάκι,keyboard symbol @,keyboard symbol @ photo,generated
2655,10,Μεταφορικά μέσα - Ταξίδια,Ουσιαστικά,noun,,παράβαση,offence,offence photo,generated
2656,10,Μεταφορικά μέσα - Ταξίδια,Ουσιαστικά,noun,,παραθέριση,,,no_english
2657,10,Μεταφορικά μέσα - Ταξίδια,Ουσιαστικά,noun,,παραλία,beach,beach photo,generated
2658,10,Μεταφορικά μέσα - Ταξίδια,Ουσιαστικά,noun,,παραμονή,abidance,abidance photo,generated
2659,10,Μεταφορικά μέσα - Ταξίδια,Ουσιαστικά,noun,,πάσο,pass,pass photo,generated
2660,10,Μεταφορικά μέσα - Ταξίδια,Ουσιαστικά,noun,,περιήγηση,tour,tour photo,generated
2661,10,Μεταφορικά μέσα - Ταξίδια,Ουσιαστικά,noun,,περιηγητής,tourist,tourist photo,generated
2662,10,Μεταφορικά μέσα - Ταξίδια,Ουσιαστικά,noun,,περιηγήτρια,tourist,tourist photo,generated
2663,10,Μεταφορικά μέσα - Ταξίδια,Ουσιαστικά,noun,,πιλότος,pilot,pilot photo,generated
2664,10,Μεταφορικά μέσα - Ταξίδια,Ουσιαστικά,noun,,πινακοθήκη,art gallery,art gallery photo,generated
2665,10,Μεταφορικά μέσα - Ταξίδια,Ουσιαστικά,noun,,πληροφορία,information,information photo,generated
2666,10,Μεταφορικά μέσα - Ταξίδια,Ουσιαστικά,noun,,πλήρωμα,,,no_english
2667,10,Μεταφορικά μέσα - Ταξίδια,Ουσιαστικά,noun,,πλοίο,ship,ship photo,generated
2668,10,Μεταφορικά μέσα - Ταξίδια,Ουσιαστικά,noun,,ποδηλάτης,cyclist,cyclist photo,generated
2669,10,Μεταφορικά μέσα - Ταξίδια,Ουσιαστικά,noun,,ποδηλάτισσα,cyclist,cyclist photo,generated
2670,10,Μεταφορικά μέσα - Ταξίδια,Ουσιαστικά,noun,,ποδήλατο,bicycle,bicycle photo,generated
2671,10,Μεταφορικά μέσα - Ταξίδια,Ουσιαστικά,noun,,πορτμπαγκάζ,,,no_english
2672,10,Μεταφορικά μέσα - Ταξίδια,Ουσιαστικά,noun,,πούλμαν,coach,coach photo,generated
2673,10,Μεταφορικά μέσα - Ταξίδια,Ουσιαστικά,noun,,πράκτορας,agent,agent photo,generated
2674,10,Μεταφορικά μέσα - Ταξίδια,Ουσιαστικά,noun,,πρακτορείο,bureau,bureau photo,generated
2675,10,Μεταφορικά μέσα - Ταξίδια,Ουσιαστικά,noun,,πρόγευμα,breakfast,breakfast photo,generated
2676,10,Μεταφορικά μέσα - Ταξίδια,Ουσιαστικά,noun,,προσγείωση,landing,landing photo,generated
2677,10,Μεταφορικά μέσα - Ταξίδια,Ουσιαστικά,noun,,πρόστιμο,fine,fine photo,generated
2678,10,Μεταφορικά μέσα - Ταξίδια,Ουσιαστικά,noun,,πρωινό,morning,morning photo,generated
2679,10,Μεταφορικά μέσα - Ταξίδια,Ουσιαστικά,noun,,πτήση,flight,flight photo,generated
2680,10,Μεταφορικά μέσα - Ταξίδια,Ουσιαστικά,noun,,πύργοςελέγχου,,,no_english
2681,10,Μεταφορικά μέσα - Ταξίδια,Ουσιαστικά,noun,,ρεσεψιόν,reception,reception photo,generated
2682,10,Μεταφορικά μέσα - Ταξίδια,Ουσιαστικά,noun,,ρόδα,wheel,wheel photo,generated
2683,10,Μεταφορικά μέσα - Ταξίδια,Ουσιαστικά,noun,,σακίδιο,haversack,haversack photo,generated
2684,10,Μεταφορικά μέσα - Ταξίδια,Ουσιαστικά,noun,,σάκος,sack,sack photo,generated
2685,10,Μεταφορικά μέσα - Ταξίδια,Ουσιαστικά,noun,,σέρβις,,,no_english
2686,10,Μεταφορικά μέσα - Ταξίδια,Ουσιαστικά,noun,,σιδηροδρομικήγραμμή,,,no_english
2687,10,Μεταφορικά μέσα - Ταξίδια,Ουσιαστικά,noun,,σιδηροδρομικόδίκτυο,,,no_english
2688,10,Μεταφορικά μέσα - Ταξίδια,Ουσιαστικά,noun,,σιδηρόδρομος,railway,railway photo,generated
2689,10,Μεταφορικά μέσα - Ταξίδια,Ουσιαστικά,noun,,σκάφος,craft,craft photo,generated
2690,10,Μεταφορικά μέσα - Ταξίδια,Ουσιαστικά,noun,,σκηνή,skene,skene photo,generated
2691,10,Μεταφορικά μέσα - Ταξίδια,Ουσιαστικά,noun,,σταθμάρχης,,,no_english
2692,10,Μεταφορικά μέσα - Ταξίδια,Ουσιαστικά,noun,,σταθμός,station,station photo,generated
2693,10,Μεταφορικά μέσα - Ταξίδια,Ουσιαστικά,noun,,ταξίδι,trip,trip photo,generated
2694,10,Μεταφορικά μέσα - Ταξίδια,Ουσιαστικά,noun,,ταξιδιώτης,,,no_english
2695,10,Μεταφορικά μέσα - Ταξίδια,Ουσιαστικά,noun,,ταξιδιωτικόγραφείο,,,no_english
2696,10,Μεταφορικά μέσα - Ταξίδια,Ουσιαστικά,noun,,τελεφερίκ,,,no_english
2697,10,Μεταφορικά μέσα - Ταξίδια,Ουσιαστικά,noun,,τελωνείο,,,no_english
2698,10,Μεταφορικά μέσα - Ταξίδια,Ουσιαστικά,noun,,τιμόνι,steering wheel,steering wheel photo,generated
2699,10,Μεταφορικά μέσα - Ταξίδια,Ουσιαστικά,noun,,τοπίο,landscape,landscape photo,generated
2700,10,Μεταφορικά μέσα - Ταξίδια,Ουσιαστικά,noun,,τρένο,train,train photo,generated
2701,10,Μεταφορικά μέσα - Ταξίδια,Ουσιαστικά,noun,,τσάντα,"bag, purse, handbag",,needs_review
2702,10,Μεταφορικά μέσα - Ταξίδια,Ουσιαστικά,noun,,τουρισμός,tourism,tourism photo,generated
2703,10,Μεταφορικά μέσα - Ταξίδια,Ουσιαστικά,noun,,τουρίστας,tourist,tourist photo,generated
2704,10,Μεταφορικά μέσα - Ταξίδια,Ουσιαστικά,noun,,τουρίστρια,tourist,tourist photo,generated
2705,10,Μεταφορικά μέσα - Ταξίδια,Ουσιαστικά,noun,,τουριστικόγραφείο,,,no_english
2706,10,Μεταφορικά μέσα - Ταξίδια,Ουσιαστικά,noun,,τουριστικόςπρακτορας,,,no_english
2707,10,Μεταφορικά μέσα - Ταξίδια,Ουσιαστικά,noun,,τροχόσπιτο,caravan,caravan photo,generated
2708,10,Μεταφορικά μέσα - Ταξίδια,Ουσιαστικά,noun,,υπηρεσία,service,service photo,generated
2709,10,Μεταφορικά μέσα - Ταξίδια,Ουσιαστικά,noun,,υπνόσακος,,,no_english
2710,10,Μεταφορικά μέσα - Ταξίδια,Ουσιαστικά,noun,,φρένο,brake,brake photo,generated
2711,10,Μεταφορικά μέσα - Ταξίδια,Ουσιαστικά,noun,,φτερό,wing,wing photo,generated
2712,10,Μεταφορικά μέσα - Ταξίδια,Ουσιαστικά,noun,,φωτογραφία,photography,photography photo,generated
2713,10,Μεταφορικά μέσα - Ταξίδια,Ουσιαστικά,noun,,φωτογραφικήμηχανή,,,no_english
2714,10,Μεταφορικά μέσα - Ταξίδια,Ουσιαστικά,noun,,χάρτης,charter,charter photo,generated
2715,10,Μεταφορικά μέσα - Ταξίδια,Ουσιαστικά,noun,,χειραποσκευή,,,no_english
2797,11,Το ανθρώπινο σώμα - Η υγεία,Ουσιαστικά,noun,,αγγείο,chamber pot,chamber pot photo,generated
2798,11,Το ανθρώπινο σώμα - Η υγεία,Ουσιαστικά,noun,,αγκώνας,elbow,elbow photo,generated
2799,11,Το ανθρώπινο σώμα - Η υγεία,Ουσιαστικά,noun,,αίμα,blood,blood photo,generated
2800,11,Το ανθρώπινο σώμα - Η υγεία,Ουσιαστικά,noun,,αντίχειρας,thumb,thumb photo,generated
2801,11,Το ανθρώπινο σώμα - Η υγεία,Ουσιαστικά,noun,,άρθρωση,joint,joint photo,generated
2802,11,Το ανθρώπινο σώμα - Η υγεία,Ουσιαστικά,noun,,αρτηρία,artery,artery photo,generated
2803,11,Το ανθρώπινο σώμα - Η υγεία,Ουσιαστικά,noun,,αστράγαλος,ankle,ankle photo,generated
2804,11,Το ανθρώπινο σώμα - Η υγεία,Ουσιαστικά,noun,,αφτί,(anatomy) ear,,needs_review
2805,11,Το ανθρώπινο σώμα - Η υγεία,Ουσιαστικά,noun,,βάρος,weight,weight photo,generated
2806,11,Το ανθρώπινο σώμα - Η υγεία,Ουσιαστικά,noun,,βλεφαρίδα,eyelash,eyelash photo,generated
2807,11,Το ανθρώπινο σώμα - Η υγεία,Ουσιαστικά,noun,,γάμπα,,,no_english
2808,11,Το ανθρώπινο σώμα - Η υγεία,Ουσιαστικά,noun,,γεννητικάόργανα,,,no_english
2809,11,Το ανθρώπινο σώμα - Η υγεία,Ουσιαστικά,noun,,γέφυρα(δοντιών),bridge,bridge photo,generated
2810,11,Το ανθρώπινο σώμα - Η υγεία,Ουσιαστικά,noun,,γλώσσα,tongue,tongue photo,generated
2811,11,Το ανθρώπινο σώμα - Η υγεία,Ουσιαστικά,noun,,γόνατο,knee,knee photo,generated
2812,11,Το ανθρώπινο σώμα - Η υγεία,Ουσιαστικά,noun,,γονιμοποίηση,,,no_english
2813,11,Το ανθρώπινο σώμα - Η υγεία,Ουσιαστικά,noun,,γύψος,gypsum,gypsum photo,generated
2814,11,Το ανθρώπινο σώμα - Η υγεία,Ουσιαστικά,noun,,δάκρυ,tear,tear photo,generated
2815,11,Το ανθρώπινο σώμα - Η υγεία,Ουσιαστικά,noun,,δάχτυλο,finger,finger photo,generated
2816,11,Το ανθρώπινο σώμα - Η υγεία,Ουσιαστικά,noun,,δείκτης,indicator,indicator photo,generated
2817,11,Το ανθρώπινο σώμα - Η υγεία,Ουσιαστικά,noun,,διάσταση,dimension,dimension photo,generated
2818,11,Το ανθρώπινο σώμα - Η υγεία,Ουσιαστικά,noun,,δόντι,tooth,tooth photo,generated
2819,11,Το ανθρώπινο σώμα - Η υγεία,Ουσιαστικά,noun,,έντερο,intestine,intestine photo,generated
2820,11,Το ανθρώπινο σώμα - Η υγεία,Ουσιαστικά,noun,,επιδερμίδα,epidermis,epidermis photo,generated
2821,11,Το ανθρώπινο σώμα - Η υγεία,Ουσιαστικά,noun,,καρδνά,,,no_english
2822,11,Το ανθρώπινο σώμα - Η υγεία,Ουσιαστικά,noun,,κεφάλι,head,head photo,generated
2823,11,Το ανθρώπινο σώμα - Η υγεία,Ουσιαστικά,noun,,κοιλιά,abdomen,abdomen photo,generated
2824,11,Το ανθρώπινο σώμα - Η υγεία,Ουσιαστικά,noun,,κόκαλο,bone,bone photo,generated
2825,11,Το ανθρώπινο σώμα - Η υγεία,Ουσιαστικά,noun,,κρανίο,cranium,cranium photo,generated
2826,11,Το ανθρώπινο σώμα - Η υγεία,Ουσιαστικά,noun,,λαβύρινθος,maze,maze photo,generated
2827,11,Το ανθρώπινο σώμα - Η υγεία,Ουσιαστικά,noun,,λαιμός,neck,neck photo,generated
2828,11,Το ανθρώπινο σώμα - Η υγεία,Ουσιαστικά,noun,,λάρυγγας,larynx,larynx photo,generated
2829,11,Το ανθρώπινο σώμα - Η υγεία,Ουσιαστικά,noun,,λεκάνη,any large bowl,any large bowl photo,generated
2830,11,Το ανθρώπινο σώμα - Η υγεία,Ουσιαστικά,noun,,μάγουλο,cheek,cheek photo,generated
2831,11,Το ανθρώπινο σώμα - Η υγεία,Ουσιαστικά,noun,,μαλλιά,hair,hair photo,generated
2832,11,Το ανθρώπινο σώμα - Η υγεία,Ουσιαστικά,noun,,μασχάλη,armpit,armpit photo,generated
2833,11,Το ανθρώπινο σώμα - Η υγεία,Ουσιαστικά,noun,,μάτι,burner,burner photo,generated
2834,11,Το ανθρώπινο σώμα - Η υγεία,Ουσιαστικά,noun,,μέλος,member,member photo,generated
2835,11,Το ανθρώπινο σώμα - Η υγεία,Ουσιαστικά,noun,,μέση,middle,middle photo,generated
2836,11,Το ανθρώπινο σώμα - Η υγεία,Ουσιαστικά,noun,,μέτωπο,forehead,forehead photo,generated
2837,11,Το ανθρώπινο σώμα - Η υγεία,Ουσιαστικά,noun,,μηρός,thigh,thigh photo,generated
2838,11,Το ανθρώπινο σώμα - Η υγεία,Ουσιαστικά,noun,,μικροσκόπιο,microscope,microscope photo,generated
2839,11,Το ανθρώπινο σώμα - Η υγεία,Ουσιαστικά,noun,,μπράτσο,upper arm,upper arm photo,generated
2840,11,Το ανθρώπινο σώμα - Η υγεία,Ουσιαστικά,noun,,μυς,muscle,muscle photo,generated
2841,11,Το ανθρώπινο σώμα - Η υγεία,Ουσιαστικά,noun,,μύτη,nose,nose photo,generated
2842,11,Το ανθρώπινο σώμα - Η υγεία,Ουσιαστικά,noun,,νεύρο,nerve,nerve photo,generated
2843,11,Το ανθρώπινο σώμα - Η υγεία,Ουσιαστικά,noun,,νεφρό,kidney,kidney photo,generated
2844,11,Το ανθρώπινο σώμα - Η υγεία,Ουσιαστικά,noun,,νύχι,nail,nail photo,generated
2845,11,Το ανθρώπινο σώμα - Η υγεία,Ουσιαστικά,noun,,όργανο,body organ,body organ photo,generated
2846,11,Το ανθρώπινο σώμα - Η υγεία,Ουσιαστικά,noun,,ουροδόχοςκύστη,,,no_english
2847,11,Το ανθρώπινο σώμα - Η υγεία,Ουσιαστικά,noun,,παλάμη,palm,palm photo,generated
2848,11,Το ανθρώπινο σώμα - Η υγεία,Ουσιαστικά,noun,,πέλμα,sole,sole photo,generated
2849,11,Το ανθρώπινο σώμα - Η υγεία,Ουσιαστικά,noun,,πηγούνι,chin,chin photo,generated
2850,11,Το ανθρώπινο σώμα - Η υγεία,Ουσιαστικά,noun,,πλάτη,back,back photo,generated
2851,11,Το ανθρώπινο σώμα - Η υγεία,Ουσιαστικά,noun,,ττνεύμονας,,,no_english
2852,11,Το ανθρώπινο σώμα - Η υγεία,Ουσιαστικά,noun,,πνευμόνι,lung as sold meat,lung as sold meat photo,generated
2853,11,Το ανθρώπινο σώμα - Η υγεία,Ουσιαστικά,noun,,πόδι,foot,foot photo,generated
2854,11,Το ανθρώπινο σώμα - Η υγεία,Ουσιαστικά,noun,,πρόσωπο,face,face photo,generated
2855,11,Το ανθρώπινο σώμα - Η υγεία,Ουσιαστικά,noun,,πυρετός,fever,fever photo,generated
2856,11,Το ανθρώπινο σώμα - Η υγεία,Ουσιαστικά,noun,,σκελετός,skeleton,skeleton photo,generated
2857,11,Το ανθρώπινο σώμα - Η υγεία,Ουσιαστικά,noun,,σπονδυλικήστήλη,,,no_english
2858,11,Το ανθρώπινο σώμα - Η υγεία,Ουσιαστικά,noun,,σπόνδυλος,vertebra,vertebra photo,generated
2859,11,Το ανθρώπινο σώμα - Η υγεία,Ουσιαστικά,noun,,στήθος,chest,chest photo,generated
2860,11,Το ανθρώπινο σώμα - Η υγεία,Ουσιαστικά,noun,,στόμα,mouth,mouth photo,generated
2861,11,Το ανθρώπινο σώμα - Η υγεία,Ουσιαστικά,noun,,στομάχι,stomach,stomach photo,generated
2862,11,Το ανθρώπινο σώμα - Η υγεία,Ουσιαστικά,noun,,συκώτι,liver,liver photo,generated
2863,11,Το ανθρώπινο σώμα - Η υγεία,Ουσιαστικά,noun,,σφράγισμα,using stamp,using stamp photo,generated
2864,11,Το ανθρώπινο σώμα - Η υγεία,Ουσιαστικά,noun,,σώμα,body,body photo,generated
2865,11,Το ανθρώπινο σώμα - Η υγεία,Ουσιαστικά,noun,,τύμπανο,timpani,timpani photo,generated
2866,11,Το ανθρώπινο σώμα - Η υγεία,Ουσιαστικά,noun,,ύψος,height,height photo,generated
2867,11,Το ανθρώπινο σώμα - Η υγεία,Ουσιαστικά,noun,,φλέβα,vein,vein photo,generated
2868,11,Το ανθρώπινο σώμα - Η υγεία,Ουσιαστικά,noun,,φρύδι,eyebrow,eyebrow photo,generated
2869,11,Το ανθρώπινο σώμα - Η υγεία,Ουσιαστικά,noun,,χείλη,Nominative,Nominative photo,generated
2870,11,Το ανθρώπινο σώμα - Η υγεία,Ουσιαστικά,noun,,χέρι,hand,hand photo,generated
2871,11,Το ανθρώπινο σώμα - Η υγεία,Ουσιαστικά,noun,,ώμος,shoulder,shoulder photo,generated
2872,11,Το ανθρώπινο σώμα - Η υγεία,Ουσιαστικά,noun,,οιαισθήσεις,,,no_english
2873,11,Το ανθρώπινο σώμα - Η υγεία,Ουσιαστικά,noun,,ακοή,hearing,hearing photo,generated
2874,11,Το ανθρώπινο σώμα - Η υγεία,Ουσιαστικά,noun,,αφή,touch,touch photo,generated
2875,11,Το ανθρώπινο σώμα - Η υγεία,Ουσιαστικά,noun,,γεύση,taste,taste photo,generated
2876,11,Το ανθρώπινο σώμα - Η υγεία,Ουσιαστικά,noun,,όραση,vision,vision photo,generated
2877,11,Το ανθρώπινο σώμα - Η υγεία,Ουσιαστικά,noun,,όσφρηση,smell,smell photo,generated
2878,11,Το ανθρώπινο σώμα - Η υγεία,Ουσιαστικά,noun,,"οιλειτουργίεςτουανθρώπινου,οργανισμού",,,no_english
2879,11,Το ανθρώπινο σώμα - Η υγεία,Ουσιαστικά,noun,,αναπνοή,breath,breath photo,generated
2880,11,Το ανθρώπινο σώμα - Η υγεία,Ουσιαστικά,noun,,αναπαραγωγή,biological reproduction,biological reproduction photo,generated
2881,11,Το ανθρώπινο σώμα - Η υγεία,Ουσιαστικά,noun,,κυκλοφορίατουαίματος,,,no_english
2882,11,Το ανθρώπινο σώμα - Η υγεία,Ουσιαστικά,noun,,πέψη,digestion,digestion photo,generated
2883,11,Το ανθρώπινο σώμα - Η υγεία,Ουσιαστικά,noun,,ασθένειες-περίθαλψη,Nominative,Nominative photo,generated
2884,11,Το ανθρώπινο σώμα - Η υγεία,Ουσιαστικά,noun,,αγωγή,treatment,treatment photo,generated
2885,11,Το ανθρώπινο σώμα - Η υγεία,Ουσιαστικά,noun,,αδιαθεσία,indisposition,indisposition photo,generated
2886,11,Το ανθρώπινο σώμα - Η υγεία,Ουσιαστικά,noun,,αιμοδοσία,blood donation,blood donation photo,generated
2887,11,Το ανθρώπινο σώμα - Η υγεία,Ουσιαστικά,noun,,αιμοδότης,blood donor,blood donor photo,generated
2888,11,Το ανθρώπινο σώμα - Η υγεία,Ουσιαστικά,noun,,αιμοδότρια,blood donor,blood donor photo,generated
2889,11,Το ανθρώπινο σώμα - Η υγεία,Ουσιαστικά,noun,,ακτινογραφία,radiography,radiography photo,generated
2890,11,Το ανθρώπινο σώμα - Η υγεία,Ουσιαστικά,noun,,αλοιφή,ointment,ointment photo,generated
2891,11,Το ανθρώπινο σώμα - Η υγεία,Ουσιαστικά,noun,,αμυγδαλές,Nominative,Nominative photo,generated
2892,11,Το ανθρώπινο σώμα - Η υγεία,Ουσιαστικά,noun,,ανάλυσηαίματος,,,no_english
2893,11,Το ανθρώπινο σώμα - Η υγεία,Ουσιαστικά,noun,,ανάρρωση,recovery,recovery photo,generated
2894,11,Το ανθρώπινο σώμα - Η υγεία,Ουσιαστικά,noun,,αναρρωτικήάδεια,,,no_english
2895,11,Το ανθρώπινο σώμα - Η υγεία,Ουσιαστικά,noun,,άνεμοβλογιά,chicken pox,chicken pox photo,generated
2896,11,Το ανθρώπινο σώμα - Η υγεία,Ουσιαστικά,noun,,ανοσιοποιητικόσύστημα,,,no_english
2897,11,Το ανθρώπινο σώμα - Η υγεία,Ουσιαστικά,noun,,αντιβιοτικό,antibiotic,antibiotic photo,generated
2898,11,Το ανθρώπινο σώμα - Η υγεία,Ουσιαστικά,noun,,αντίδοτο,antidote,antidote photo,generated
2899,11,Το ανθρώπινο σώμα - Η υγεία,Ουσιαστικά,noun,,αξονική,axial,axial photo,generated
2900,11,Το ανθρώπινο σώμα - Η υγεία,Ουσιαστικά,noun,,αρρώστια,malady,malady photo,generated
2901,11,Το ανθρώπινο σώμα - Η υγεία,Ουσιαστικά,noun,,άρρωστη,sickly,sickly photo,generated
2902,11,Το ανθρώπινο σώμα - Η υγεία,Ουσιαστικά,noun,,άρρωστος,sickly,sickly photo,generated
2903,11,Το ανθρώπινο σώμα - Η υγεία,Ουσιαστικά,noun,,ασθενής,sick,sick photo,generated
2904,11,Το ανθρώπινο σώμα - Η υγεία,Ουσιαστικά,noun,,ασθενοφόρο,ambulance,ambulance photo,generated
2905,11,Το ανθρώπινο σώμα - Η υγεία,Ουσιαστικά,noun,,ασπιρίνη,aspirin,aspirin photo,generated
2906,11,Το ανθρώπινο σώμα - Η υγεία,Ουσιαστικά,noun,,αστιγματισμός,astigmatism,astigmatism photo,generated
2907,11,Το ανθρώπινο σώμα - Η υγεία,Ουσιαστικά,noun,,βελόνα,needle,needle photo,generated
2908,11,Το ανθρώπινο σώμα - Η υγεία,Ουσιαστικά,noun,,γρίππη,,,no_english
2909,11,Το ανθρώπινο σώμα - Η υγεία,Ουσιαστικά,noun,,διαβήτης,pair of compasses,pair of compasses photo,generated
2910,11,Το ανθρώπινο σώμα - Η υγεία,Ουσιαστικά,noun,,διαβητικός,,,no_english
2911,11,Το ανθρώπινο σώμα - Η υγεία,Ουσιαστικά,noun,,εγχείρηση,operation,operation photo,generated
2912,11,Το ανθρώπινο σώμα - Η υγεία,Ουσιαστικά,noun,,έιτζ,,,no_english
2913,11,Το ανθρώπινο σώμα - Η υγεία,Ουσιαστικά,noun,,εμβολιασμός,vaccination,vaccination photo,generated
2914,11,Το ανθρώπινο σώμα - Η υγεία,Ουσιαστικά,noun,,εμβόλιο,vaccine,vaccine photo,generated
2915,11,Το ανθρώπινο σώμα - Η υγεία,Ουσιαστικά,noun,,έμετος,vomiting,vomiting photo,generated
2916,11,Το ανθρώπινο σώμα - Η υγεία,Ουσιαστικά,noun,,έμφραγμα,heart attack,heart attack photo,generated
2917,11,Το ανθρώπινο σώμα - Η υγεία,Ουσιαστικά,noun,,ένεση,injection,injection photo,generated
2918,11,Το ανθρώπινο σώμα - Η υγεία,Ουσιαστικά,noun,,εξέταση,of plans,of plans photo,generated
2919,11,Το ανθρώπινο σώμα - Η υγεία,Ουσιαστικά,noun,,επίδεσμος,bandage,bandage photo,generated
2920,11,Το ανθρώπινο σώμα - Η υγεία,Ουσιαστικά,noun,,επίσκεψη,visit,visit photo,generated
2921,11,Το ανθρώπινο σώμα - Η υγεία,Ουσιαστικά,noun,,ηπατίτιδα,hepatitis,hepatitis photo,generated
2922,11,Το ανθρώπινο σώμα - Η υγεία,Ουσιαστικά,noun,,θεραπεία,cure,cure photo,generated
2923,11,Το ανθρώπινο σώμα - Η υγεία,Ουσιαστικά,noun,,θερμόμετρο,thermometer,thermometer photo,generated
2924,11,Το ανθρώπινο σώμα - Η υγεία,Ουσιαστικά,noun,,ιατρείο,doctor's surgery,doctor's surgery photo,generated
2925,11,Το ανθρώπινο σώμα - Η υγεία,Ουσιαστικά,noun,,ιατρική,medicine,medicine photo,generated
2926,11,Το ανθρώπινο σώμα - Η υγεία,Ουσιαστικά,noun,,ιλαρά,measles,measles photo,generated
2927,11,Το ανθρώπινο σώμα - Η υγεία,Ουσιαστικά,noun,,ιός,virus,virus photo,generated
2928,11,Το ανθρώπινο σώμα - Η υγεία,Ουσιαστικά,noun,,καρδιακήκρίση,,,no_english
2929,11,Το ανθρώπινο σώμα - Η υγεία,Ουσιαστικά,noun,,καρδιογράφημα,,,no_english
2930,11,Το ανθρώπινο σώμα - Η υγεία,Ουσιαστικά,noun,,καρκίνος,cancer,cancer photo,generated
2931,11,Το ανθρώπινο σώμα - Η υγεία,Ουσιαστικά,noun,,κάταγμα,fracture,fracture photo,generated
2932,11,Το ανθρώπινο σώμα - Η υγεία,Ουσιαστικά,noun,,κλινική,clinic,clinic photo,generated
2933,11,Το ανθρώπινο σώμα - Η υγεία,Ουσιαστικά,noun,,κοιλόπονος,,,no_english
2934,11,Το ανθρώπινο σώμα - Η υγεία,Ουσιαστικά,noun,,κολλύριο,,,no_english
2935,11,Το ανθρώπινο σώμα - Η υγεία,Ουσιαστικά,noun,,λιποθυμία,faint,faint photo,generated
2936,11,Το ανθρώπινο σώμα - Η υγεία,Ουσιαστικά,noun,,μαγνητική,Nominative,Nominative photo,generated
2937,11,Το ανθρώπινο σώμα - Η υγεία,Ουσιαστικά,noun,,μαγουλάδες,mumps,mumps photo,generated
2938,11,Το ανθρώπινο σώμα - Η υγεία,Ουσιαστικά,noun,,μεταμόσχευση,,,no_english
2939,11,Το ανθρώπινο σώμα - Η υγεία,Ουσιαστικά,noun,,μικρόβιο,microbe,microbe photo,generated
2940,11,Το ανθρώπινο σώμα - Η υγεία,Ουσιαστικά,noun,,μόλυνση,contagion,contagion photo,generated
2941,11,Το ανθρώπινο σώμα - Η υγεία,Ουσιαστικά,noun,,μύωπας,,,no_english
2942,11,Το ανθρώπινο σώμα - Η υγεία,Ουσιαστικά,noun,,μυωπία,myopia,myopia photo,generated
2943,11,Το ανθρώπινο σώμα - Η υγεία,Ουσιαστικά,noun,,νοσοκομείο,hospital,hospital photo,generated
2944,11,Το ανθρώπινο σώμα - Η υγεία,Ουσιαστικά,noun,,νοσοκόμα,nurse,nurse photo,generated
2945,11,Το ανθρώπινο σώμα - Η υγεία,Ουσιαστικά,noun,,νοσοκόμος,male nurse,male nurse photo,generated
2946,11,Το ανθρώπινο σώμα - Η υγεία,Ουσιαστικά,noun,,ορός,definition,definition photo,generated
2947,11,Το ανθρώπινο σώμα - Η υγεία,Ουσιαστικά,noun,,παραμαγούλες,,,no_english
2948,11,Το ανθρώπινο σώμα - Η υγεία,Ουσιαστικά,noun,,παυσίπονο,painkiller,painkiller photo,generated
2949,11,Το ανθρώπινο σώμα - Η υγεία,Ουσιαστικά,noun,,περιστατικό,event,event photo,generated
2950,11,Το ανθρώπινο σώμα - Η υγεία,Ουσιαστικά,noun,,πληγή,,,no_english
2951,11,Το ανθρώπινο σώμα - Η υγεία,Ουσιαστικά,noun,,πλύσηστομάχου,,,no_english
2952,11,Το ανθρώπινο σώμα - Η υγεία,Ουσιαστικά,noun,,πονόδοντος,toothache,toothache photo,generated
2953,11,Το ανθρώπινο σώμα - Η υγεία,Ουσιαστικά,noun,,πονοκέφαλος,headache,headache photo,generated
2954,11,Το ανθρώπινο σώμα - Η υγεία,Ουσιαστικά,noun,,πρεσβυωπία,presbyopia,presbyopia photo,generated
2955,11,Το ανθρώπινο σώμα - Η υγεία,Ουσιαστικά,noun,,πρόληψη,,,no_english
2956,11,Το ανθρώπινο σώμα - Η υγεία,Ουσιαστικά,noun,,πυρετός,fever,fever photo,generated
2957,11,Το ανθρώπινο σώμα - Η υγεία,Ουσιαστικά,noun,,ράμμα,,,no_english
2958,11,Το ανθρώπινο σώμα - Η υγεία,Ουσιαστικά,noun,,ρευματισμοί,,,no_english
2959,11,Το ανθρώπινο σώμα - Η υγεία,Ουσιαστικά,noun,,σημάδι,mark,mark photo,generated
2960,11,Το ανθρώπινο σώμα - Η υγεία,Ουσιαστικά,noun,,σιρόπι,syrup,syrup photo,generated
2961,11,Το ανθρώπινο σώμα - Η υγεία,Ουσιαστικά,noun,,σκωληκοειδίτιδα,appendicitis,appendicitis photo,generated
2962,11,Το ανθρώπινο σώμα - Η υγεία,Ουσιαστικά,noun,,σταγόνα,drop,drop photo,generated
2963,11,Το ανθρώπινο σώμα - Η υγεία,Ουσιαστικά,noun,,στηθοσκόπιο,stethoscope,stethoscope photo,generated
2964,11,Το ανθρώπινο σώμα - Η υγεία,Ουσιαστικά,noun,,στοματίτιδα,,,no_english
2965,11,Το ανθρώπινο σώμα - Η υγεία,Ουσιαστικά,noun,,στομαχόπονος,stomachache,stomachache photo,generated
2966,11,Το ανθρώπινο σώμα - Η υγεία,Ουσιαστικά,noun,,στραμπούληγμα,,,no_english
2967,11,Το ανθρώπινο σώμα - Η υγεία,Ουσιαστικά,noun,,σύμπτωμα,symptom,symptom photo,generated
2968,11,Το ανθρώπινο σώμα - Η υγεία,Ουσιαστικά,noun,,συνταγή,prescription,prescription photo,generated
2969,11,Το ανθρώπινο σώμα - Η υγεία,Ουσιαστικά,noun,,σύριγγα,syringe,syringe photo,generated
2970,11,Το ανθρώπινο σώμα - Η υγεία,Ουσιαστικά,noun,,τραύμα,wound,wound photo,generated
2971,11,Το ανθρώπινο σώμα - Η υγεία,Ουσιαστικά,noun,,τραυματιοφορέας,,,no_english
2972,11,Το ανθρώπινο σώμα - Η υγεία,Ουσιαστικά,noun,,τροφικήδηλητηρίαση,,,no_english
2973,11,Το ανθρώπινο σώμα - Η υγεία,Ουσιαστικά,noun,,υπέρηχος,ultrasound,ultrasound photo,generated
2974,11,Το ανθρώπινο σώμα - Η υγεία,Ουσιαστικά,noun,,υπόθετο,,,no_english
2975,11,Το ανθρώπινο σώμα - Η υγεία,Ουσιαστικά,noun,,φαρμακείο,pharmacy,pharmacy photo,generated
2976,11,Το ανθρώπινο σώμα - Η υγεία,Ουσιαστικά,noun,,φάρμακο,medicine,medicine photo,generated
2977,11,Το ανθρώπινο σώμα - Η υγεία,Ουσιαστικά,noun,,φαρυγγίτιδα,,,no_english
2978,11,Το ανθρώπινο σώμα - Η υγεία,Ουσιαστικά,noun,,φλεγμονή,inflammation,inflammation photo,generated
2979,11,Το ανθρώπινο σώμα - Η υγεία,Ουσιαστικά,noun,,φορείο,stretcher,stretcher photo,generated
2980,11,Το ανθρώπινο σώμα - Η υγεία,Ουσιαστικά,noun,,χάπι,pill,pill photo,generated
2981,11,Το ανθρώπινο σώμα - Η υγεία,Ουσιαστικά,noun,,χειρουργείο,surgery,surgery photo,generated
2982,11,Το ανθρώπινο σώμα - Η υγεία,Ουσιαστικά,noun,,ωτίτιδα,otitis,otitis photo,generated
2983,11,Το ανθρώπινο σώμα - Η υγεία,Ουσιαστικά,noun,,οιπαιδικέςαρρώστιες,,,no_english
2984,11,Το ανθρώπινο σώμα - Η υγεία,Ουσιαστικά,noun,,αμυγδαλές,Nominative,Nominative photo,generated
2985,11,Το ανθρώπινο σώμα - Η υγεία,Ουσιαστικά,noun,,ανεμοβλογιά,chicken pox,chicken pox photo,generated
2986,11,Το ανθρώπινο σώμα - Η υγεία,Ουσιαστικά,noun,,ερυθρά,rubella,rubella photo,generated
2987,11,Το ανθρώπινο σώμα - Η υγεία,Ουσιαστικά,noun,,ιλαρά,measles,measles photo,generated
2988,11,Το ανθρώπινο σώμα - Η υγεία,Ουσιαστικά,noun,,παραμαγούλες,,,no_english
2989,11,Το ανθρώπινο σώμα - Η υγεία,Ουσιαστικά,noun,,Ειδικότητες,,,no_english
2990,11,Το ανθρώπινο σώμα - Η υγεία,Ουσιαστικά,noun,,ακτινιλόγος,,,no_english
2991,11,Το ανθρώπινο σώμα - Η υγεία,Ουσιαστικά,noun,,αθλητίατρος,sports medicine doctor,sports medicine doctor photo,generated
2992,11,Το ανθρώπινο σώμα - Η υγεία,Ουσιαστικά,noun,,αναισθησιολόγος,anaesthetist,anaesthetist photo,generated
2993,11,Το ανθρώπινο σώμα - Η υγεία,Ουσιαστικά,noun,,γιατρός,doctor,doctor photo,generated
2994,11,Το ανθρώπινο σώμα - Η υγεία,Ουσιαστικά,noun,,γυναικολόγος,gynecologist,gynecologist photo,generated
2995,11,Το ανθρώπινο σώμα - Η υγεία,Ουσιαστικά,noun,,δερματολόγος,dermatologist,dermatologist photo,generated
2996,11,Το ανθρώπινο σώμα - Η υγεία,Ουσιαστικά,noun,,"καρδιολόγος,ρ,η",,,no_english
2997,11,Το ανθρώπινο σώμα - Η υγεία,Ουσιαστικά,noun,,λογοθεραπευτής,,,no_english
2998,11,Το ανθρώπινο σώμα - Η υγεία,Ουσιαστικά,noun,,λογοθεραπέύτρια,,,no_english
2999,11,Το ανθρώπινο σώμα - Η υγεία,Ουσιαστικά,noun,,μαία,midwife,midwife photo,generated
3000,11,Το ανθρώπινο σώμα - Η υγεία,Ουσιαστικά,noun,,μαιευτήρας,,,no_english
3001,11,Το ανθρώπινο σώμα - Η υγεία,Ουσιαστικά,noun,,μικροβιολόγος,,,no_english
3002,11,Το ανθρώπινο σώμα - Η υγεία,Ουσιαστικά,noun,,νοσηλευτής,male nurse,male nurse photo,generated
3003,11,Το ανθρώπινο σώμα - Η υγεία,Ουσιαστικά,noun,,νοσηλεύτρια,nurse,nurse photo,generated
3004,11,Το ανθρώπινο σώμα - Η υγεία,Ουσιαστικά,noun,,οδοντίατρος,dentist,dentist photo,generated
3005,11,Το ανθρώπινο σώμα - Η υγεία,Ουσιαστικά,noun,,οδοντογιατρός,dentist,dentist photo,generated
3006,11,Το ανθρώπινο σώμα - Η υγεία,Ουσιαστικά,noun,,ορθοπεδικός,,,no_english
3007,11,Το ανθρώπινο σώμα - Η υγεία,Ουσιαστικά,noun,,οστεοπαθολόγος,,,no_english
3008,11,Το ανθρώπινο σώμα - Η υγεία,Ουσιαστικά,noun,,ουρολόγος,,,no_english
3009,11,Το ανθρώπινο σώμα - Η υγεία,Ουσιαστικά,noun,,οφθαλμίατρος,oculist,oculist photo,generated
3010,11,Το ανθρώπινο σώμα - Η υγεία,Ουσιαστικά,noun,,παθολόγος,,,no_english
3011,11,Το ανθρώπινο σώμα - Η υγεία,Ουσιαστικά,noun,,παιδίατρος,pediatrician,pediatrician photo,generated
3012,11,Το ανθρώπινο σώμα - Η υγεία,Ουσιαστικά,noun,,πλαστικόςχειρούργος,,,no_english
3013,11,Το ανθρώπινο σώμα - Η υγεία,Ουσιαστικά,noun,,ρευματολόγος,,,no_english
3014,11,Το ανθρώπινο σώμα - Η υγεία,Ουσιαστικά,noun,,σχολίατρος,,,no_english
3015,11,Το ανθρώπινο σώμα - Η υγεία,Ουσιαστικά,noun,,φυσικοθεραπευτής,,,no_english
3016,11,Το ανθρώπινο σώμα - Η υγεία,Ουσιαστικά,noun,,φυσικοθεραπεύτρια,,,no_english
3017,11,Το ανθρώπινο σώμα - Η υγεία,Ουσιαστικά,noun,,χειροπράκτης,,,no_english
3018,11,Το ανθρώπινο σώμα - Η υγεία,Ουσιαστικά,noun,,χειρουργός,surgeon,surgeon photo,generated
3019,11,Το ανθρώπινο σώμα - Η υγεία,Ουσιαστικά,noun,,ψυχίατρος,psychiatrist,psychiatrist photo,generated
3020,11,Το ανθρώπινο σώμα - Η υγεία,Ουσιαστικά,noun,,ψυχολόγος,psychologist,psychologist photo,generated
3021,11,Το ανθρώπινο σώμα - Η υγεία,Ουσιαστικά,noun,,ωτορινολαρυγγολόγος,otorhinolaryngologist,otorhinolaryngologist photo,generated
3110,12,Πανίδα - Χλωρίδα,Ουσιαστικά,noun,Πανίδα,αγέλη,herd,herd animals,override
3111,12,Πανίδα - Χλωρίδα,Ουσιαστικά,noun,Πανίδα,αμφίβιο,amphibian,amphibian photo,override
3112,12,Πανίδα - Χλωρίδα,Ουσιαστικά,noun,Πανίδα,άνθρωπος,people,people photo,generated
3113,12,Πανίδα - Χλωρίδα,Ουσιαστικά,noun,Πανίδα,βιότοπος,,,no_english
3114,12,Πανίδα - Χλωρίδα,Ουσιαστικά,noun,Πανίδα,βοσκή,natural pasture and grassland,natural pasture and grassland photo,generated
3115,12,Πανίδα - Χλωρίδα,Ουσιαστικά,noun,Πανίδα,βοσκός,shepherd,shepherd with sheep,override
3116,12,Πανίδα - Χλωρίδα,Ουσιαστικά,noun,Πανίδα,βοσκότοπος,pasture,pasture photo,generated
3117,12,Πανίδα - Χλωρίδα,Ουσιαστικά,noun,Πανίδα,έντομο,insect,insect photo,override
3118,12,Πανίδα - Χλωρίδα,Ουσιαστικά,noun,Πανίδα,ερπετό,reptile,reptile photo,override
3119,12,Πανίδα - Χλωρίδα,Ουσιαστικά,noun,Πανίδα,εταιρίαπροστασίαςζώων,,,no_english
3120,12,Πανίδα - Χλωρίδα,Ουσιαστικά,noun,Πανίδα,ζώο,mammal,mammal photo,generated
3121,12,Πανίδα - Χλωρίδα,Ουσιαστικά,noun,Πανίδα,ζωολογικόςκηπος,,,no_english
3122,12,Πανίδα - Χλωρίδα,Ουσιαστικά,noun,Πανίδα,θαλασσινά,seafood,seafood photo,override
3123,12,Πανίδα - Χλωρίδα,Ουσιαστικά,noun,Πανίδα,θηλαστικό,mammal,mammal photo,generated
3124,12,Πανίδα - Χλωρίδα,Ουσιαστικά,noun,Πανίδα,θηρίο,wild animal,wild animal photo,generated
3125,12,Πανίδα - Χλωρίδα,Ουσιαστικά,noun,Πανίδα,κλουβί,cage,cage photo,generated
3126,12,Πανίδα - Χλωρίδα,Ουσιαστικά,noun,Πανίδα,κοπάδι,herd,herd animals,override
3127,12,Πανίδα - Χλωρίδα,Ουσιαστικά,noun,Πανίδα,κοτέτσι,henhouse,henhouse photo,generated
3128,12,Πανίδα - Χλωρίδα,Ουσιαστικά,noun,Πανίδα,κτηνιατρείο,,,no_english
3129,12,Πανίδα - Χλωρίδα,Ουσιαστικά,noun,Πανίδα,κτηνίατρος,"vet, veterinary surgeon",,needs_review
3130,12,Πανίδα - Χλωρίδα,Ουσιαστικά,noun,Πανίδα,μαντρί,"pen, fold, enclosure (for animals)",,needs_review
3131,12,Πανίδα - Χλωρίδα,Ουσιαστικά,noun,Πανίδα,μαστός,breast,breast photo,generated
3132,12,Πανίδα - Χλωρίδα,Ουσιαστικά,noun,Πανίδα,πουλερικό,poultry,poultry photo,generated
3133,12,Πανίδα - Χλωρίδα,Ουσιαστικά,noun,Πανίδα,πουλί,checker,checker photo,generated
3134,12,Πανίδα - Χλωρίδα,Ουσιαστικά,noun,Πανίδα,πτηνό,bird,bird photo,generated
3135,12,Πανίδα - Χλωρίδα,Ουσιαστικά,noun,Πανίδα,σμήνος,bevy,bevy photo,generated
3136,12,Πανίδα - Χλωρίδα,Ουσιαστικά,noun,Πανίδα,στάβλος,,,no_english
3137,12,Πανίδα - Χλωρίδα,Ουσιαστικά,noun,Πανίδα,στάνη,pen (fenced area for animals),,needs_review
3138,12,Πανίδα - Χλωρίδα,Ουσιαστικά,noun,Πανίδα,τσομπάνος,,,no_english
3139,12,Πανίδα - Χλωρίδα,Ουσιαστικά,noun,Πανίδα,υγροβιότοπος,,,no_english
3140,12,Πανίδα - Χλωρίδα,Ουσιαστικά,noun,Πανίδα,φωλιά,animal's home,animal's home photo,generated
3141,12,Πανίδα - Χλωρίδα,Ουσιαστικά,noun,Πανίδα,ψάρι,fish,fish photo,generated
3142,12,Πανίδα - Χλωρίδα,Ουσιαστικά,noun,Πανίδα,τακατοικίδιαζώα,,,no_english
3143,12,Πανίδα - Χλωρίδα,Ουσιαστικά,noun,Πανίδα,αγελάδα,fat woman,fat woman photo,generated
3144,12,Πανίδα - Χλωρίδα,Ουσιαστικά,noun,Πανίδα,άλογο,Nominative,Nominative photo,generated
3145,12,Πανίδα - Χλωρίδα,Ουσιαστικά,noun,Πανίδα,αρνί,lamb,lamb photo,generated
3146,12,Πανίδα - Χλωρίδα,Ουσιαστικά,noun,Πανίδα,βόδι,ox,,needs_review
3147,12,Πανίδα - Χλωρίδα,Ουσιαστικά,noun,Πανίδα,βουβάλι,buffalo,buffalo photo,generated
3148,12,Πανίδα - Χλωρίδα,Ουσιαστικά,noun,Πανίδα,γάϊδαρος,donkey,donkey photo,generated
3149,12,Πανίδα - Χλωρίδα,Ουσιαστικά,noun,Πανίδα,γαϊδούρι,(literally and figuratively) Alternative form of γάιδαρος (gáidaros),,needs_review
3150,12,Πανίδα - Χλωρίδα,Ουσιαστικά,noun,Πανίδα,γαϊδουράκι,,,no_english
3151,12,Πανίδα - Χλωρίδα,Ουσιαστικά,noun,Πανίδα,γαλοπούλα,Nominative,Nominative photo,generated
3152,12,Πανίδα - Χλωρίδα,Ουσιαστικά,noun,Πανίδα,γάτα,crafty person,crafty person photo,generated
3153,12,Πανίδα - Χλωρίδα,Ουσιαστικά,noun,Πανίδα,γουρούνι,"pig, hog, swine (male pig)",,needs_review
3154,12,Πανίδα - Χλωρίδα,Ουσιαστικά,noun,Πανίδα,κατσίκα,nanny goat,nanny goat photo,generated
3155,12,Πανίδα - Χλωρίδα,Ουσιαστικά,noun,Πανίδα,κλώσσα,sitter,sitter photo,generated
3156,12,Πανίδα - Χλωρίδα,Ουσιαστικά,noun,Πανίδα,κόκκορας,,,no_english
3157,12,Πανίδα - Χλωρίδα,Ουσιαστικά,noun,Πανίδα,κότα,chicken,chicken photo,generated
3158,12,Πανίδα - Χλωρίδα,Ουσιαστικά,noun,Πανίδα,κουνέλι,rabbit,rabbit photo,generated
3159,12,Πανίδα - Χλωρίδα,Ουσιαστικά,noun,Πανίδα,κύκνος,swan,swan photo,generated
3160,12,Πανίδα - Χλωρίδα,Ουσιαστικά,noun,Πανίδα,μουλάρι,mule,mule photo,generated
3161,12,Πανίδα - Χλωρίδα,Ουσιαστικά,noun,Πανίδα,παγόνι,peacock,peacock photo,generated
3162,12,Πανίδα - Χλωρίδα,Ουσιαστικά,noun,Πανίδα,πάπια,duck,duck photo,generated
3163,12,Πανίδα - Χλωρίδα,Ουσιαστικά,noun,Πανίδα,πετεινός,cock,cock photo,generated
3164,12,Πανίδα - Χλωρίδα,Ουσιαστικά,noun,Πανίδα,πρόβατο,sheep,sheep photo,generated
3165,12,Πανίδα - Χλωρίδα,Ουσιαστικά,noun,Πανίδα,σκυλί,beast,beast photo,generated
3166,12,Πανίδα - Χλωρίδα,Ουσιαστικά,noun,Πανίδα,σκύλος,beast,beast photo,generated
3167,12,Πανίδα - Χλωρίδα,Ουσιαστικά,noun,Πανίδα,τράγος,billy goat,billy goat photo,generated
3168,12,Πανίδα - Χλωρίδα,Ουσιαστικά,noun,Πανίδα,φραγκόκοτα,guinea fowl,guinea fowl photo,generated
3169,12,Πανίδα - Χλωρίδα,Ουσιαστικά,noun,Πανίδα,ταζώαδάσους,,,no_english
3170,12,Πανίδα - Χλωρίδα,Ουσιαστικά,noun,Πανίδα,αγριογούρουνο,wild boar,wild boar photo,generated
3171,12,Πανίδα - Χλωρίδα,Ουσιαστικά,noun,Πανίδα,αλεπού,cunning or sly person,cunning or sly person photo,generated
3172,12,Πανίδα - Χλωρίδα,Ουσιαστικά,noun,Πανίδα,αρκούδα,bear,bear photo,generated
3173,12,Πανίδα - Χλωρίδα,Ουσιαστικά,noun,Πανίδα,ασβός,badger,badger photo,generated
3174,12,Πανίδα - Χλωρίδα,Ουσιαστικά,noun,Πανίδα,ελάφι,red deer,red deer photo,generated
3175,12,Πανίδα - Χλωρίδα,Ουσιαστικά,noun,Πανίδα,ζαρκάδι,roe deer,roe deer photo,generated
3176,12,Πανίδα - Χλωρίδα,Ουσιαστικά,noun,Πανίδα,λαγός,hare,hare photo,generated
3177,12,Πανίδα - Χλωρίδα,Ουσιαστικά,noun,Πανίδα,λύκος,wolf,wolf photo,generated
3178,12,Πανίδα - Χλωρίδα,Ουσιαστικά,noun,Πανίδα,σκατζόχοιρος,,,no_english
3179,12,Πανίδα - Χλωρίδα,Ουσιαστικά,noun,Πανίδα,σκίουρος,squirrel,squirrel photo,generated
3180,12,Πανίδα - Χλωρίδα,Ουσιαστικά,noun,Πανίδα,τσακάλι,jackal,jackal photo,generated
3181,12,Πανίδα - Χλωρίδα,Ουσιαστικά,noun,Πανίδα,τυφλοπόντικας,mole,mole photo,generated
3182,12,Πανίδα - Χλωρίδα,Ουσιαστικά,noun,Πανίδα,χελώνα,turtle,turtle photo,generated
3183,12,Πανίδα - Χλωρίδα,Ουσιαστικά,noun,Πανίδα,ταπολικάζώα,,,no_english
3184,12,Πανίδα - Χλωρίδα,Ουσιαστικά,noun,Πανίδα,λευκήαρκούδα,,,no_english
3185,12,Πανίδα - Χλωρίδα,Ουσιαστικά,noun,Πανίδα,πιγκουίνος,penguin,penguin photo,generated
3186,12,Πανίδα - Χλωρίδα,Ουσιαστικά,noun,Πανίδα,τάρανδος,reindeer,reindeer photo,generated
3187,12,Πανίδα - Χλωρίδα,Ουσιαστικά,noun,Πανίδα,φώκια,seal,seal photo,generated
3188,12,Πανίδα - Χλωρίδα,Ουσιαστικά,noun,Πανίδα,ταζώατηςσαβάνας,,,no_english
3189,12,Πανίδα - Χλωρίδα,Ουσιαστικά,noun,Πανίδα,αντιλόπη,antelope,antelope photo,generated
3190,12,Πανίδα - Χλωρίδα,Ουσιαστικά,noun,Πανίδα,γορίλας,gorilla,gorilla photo,generated
3191,12,Πανίδα - Χλωρίδα,Ουσιαστικά,noun,Πανίδα,ελέφαντας,elephant,elephant photo,generated
3192,12,Πανίδα - Χλωρίδα,Ουσιαστικά,noun,Πανίδα,ζέβρα,zebra,zebra photo,generated
3193,12,Πανίδα - Χλωρίδα,Ουσιαστικά,noun,Πανίδα,ιπποπόταμος,hippopotamus,hippopotamus photo,generated
3194,12,Πανίδα - Χλωρίδα,Ουσιαστικά,noun,Πανίδα,"καγκουρό,η(το)",,,no_english
3195,12,Πανίδα - Χλωρίδα,Ουσιαστικά,noun,Πανίδα,καμηλοπάρδαλη,giraffe,giraffe photo,generated
3196,12,Πανίδα - Χλωρίδα,Ουσιαστικά,noun,Πανίδα,κροκόδειλος,crocodile,crocodile photo,generated
3197,12,Πανίδα - Χλωρίδα,Ουσιαστικά,noun,Πανίδα,μαϊμού,monkey,monkey photo,generated
3198,12,Πανίδα - Χλωρίδα,Ουσιαστικά,noun,Πανίδα,λεοντάρι,,,no_english
3199,12,Πανίδα - Χλωρίδα,Ουσιαστικά,noun,Πανίδα,λεοπάρδαλη,leopard,leopard photo,generated
3200,12,Πανίδα - Χλωρίδα,Ουσιαστικά,noun,Πανίδα,λιοντάρι,lion,lion photo,generated
3201,12,Πανίδα - Χλωρίδα,Ουσιαστικά,noun,Πανίδα,πάνθηρας,panther,panther photo,generated
3202,12,Πανίδα - Χλωρίδα,Ουσιαστικά,noun,Πανίδα,πίθηκος,uncivilised person,uncivilised person photo,generated
3203,12,Πανίδα - Χλωρίδα,Ουσιαστικά,noun,Πανίδα,ρινόκερος,rhinoceros,rhinoceros photo,generated
3204,12,Πανίδα - Χλωρίδα,Ουσιαστικά,noun,Πανίδα,τίγρη,tiger,tiger photo,generated
3205,12,Πανίδα - Χλωρίδα,Ουσιαστικά,noun,Πανίδα,ύαινα,hyena,hyena photo,generated
3206,12,Πανίδα - Χλωρίδα,Ουσιαστικά,noun,Πανίδα,χιμπατζής,chimpanzee,chimpanzee photo,generated
3207,12,Πανίδα - Χλωρίδα,Ουσιαστικά,noun,Πανίδα,ταερπετά,,,no_english
3208,12,Πανίδα - Χλωρίδα,Ουσιαστικά,noun,Πανίδα,βόας,,,no_english
3209,12,Πανίδα - Χλωρίδα,Ουσιαστικά,noun,Πανίδα,κόμπρα,cobra,cobra photo,generated
3210,12,Πανίδα - Χλωρίδα,Ουσιαστικά,noun,Πανίδα,κροταλίας,rattlesnake,rattlesnake photo,generated
3211,12,Πανίδα - Χλωρίδα,Ουσιαστικά,noun,Πανίδα,οχιά,adder,adder photo,generated
3212,12,Πανίδα - Χλωρίδα,Ουσιαστικά,noun,Πανίδα,σαύρα,lizard,lizard photo,generated
3213,12,Πανίδα - Χλωρίδα,Ουσιαστικά,noun,Πανίδα,φίδι,snake,snake photo,generated
3214,12,Πανίδα - Χλωρίδα,Ουσιαστικά,noun,Πανίδα,χαμαιλέοντας,chameleon,chameleon photo,generated
3215,12,Πανίδα - Χλωρίδα,Ουσιαστικά,noun,Πανίδα,ταπτηνά(πουλιά),,,no_english
3216,12,Πανίδα - Χλωρίδα,Ουσιαστικά,noun,Πανίδα,αετός,eagle,eagle photo,generated
3217,12,Πανίδα - Χλωρίδα,Ουσιαστικά,noun,Πανίδα,αηδόνι,nightingale,nightingale photo,generated
3218,12,Πανίδα - Χλωρίδα,Ουσιαστικά,noun,Πανίδα,γεράκι,bird of prey,bird of prey photo,generated
3219,12,Πανίδα - Χλωρίδα,Ουσιαστικά,noun,Πανίδα,γλάρος,gull,gull photo,generated
3220,12,Πανίδα - Χλωρίδα,Ουσιαστικά,noun,Πανίδα,θαλασσοπούλι,,,no_english
3221,12,Πανίδα - Χλωρίδα,Ουσιαστικά,noun,Πανίδα,καναρίνι,canary,canary photo,generated
3222,12,Πανίδα - Χλωρίδα,Ουσιαστικά,noun,Πανίδα,καρακάξα,,,no_english
3223,12,Πανίδα - Χλωρίδα,Ουσιαστικά,noun,Πανίδα,κόρακας,raven,raven photo,generated
3224,12,Πανίδα - Χλωρίδα,Ουσιαστικά,noun,Πανίδα,κουκουβάγια,owl,,needs_review
3225,12,Πανίδα - Χλωρίδα,Ουσιαστικά,noun,Πανίδα,νυχτερίδα,bat (small flying mammal),,needs_review
3226,12,Πανίδα - Χλωρίδα,Ουσιαστικά,noun,Πανίδα,νυχτοπούλι,,,no_english
3227,12,Πανίδα - Χλωρίδα,Ουσιαστικά,noun,Πανίδα,ορτύκι,quail,quail photo,generated
3228,12,Πανίδα - Χλωρίδα,Ουσιαστικά,noun,Πανίδα,πέρδικα,partridge,partridge photo,generated
3229,12,Πανίδα - Χλωρίδα,Ουσιαστικά,noun,Πανίδα,περιστέρι,rock dove,rock dove photo,generated
3230,12,Πανίδα - Χλωρίδα,Ουσιαστικά,noun,Πανίδα,σπουργίτι,sparrow,sparrow photo,generated
3231,12,Πανίδα - Χλωρίδα,Ουσιαστικά,noun,Πανίδα,στρουθοκάμηλος,ostrich,ostrich photo,generated
3232,12,Πανίδα - Χλωρίδα,Ουσιαστικά,noun,Πανίδα,τσαλαπετεινός,Upupa epops,Upupa epops photo,generated
3233,12,Πανίδα - Χλωρίδα,Ουσιαστικά,noun,Πανίδα,φασιανός,pheasant,pheasant photo,generated
3234,12,Πανίδα - Χλωρίδα,Ουσιαστικά,noun,Πανίδα,χελιδόνι,swallow,swallow photo,generated
3235,12,Πανίδα - Χλωρίδα,Ουσιαστικά,noun,Πανίδα,ταθαλάσσιαείδη,,,no_english
3236,12,Πανίδα - Χλωρίδα,Ουσιαστικά,noun,Πανίδα,αστακός,lobster,lobster photo,generated
3237,12,Πανίδα - Χλωρίδα,Ουσιαστικά,noun,Πανίδα,γαλέος,,,no_english
3238,12,Πανίδα - Χλωρίδα,Ουσιαστικά,noun,Πανίδα,γαρίδα,shrimp,shrimp photo,generated
3239,12,Πανίδα - Χλωρίδα,Ουσιαστικά,noun,Πανίδα,γαύρος,anchovy,anchovy photo,generated
3240,12,Πανίδα - Χλωρίδα,Ουσιαστικά,noun,Πανίδα,γλώσσα,tongue,tongue photo,generated
3241,12,Πανίδα - Χλωρίδα,Ουσιαστικά,noun,Πανίδα,δελφίνι,dolphin,dolphin photo,generated
3242,12,Πανίδα - Χλωρίδα,Ουσιαστικά,noun,Πανίδα,ιππόκαμπος,,,no_english
3243,12,Πανίδα - Χλωρίδα,Ουσιαστικά,noun,Πανίδα,"θαλάσσια,χελώνα(καρέτα-καρέτα),η",,,no_english
3244,12,Πανίδα - Χλωρίδα,Ουσιαστικά,noun,Πανίδα,καλαμάρι,squid,squid photo,generated
3245,12,Πανίδα - Χλωρίδα,Ουσιαστικά,noun,Πανίδα,καραβίδα,,,no_english
3246,12,Πανίδα - Χλωρίδα,Ουσιαστικά,noun,Πανίδα,καρχαρίας,shark,shark photo,generated
3247,12,Πανίδα - Χλωρίδα,Ουσιαστικά,noun,Πανίδα,κολιός,,,no_english
3248,12,Πανίδα - Χλωρίδα,Ουσιαστικά,noun,Πανίδα,λαβράκι,,,no_english
3249,12,Πανίδα - Χλωρίδα,Ουσιαστικά,noun,Πανίδα,λιθρίνι,common pandora,common pandora photo,generated
3250,12,Πανίδα - Χλωρίδα,Ουσιαστικά,noun,Πανίδα,μπακαλιάρος,cod (marine fish of the family Gadidae),,needs_review
3251,12,Πανίδα - Χλωρίδα,Ουσιαστικά,noun,Πανίδα,μύδι,mussel,mussel photo,generated
3252,12,Πανίδα - Χλωρίδα,Ουσιαστικά,noun,Πανίδα,ξιφίας,swordfish,swordfish photo,generated
3253,12,Πανίδα - Χλωρίδα,Ουσιαστικά,noun,Πανίδα,πέστροφα,trout,trout photo,generated
3254,12,Πανίδα - Χλωρίδα,Ουσιαστικά,noun,Πανίδα,σαρδέλα,sardine,sardine photo,generated
3255,12,Πανίδα - Χλωρίδα,Ουσιαστικά,noun,Πανίδα,σολομός,,,no_english
3256,12,Πανίδα - Χλωρίδα,Ουσιαστικά,noun,Πανίδα,σουπιά,cuttlefish,cuttlefish photo,generated
3257,12,Πανίδα - Χλωρίδα,Ουσιαστικά,noun,Πανίδα,στρείδι,,,no_english
3258,12,Πανίδα - Χλωρίδα,Ουσιαστικά,noun,Πανίδα,τόνος,΄ tonos,΄ tonos photo,generated
3259,12,Πανίδα - Χλωρίδα,Ουσιαστικά,noun,Πανίδα,τσιπούρα,tsipouro,tsipouro photo,generated
3260,12,Πανίδα - Χλωρίδα,Ουσιαστικά,noun,Πανίδα,φάλαινα,whale,whale photo,generated
3261,12,Πανίδα - Χλωρίδα,Ουσιαστικά,noun,Πανίδα,φώκια,seal,seal photo,generated
3262,12,Πανίδα - Χλωρίδα,Ουσιαστικά,noun,Πανίδα,χέλι,eel,,needs_review
3263,12,Πανίδα - Χλωρίδα,Ουσιαστικά,noun,Πανίδα,χταπόδι,octopus,octopus photo,generated
3264,12,Πανίδα - Χλωρίδα,Ουσιαστικά,noun,Πανίδα,ψάριατουγλυκούνερού,,,no_english
3265,12,Πανίδα - Χλωρίδα,Ουσιαστικά,noun,Πανίδα,ταέντομα,,,no_english
3266,12,Πανίδα - Χλωρίδα,Ουσιαστικά,noun,Πανίδα,ακρίδα,locust,locust photo,generated
3267,12,Πανίδα - Χλωρίδα,Ουσιαστικά,noun,Πανίδα,αράχνη,spider,spider photo,generated
3268,12,Πανίδα - Χλωρίδα,Ουσιαστικά,noun,Πανίδα,βάτραχος,frog,frog photo,generated
3269,12,Πανίδα - Χλωρίδα,Ουσιαστικά,noun,Πανίδα,κάμπια,caterpillar,caterpillar photo,generated
3270,12,Πανίδα - Χλωρίδα,Ουσιαστικά,noun,Πανίδα,κουνούπι,mosquito,mosquito photo,generated
3271,12,Πανίδα - Χλωρίδα,Ουσιαστικά,noun,Πανίδα,μέλισσα,bee,,needs_review
3272,12,Πανίδα - Χλωρίδα,Ουσιαστικά,noun,Πανίδα,μύγα,"(zoology) fly, housefly (any insect of the order Diptera or Muscidae)",,needs_review
3273,12,Πανίδα - Χλωρίδα,Ουσιαστικά,noun,Πανίδα,μυρμήγκι,insignificant person,insignificant person photo,generated
3274,12,Πανίδα - Χλωρίδα,Ουσιαστικά,noun,Πανίδα,πεταλούδα,butterfly,butterfly photo,generated
3275,12,Πανίδα - Χλωρίδα,Ουσιαστικά,noun,Πανίδα,σκνίπα,,,no_english
3276,12,Πανίδα - Χλωρίδα,Ουσιαστικά,noun,Πανίδα,σφήκα,wasp,wasp photo,generated
3277,12,Πανίδα - Χλωρίδα,Ουσιαστικά,noun,Πανίδα,τζίτζικας,cicada,cicada photo,generated
3278,12,Πανίδα - Χλωρίδα,Ουσιαστικά,noun,Πανίδα,τρωκτικά,Rodentia,Rodentia photo,generated
3279,12,Πανίδα - Χλωρίδα,Ουσιαστικά,noun,Πανίδα,αρουραίος,devious and evil person,devious and evil person photo,generated
3280,12,Πανίδα - Χλωρίδα,Ουσιαστικά,noun,Πανίδα,ποντίκι,mouse,mouse photo,generated
3281,12,Πανίδα - Χλωρίδα,Ουσιαστικά,noun,Πανίδα,ποντικός,mouse,mouse photo,generated
3282,12,Πανίδα - Χλωρίδα,Ουσιαστικά,noun,Πανίδα,μαλάκια,masturbation,masturbation photo,generated
3283,12,Πανίδα - Χλωρίδα,Ουσιαστικά,noun,Πανίδα,κοχλίας,screw,screw photo,generated
3284,12,Πανίδα - Χλωρίδα,Ουσιαστικά,noun,Πανίδα,σάλιαγκος,,,no_english
3285,12,Πανίδα - Χλωρίδα,Ουσιαστικά,noun,Πανίδα,σαλιγκάρι,snail,snail photo,generated
3286,12,Πανίδα - Χλωρίδα,Ουσιαστικά,noun,Πανίδα,άλλεςλέξεις,,,no_english
3287,12,Πανίδα - Χλωρίδα,Ουσιαστικά,noun,Πανίδα,αλιεία,fishing,fishing photo,generated
3288,12,Πανίδα - Χλωρίδα,Ουσιαστικά,noun,Πανίδα,αποδημητικόπουλί,,,no_english
3289,12,Πανίδα - Χλωρίδα,Ουσιαστικά,noun,Πανίδα,αρπακτικόπουλί,,,no_english
3290,12,Πανίδα - Χλωρίδα,Ουσιαστικά,noun,Πανίδα,αυγό,(literary) Alternative form of αβγό (avgó),,needs_review
3291,12,Πανίδα - Χλωρίδα,Ουσιαστικά,noun,Πανίδα,γάβγισμα,,,no_english
3292,12,Πανίδα - Χλωρίδα,Ουσιαστικά,noun,Πανίδα,γούνα,,,no_english
3293,12,Πανίδα - Χλωρίδα,Ουσιαστικά,noun,Πανίδα,δάγκωμα,,,no_english
3294,12,Πανίδα - Χλωρίδα,Ουσιαστικά,noun,Πανίδα,εκτροφείο,,,no_english
3295,12,Πανίδα - Χλωρίδα,Ουσιαστικά,noun,Πανίδα,θηλαστικό,mammal,mammal photo,generated
3296,12,Πανίδα - Χλωρίδα,Ουσιαστικά,noun,Πανίδα,κακάρισμα,,,no_english
3297,12,Πανίδα - Χλωρίδα,Ουσιαστικά,noun,Πανίδα,κελάηδημα,,,no_english
3298,12,Πανίδα - Χλωρίδα,Ουσιαστικά,noun,Πανίδα,κερασφόροζώο,,,no_english
3299,12,Πανίδα - Χλωρίδα,Ουσιαστικά,noun,Πανίδα,κέρατο,horn,horn photo,generated
3300,12,Πανίδα - Χλωρίδα,Ουσιαστικά,noun,Πανίδα,κονικλοτροφείο,rabbit farm,rabbit farm photo,generated
3301,12,Πανίδα - Χλωρίδα,Ουσιαστικά,noun,Πανίδα,κράξιμο,,,no_english
3302,12,Πανίδα - Χλωρίδα,Ουσιαστικά,noun,Πανίδα,κτηνοτροφία,husbandry,husbandry photo,generated
3303,12,Πανίδα - Χλωρίδα,Ουσιαστικά,noun,Πανίδα,κτηνοτρόφος,stock farmer,stock farmer photo,generated
3304,12,Πανίδα - Χλωρίδα,Ουσιαστικά,noun,Πανίδα,λέπι,scale,scale photo,generated
3305,12,Πανίδα - Χλωρίδα,Ουσιαστικά,noun,Πανίδα,μαργαριτάρι,pearl,pearl photo,generated
3306,12,Πανίδα - Χλωρίδα,Ουσιαστικά,noun,Πανίδα,μούγκρισμα,,,no_english
3307,12,Πανίδα - Χλωρίδα,Ουσιαστικά,noun,Πανίδα,μουσούδι,snout of animal,snout of animal photo,generated
3308,12,Πανίδα - Χλωρίδα,Ουσιαστικά,noun,Πανίδα,μυρηκαστικόζώο,,,no_english
3309,12,Πανίδα - Χλωρίδα,Ουσιαστικά,noun,Πανίδα,νιαούρισμα,,,no_english
3310,12,Πανίδα - Χλωρίδα,Ουσιαστικά,noun,Πανίδα,ορνιθοτροφείο,,,no_english
3311,12,Πανίδα - Χλωρίδα,Ουσιαστικά,noun,Πανίδα,όστρακο,seashell,seashell photo,generated
3312,12,Πανίδα - Χλωρίδα,Ουσιαστικά,noun,Πανίδα,οστρακοκαλλιέργεια,,,no_english
3313,12,Πανίδα - Χλωρίδα,Ουσιαστικά,noun,Πανίδα,ουρά,Nominative,Nominative photo,generated
3314,12,Πανίδα - Χλωρίδα,Ουσιαστικά,noun,Πανίδα,ουρλιαχτό,howl,howl photo,generated
3315,12,Πανίδα - Χλωρίδα,Ουσιαστικά,noun,Πανίδα,πατημασιά,,,no_english
3316,12,Πανίδα - Χλωρίδα,Ουσιαστικά,noun,Πανίδα,πέταλο,horseshoe,horseshoe photo,generated
3317,12,Πανίδα - Χλωρίδα,Ουσιαστικά,noun,Πανίδα,πτερύγιο,mechanical part resembling fin,mechanical part resembling fin photo,generated
3318,12,Πανίδα - Χλωρίδα,Ουσιαστικά,noun,Πανίδα,πτηνοτροφείο,,,no_english
3319,12,Πανίδα - Χλωρίδα,Ουσιαστικά,noun,Πανίδα,πτηνοτρόφος,,,no_english
3320,12,Πανίδα - Χλωρίδα,Ουσιαστικά,noun,Πανίδα,πούπουλο,soft feather,soft feather photo,generated
3321,12,Πανίδα - Χλωρίδα,Ουσιαστικά,noun,Πανίδα,ράμφος,beak,beak photo,generated
3322,12,Πανίδα - Χλωρίδα,Ουσιαστικά,noun,Πανίδα,σαμάρι,packsaddle,packsaddle photo,generated
3323,12,Πανίδα - Χλωρίδα,Ουσιαστικά,noun,Πανίδα,σέλα,,,no_english
3324,12,Πανίδα - Χλωρίδα,Ουσιαστικά,noun,Πανίδα,σφουγγαράς,,,no_english
3325,12,Πανίδα - Χλωρίδα,Ουσιαστικά,noun,Πανίδα,σφουγγάρι,sponge,sponge photo,generated
3326,12,Πανίδα - Χλωρίδα,Ουσιαστικά,noun,Πανίδα,τρίχωμα,,,no_english
3327,12,Πανίδα - Χλωρίδα,Ουσιαστικά,noun,Πανίδα,τσίμπημα,bite,animal biting,override
3328,12,Πανίδα - Χλωρίδα,Ουσιαστικά,noun,Πανίδα,φτερό,wing,wing photo,generated
3329,12,Πανίδα - Χλωρίδα,Ουσιαστικά,noun,Πανίδα,χειμερίανάρκη,,,no_english
3330,12,Πανίδα - Χλωρίδα,Ουσιαστικά,noun,Πανίδα,χλιμίντρισμα,,,no_english
3373,12,Πανίδα - Χλωρίδα,Ουσιαστικά,noun,Χλωρίδα,αγκάθι,thorn,thorn photo,generated
3374,12,Πανίδα - Χλωρίδα,Ουσιαστικά,noun,Χλωρίδα,αγριολούλουδο,wild flower,wild flower photo,generated
3375,12,Πανίδα - Χλωρίδα,Ουσιαστικά,noun,Χλωρίδα,αγριόχορτο,weed,weed photo,generated
3376,12,Πανίδα - Χλωρίδα,Ουσιαστικά,noun,Χλωρίδα,αμπέλι,vine,vine photo,generated
3377,12,Πανίδα - Χλωρίδα,Ουσιαστικά,noun,Χλωρίδα,αμπελώνας,vineyard,vineyard photo,generated
3378,12,Πανίδα - Χλωρίδα,Ουσιαστικά,noun,Χλωρίδα,ανθοέκθεση,,,no_english
3379,12,Πανίδα - Χλωρίδα,Ουσιαστικά,noun,Χλωρίδα,άνθος,blossom,blossom photo,generated
3380,12,Πανίδα - Χλωρίδα,Ουσιαστικά,noun,Χλωρίδα,βλαστός,shoot,shoot photo,generated
3381,12,Πανίδα - Χλωρίδα,Ουσιαστικά,noun,Χλωρίδα,βοτανικόςκήπος,,,no_english
3382,12,Πανίδα - Χλωρίδα,Ουσιαστικά,noun,Χλωρίδα,βότανο,herb,herb photo,generated
3383,12,Πανίδα - Χλωρίδα,Ουσιαστικά,noun,Χλωρίδα,γκαζόν,lawn,lawn photo,generated
3384,12,Πανίδα - Χλωρίδα,Ουσιαστικά,noun,Χλωρίδα,γλάστρα,decorative showgirl,decorative showgirl photo,generated
3385,12,Πανίδα - Χλωρίδα,Ουσιαστικά,noun,Χλωρίδα,γρασίδι,grass,grass photo,generated
3386,12,Πανίδα - Χλωρίδα,Ουσιαστικά,noun,Χλωρίδα,δάσος,wood,wood photo,generated
3387,12,Πανίδα - Χλωρίδα,Ουσιαστικά,noun,Χλωρίδα,δέντρο,tree,tree photo,generated
3388,12,Πανίδα - Χλωρίδα,Ουσιαστικά,noun,Χλωρίδα,εθνικόςδρυμός,,,no_english
3389,12,Πανίδα - Χλωρίδα,Ουσιαστικά,noun,Χλωρίδα,ελαιώνας,,,no_english
3390,12,Πανίδα - Χλωρίδα,Ουσιαστικά,noun,Χλωρίδα,ευωδιά,fragrance,fragrance photo,generated
3391,12,Πανίδα - Χλωρίδα,Ουσιαστικά,noun,Χλωρίδα,θάμνος,bush,bush photo,generated
3392,12,Πανίδα - Χλωρίδα,Ουσιαστικά,noun,Χλωρίδα,καρπός,fruit,fruit photo,generated
3393,12,Πανίδα - Χλωρίδα,Ουσιαστικά,noun,Χλωρίδα,κήπος,garden,garden photo,generated
3394,12,Πανίδα - Χλωρίδα,Ουσιαστικά,noun,Χλωρίδα,κηπουρός,gardener,gardener photo,generated
3395,12,Πανίδα - Χλωρίδα,Ουσιαστικά,noun,Χλωρίδα,κλαδί,branch,branch photo,generated
3396,12,Πανίδα - Χλωρίδα,Ουσιαστικά,noun,Χλωρίδα,κορμός,trunk of tree,trunk of tree photo,generated
3397,12,Πανίδα - Χλωρίδα,Ουσιαστικά,noun,Χλωρίδα,κουκουνάρι,,,no_english
3398,12,Πανίδα - Χλωρίδα,Ουσιαστικά,noun,Χλωρίδα,λιβάδι,meadow,meadow photo,generated
3399,12,Πανίδα - Χλωρίδα,Ουσιαστικά,noun,Χλωρίδα,λίπασμα,fertilizer,fertilizer photo,generated
3400,12,Πανίδα - Χλωρίδα,Ουσιαστικά,noun,Χλωρίδα,λουλούδι,flower,flower photo,generated
3401,12,Πανίδα - Χλωρίδα,Ουσιαστικά,noun,Χλωρίδα,μανιτάρι,mushroom,mushroom photo,generated
3402,12,Πανίδα - Χλωρίδα,Ουσιαστικά,noun,Χλωρίδα,μποστάνι,,,no_english
3403,12,Πανίδα - Χλωρίδα,Ουσιαστικά,noun,Χλωρίδα,μπουμπούκι,bud (of a plant's shoot or flower),,needs_review
3404,12,Πανίδα - Χλωρίδα,Ουσιαστικά,noun,Χλωρίδα,περιβόλι,vegetable garden,vegetable garden photo,generated
3405,12,Πανίδα - Χλωρίδα,Ουσιαστικά,noun,Χλωρίδα,πέταλο,horseshoe,horseshoe photo,generated
3406,12,Πανίδα - Χλωρίδα,Ουσιαστικά,noun,Χλωρίδα,ρίζα,foot,foot photo,generated
3407,12,Πανίδα - Χλωρίδα,Ουσιαστικά,noun,Χλωρίδα,σοδειά,harvest,harvest photo,generated
3408,12,Πανίδα - Χλωρίδα,Ουσιαστικά,noun,Χλωρίδα,τσαμπί,bunch,bunch photo,generated
3409,12,Πανίδα - Χλωρίδα,Ουσιαστικά,noun,Χλωρίδα,φύλλο,leaf,leaf photo,generated
3410,12,Πανίδα - Χλωρίδα,Ουσιαστικά,noun,Χλωρίδα,φυλλόχωμα,,,no_english
3411,12,Πανίδα - Χλωρίδα,Ουσιαστικά,noun,Χλωρίδα,φυλλωσιά,,,no_english
3412,12,Πανίδα - Χλωρίδα,Ουσιαστικά,noun,Χλωρίδα,φυτόεσωτερικούχώρου,,,no_english
3413,12,Πανίδα - Χλωρίδα,Ουσιαστικά,noun,Χλωρίδα,φυτό,plant,plant photo,generated
3414,12,Πανίδα - Χλωρίδα,Ουσιαστικά,noun,Χλωρίδα,φυτοφάρμακο,,,no_english
3415,12,Πανίδα - Χλωρίδα,Ουσιαστικά,noun,Χλωρίδα,φωτοσύνθεση,photosynthesis,photosynthesis photo,generated
3416,12,Πανίδα - Χλωρίδα,Ουσιαστικά,noun,Χλωρίδα,χωράφι,field,field photo,generated
3417,12,Πανίδα - Χλωρίδα,Ουσιαστικά,noun,Χλωρίδα,"ονομασίεςδέντρων,θάμνων,φυτών",,,no_english
3418,12,Πανίδα - Χλωρίδα,Ουσιαστικά,noun,Χλωρίδα,α)αρωματικάφυτά,,,no_english
3419,12,Πανίδα - Χλωρίδα,Ουσιαστικά,noun,Χλωρίδα,άνηθος,dill,dill photo,generated
3420,12,Πανίδα - Χλωρίδα,Ουσιαστικά,noun,Χλωρίδα,βασίλικός,basil,basil photo,generated
3421,12,Πανίδα - Χλωρίδα,Ουσιαστικά,noun,Χλωρίδα,δάφνη,laurel,laurel photo,generated
3422,12,Πανίδα - Χλωρίδα,Ουσιαστικά,noun,Χλωρίδα,δεντρολίβανο,rosemary,rosemary photo,generated
3423,12,Πανίδα - Χλωρίδα,Ουσιαστικά,noun,Χλωρίδα,δυόσμος,mint,mint photo,generated
3424,12,Πανίδα - Χλωρίδα,Ουσιαστικά,noun,Χλωρίδα,θυμάρι,thyme,thyme photo,generated
3425,12,Πανίδα - Χλωρίδα,Ουσιαστικά,noun,Χλωρίδα,κανέλλα,,,no_english
3426,12,Πανίδα - Χλωρίδα,Ουσιαστικά,noun,Χλωρίδα,λεβάντα,lavender,lavender photo,generated
3427,12,Πανίδα - Χλωρίδα,Ουσιαστικά,noun,Χλωρίδα,μαϊντανός,parsley,parsley photo,generated
3428,12,Πανίδα - Χλωρίδα,Ουσιαστικά,noun,Χλωρίδα,μαντζουράνα,marjoram,marjoram photo,generated
3429,12,Πανίδα - Χλωρίδα,Ουσιαστικά,noun,Χλωρίδα,μέντα,mint,mint photo,generated
3430,12,Πανίδα - Χλωρίδα,Ουσιαστικά,noun,Χλωρίδα,μυρτιά,common myrtle,common myrtle photo,generated
3431,12,Πανίδα - Χλωρίδα,Ουσιαστικά,noun,Χλωρίδα,ρίγανη,oregano,oregano photo,generated
3432,12,Πανίδα - Χλωρίδα,Ουσιαστικά,noun,Χλωρίδα,τίλιο,,,no_english
3433,12,Πανίδα - Χλωρίδα,Ουσιαστικά,noun,Χλωρίδα,τσουκνίδα,,,no_english
3434,12,Πανίδα - Χλωρίδα,Ουσιαστικά,noun,Χλωρίδα,χαμομήλι,camomile,camomile photo,generated
3435,12,Πανίδα - Χλωρίδα,Ουσιαστικά,noun,Χλωρίδα,β)δημητριακά,,,no_english
3436,12,Πανίδα - Χλωρίδα,Ουσιαστικά,noun,Χλωρίδα,βρόμη,"oat, oats (widely cultivated cereal grass, typically Avena sativa)",,needs_review
3437,12,Πανίδα - Χλωρίδα,Ουσιαστικά,noun,Χλωρίδα,καλαμπόκι,corn,corn photo,generated
3438,12,Πανίδα - Χλωρίδα,Ουσιαστικά,noun,Χλωρίδα,κριθάρι,barley,barley photo,generated
3439,12,Πανίδα - Χλωρίδα,Ουσιαστικά,noun,Χλωρίδα,ρύζι,rice,rice photo,generated
3440,12,Πανίδα - Χλωρίδα,Ουσιαστικά,noun,Χλωρίδα,σίκαλη,rye,,needs_review
3441,12,Πανίδα - Χλωρίδα,Ουσιαστικά,noun,Χλωρίδα,σιτάρι,wheat,wheat photo,generated
3442,12,Πανίδα - Χλωρίδα,Ουσιαστικά,noun,Χλωρίδα,στάχυ,,,no_english
3443,12,Πανίδα - Χλωρίδα,Ουσιαστικά,noun,Χλωρίδα,γ)δέντρα-καρποί,,,no_english
3444,12,Πανίδα - Χλωρίδα,Ουσιαστικά,noun,Χλωρίδα,ακακία,acacia,acacia photo,generated
3445,12,Πανίδα - Χλωρίδα,Ουσιαστικά,noun,Χλωρίδα,αμπέλι,vine,vine photo,generated
3446,12,Πανίδα - Χλωρίδα,Ουσιαστικά,noun,Χλωρίδα,αμυγδαλιά,almond tree,almond tree photo,generated
3447,12,Πανίδα - Χλωρίδα,Ουσιαστικά,noun,Χλωρίδα,αμύγδαλο,almond,almond photo,generated
3448,12,Πανίδα - Χλωρίδα,Ουσιαστικά,noun,Χλωρίδα,αχλάδι,pear,pear photo,generated
3449,12,Πανίδα - Χλωρίδα,Ουσιαστικά,noun,Χλωρίδα,αχλαδιά,pear tree,pear tree photo,generated
3450,12,Πανίδα - Χλωρίδα,Ουσιαστικά,noun,Χλωρίδα,βελανιδιά,oak tree,oak tree photo,generated
3451,12,Πανίδα - Χλωρίδα,Ουσιαστικά,noun,Χλωρίδα,βελανίδι,acorn,acorn photo,generated
3452,12,Πανίδα - Χλωρίδα,Ουσιαστικά,noun,Χλωρίδα,βερικοκιά,apricot tree,apricot tree photo,generated
3453,12,Πανίδα - Χλωρίδα,Ουσιαστικά,noun,Χλωρίδα,βερίκοκο,apricot,apricot photo,generated
3454,12,Πανίδα - Χλωρίδα,Ουσιαστικά,noun,Χλωρίδα,δαμασκηνιά,plum tree,plum tree photo,generated
3455,12,Πανίδα - Χλωρίδα,Ουσιαστικά,noun,Χλωρίδα,δαμάσκηνο,plum,plum photo,generated
3456,12,Πανίδα - Χλωρίδα,Ουσιαστικά,noun,Χλωρίδα,έλατο,fir tree,fir tree photo,generated
3457,12,Πανίδα - Χλωρίδα,Ουσιαστικά,noun,Χλωρίδα,ελιά,olive,olive photo,generated
3458,12,Πανίδα - Χλωρίδα,Ουσιαστικά,noun,Χλωρίδα,ιτιά,,,no_english
3459,12,Πανίδα - Χλωρίδα,Ουσιαστικά,noun,Χλωρίδα,καρύδι,walnut,walnut photo,generated
3460,12,Πανίδα - Χλωρίδα,Ουσιαστικά,noun,Χλωρίδα,καρυδιά,walnut tree,walnut tree photo,generated
3461,12,Πανίδα - Χλωρίδα,Ουσιαστικά,noun,Χλωρίδα,καστανιά,chestnut tree,chestnut tree photo,generated
3462,12,Πανίδα - Χλωρίδα,Ουσιαστικά,noun,Χλωρίδα,κάστανο,brown,brown photo,generated
3463,12,Πανίδα - Χλωρίδα,Ουσιαστικά,noun,Χλωρίδα,κέδρος,,,no_english
3464,12,Πανίδα - Χλωρίδα,Ουσιαστικά,noun,Χλωρίδα,κλήμα,vine,vine photo,generated
3465,12,Πανίδα - Χλωρίδα,Ουσιαστικά,noun,Χλωρίδα,κυπαρίσσι,cypress tree,cypress tree photo,generated
3466,12,Πανίδα - Χλωρίδα,Ουσιαστικά,noun,Χλωρίδα,κυπαρισσόμηλο,cypress cone,cypress cone photo,generated
3467,12,Πανίδα - Χλωρίδα,Ουσιαστικά,noun,Χλωρίδα,λεμόνι,lemon,lemon photo,generated
3468,12,Πανίδα - Χλωρίδα,Ουσιαστικά,noun,Χλωρίδα,λεμονιά,lemon tree,lemon tree photo,generated
3469,12,Πανίδα - Χλωρίδα,Ουσιαστικά,noun,Χλωρίδα,μηλιά,apple tree,apple tree photo,generated
3470,12,Πανίδα - Χλωρίδα,Ουσιαστικά,noun,Χλωρίδα,μήλο,apple,apple photo,generated
3471,12,Πανίδα - Χλωρίδα,Ουσιαστικά,noun,Χλωρίδα,οξιά,beech,beech photo,generated
3472,12,Πανίδα - Χλωρίδα,Ουσιαστικά,noun,Χλωρίδα,πεύκο,pine tree,pine tree photo,generated
3473,12,Πανίδα - Χλωρίδα,Ουσιαστικά,noun,Χλωρίδα,πλατάνι,plane tree,plane tree photo,generated
3474,12,Πανίδα - Χλωρίδα,Ουσιαστικά,noun,Χλωρίδα,πορτοκαλιά,orange tree,orange tree photo,generated
3475,12,Πανίδα - Χλωρίδα,Ουσιαστικά,noun,Χλωρίδα,πορτοκάλι,orange,orange photo,generated
3476,12,Πανίδα - Χλωρίδα,Ουσιαστικά,noun,Χλωρίδα,μανταρινιά,mandarin orange tree,mandarin orange tree photo,generated
3477,12,Πανίδα - Χλωρίδα,Ουσιαστικά,noun,Χλωρίδα,μανταρίνι,tangerine,tangerine photo,generated
3478,12,Πανίδα - Χλωρίδα,Ουσιαστικά,noun,Χλωρίδα,μαστιχιά,mastic tree,mastic tree photo,generated
3479,12,Πανίδα - Χλωρίδα,Ουσιαστικά,noun,Χλωρίδα,ρόδι,pomegranate,pomegranate photo,generated
3480,12,Πανίδα - Χλωρίδα,Ουσιαστικά,noun,Χλωρίδα,ροδιά,Nominative,Nominative photo,generated
3481,12,Πανίδα - Χλωρίδα,Ουσιαστικά,noun,Χλωρίδα,σταφύλι,grape,grape photo,generated
3482,12,Πανίδα - Χλωρίδα,Ουσιαστικά,noun,Χλωρίδα,συκιά,fig tree,fig tree photo,generated
3483,12,Πανίδα - Χλωρίδα,Ουσιαστικά,noun,Χλωρίδα,σύκο,fig (fruit),,needs_review
3484,12,Πανίδα - Χλωρίδα,Ουσιαστικά,noun,Χλωρίδα,φοίνικας,palm tree,palm tree photo,generated
3485,12,Πανίδα - Χλωρίδα,Ουσιαστικά,noun,Χλωρίδα,φουντούκι,hazelnut,hazelnut photo,generated
3486,12,Πανίδα - Χλωρίδα,Ουσιαστικά,noun,Χλωρίδα,φουντουκιά,Hazel bush or tree,Hazel bush or tree photo,generated
3487,12,Πανίδα - Χλωρίδα,Ουσιαστικά,noun,Χλωρίδα,χουρμαδιά,date palm tree,date palm tree photo,generated
3488,12,Πανίδα - Χλωρίδα,Ουσιαστικά,noun,Χλωρίδα,χουρμάς,date,date photo,generated
3489,12,Πανίδα - Χλωρίδα,Ουσιαστικά,noun,Χλωρίδα,"δ)λουλούδια-φυτά,άνθη",,,no_english
3490,12,Πανίδα - Χλωρίδα,Ουσιαστικά,noun,Χλωρίδα,αγιόκλημα,honeysuckle,honeysuckle photo,generated
3491,12,Πανίδα - Χλωρίδα,Ουσιαστικά,noun,Χλωρίδα,ανεμώνη,anemone,anemone photo,generated
3492,12,Πανίδα - Χλωρίδα,Ουσιαστικά,noun,Χλωρίδα,βιολέτα,violet,violet photo,generated
3493,12,Πανίδα - Χλωρίδα,Ουσιαστικά,noun,Χλωρίδα,γαϊδουράγκαθο,cotton thistle,cotton thistle photo,generated
3494,12,Πανίδα - Χλωρίδα,Ουσιαστικά,noun,Χλωρίδα,γαριφαλιά,,,no_english
3495,12,Πανίδα - Χλωρίδα,Ουσιαστικά,noun,Χλωρίδα,γαρίφαλο,,,no_english
3496,12,Πανίδα - Χλωρίδα,Ουσιαστικά,noun,Χλωρίδα,γεράνι,,,no_english
3497,12,Πανίδα - Χλωρίδα,Ουσιαστικά,noun,Χλωρίδα,γιασεμί,jasmine,jasmine photo,generated
3498,12,Πανίδα - Χλωρίδα,Ουσιαστικά,noun,Χλωρίδα,γλαδιόλα,,,no_english
3499,12,Πανίδα - Χλωρίδα,Ουσιαστικά,noun,Χλωρίδα,γλαδίολος,,,no_english
3500,12,Πανίδα - Χλωρίδα,Ουσιαστικά,noun,Χλωρίδα,ζουμπούλι,hyacinth,hyacinth photo,generated
3501,12,Πανίδα - Χλωρίδα,Ουσιαστικά,noun,Χλωρίδα,ιβίσκος,hibiscus,hibiscus photo,generated
3502,12,Πανίδα - Χλωρίδα,Ουσιαστικά,noun,Χλωρίδα,κάκτος,cactus,cactus photo,generated
3503,12,Πανίδα - Χλωρίδα,Ουσιαστικά,noun,Χλωρίδα,καμέλια,,,no_english
3504,12,Πανίδα - Χλωρίδα,Ουσιαστικά,noun,Χλωρίδα,κισσός,,,no_english
3505,12,Πανίδα - Χλωρίδα,Ουσιαστικά,noun,Χλωρίδα,κρίνος,,,no_english
3506,12,Πανίδα - Χλωρίδα,Ουσιαστικά,noun,Χλωρίδα,κυκλάμινο,,,no_english
3507,12,Πανίδα - Χλωρίδα,Ουσιαστικά,noun,Χλωρίδα,μαργαρίτα,daisy,daisy photo,generated
3508,12,Πανίδα - Χλωρίδα,Ουσιαστικά,noun,Χλωρίδα,μενεξές,violet,violet photo,generated
3509,12,Πανίδα - Χλωρίδα,Ουσιαστικά,noun,Χλωρίδα,μπουκαμβίλια,bougainvillea,bougainvillea photo,generated
3510,12,Πανίδα - Χλωρίδα,Ουσιαστικά,noun,Χλωρίδα,νάρκισσος,narcissus,narcissus photo,generated
3511,12,Πανίδα - Χλωρίδα,Ουσιαστικά,noun,Χλωρίδα,νούφαρο,lotus,lotus photo,generated
3512,12,Πανίδα - Χλωρίδα,Ουσιαστικά,noun,Χλωρίδα,ντάλια,dahlia,dahlia photo,generated
3513,12,Πανίδα - Χλωρίδα,Ουσιαστικά,noun,Χλωρίδα,πανσές,pansy,pansy photo,generated
3514,12,Πανίδα - Χλωρίδα,Ουσιαστικά,noun,Χλωρίδα,παπαρούνα,poppy,poppy photo,generated
3515,12,Πανίδα - Χλωρίδα,Ουσιαστικά,noun,Χλωρίδα,πασχαλιά,lilac,lilac photo,generated
3516,12,Πανίδα - Χλωρίδα,Ουσιαστικά,noun,Χλωρίδα,πετούνια,,,no_english
3517,12,Πανίδα - Χλωρίδα,Ουσιαστικά,noun,Χλωρίδα,πουρνάρι,kermes oak,kermes oak photo,generated
3518,12,Πανίδα - Χλωρίδα,Ουσιαστικά,noun,Χλωρίδα,τουλίπα,,,no_english
3519,12,Πανίδα - Χλωρίδα,Ουσιαστικά,noun,Χλωρίδα,τριανταφυλλιά,rosebush,rosebush photo,generated
3520,12,Πανίδα - Χλωρίδα,Ουσιαστικά,noun,Χλωρίδα,τριαντάφυλλο,rose,rose photo,generated
3521,12,Πανίδα - Χλωρίδα,Ουσιαστικά,noun,Χλωρίδα,υάκινθος,hyacinth,hyacinth photo,generated
3522,12,Πανίδα - Χλωρίδα,Ουσιαστικά,noun,Χλωρίδα,φίκος,,,no_english
3523,12,Πανίδα - Χλωρίδα,Ουσιαστικά,noun,Χλωρίδα,χρυσάνθεμο,chrysanthemum,chrysanthemum photo,generated
